build: 生成 spec.md / 提示词速查.md / citations.md → D:\临时工作区\大审查-工作包-20260909\衔尾蛇\sandbox\x17-A0-s1（手改生成区=违例）
install: L2 + [] → D:\临时工作区\大审查-工作包-20260909\衔尾蛇\sandbox\x17-A0-s1
  交付内容体 29 个（含 {SLOT} 待填文件 11 个——按 install 指南填槽）
  待填槽文件（示例）: modules/m-core/install.md, modules/m-core/template/ROOT-README.md, modules/m-index/install.md, modules/m-index/template/knowledge/_index.md, modules/m-tools/install.md…
  Merkle 根（排除 state.json）: c5a6f9043615bf110c5e79d39da366f77cc7ebd99ea98defb0bf154b4352fc4f
  请将此根抄录至人侧（公理E）
append: e0 事件哈希 aa6cb4371edac1b5…
append: e1 事件哈希 c18cfad4c15f8340…
append: e2 事件哈希 aaa4cd6b4967640a…
append: e3 事件哈希 ddaccf7664604fe0…
append: e4 事件哈希 aab3a730918d3363…
append: e5 事件哈希 f99b753182ec3889…
append: e6 事件哈希 19c647d0cccb40ff…
append: e7 事件哈希 02f02949174227cb…
append: e8 事件哈希 a518ae3f9cb97f5c…
append: e9 事件哈希 c1f1f22ea869744d…
append: e10 事件哈希 91b754ccbf2c2a3b…
append: e11 事件哈希 97eeca2378d4686a…
append: e12 事件哈希 288074c498a9fd65…
append: e13 事件哈希 de380b523ee547b0…
append: e14 事件哈希 1532df26f1239c94…
append: e15 事件哈希 fb1fbd01e6e767b5…
append: e16 事件哈希 df0b17ffdc51ba27…
append: e17 事件哈希 0262f69076755601…
append: e18 事件哈希 ca8515502585e259…
append: e19 事件哈希 b7d386e224e23a7c…
append: e20 事件哈希 3fc2b08a1a9cd114…
append: e21 事件哈希 850ad937a21a7e1e…
append: e22 事件哈希 16c88a58fc5ee021…
append: e23 事件哈希 ea91f99a95503568…
append: e24 事件哈希 15f9d2bb38c12969…
append: e25 事件哈希 d1138f0b5234c5d4…
append: e26 事件哈希 c2f08ddb8b4f3fd6…
append: e27 事件哈希 e94bf4b5060701a6…
append: e28 事件哈希 629107abda97164b…
append: e29 事件哈希 91ad18203efa0703…
append: e30 事件哈希 92326b974b12ed90…
append: e31 事件哈希 a8ca06e03e00c14c…
append: e32 事件哈希 824f2db961a5627a…
append: e33 事件哈希 c881112a572b48b3…
append: e34 事件哈希 be871a34a8b012e3…
append: e35 事件哈希 a77a3436d279ebce…
append: e36 事件哈希 b996fcc1a6f5bb08…
append: e37 事件哈希 0f89de9363d1c34a…
append: e38 事件哈希 afc619d6731ed47a…
append: e39 事件哈希 200aec7b8c7887d0…
append: e40 事件哈希 6e94c90ce79c94cb…
append: e41 事件哈希 484401adf5717210…
append: e42 事件哈希 8c1b5339e9f295f2…
append: e43 事件哈希 6ffe95edd183d68c…
append: e44 事件哈希 b24ddf3c2e3a2889…
append: e45 事件哈希 9b9247979a643542…
append: e46 事件哈希 c1ac493bc4aed0e3…
append: e47 事件哈希 e746c1245cb8385e…
append: e48 事件哈希 2615cb3fa9079df0…
append: e49 事件哈希 5d21835145206d1e…
append: e50 事件哈希 6d0c03ea9f1d2671…
append: e51 事件哈希 ec2961c4cca5765f…
append: e52 事件哈希 2d60e72f9435b612…
append: e53 事件哈希 fc29e9170a1a8717…
append: e54 事件哈希 3714eddeb342ac21…
append: e55 事件哈希 d6e730b5ddbef031…
append: e56 事件哈希 61fe41fd2351cb24…
append: e57 事件哈希 3891033631c34132…
append: e58 事件哈希 334803574fc6120e…
append: e59 事件哈希 bb4f3a2014ee8402…
append: e60 事件哈希 9ba3b21a4a5d8c94…
append: e61 事件哈希 254e09e79d487706…
append: e62 事件哈希 ffbd124e4076408a…
append: e63 事件哈希 f6980fa5942bb188…
append: e64 事件哈希 88f08da46abb1763…
append: e65 事件哈希 9beb835a955eee74…
append: e66 事件哈希 e5d1977bc6138d4e…
append: e67 事件哈希 7fad09143e88bd8b…
append: e68 事件哈希 bf6b94ed2bf44779…
append: e69 事件哈希 3beda583ebcfaef9…
append: e70 事件哈希 84cad9833e2a3961…
append: e71 事件哈希 1cc24c123e045603…
append: e72 事件哈希 84b6247477a7f251…
append: e73 事件哈希 c7547a471fc8e373…
append: e74 事件哈希 8d6fe8e08733427c…
append: e75 事件哈希 ea1d7e2b33b76e13…
append: e76 事件哈希 86b0143d00c0b15f…
append: e77 事件哈希 32d621831c5b3198…
append: e78 事件哈希 f7b9b61b0d68cd2a…
append: e79 事件哈希 c8eb04ae2ee83972…
build: 生成 spec.md / 提示词速查.md / citations.md → D:\临时工作区\大审查-工作包-20260909\衔尾蛇\sandbox\x17-A0-s2（手改生成区=违例）
install: L2 + [] → D:\临时工作区\大审查-工作包-20260909\衔尾蛇\sandbox\x17-A0-s2
  交付内容体 29 个（含 {SLOT} 待填文件 11 个——按 install 指南填槽）
  待填槽文件（示例）: modules/m-core/install.md, modules/m-core/template/ROOT-README.md, modules/m-index/install.md, modules/m-index/template/knowledge/_index.md, modules/m-tools/install.md…
  Merkle 根（排除 state.json）: be4f90e9c3fc815a1938ddb8b07978d25a406f2aca9ad9b35ea2bca1e6836015
  请将此根抄录至人侧（公理E）
append: e0 事件哈希 89d2831927d1ae63…
append: e1 事件哈希 31533129e4881262…
append: e2 事件哈希 c67d1737cb0dad4c…
append: e3 事件哈希 1e135be58c1e9c18…
append: e4 事件哈希 bbee30ebc21d6cd0…
append: e5 事件哈希 7c6a2feb9983ba96…
append: e6 事件哈希 b992ebbbe659c718…
append: e7 事件哈希 b0df202dab40ab10…
append: e8 事件哈希 40cac6f0f3df5d05…
append: e9 事件哈希 060ca45d1f9a6781…
append: e10 事件哈希 da3b7188b8609621…
append: e11 事件哈希 49e42819741b009e…
append: e12 事件哈希 83b03d8746745303…
append: e13 事件哈希 34e4879d498f6ef8…
append: e14 事件哈希 1656443f64aa9d01…
append: e15 事件哈希 6ef04a18048b5665…
append: e16 事件哈希 c1b58469f72ef15e…
append: e17 事件哈希 4a177305996d2ca8…
append: e18 事件哈希 d3080c4978b711ce…
append: e19 事件哈希 9bd15872846bf7b1…
append: e20 事件哈希 715f7cc626212c82…
append: e21 事件哈希 874014394e8b3fc7…
append: e22 事件哈希 be2ad484a3c07a39…
append: e23 事件哈希 57a93ae3c41b4a9b…
append: e24 事件哈希 981478df83dda1cc…
append: e25 事件哈希 5ea0ce43d0f0e639…
append: e26 事件哈希 2b72686a2004e251…
append: e27 事件哈希 340182df68af4ea2…
append: e28 事件哈希 0e611c0467b91cd6…
append: e29 事件哈希 5bab0ac5a531fa44…
append: e30 事件哈希 eaef7cac60c88a14…
append: e31 事件哈希 2021c45c0539aa2a…
append: e32 事件哈希 53516beb45b5d516…
append: e33 事件哈希 36b9fdb06b0ceba2…
append: e34 事件哈希 7928e863cb88ed6d…
append: e35 事件哈希 3cf31e2a13b25500…
append: e36 事件哈希 b243fd36b8698c68…
append: e37 事件哈希 585c665416cd9d3e…
append: e38 事件哈希 e3866d9bbf938fff…
append: e39 事件哈希 43b5c4e66bcc4ef8…
append: e40 事件哈希 d8a7ac3df89c4a80…
append: e41 事件哈希 75fe1610bdfc2372…
append: e42 事件哈希 2b7276fe909078aa…
append: e43 事件哈希 788ce4298addeca2…
append: e44 事件哈希 e20622de2b8deb39…
append: e45 事件哈希 f5d995d00facad61…
append: e46 事件哈希 49fe1d7aee4fe352…
append: e47 事件哈希 9ad536759d6107a7…
append: e48 事件哈希 67f598390b42ab2e…
append: e49 事件哈希 2558d2d22f6eee97…
append: e50 事件哈希 c6a93b447c38f30d…
append: e51 事件哈希 c15dd8dfccba25d4…
append: e52 事件哈希 d38fabbb775e3851…
append: e53 事件哈希 e01ba7bfc1a5b4b8…
append: e54 事件哈希 f9b2ca1f011b50aa…
append: e55 事件哈希 bc141bc707e98103…
append: e56 事件哈希 cb9235f6f3a15804…
append: e57 事件哈希 a78ec3f8cf4d6932…
append: e58 事件哈希 d512adfd3f2d1102…
append: e59 事件哈希 827558134025667f…
append: e60 事件哈希 042782de3b63da42…
append: e61 事件哈希 31bf1860f7ff1fad…
append: e62 事件哈希 7e4eb02c03c3677a…
append: e63 事件哈希 f82e8ee281aa6903…
append: e64 事件哈希 d55f04de5bfaf18e…
append: e65 事件哈希 5913a47ae1c51395…
append: e66 事件哈希 1c6ede8ef1788c61…
append: e67 事件哈希 a03370f9bc3dd198…
append: e68 事件哈希 6fc18ace70c92a58…
append: e69 事件哈希 ef3b36d04caa804a…
append: e70 事件哈希 1cffde599fad3dbe…
append: e71 事件哈希 d17b900586d7807d…
append: e72 事件哈希 b7dfb99d426ff5aa…
append: e73 事件哈希 4b7129ec5f7370d9…
append: e74 事件哈希 8c9dcaeb9f22347a…
append: e75 事件哈希 411e7aafe076aa73…
append: e76 事件哈希 04e71541017fd7ef…
append: e77 事件哈希 0746ed0215b4caa7…
append: e78 事件哈希 9e8c4e6ba2fc369c…
append: e79 事件哈希 797eca984f4d550c…
build: 生成 spec.md / 提示词速查.md / citations.md → D:\临时工作区\大审查-工作包-20260909\衔尾蛇\sandbox\x17-A0-s3（手改生成区=违例）
install: L2 + [] → D:\临时工作区\大审查-工作包-20260909\衔尾蛇\sandbox\x17-A0-s3
  交付内容体 29 个（含 {SLOT} 待填文件 11 个——按 install 指南填槽）
  待填槽文件（示例）: modules/m-core/install.md, modules/m-core/template/ROOT-README.md, modules/m-index/install.md, modules/m-index/template/knowledge/_index.md, modules/m-tools/install.md…
  Merkle 根（排除 state.json）: 5884a0fdefe19259d56b8e8015b3b1f3e3e229cbe9bfa5c375fac0c0406bb0f3
  请将此根抄录至人侧（公理E）
append: e0 事件哈希 aa6cb4371edac1b5…
append: e1 事件哈希 c18cfad4c15f8340…
append: e2 事件哈希 9c284f17d2926f25…
append: e3 事件哈希 2abd4eab15e70ace…
append: e4 事件哈希 794acb7afccdd0ca…
append: e5 事件哈希 5a1176b61c5db1ac…
append: e6 事件哈希 b15b550a281a3882…
append: e7 事件哈希 56e093f46ccf20e6…
append: e8 事件哈希 96cfec16c94964c7…
append: e9 事件哈希 6b486cac4bdce2ab…
append: e10 事件哈希 ee51fe9092d5dceb…
append: e11 事件哈希 bbfd1db1c15fcb68…
append: e12 事件哈希 36fc843e5e79b54a…
append: e13 事件哈希 0c7f21109f179f59…
append: e14 事件哈希 5903e29c2122de59…
append: e15 事件哈希 16e1172d6ed19223…
append: e16 事件哈希 466fbd41893955e9…
append: e17 事件哈希 baa36e24060f3f11…
append: e18 事件哈希 2ff7ad0f002b6b51…
append: e19 事件哈希 b984f5fd021fdaba…
append: e20 事件哈希 1206e3cbb714cef9…
append: e21 事件哈希 297a1d6f22c82adf…
append: e22 事件哈希 a8454a15871bb276…
append: e23 事件哈希 cc2bfc816d2101c1…
append: e24 事件哈希 2f90546f2976b5f1…
append: e25 事件哈希 2814d5da87f58737…
append: e26 事件哈希 f43b45e7136c309c…
append: e27 事件哈希 1c49d22d7355b0f7…
append: e28 事件哈希 5bd60d6697b5c062…
append: e29 事件哈希 5a30796024468d74…
append: e30 事件哈希 827c6823c8d0ec28…
append: e31 事件哈希 3c71e6c3091241e0…
append: e32 事件哈希 9fdf244c81b04ec1…
append: e33 事件哈希 b51321c3f94d53fb…
append: e34 事件哈希 09ce5bdfc032172e…
append: e35 事件哈希 798acca39f9ea2e8…
append: e36 事件哈希 2a3f2faa1e9528a2…
append: e37 事件哈希 31f85a051b8cedae…
append: e38 事件哈希 33b88ffd3198689d…
append: e39 事件哈希 725f0de647be9ff3…
append: e40 事件哈希 823229d22816b1ab…
append: e41 事件哈希 fe68722bf99ca93e…
append: e42 事件哈希 f64b31a44a030f68…
append: e43 事件哈希 bcbdb378111396c6…
append: e44 事件哈希 1248e1560078b9d9…
append: e45 事件哈希 414e63e5c706ce0d…
append: e46 事件哈希 c77c12592933efb5…
append: e47 事件哈希 5bab746f4968de3b…
append: e48 事件哈希 b8135a1c64a59337…
append: e49 事件哈希 2b76e6b0e955b8b6…
append: e50 事件哈希 c3754f93ae60ba53…
append: e51 事件哈希 5f2145240d842403…
append: e52 事件哈希 1b1239c5fe915e4f…
append: e53 事件哈希 35aca024eb7f649a…
append: e54 事件哈希 b647f188f08fab46…
append: e55 事件哈希 50411a934629e665…
append: e56 事件哈希 2f12f6ce437a90f5…
append: e57 事件哈希 36fe5101ca468fda…
append: e58 事件哈希 32c0b9f83bdd8b40…
append: e59 事件哈希 29c973ec5f125e70…
append: e60 事件哈希 ec6b3bcef0760178…
append: e61 事件哈希 0e1968a80922b32c…
append: e62 事件哈希 abe70b20bfa490c7…
append: e63 事件哈希 e5ded66a97351788…
append: e64 事件哈希 ef152906d48c2c91…
append: e65 事件哈希 3253a482791c3f4e…
append: e66 事件哈希 fc213723a7270dd4…
append: e67 事件哈希 aae137e4e2ea4da2…
append: e68 事件哈希 34a6cf852b8d8b0f…
append: e69 事件哈希 0982ab9962a1df44…
append: e70 事件哈希 4612f93d12094aa2…
append: e71 事件哈希 a3ecf5bebdb028fe…
append: e72 事件哈希 2129bde9afdb5bde…
append: e73 事件哈希 e6d215bd406791be…
append: e74 事件哈希 3894023180b9f4bb…
append: e75 事件哈希 299123b887ae7231…
append: e76 事件哈希 7f09fd3a0dc6c481…
append: e77 事件哈希 c84a3ac322c0ce61…
append: e78 事件哈希 40da4a618d16288f…
append: e79 事件哈希 4121ca451043720e…
build: 生成 spec.md / 提示词速查.md / citations.md → D:\临时工作区\大审查-工作包-20260909\衔尾蛇\sandbox\x17-A0-s4（手改生成区=违例）
install: L2 + [] → D:\临时工作区\大审查-工作包-20260909\衔尾蛇\sandbox\x17-A0-s4
  交付内容体 29 个（含 {SLOT} 待填文件 11 个——按 install 指南填槽）
  待填槽文件（示例）: modules/m-core/install.md, modules/m-core/template/ROOT-README.md, modules/m-index/install.md, modules/m-index/template/knowledge/_index.md, modules/m-tools/install.md…
  Merkle 根（排除 state.json）: 3178704175a8cc9e0f198999a28d163e0a30848075fb1571b619de069db17196
  请将此根抄录至人侧（公理E）
append: e0 事件哈希 89d2831927d1ae63…
append: e1 事件哈希 3af96412fb37a076…
append: e2 事件哈希 92fa724fb8bd2fe3…
append: e3 事件哈希 3614cf50271ed3ff…
append: e4 事件哈希 77bc3397ac36f0a7…
append: e5 事件哈希 a840bd0a2342724c…
append: e6 事件哈希 ba53d8d42984c41b…
append: e7 事件哈希 c2e88ab8d88a09b5…
append: e8 事件哈希 3a55ab07adc65ea5…
append: e9 事件哈希 5e7a663ea20da340…
append: e10 事件哈希 8701fb590c0f3bf2…
append: e11 事件哈希 88c3e1e646a271c7…
append: e12 事件哈希 b01fd7a26be2001d…
append: e13 事件哈希 ac6fc261be75b4ef…
append: e14 事件哈希 624b56616bea96e9…
append: e15 事件哈希 0ae60e0968684b70…
append: e16 事件哈希 03dfc8087e178742…
append: e17 事件哈希 5132c43b76e8bec9…
append: e18 事件哈希 5bdcac16c418f8f5…
append: e19 事件哈希 01df355c7d05dfa3…
append: e20 事件哈希 cc25219511c918ef…
append: e21 事件哈希 668b4c37ea37fbc3…
append: e22 事件哈希 d1d0f17a841b0b9c…
append: e23 事件哈希 c6b5a8be1de431c4…
append: e24 事件哈希 2d7f968a0e1fd9db…
append: e25 事件哈希 a9fdf9262410dd73…
append: e26 事件哈希 92efdc728f55519f…
append: e27 事件哈希 b090e6de8254c46e…
append: e28 事件哈希 51156dee5399df15…
append: e29 事件哈希 e37ac08fbd6cc11d…
append: e30 事件哈希 abb448e49d2492dd…
append: e31 事件哈希 b2e446ff0f4c6db2…
append: e32 事件哈希 b3443593b3b145a3…
append: e33 事件哈希 551516cda96fc306…
append: e34 事件哈希 9aa43e54abe6383f…
append: e35 事件哈希 67f837d4ad6e6676…
append: e36 事件哈希 db11048beca6eda7…
append: e37 事件哈希 1bfde85b3d8df5a0…
append: e38 事件哈希 76f3cd071bacca1d…
append: e39 事件哈希 f13a530a7f0e7534…
append: e40 事件哈希 abbfda20798ce5b0…
append: e41 事件哈希 10e637e6610fc618…
append: e42 事件哈希 a46d55037d5b554c…
append: e43 事件哈希 b9f2711aa2ebbfbd…
append: e44 事件哈希 b995cdd7acba5dc7…
append: e45 事件哈希 61302478aff01868…
append: e46 事件哈希 0d1678357a0f6bb6…
append: e47 事件哈希 434b8dc1d912106c…
append: e48 事件哈希 6217b952ffe8c01a…
append: e49 事件哈希 ab714f2bc044a3f2…
append: e50 事件哈希 883037e777542d05…
append: e51 事件哈希 98894d501c74728f…
append: e52 事件哈希 9d86d2e6e64ead0c…
append: e53 事件哈希 c199f6ca2c4974d7…
append: e54 事件哈希 1b1f4bebaf46bae6…
append: e55 事件哈希 89567e5e25a6ec40…
append: e56 事件哈希 3a67ffb179beb5f2…
append: e57 事件哈希 fb2a52645614d924…
append: e58 事件哈希 60f2be9bdacf1fea…
append: e59 事件哈希 b34a40f1f4378c80…
append: e60 事件哈希 725116a6b82a489e…
append: e61 事件哈希 14129a430a6b5a01…
append: e62 事件哈希 80fd4a503baa2ce1…
append: e63 事件哈希 41de65919b9e49ff…
append: e64 事件哈希 bd56083f18cce3ba…
append: e65 事件哈希 b393eceed4409a3f…
append: e66 事件哈希 014f4107dd9c9f20…
append: e67 事件哈希 99da741ee164284c…
append: e68 事件哈希 3b63bd69664c3b9a…
append: e69 事件哈希 b3970c88d461ca0f…
append: e70 事件哈希 4d6f8a3c45714abc…
append: e71 事件哈希 47a9aa3afa79a248…
append: e72 事件哈希 ef15b5c05cabbe4a…
append: e73 事件哈希 56022a5a8e1d489b…
append: e74 事件哈希 599ee5d3d4a24a1c…
append: e75 事件哈希 b12c3570f8d646f0…
append: e76 事件哈希 5dcc6f3f3807af11…
append: e77 事件哈希 4b5df1d06d0dc3a4…
append: e78 事件哈希 fa70af68c14f0e0c…
append: e79 事件哈希 6a99d33380f83bdd…
build: 生成 spec.md / 提示词速查.md / citations.md → D:\临时工作区\大审查-工作包-20260909\衔尾蛇\sandbox\x17-A0-s5（手改生成区=违例）
install: L2 + [] → D:\临时工作区\大审查-工作包-20260909\衔尾蛇\sandbox\x17-A0-s5
  交付内容体 29 个（含 {SLOT} 待填文件 11 个——按 install 指南填槽）
  待填槽文件（示例）: modules/m-core/install.md, modules/m-core/template/ROOT-README.md, modules/m-index/install.md, modules/m-index/template/knowledge/_index.md, modules/m-tools/install.md…
  Merkle 根（排除 state.json）: 49eaf7411cdc57424637fdb7f4e1b229bf1cdf4e679c0b56fca376a32ceb00c4
  请将此根抄录至人侧（公理E）
append: e0 事件哈希 89d2831927d1ae63…
append: e1 事件哈希 31533129e4881262…
append: e2 事件哈希 9bd4eaaa2343b73e…
append: e3 事件哈希 f085e42b6a273b33…
append: e4 事件哈希 10ab689942361797…
append: e5 事件哈希 3e9c1563bccbcdcc…
append: e6 事件哈希 6f278e1c37d8e319…
append: e7 事件哈希 fb7cdf877e895993…
append: e8 事件哈希 c60db8cdf712cdf8…
append: e9 事件哈希 ecf5da20a8ec18dd…
append: e10 事件哈希 469c154497e89f4c…
append: e11 事件哈希 618bd1e5f3b1b3ac…
append: e12 事件哈希 3302e0f333629652…
append: e13 事件哈希 d7d6b0125d4b3676…
append: e14 事件哈希 71805e3dd08d3341…
append: e15 事件哈希 587cc18d8d4c0431…
append: e16 事件哈希 e61db93802983395…
append: e17 事件哈希 47145f9218dce45d…
append: e18 事件哈希 9ea8a230e6ea68ea…
append: e19 事件哈希 9ae805b856c58c70…
append: e20 事件哈希 8ebcda83a9d25eb0…
append: e21 事件哈希 abc392febdc66a5f…
append: e22 事件哈希 992bad668d106faf…
append: e23 事件哈希 cadabee1f793131d…
append: e24 事件哈希 c9852babdaef09f8…
append: e25 事件哈希 dedc4f69d587c01b…
append: e26 事件哈希 ba1e62a038445166…
append: e27 事件哈希 d64d78676f498d3e…
append: e28 事件哈希 690c20238f64aca0…
append: e29 事件哈希 9b35d72d8903674c…
append: e30 事件哈希 8d45c492e75ae8e5…
append: e31 事件哈希 e2593f019d785e52…
append: e32 事件哈希 adbc585a8416b4cf…
append: e33 事件哈希 71520ab0a1942f06…
append: e34 事件哈希 fb21f744805124bb…
append: e35 事件哈希 5dc76ecfa3f9724c…
append: e36 事件哈希 6e4345ebcda20736…
append: e37 事件哈希 92e7db633eb30908…
append: e38 事件哈希 50e775d1b23394f5…
append: e39 事件哈希 44a3055233959338…
append: e40 事件哈希 1db206ead2f0f09a…
append: e41 事件哈希 92caebe002e27384…
append: e42 事件哈希 e06197491e336c6b…
append: e43 事件哈希 9eb66eca560d0643…
append: e44 事件哈希 f42e6204397222ed…
append: e45 事件哈希 25a622a8394c7f36…
append: e46 事件哈希 a2e2c9f5dbf2e32a…
append: e47 事件哈希 406f4eaea6b110a2…
append: e48 事件哈希 7e90512a5f47ee13…
append: e49 事件哈希 804099ceccf1fd76…
append: e50 事件哈希 65e684df687c9f43…
append: e51 事件哈希 6a5613384272e269…
append: e52 事件哈希 4d6c0d9d6db3d21a…
append: e53 事件哈希 8b51e35635acc212…
append: e54 事件哈希 a7c0f5de54ea38d8…
append: e55 事件哈希 966de9e22ef361ac…
append: e56 事件哈希 6485c65ef01086c7…
append: e57 事件哈希 fca23e438cc83a3e…
append: e58 事件哈希 121dde89122040f4…
append: e59 事件哈希 b97568effbb8d0c2…
append: e60 事件哈希 aff9a50a711fc0cf…
append: e61 事件哈希 c1526aa8762f5c83…
append: e62 事件哈希 72ee7e7e81a091f1…
append: e63 事件哈希 f6e6c2eeee179d5b…
append: e64 事件哈希 44e052d99fb57575…
append: e65 事件哈希 cd27a546cff175fa…
append: e66 事件哈希 ee9b7ddbabbd9c65…
append: e67 事件哈希 a057563be8d22298…
append: e68 事件哈希 72baf8d71b7e6f44…
append: e69 事件哈希 93c481154f9beb0f…
append: e70 事件哈希 793ba14495a4952c…
append: e71 事件哈希 f69dc3fcce13df84…
append: e72 事件哈希 92ebd37c4cf46aa0…
append: e73 事件哈希 6609dc6dc4cec3b0…
append: e74 事件哈希 4c9e0ac575d092a0…
append: e75 事件哈希 af1794b7f0f092c7…
append: e76 事件哈希 d528be6465424191…
append: e77 事件哈希 1b037bee550995ab…
append: e78 事件哈希 55398646d8dd4b26…
append: e79 事件哈希 abb16b0bdc2b0701…
build: 生成 spec.md / 提示词速查.md / citations.md → D:\临时工作区\大审查-工作包-20260909\衔尾蛇\sandbox\x17-A0-s6（手改生成区=违例）
install: L2 + [] → D:\临时工作区\大审查-工作包-20260909\衔尾蛇\sandbox\x17-A0-s6
  交付内容体 29 个（含 {SLOT} 待填文件 11 个——按 install 指南填槽）
  待填槽文件（示例）: modules/m-core/install.md, modules/m-core/template/ROOT-README.md, modules/m-index/install.md, modules/m-index/template/knowledge/_index.md, modules/m-tools/install.md…
  Merkle 根（排除 state.json）: cc0f8cb5a57efa0d36ab522a02ff7fb94126555ae74326cc95a0a72942208bd6
  请将此根抄录至人侧（公理E）
append: e0 事件哈希 89d2831927d1ae63…
append: e1 事件哈希 31533129e4881262…
append: e2 事件哈希 c67d1737cb0dad4c…
append: e3 事件哈希 1e135be58c1e9c18…
append: e4 事件哈希 6d2c96e4e7bf0296…
append: e5 事件哈希 14dade9ca05672a8…
append: e6 事件哈希 f9a5cfa27d420827…
append: e7 事件哈希 f2d3edddeec40b0a…
append: e8 事件哈希 a6b887a5043e596b…
append: e9 事件哈希 7833cfc068108b1e…
append: e10 事件哈希 fa338ae7a3be0d9b…
append: e11 事件哈希 a0f39e6073b3a7fb…
append: e12 事件哈希 e3cda3c8b09054dc…
append: e13 事件哈希 d7587848980c1d5e…
append: e14 事件哈希 2782f6cd8780d7c1…
append: e15 事件哈希 ffbf0051ea04048f…
append: e16 事件哈希 e720fe1dec4731ba…
append: e17 事件哈希 0dc2c0425595a633…
append: e18 事件哈希 1ecbd66ad6fa2c05…
append: e19 事件哈希 8ec0f03b8a6f0472…
append: e20 事件哈希 36e9117d0db7c785…
append: e21 事件哈希 d816ed121c7b0db9…
append: e22 事件哈希 5ce3b276e453adc1…
append: e23 事件哈希 6243fcdb72ad24a9…
append: e24 事件哈希 51a16c3b2bf8c57f…
append: e25 事件哈希 25dc993de1f96b21…
append: e26 事件哈希 d682a525ed7c20b1…
append: e27 事件哈希 750b4d06fdf13105…
append: e28 事件哈希 de3feaf8eebd90b3…
append: e29 事件哈希 eb0a0062e3dc8eb5…
append: e30 事件哈希 21f37c83d14e3f1e…
append: e31 事件哈希 ffda8ff4debafe98…
append: e32 事件哈希 a328c54ace3594b1…
append: e33 事件哈希 fe5f4c249e12f407…
append: e34 事件哈希 dbbdbee78949f965…
append: e35 事件哈希 80843fa1151aa587…
append: e36 事件哈希 afda016e37e5a716…
append: e37 事件哈希 3fd8fb1039acc095…
append: e38 事件哈希 6d2eaba5a74efe85…
append: e39 事件哈希 57ad973ba734853b…
append: e40 事件哈希 dfc9eaf72f1a1f80…
append: e41 事件哈希 157021337ae0e887…
append: e42 事件哈希 ed920ff04b447291…
append: e43 事件哈希 52b79fb942437fea…
append: e44 事件哈希 2220b592903affea…
append: e45 事件哈希 a4b6306a47f477aa…
append: e46 事件哈希 e04c0212673d513c…
append: e47 事件哈希 208cf154d00035a8…
append: e48 事件哈希 40c6d2a41e4582eb…
append: e49 事件哈希 e1586e07c57d3cfd…
append: e50 事件哈希 be00cf48f6779100…
append: e51 事件哈希 dfda3c1df1c4f218…
append: e52 事件哈希 3bf24704dcc11f71…
append: e53 事件哈希 ac63f12330aecccf…
append: e54 事件哈希 32997fdee28e4704…
append: e55 事件哈希 fecc59eee8a33b4f…
append: e56 事件哈希 487158b01260a1ee…
append: e57 事件哈希 dee984da63d6df6a…
append: e58 事件哈希 d1b4771b995200c7…
append: e59 事件哈希 e3ab250cb7e3a920…
append: e60 事件哈希 fd71c41b0ba4a31b…
append: e61 事件哈希 631141cb751bb3be…
append: e62 事件哈希 80b328188562ddab…
append: e63 事件哈希 855c24c9913efa0f…
append: e64 事件哈希 89a7ebb4cce7fee0…
append: e65 事件哈希 f0c1360781d7aeec…
append: e66 事件哈希 e31faf0df02eb6a6…
append: e67 事件哈希 1dda7b424825fd5f…
append: e68 事件哈希 e76b70c6da64efaf…
append: e69 事件哈希 ab899bb16d7a02ac…
append: e70 事件哈希 4bd229e8a29997e0…
append: e71 事件哈希 bbb85bbb389f5856…
append: e72 事件哈希 a5d7332c52d86f5e…
append: e73 事件哈希 2bf8e12eb7c81f89…
append: e74 事件哈希 1f2a7a035fb3bd53…
append: e75 事件哈希 86a99f20c7c91822…
append: e76 事件哈希 29561f56fea0fbf6…
append: e77 事件哈希 7d113835e29d9a97…
append: e78 事件哈希 42689e6f95616587…
append: e79 事件哈希 3e3386a8cb8a987b…
build: 生成 spec.md / 提示词速查.md / citations.md → D:\临时工作区\大审查-工作包-20260909\衔尾蛇\sandbox\x17-A0-s7（手改生成区=违例）
install: L2 + [] → D:\临时工作区\大审查-工作包-20260909\衔尾蛇\sandbox\x17-A0-s7
  交付内容体 29 个（含 {SLOT} 待填文件 11 个——按 install 指南填槽）
  待填槽文件（示例）: modules/m-core/install.md, modules/m-core/template/ROOT-README.md, modules/m-index/install.md, modules/m-index/template/knowledge/_index.md, modules/m-tools/install.md…
  Merkle 根（排除 state.json）: 68586ae7e1894aa42173da6934b090773ad8fcd061d723201ac6e438d5c313fe
  请将此根抄录至人侧（公理E）
append: e0 事件哈希 89d2831927d1ae63…
append: e1 事件哈希 31533129e4881262…
append: e2 事件哈希 9bd4eaaa2343b73e…
append: e3 事件哈希 badd00fc3ec8ec09…
append: e4 事件哈希 5704d0136f18c999…
append: e5 事件哈希 ffaa03d2349b1ba4…
append: e6 事件哈希 aeb0220e9a7defea…
append: e7 事件哈希 fafaf08388d2672d…
append: e8 事件哈希 5dbeda3482721dc3…
append: e9 事件哈希 c92aa0ac58ec1162…
append: e10 事件哈希 0021d8002e507b29…
append: e11 事件哈希 9328284f6aa0fa82…
append: e12 事件哈希 e180f8a4de635171…
append: e13 事件哈希 307073ca1fa363bb…
append: e14 事件哈希 7a2afa28788de178…
append: e15 事件哈希 f1d4622b4605046c…
append: e16 事件哈希 ddae788bab539c46…
append: e17 事件哈希 eba9164be903e919…
append: e18 事件哈希 e8faa7d10e7b758b…
append: e19 事件哈希 6678f208f9e9c2ec…
append: e20 事件哈希 50e50674f42e9ebb…
append: e21 事件哈希 379d6f7b14ccafa3…
append: e22 事件哈希 312315eb3295a674…
append: e23 事件哈希 0d6d9059af30e1b4…
append: e24 事件哈希 ce31fc8246dc1f99…
append: e25 事件哈希 9159d880ac095371…
append: e26 事件哈希 faf718e9a3800756…
append: e27 事件哈希 0499bcf641d37e7d…
append: e28 事件哈希 d556555be6fcfed2…
append: e29 事件哈希 f69fe97e95cac275…
append: e30 事件哈希 b15fa741bb98f6be…
append: e31 事件哈希 05f09543a04594d3…
append: e32 事件哈希 6e5d9ec4e12f674b…
append: e33 事件哈希 c3b194d535c513f7…
append: e34 事件哈希 d0cbb8d220f15ab4…
append: e35 事件哈希 5e3e54a74e2b0ff7…
append: e36 事件哈希 63ac9daab6b03cc6…
append: e37 事件哈希 49b27dae5f2772d2…
append: e38 事件哈希 80290c6ac1b7c93f…
append: e39 事件哈希 38835b6006b359b0…
append: e40 事件哈希 56df016154d40a65…
append: e41 事件哈希 5b0aec5b620e3f24…
append: e42 事件哈希 b6b8bc0059e6da09…
append: e43 事件哈希 965dcf2620a1cc8e…
append: e44 事件哈希 303e01763c518fdd…
append: e45 事件哈希 93155f697f1812d3…
append: e46 事件哈希 89ebc0bf3430930d…
append: e47 事件哈希 abcac7e356357bf0…
append: e48 事件哈希 969e85faed97a35a…
append: e49 事件哈希 2d45ff3dff89a82e…
append: e50 事件哈希 2374824dd5093407…
append: e51 事件哈希 ab380188c2b2c995…
append: e52 事件哈希 6ad4232b8466abf6…
append: e53 事件哈希 e0a851cab3ea4804…
append: e54 事件哈希 8f480a374dc74988…
append: e55 事件哈希 08369079a0db17c7…
append: e56 事件哈希 8dd14b7ac67765a3…
append: e57 事件哈希 1a84a496d72470a0…
append: e58 事件哈希 e7107a790c84bca5…
append: e59 事件哈希 d0ccd0eb2a69c0bb…
append: e60 事件哈希 8fdce51c44b41f6a…
append: e61 事件哈希 bd52779a07138abf…
append: e62 事件哈希 d4f27ca3c82171f5…
append: e63 事件哈希 0b8a55331cddb8b3…
append: e64 事件哈希 6a34691e0046a827…
append: e65 事件哈希 d223a593ffbbd4e7…
append: e66 事件哈希 6734c56acc2bfab9…
append: e67 事件哈希 9d1dd6fb0abb2028…
append: e68 事件哈希 30af959f5608607d…
append: e69 事件哈希 62763fb19b36dd68…
append: e70 事件哈希 4a2334a3dfeb057e…
append: e71 事件哈希 4e800715e5ec2591…
append: e72 事件哈希 5324ac79a4d2d077…
append: e73 事件哈希 38797edb559c1b4a…
append: e74 事件哈希 d22602544a966e71…
append: e75 事件哈希 7a7618ec03be9c86…
append: e76 事件哈希 ebd8c0b1ec8f3ccf…
append: e77 事件哈希 a30e93d8393a3a95…
append: e78 事件哈希 c8ce022d0ac08030…
append: e79 事件哈希 151d68dc5dd6c542…
build: 生成 spec.md / 提示词速查.md / citations.md → D:\临时工作区\大审查-工作包-20260909\衔尾蛇\sandbox\x17-A0-s8（手改生成区=违例）
install: L2 + [] → D:\临时工作区\大审查-工作包-20260909\衔尾蛇\sandbox\x17-A0-s8
  交付内容体 29 个（含 {SLOT} 待填文件 11 个——按 install 指南填槽）
  待填槽文件（示例）: modules/m-core/install.md, modules/m-core/template/ROOT-README.md, modules/m-index/install.md, modules/m-index/template/knowledge/_index.md, modules/m-tools/install.md…
  Merkle 根（排除 state.json）: ebfca226e4e673d55ca6725c691beea1264005b3aae68ed1752f9c5cd2349cbf
  请将此根抄录至人侧（公理E）
append: e0 事件哈希 89d2831927d1ae63…
append: e1 事件哈希 31533129e4881262…
append: e2 事件哈希 c67d1737cb0dad4c…
append: e3 事件哈希 49e2d628342b227c…
append: e4 事件哈希 3e4e5f1bcd9aefdd…
append: e5 事件哈希 17334de1c3d66b6d…
append: e6 事件哈希 35ba63e565731fb7…
append: e7 事件哈希 b76654c54a68cff4…
append: e8 事件哈希 5b641178695d1e78…
append: e9 事件哈希 9d4aa085cce40d95…
append: e10 事件哈希 b897ea9ff2a8aa42…
append: e11 事件哈希 f853482131ecafde…
append: e12 事件哈希 a4424c4160c85a83…
append: e13 事件哈希 72f1bcdd7b166066…
append: e14 事件哈希 5bfa4817c9e8b5db…
append: e15 事件哈希 2db4663ed001937c…
append: e16 事件哈希 ead7113f7741bc9f…
append: e17 事件哈希 f45f4a061a2ec5b5…
append: e18 事件哈希 a90bbc30512a9dbb…
append: e19 事件哈希 238c46895e213c03…
append: e20 事件哈希 6c0df11d19ae40be…
append: e21 事件哈希 79726e5461bea588…
append: e22 事件哈希 5e24efef5f19332f…
append: e23 事件哈希 23b3fabb5bd197b2…
append: e24 事件哈希 e19baab13903f922…
append: e25 事件哈希 6b17ba6ae88bfcd6…
append: e26 事件哈希 2e4188ee68fe4b8b…
append: e27 事件哈希 727ee938d1781ae1…
append: e28 事件哈希 d87ad3d6432019ae…
append: e29 事件哈希 db96fe23b2415e38…
append: e30 事件哈希 2f371e90088267b6…
append: e31 事件哈希 2ffcd65145c3d6ca…
append: e32 事件哈希 d5b494946abd3a2c…
append: e33 事件哈希 d616b9ef8d6e4343…
append: e34 事件哈希 3d19bb621fcac1fa…
append: e35 事件哈希 21989ddfe28202d4…
append: e36 事件哈希 899d5cc9966c2291…
append: e37 事件哈希 ae9199c7ee94c0c7…
append: e38 事件哈希 599383c40d9be1e0…
append: e39 事件哈希 895328b1a310afd0…
append: e40 事件哈希 13654f23e680fa8b…
append: e41 事件哈希 e9b36e5d9a50fd16…
append: e42 事件哈希 36e78149ded031ca…
append: e43 事件哈希 79d711b710cffe98…
append: e44 事件哈希 e4b8a9de51cfe668…
append: e45 事件哈希 f0f48944f472a08e…
append: e46 事件哈希 8a8ba54ca278064a…
append: e47 事件哈希 888db1d4699ae55f…
append: e48 事件哈希 ef3d9d1c62cd4a63…
append: e49 事件哈希 e86704d0c4fd99a0…
append: e50 事件哈希 79f0f4a5670f0422…
append: e51 事件哈希 2b58ab6550900f02…
append: e52 事件哈希 cf362594a0f10b86…
append: e53 事件哈希 06234f4802734505…
append: e54 事件哈希 c40bdc5730ff17ee…
append: e55 事件哈希 abdc773f21ed8000…
append: e56 事件哈希 85f9bc98568fe830…
append: e57 事件哈希 f88e7fa528b986d9…
append: e58 事件哈希 9493d31dccdc8a2f…
append: e59 事件哈希 ac4d4e73fdba3d26…
append: e60 事件哈希 f3f2fce8f605cb9b…
append: e61 事件哈希 02f719b4892fe561…
append: e62 事件哈希 ef644c7406be816c…
append: e63 事件哈希 35c772dda784bffc…
append: e64 事件哈希 cf3cacc09fc8e31a…
append: e65 事件哈希 a8ea1fb3741f23cd…
append: e66 事件哈希 7556f52ded99ede9…
append: e67 事件哈希 40ed479a3c2d9784…
append: e68 事件哈希 2d2dc3e3703d47c4…
append: e69 事件哈希 0994ced3c14e233a…
append: e70 事件哈希 1a079c72fef152f2…
append: e71 事件哈希 a20678e19bc1766d…
append: e72 事件哈希 f3dc3a6e60280eef…
append: e73 事件哈希 1c1702b8c84b6729…
append: e74 事件哈希 68e36c86cd15c96b…
append: e75 事件哈希 f8341a33526100e3…
append: e76 事件哈希 4fe1d778a1fca0a1…
append: e77 事件哈希 e827402f1e9dcc9e…
append: e78 事件哈希 d6f763a27f60361c…
append: e79 事件哈希 a55cc6d7a3b83047…
build: 生成 spec.md / 提示词速查.md / citations.md → D:\临时工作区\大审查-工作包-20260909\衔尾蛇\sandbox\x17-A0-s9（手改生成区=违例）
install: L2 + [] → D:\临时工作区\大审查-工作包-20260909\衔尾蛇\sandbox\x17-A0-s9
  交付内容体 29 个（含 {SLOT} 待填文件 11 个——按 install 指南填槽）
  待填槽文件（示例）: modules/m-core/install.md, modules/m-core/template/ROOT-README.md, modules/m-index/install.md, modules/m-index/template/knowledge/_index.md, modules/m-tools/install.md…
  Merkle 根（排除 state.json）: 2edafc00f3030f4f7816c9a040836d43adfde33539ce915c88107cf5541ef8f8
  请将此根抄录至人侧（公理E）
append: e0 事件哈希 aa6cb4371edac1b5…
append: e1 事件哈希 c18cfad4c15f8340…
append: e2 事件哈希 aaa4cd6b4967640a…
append: e3 事件哈希 20d5c7f471067b22…
append: e4 事件哈希 3b1182316359f936…
append: e5 事件哈希 d2170fa10c18d2c8…
append: e6 事件哈希 bf016a76850d5bd7…
append: e7 事件哈希 23ab2038ae8093bc…
append: e8 事件哈希 e31465e003c448e5…
append: e9 事件哈希 cf388e3b64c97301…
append: e10 事件哈希 5eb6b4bbd6a99c0f…
append: e11 事件哈希 870db7f587a748b2…
append: e12 事件哈希 10e20f79133f3159…
append: e13 事件哈希 276f3e64ea30f117…
append: e14 事件哈希 b18d694c7a7625d4…
append: e15 事件哈希 9883184dfee92d24…
append: e16 事件哈希 f999ac349134f89d…
append: e17 事件哈希 60d9dce3f4e59774…
append: e18 事件哈希 52a0dbb5db0f671f…
append: e19 事件哈希 dd31c37fb672e986…
append: e20 事件哈希 75c9b26fdeb9f88d…
append: e21 事件哈希 384ac26f624e83d6…
append: e22 事件哈希 c5fc59fc897c3553…
append: e23 事件哈希 04419ab69b3e001a…
append: e24 事件哈希 f2f4991e4650258a…
append: e25 事件哈希 2e191fc8e56608e9…
append: e26 事件哈希 95e76298ba45e426…
append: e27 事件哈希 65acc8e672014500…
append: e28 事件哈希 cfe39831d592a264…
append: e29 事件哈希 9a5497269142e938…
append: e30 事件哈希 49ee8b20471cefad…
append: e31 事件哈希 87604bfb9f21675f…
append: e32 事件哈希 11fcd7fcb7f99b9b…
append: e33 事件哈希 cccaac439a45757b…
append: e34 事件哈希 77b392ef2870c75a…
append: e35 事件哈希 ccb759deb353d01a…
append: e36 事件哈希 28711a62a4abc1b7…
append: e37 事件哈希 dda322084a1fbb62…
append: e38 事件哈希 ea9adcde6808dee8…
append: e39 事件哈希 d73d9ef1d24c566a…
append: e40 事件哈希 41adbd42f076c843…
append: e41 事件哈希 2ca64f2d4f5006fb…
append: e42 事件哈希 56e20c9217449d54…
append: e43 事件哈希 8480744c565d606e…
append: e44 事件哈希 2b73de500f064696…
append: e45 事件哈希 9d45c1408d4662e0…
append: e46 事件哈希 d1c5bfd34b7baebc…
append: e47 事件哈希 79df370e2308ce0a…
append: e48 事件哈希 529e082a2a1a92ea…
append: e49 事件哈希 d5cbc41a310676ed…
append: e50 事件哈希 8f815d1c287a8d2c…
append: e51 事件哈希 12012e3f204417c7…
append: e52 事件哈希 01b4161c75f1b9a4…
append: e53 事件哈希 5e10fc98e4680ea2…
append: e54 事件哈希 7ec906c76dcf04f6…
append: e55 事件哈希 1ff8fccbf57d253e…
append: e56 事件哈希 dc4a3855295d85c9…
append: e57 事件哈希 d123268704c22d2a…
append: e58 事件哈希 68071ea2314d54ad…
append: e59 事件哈希 5449bf0114146e92…
append: e60 事件哈希 9b58a111c253177f…
append: e61 事件哈希 36f1fb759b052131…
append: e62 事件哈希 bc467b9c60517c39…
append: e63 事件哈希 2db7a2d252d725ae…
append: e64 事件哈希 10fbcd83f0881ae6…
append: e65 事件哈希 1b49aae035e45d32…
append: e66 事件哈希 e7a47f33ddaae42b…
append: e67 事件哈希 9ef92610ebe6d381…
append: e68 事件哈希 1664e0562d4bf70e…
append: e69 事件哈希 a4e2cb262b767770…
append: e70 事件哈希 268cf45df5bc02a9…
append: e71 事件哈希 eaae742a35016085…
append: e72 事件哈希 0831b102ea2add6c…
append: e73 事件哈希 4efaaf62276988aa…
append: e74 事件哈希 ac4f1fd93db783f9…
append: e75 事件哈希 ef169b21f4965ad6…
append: e76 事件哈希 e8ea6bce7ce54f72…
append: e77 事件哈希 22e6d0bec731a08a…
append: e78 事件哈希 d36958c03c5c64c1…
append: e79 事件哈希 1892d42e3bf182b9…
build: 生成 spec.md / 提示词速查.md / citations.md → D:\临时工作区\大审查-工作包-20260909\衔尾蛇\sandbox\x17-A0-s10（手改生成区=违例）
install: L2 + [] → D:\临时工作区\大审查-工作包-20260909\衔尾蛇\sandbox\x17-A0-s10
  交付内容体 29 个（含 {SLOT} 待填文件 11 个——按 install 指南填槽）
  待填槽文件（示例）: modules/m-core/install.md, modules/m-core/template/ROOT-README.md, modules/m-index/install.md, modules/m-index/template/knowledge/_index.md, modules/m-tools/install.md…
  Merkle 根（排除 state.json）: 7175d31f89f38af02e1a54691fee2beae68e2d1e6130ae971d5b5ee0ad177793
  请将此根抄录至人侧（公理E）
append: e0 事件哈希 89d2831927d1ae63…
append: e1 事件哈希 3af96412fb37a076…
append: e2 事件哈希 92fa724fb8bd2fe3…
append: e3 事件哈希 c2b729403c046e3f…
append: e4 事件哈希 438a1a01216bc9b4…
append: e5 事件哈希 7433f996aae44f00…
append: e6 事件哈希 27214f63e5992da8…
append: e7 事件哈希 3d2bac8e06e71130…
append: e8 事件哈希 d0d8c13d35422054…
append: e9 事件哈希 7af0fa7cf1825339…
append: e10 事件哈希 b63b546a31ce2ffb…
append: e11 事件哈希 403d78f93fcd6cfd…
append: e12 事件哈希 f54e9bbe4983b608…
append: e13 事件哈希 3e4835857e1a3d71…
append: e14 事件哈希 d8963f2ada49ef90…
append: e15 事件哈希 26a064d16dace221…
append: e16 事件哈希 2690f6f65a04fc02…
append: e17 事件哈希 b54233c57274d952…
append: e18 事件哈希 50d00fa60daa0a7e…
append: e19 事件哈希 292a03449b3cdb91…
append: e20 事件哈希 89b7458ce3c7bd0c…
append: e21 事件哈希 7e2f86a8c1fee68c…
append: e22 事件哈希 980eea6bc0f4d13c…
append: e23 事件哈希 291d96d735bb5128…
append: e24 事件哈希 1f1bbe05da0ef03d…
append: e25 事件哈希 6dd4f19431f3d5a5…
append: e26 事件哈希 4131719125408206…
append: e27 事件哈希 9a31dd3207001f0e…
append: e28 事件哈希 8b499cc59472e2ca…
append: e29 事件哈希 0f5e5f93eae95922…
append: e30 事件哈希 e953fd51051af29c…
append: e31 事件哈希 22784651f5807721…
append: e32 事件哈希 ca1df49fdb22cef0…
append: e33 事件哈希 978573ed7d19b6fd…
append: e34 事件哈希 603091243fab3e4b…
append: e35 事件哈希 0fb9db7faa511df6…
append: e36 事件哈希 343f81edfb17f78f…
append: e37 事件哈希 f60df01c25b287cd…
append: e38 事件哈希 a2aba6ba83d51f98…
append: e39 事件哈希 0bd543c37e572ebc…
append: e40 事件哈希 7d36511ac5431b8c…
append: e41 事件哈希 2a892a8367f4e2f6…
append: e42 事件哈希 3cfcdf36f75a876e…
append: e43 事件哈希 87934c0562e7e7d8…
append: e44 事件哈希 26da69508f0fc705…
append: e45 事件哈希 3fd0349af821fc97…
append: e46 事件哈希 ea899b3ba06fd8a7…
append: e47 事件哈希 0e19990c321faecf…
append: e48 事件哈希 c1259538534024db…
append: e49 事件哈希 bd276925fc22cc4d…
append: e50 事件哈希 ff48d86f95db24d0…
append: e51 事件哈希 7be36a13eba634b8…
append: e52 事件哈希 d168588f5cd7f33f…
append: e53 事件哈希 0b2f40ef8971c240…
append: e54 事件哈希 81f91e059fbff28d…
append: e55 事件哈希 c40c952a50c37e65…
append: e56 事件哈希 0769a832ebc17232…
append: e57 事件哈希 22258ed2f7027f4f…
append: e58 事件哈希 403a9caaa44c661a…
append: e59 事件哈希 c0c3d5c83078d71f…
append: e60 事件哈希 7c3c34f80daa97c6…
append: e61 事件哈希 e0bf7b27458e74c7…
append: e62 事件哈希 4e84e909b7262c3d…
append: e63 事件哈希 e36cc09182b0c6cb…
append: e64 事件哈希 8311d20172711911…
append: e65 事件哈希 b3311e1e5355939b…
append: e66 事件哈希 a41b5482bea32123…
append: e67 事件哈希 e0096341204ba485…
append: e68 事件哈希 71b3bcd31cefe44f…
append: e69 事件哈希 9447fcaad122af6b…
append: e70 事件哈希 e9e25ac1723ca352…
append: e71 事件哈希 472d745a6062331a…
append: e72 事件哈希 bea88217b595c855…
append: e73 事件哈希 f9b19a81890cc5c1…
append: e74 事件哈希 d3ed97164bcd0a1a…
append: e75 事件哈希 cf694b11e7219994…
append: e76 事件哈希 f02820067a7b782f…
append: e77 事件哈希 482a833c5e4261fd…
append: e78 事件哈希 0dd86aa7779f1c32…
append: e79 事件哈希 68ec9b0b313bb54e…
build: 生成 spec.md / 提示词速查.md / citations.md → D:\临时工作区\大审查-工作包-20260909\衔尾蛇\sandbox\x17-A0-s11（手改生成区=违例）
install: L2 + [] → D:\临时工作区\大审查-工作包-20260909\衔尾蛇\sandbox\x17-A0-s11
  交付内容体 29 个（含 {SLOT} 待填文件 11 个——按 install 指南填槽）
  待填槽文件（示例）: modules/m-core/install.md, modules/m-core/template/ROOT-README.md, modules/m-index/install.md, modules/m-index/template/knowledge/_index.md, modules/m-tools/install.md…
  Merkle 根（排除 state.json）: b3a743bb28a890262f74c15f12775e3f2ead31bc0641f92e9498ec05262aca69
  请将此根抄录至人侧（公理E）
append: e0 事件哈希 aa6cb4371edac1b5…
append: e1 事件哈希 76861be6ec4e59a5…
append: e2 事件哈希 5ce22f253d6726e2…
append: e3 事件哈希 604afda64a31ffb4…
append: e4 事件哈希 9e82989a7cb9126b…
append: e5 事件哈希 051a05813d085df5…
append: e6 事件哈希 0269e0e0e3918ba0…
append: e7 事件哈希 56a4018c8e9203e9…
append: e8 事件哈希 4a5b8477cfebc0e8…
append: e9 事件哈希 404e51fc6c5c3976…
append: e10 事件哈希 07d97b71656cfe2b…
append: e11 事件哈希 f50eb99a7bafdc5f…
append: e12 事件哈希 e6c97e20201b507e…
append: e13 事件哈希 33c94f575539e40b…
append: e14 事件哈希 114832e6b367bb35…
append: e15 事件哈希 053c70921be2e22f…
append: e16 事件哈希 9e8ea9d189272d6c…
append: e17 事件哈希 48413fd9b251a7c2…
append: e18 事件哈希 691a456eb86cb4f8…
append: e19 事件哈希 0c581759c7b7955c…
append: e20 事件哈希 2af61c19d6b7a09c…
append: e21 事件哈希 97b8220bc1f7db66…
append: e22 事件哈希 0379bdbcfe32e0fb…
append: e23 事件哈希 831b519a2f48d81b…
append: e24 事件哈希 22918f1563766f2f…
append: e25 事件哈希 8ada490e4c30940d…
append: e26 事件哈希 03a5778ffb7ecd6e…
append: e27 事件哈希 d66d65d0ff54fa63…
append: e28 事件哈希 37e76004d0d24e1c…
append: e29 事件哈希 15ff206447001cc9…
append: e30 事件哈希 41bd4d32af0ea22f…
append: e31 事件哈希 0e6ea451dfd5d493…
append: e32 事件哈希 ec96699b39dffc9c…
append: e33 事件哈希 94a09ad6a8c3450d…
append: e34 事件哈希 9a588a044338658e…
append: e35 事件哈希 62eed9f12b60c44d…
append: e36 事件哈希 4ec4e6e520bc01d2…
append: e37 事件哈希 88c481cbe205bb51…
append: e38 事件哈希 435b509927abcbb9…
append: e39 事件哈希 c34cfc62ec1085eb…
append: e40 事件哈希 616820610797dd59…
append: e41 事件哈希 5fd8c3306729ca23…
append: e42 事件哈希 4ae1c847a61cdeba…
append: e43 事件哈希 0f6292233ec8313b…
append: e44 事件哈希 c2a796b880961061…
append: e45 事件哈希 fc0dcf0227f012f7…
append: e46 事件哈希 9777574b46c28add…
append: e47 事件哈希 f89eb4baeecd8b3d…
append: e48 事件哈希 5fec51b39b7c1e45…
append: e49 事件哈希 336dcd9369d6a5e4…
append: e50 事件哈希 52ea654d1590be34…
append: e51 事件哈希 1afaf6db0d480b97…
append: e52 事件哈希 2ab8dc580e9fc2ad…
append: e53 事件哈希 97198f1026e72bf5…
append: e54 事件哈希 034a583011ef6e5c…
append: e55 事件哈希 3acad2e1c7cccb08…
append: e56 事件哈希 2fc2b9b8e4f00088…
append: e57 事件哈希 e10cca095dc210d2…
append: e58 事件哈希 6a93ec0adbbc0ecf…
append: e59 事件哈希 63b8e185b9fa69cf…
append: e60 事件哈希 efb4327ea8e9d8a0…
append: e61 事件哈希 86f80256c974e05d…
append: e62 事件哈希 2625dc5f49a82479…
append: e63 事件哈希 ec6f793799abfb6a…
append: e64 事件哈希 9aacbc6d7a4dcdef…
append: e65 事件哈希 775f2e2b20438fe7…
append: e66 事件哈希 bd9780f1c61cfe99…
append: e67 事件哈希 f605d7da41c95812…
append: e68 事件哈希 84229936d59e4f3a…
append: e69 事件哈希 6523215dff639162…
append: e70 事件哈希 99b595ac031c5ae3…
append: e71 事件哈希 327150a116af0826…
append: e72 事件哈希 8adcf123fa5cd139…
append: e73 事件哈希 ca9cca2fa34860f9…
append: e74 事件哈希 75a662b6be82304b…
append: e75 事件哈希 f6760d7bea4075bb…
append: e76 事件哈希 7c15f8362d95120b…
append: e77 事件哈希 1bb1e9a8c07368da…
append: e78 事件哈希 464f15c52d0b81e4…
append: e79 事件哈希 869d58eed8507625…
build: 生成 spec.md / 提示词速查.md / citations.md → D:\临时工作区\大审查-工作包-20260909\衔尾蛇\sandbox\x17-A0-s12（手改生成区=违例）
install: L2 + [] → D:\临时工作区\大审查-工作包-20260909\衔尾蛇\sandbox\x17-A0-s12
  交付内容体 29 个（含 {SLOT} 待填文件 11 个——按 install 指南填槽）
  待填槽文件（示例）: modules/m-core/install.md, modules/m-core/template/ROOT-README.md, modules/m-index/install.md, modules/m-index/template/knowledge/_index.md, modules/m-tools/install.md…
  Merkle 根（排除 state.json）: a8ab8ff895720c02cdc41529563c08b01685da6e1bbb56e8665e4223fe003952
  请将此根抄录至人侧（公理E）
append: e0 事件哈希 89d2831927d1ae63…
append: e1 事件哈希 3af96412fb37a076…
append: e2 事件哈希 92fa724fb8bd2fe3…
append: e3 事件哈希 c2b729403c046e3f…
append: e4 事件哈希 438a1a01216bc9b4…
append: e5 事件哈希 7433f996aae44f00…
append: e6 事件哈希 27214f63e5992da8…
append: e7 事件哈希 9cdaf251941b25c8…
append: e8 事件哈希 85956e45337b82dd…
append: e9 事件哈希 65fa4eed13787f0c…
append: e10 事件哈希 d028f70bfe535ce5…
append: e11 事件哈希 39c2f11a918b53dd…
append: e12 事件哈希 384e14628af9973b…
append: e13 事件哈希 c3ad4be353aef1b7…
append: e14 事件哈希 b50aa46979129caf…
append: e15 事件哈希 0906d9d2d8eff511…
append: e16 事件哈希 24313c35a0cb55bf…
append: e17 事件哈希 4651280c844e6f2c…
append: e18 事件哈希 23d199f069f701ba…
append: e19 事件哈希 5389dbc1cfc99cd8…
append: e20 事件哈希 7bee78a1ed62c756…
append: e21 事件哈希 1626f2451e5017ff…
append: e22 事件哈希 741626344b011076…
append: e23 事件哈希 5ae4dea5548ac4b7…
append: e24 事件哈希 0c0cc00fdedd01e3…
append: e25 事件哈希 7f0ddd08b2f76002…
append: e26 事件哈希 87774e5a1e9243c7…
append: e27 事件哈希 dc9258f2187b4c06…
append: e28 事件哈希 55ea22d519915bd9…
append: e29 事件哈希 99f652a59c90bb68…
append: e30 事件哈希 7f414fa5aaf6d854…
append: e31 事件哈希 38fce14bb037f3dc…
append: e32 事件哈希 287244dce8338043…
append: e33 事件哈希 f3f4c8601fcd8650…
append: e34 事件哈希 b1fe939490344cd8…
append: e35 事件哈希 8fa18f1b981f3618…
append: e36 事件哈希 170d6a7f0e4fea67…
append: e37 事件哈希 be08a67436481558…
append: e38 事件哈希 3cb772989f6fbce5…
append: e39 事件哈希 772ee8e20d842150…
append: e40 事件哈希 4b9bfb03db14cd90…
append: e41 事件哈希 d35571a820668b00…
append: e42 事件哈希 02116dd976912a5e…
append: e43 事件哈希 3e103fa7970020f5…
append: e44 事件哈希 4dcaf1aea573846a…
append: e45 事件哈希 81bcd6e8fa6a629e…
append: e46 事件哈希 1b7e9262ccae5d11…
append: e47 事件哈希 c2c86d60b6cd9796…
append: e48 事件哈希 2d54a2b7b71a684e…
append: e49 事件哈希 7ca98e402c481415…
append: e50 事件哈希 b4f15d6ec3a076e4…
append: e51 事件哈希 c7d1c815a9093993…
append: e52 事件哈希 f4430fce4781f5ae…
append: e53 事件哈希 a84c9b13615b5366…
append: e54 事件哈希 453775439841d25a…
append: e55 事件哈希 bad2f1e9f346b507…
append: e56 事件哈希 6d706ad67f58a745…
append: e57 事件哈希 b2168f09e451392b…
append: e58 事件哈希 72a554d2f5526d57…
append: e59 事件哈希 257aaabe5e52e32c…
append: e60 事件哈希 0793795faf89cc50…
append: e61 事件哈希 274ff5dba9fc31ea…
append: e62 事件哈希 295f479ab04de8d4…
append: e63 事件哈希 803ee0878ec08602…
append: e64 事件哈希 b599251d2493216a…
append: e65 事件哈希 8ee3f91efa7c549b…
append: e66 事件哈希 39e9ac9c18fd35ac…
append: e67 事件哈希 a90b42358feaee1e…
append: e68 事件哈希 d961b131fbd5bbdc…
append: e69 事件哈希 f26370a44d6f6729…
append: e70 事件哈希 63a4e487a66fb596…
append: e71 事件哈希 e8134bdaf569dd57…
append: e72 事件哈希 29f71bd608a852e4…
append: e73 事件哈希 8a132c50842163fa…
append: e74 事件哈希 b858b16ad47e3ded…
append: e75 事件哈希 998164f9d0045eb7…
append: e76 事件哈希 b32a820f5652b370…
append: e77 事件哈希 ed041fd85cbba128…
append: e78 事件哈希 2ee25bda8e77caca…
append: e79 事件哈希 7861b34097419b20…
build: 生成 spec.md / 提示词速查.md / citations.md → D:\临时工作区\大审查-工作包-20260909\衔尾蛇\sandbox\x17-A0-s13（手改生成区=违例）
install: L2 + [] → D:\临时工作区\大审查-工作包-20260909\衔尾蛇\sandbox\x17-A0-s13
  交付内容体 29 个（含 {SLOT} 待填文件 11 个——按 install 指南填槽）
  待填槽文件（示例）: modules/m-core/install.md, modules/m-core/template/ROOT-README.md, modules/m-index/install.md, modules/m-index/template/knowledge/_index.md, modules/m-tools/install.md…
  Merkle 根（排除 state.json）: 820ea6dcc094cd18803ea7621db4825d265fecadb0ed127a88d57cb0e8806605
  请将此根抄录至人侧（公理E）
append: e0 事件哈希 89d2831927d1ae63…
append: e1 事件哈希 31533129e4881262…
append: e2 事件哈希 c67d1737cb0dad4c…
append: e3 事件哈希 49e2d628342b227c…
append: e4 事件哈希 fb80cad99ebd45f7…
append: e5 事件哈希 454e79b77edc4ab9…
append: e6 事件哈希 f583156d35226360…
append: e7 事件哈希 a7a7ae8d04bffc4b…
append: e8 事件哈希 cd3df99e3a77245a…
append: e9 事件哈希 8672d9f83af5715b…
append: e10 事件哈希 b20cedd0cff4780b…
append: e11 事件哈希 d7c9f267056bb8c7…
append: e12 事件哈希 958964c769711388…
append: e13 事件哈希 c54722f82132aced…
append: e14 事件哈希 c42fe3f0a789a99f…
append: e15 事件哈希 89d9d2a6ce703334…
append: e16 事件哈希 997e373b6e7be5a2…
append: e17 事件哈希 c2851b2dcbebc77d…
append: e18 事件哈希 72119420cf2523c6…
append: e19 事件哈希 95dad01f24f5813b…
append: e20 事件哈希 36362b2da3909a03…
append: e21 事件哈希 b4929c14a4c70aa8…
append: e22 事件哈希 89644f509eed27b4…
append: e23 事件哈希 def30b29317a5381…
append: e24 事件哈希 34c41d6cd650f7cf…
append: e25 事件哈希 ac12af5979beb484…
append: e26 事件哈希 be0ed055efcecc4d…
append: e27 事件哈希 c9c31d68e5f7a836…
append: e28 事件哈希 39b5939c44bfd43f…
append: e29 事件哈希 1c27413a3144401c…
append: e30 事件哈希 5f16d0bf8c5d46be…
append: e31 事件哈希 ec94101e43f79c74…
append: e32 事件哈希 13f4075c386215d9…
append: e33 事件哈希 d5dd9e99d60b9ea9…
append: e34 事件哈希 626260aba671a40f…
append: e35 事件哈希 6fdf64c12b699baf…
append: e36 事件哈希 100d38fe2550825f…
append: e37 事件哈希 f89395579952a42d…
append: e38 事件哈希 782b9522c92e696e…
append: e39 事件哈希 d3d1fe39de655ea8…
append: e40 事件哈希 f562a734f4948d86…
append: e41 事件哈希 0b9eb98908081c0f…
append: e42 事件哈希 da0477ea2c341e98…
append: e43 事件哈希 d8f711194d4c609b…
append: e44 事件哈希 df4324f23209a276…
append: e45 事件哈希 2e4e14eda50fab21…
append: e46 事件哈希 739f2a42d316a4b5…
append: e47 事件哈希 b4a6c91f401d0657…
append: e48 事件哈希 1924ebf3e53c513c…
append: e49 事件哈希 a77e44ea0c9b37c5…
append: e50 事件哈希 33f6c8d8c3311336…
append: e51 事件哈希 bf8f40cbe3b3dbb6…
append: e52 事件哈希 9c1056950987647d…
append: e53 事件哈希 adc1e2e4ef3a4484…
append: e54 事件哈希 5e7054f0bdcca80b…
append: e55 事件哈希 ff7f5f80f299ab09…
append: e56 事件哈希 50f1f22d1585a68f…
append: e57 事件哈希 9c0331bba94833f6…
append: e58 事件哈希 5e58e4d2bb0b1e19…
append: e59 事件哈希 111849b780b1c901…
append: e60 事件哈希 3efcdb42e7471a60…
append: e61 事件哈希 c68e6f73d6070205…
append: e62 事件哈希 f9c8788a969db6cf…
append: e63 事件哈希 9e719ac98f2e593f…
append: e64 事件哈希 cab84b4711718a55…
append: e65 事件哈希 7b71d8e87ab76363…
append: e66 事件哈希 4500016942b75253…
append: e67 事件哈希 9fa27d0c9f9e2948…
append: e68 事件哈希 f66663fbaca768a5…
append: e69 事件哈希 a091fc55be04b6ab…
append: e70 事件哈希 d30844b3341a5e87…
append: e71 事件哈希 1bef8f419e1eeb2f…
append: e72 事件哈希 eb12b45bfe6f757a…
append: e73 事件哈希 7d0f91695b35441e…
append: e74 事件哈希 4525ce9d7c6f1dc5…
append: e75 事件哈希 70c6db16ffc6a1d7…
append: e76 事件哈希 e3171cfd549aad93…
append: e77 事件哈希 275dfb41d9e37007…
append: e78 事件哈希 d0bfe89862a19d2d…
append: e79 事件哈希 1839c4d818228977…
build: 生成 spec.md / 提示词速查.md / citations.md → D:\临时工作区\大审查-工作包-20260909\衔尾蛇\sandbox\x17-A0-s14（手改生成区=违例）
install: L2 + [] → D:\临时工作区\大审查-工作包-20260909\衔尾蛇\sandbox\x17-A0-s14
  交付内容体 29 个（含 {SLOT} 待填文件 11 个——按 install 指南填槽）
  待填槽文件（示例）: modules/m-core/install.md, modules/m-core/template/ROOT-README.md, modules/m-index/install.md, modules/m-index/template/knowledge/_index.md, modules/m-tools/install.md…
  Merkle 根（排除 state.json）: eefe1b95aa5db3bafbefd076fd3e27d5701e8f9abf161ee00c7f7e9ef3b994e4
  请将此根抄录至人侧（公理E）
append: e0 事件哈希 aa6cb4371edac1b5…
append: e1 事件哈希 76861be6ec4e59a5…
append: e2 事件哈希 a5a95fba1547d5bd…
append: e3 事件哈希 09931ca89f226336…
append: e4 事件哈希 f5fb7627bf814848…
append: e5 事件哈希 662e22d0a45e7048…
append: e6 事件哈希 8de0f0bcb9687fa7…
append: e7 事件哈希 b07b43887dd9f66b…
append: e8 事件哈希 8097f791d5984c46…
append: e9 事件哈希 3b447c96e14fef19…
append: e10 事件哈希 3013e25df6207467…
append: e11 事件哈希 a468f32f47f29ba0…
append: e12 事件哈希 0cb03f477cb5c8bb…
append: e13 事件哈希 2c04d9ac88f1cf85…
append: e14 事件哈希 f7db9c37deda467b…
append: e15 事件哈希 e14f534f84e8380b…
append: e16 事件哈希 644fc94dec189d11…
append: e17 事件哈希 a6fc8a52c481196c…
append: e18 事件哈希 1a14855ad73282c0…
append: e19 事件哈希 9ca29402a988f954…
append: e20 事件哈希 2d38c4f90b9456c8…
append: e21 事件哈希 a5b25d34e8705539…
append: e22 事件哈希 2846367fa8a609c6…
append: e23 事件哈希 7e7aa79fbd7b069c…
append: e24 事件哈希 6c36e49bd38383c6…
append: e25 事件哈希 1f2ceeb947c639c0…
append: e26 事件哈希 c0e71af35fcdb690…
append: e27 事件哈希 267dde1d4e345587…
append: e28 事件哈希 24c57e1fda4250fd…
append: e29 事件哈希 65e78432bbb68d2f…
append: e30 事件哈希 e180b7069e2d4740…
append: e31 事件哈希 4f0905cf1bed3fa7…
append: e32 事件哈希 d3728e13299d226d…
append: e33 事件哈希 0453c5397a9c4953…
append: e34 事件哈希 d389cf1e4a0b57a1…
append: e35 事件哈希 d990dc85b6b24f4f…
append: e36 事件哈希 9f03c7c7dced687d…
append: e37 事件哈希 431baf3889edb844…
append: e38 事件哈希 5ea79c91f64ef82d…
append: e39 事件哈希 ed80bbd14166e0f6…
append: e40 事件哈希 04c055fe411cae46…
append: e41 事件哈希 96d086e4bee294b3…
append: e42 事件哈希 bfcc073d0b355369…
append: e43 事件哈希 64abde77834f321e…
append: e44 事件哈希 2f93cc1db3a3cbce…
append: e45 事件哈希 06d8c102426965a9…
append: e46 事件哈希 fbb99261d826d753…
append: e47 事件哈希 34341892207e1072…
append: e48 事件哈希 07a6b0fb23da725f…
append: e49 事件哈希 cb97f48828dc69e4…
append: e50 事件哈希 8b35fbe2c51eb871…
append: e51 事件哈希 fb70f62d84042ecd…
append: e52 事件哈希 e5309206250e12f4…
append: e53 事件哈希 83d8b0aa0c2ed598…
append: e54 事件哈希 95dc0d5ccae4be42…
append: e55 事件哈希 042552716ee211f0…
append: e56 事件哈希 4342656b616da2e5…
append: e57 事件哈希 9eaefcf67bb6bd64…
append: e58 事件哈希 7160402b52610f5c…
append: e59 事件哈希 a9c73ac08ee91038…
append: e60 事件哈希 9dd7a92a6c550b31…
append: e61 事件哈希 0f2a27e905493381…
append: e62 事件哈希 c9b01c8d65032880…
append: e63 事件哈希 f59b58584655ac48…
append: e64 事件哈希 7dfaf38f08e5ef3b…
append: e65 事件哈希 f1c6cc3e332997e8…
append: e66 事件哈希 0e46163366b43561…
append: e67 事件哈希 eef39393f9b20bd6…
append: e68 事件哈希 851e8ba4ac373a94…
append: e69 事件哈希 2c9fd997c85073f3…
append: e70 事件哈希 8416268977c3d7ce…
append: e71 事件哈希 a87e8815647a7cda…
append: e72 事件哈希 26cfa65488a145ce…
append: e73 事件哈希 9ad509e516b1f31e…
append: e74 事件哈希 b949eb9959ca9e82…
append: e75 事件哈希 9ebbea18542cbf76…
append: e76 事件哈希 f79fc5e35e50ce6f…
append: e77 事件哈希 5f176bf1c0df3af8…
append: e78 事件哈希 d27f452bdad48dc6…
append: e79 事件哈希 ed1641c869c24b16…
build: 生成 spec.md / 提示词速查.md / citations.md → D:\临时工作区\大审查-工作包-20260909\衔尾蛇\sandbox\x17-A0-s15（手改生成区=违例）
install: L2 + [] → D:\临时工作区\大审查-工作包-20260909\衔尾蛇\sandbox\x17-A0-s15
  交付内容体 29 个（含 {SLOT} 待填文件 11 个——按 install 指南填槽）
  待填槽文件（示例）: modules/m-core/install.md, modules/m-core/template/ROOT-README.md, modules/m-index/install.md, modules/m-index/template/knowledge/_index.md, modules/m-tools/install.md…
  Merkle 根（排除 state.json）: 95c2185f7d6872acf4ac8234b87ae613ceccea3fa25ba4c11146481bc25561e0
  请将此根抄录至人侧（公理E）
append: e0 事件哈希 89d2831927d1ae63…
append: e1 事件哈希 31533129e4881262…
append: e2 事件哈希 c67d1737cb0dad4c…
append: e3 事件哈希 49e2d628342b227c…
append: e4 事件哈希 fb80cad99ebd45f7…
append: e5 事件哈希 454e79b77edc4ab9…
append: e6 事件哈希 f583156d35226360…
append: e7 事件哈希 7d9eee37ad833a1c…
append: e8 事件哈希 6271cf902a3b6842…
append: e9 事件哈希 b86051171c5d6078…
append: e10 事件哈希 984642759d9dd683…
append: e11 事件哈希 082d4dfd6754f3bc…
append: e12 事件哈希 f2f21ce5ca1ec146…
append: e13 事件哈希 55d0c6e9d8e3c410…
append: e14 事件哈希 c4c856229eca0b5d…
append: e15 事件哈希 cba4fb6093a35fc9…
append: e16 事件哈希 0a8728af2294886e…
append: e17 事件哈希 d94c0afa3bff2e59…
append: e18 事件哈希 3aeef553c081051f…
append: e19 事件哈希 2eb1ec09ef413028…
append: e20 事件哈希 042504682b0bf3da…
append: e21 事件哈希 f502214a556eac34…
append: e22 事件哈希 146c630404c73a65…
append: e23 事件哈希 b49b7c52f0cbf551…
append: e24 事件哈希 7e14faf23db9bba7…
append: e25 事件哈希 be01d0b4b786fafc…
append: e26 事件哈希 e514e180e77da1a7…
append: e27 事件哈希 c961910c5b55688c…
append: e28 事件哈希 d1de84cc77724a5d…
append: e29 事件哈希 a0b4ee4870c0107c…
append: e30 事件哈希 f238a238eacd0ef8…
append: e31 事件哈希 61996080e750cc06…
append: e32 事件哈希 54a9726ebf23a422…
append: e33 事件哈希 885469a39219adb1…
append: e34 事件哈希 61a9a152082afd54…
append: e35 事件哈希 57f0fc9f46b4328b…
append: e36 事件哈希 842d5551db85727b…
append: e37 事件哈希 2338d81927702676…
append: e38 事件哈希 7dc23ba28205a6c1…
append: e39 事件哈希 748a2956734e8c2e…
append: e40 事件哈希 f54daef22ddf2ba9…
append: e41 事件哈希 c646655b7a717854…
append: e42 事件哈希 4730a5e74fd3b341…
append: e43 事件哈希 d0d11b4dd2f03214…
append: e44 事件哈希 e72b00c4b1bfcb8e…
append: e45 事件哈希 e5d209b64da7a76a…
append: e46 事件哈希 b4c55d7001721699…
append: e47 事件哈希 fda5c06d2ff9cea9…
append: e48 事件哈希 21cff21d8db68866…
append: e49 事件哈希 d5c225dae0abe2d3…
append: e50 事件哈希 b4c3fc2bd7202b66…
append: e51 事件哈希 b58679ca0a9136fd…
append: e52 事件哈希 6633ccc6b6c413a6…
append: e53 事件哈希 4c01989ef57f17d7…
append: e54 事件哈希 3a83d300bfb36759…
append: e55 事件哈希 335ff8b9e59e7d06…
append: e56 事件哈希 5aa88f32d889b864…
append: e57 事件哈希 b75dbd0d434db92d…
append: e58 事件哈希 bf1f27807a4e0bb4…
append: e59 事件哈希 341b939e95e2431e…
append: e60 事件哈希 7e8bc279c9cab1ed…
append: e61 事件哈希 7c88039347414d96…
append: e62 事件哈希 3897b60e74f9f3ec…
append: e63 事件哈希 4ff283c799a75abf…
append: e64 事件哈希 113bb479ab919622…
append: e65 事件哈希 0bdd019ca40c0600…
append: e66 事件哈希 cdfbb227dfd3c0c8…
append: e67 事件哈希 32ef17722d0732fa…
append: e68 事件哈希 6e48324306837c9d…
append: e69 事件哈希 3f7f1964c2a70d1d…
append: e70 事件哈希 b1390f9c0a3634af…
append: e71 事件哈希 67ff84693fa83e36…
append: e72 事件哈希 8d8e94319fe93a5d…
append: e73 事件哈希 12ebfd004946e8c0…
append: e74 事件哈希 08ab76b52420cd0b…
append: e75 事件哈希 03a7368d9711951d…
append: e76 事件哈希 4aff9ec033e2631e…
append: e77 事件哈希 5673d2ca8c854e44…
append: e78 事件哈希 1463c8717af4ce53…
append: e79 事件哈希 4ac48e17d680cbe4…
build: 生成 spec.md / 提示词速查.md / citations.md → D:\临时工作区\大审查-工作包-20260909\衔尾蛇\sandbox\x17-A0-s16（手改生成区=违例）
install: L2 + [] → D:\临时工作区\大审查-工作包-20260909\衔尾蛇\sandbox\x17-A0-s16
  交付内容体 29 个（含 {SLOT} 待填文件 11 个——按 install 指南填槽）
  待填槽文件（示例）: modules/m-core/install.md, modules/m-core/template/ROOT-README.md, modules/m-index/install.md, modules/m-index/template/knowledge/_index.md, modules/m-tools/install.md…
  Merkle 根（排除 state.json）: e434c7d98fcc8afd41ff44e0547dcfb69fe6075f10a691e6ed5515e9c5cf3c16
  请将此根抄录至人侧（公理E）
append: e0 事件哈希 aa6cb4371edac1b5…
append: e1 事件哈希 c18cfad4c15f8340…
append: e2 事件哈希 aaa4cd6b4967640a…
append: e3 事件哈希 20d5c7f471067b22…
append: e4 事件哈希 81ab854a1dd3a430…
append: e5 事件哈希 707cdad842a3dbfc…
append: e6 事件哈希 4c8749c914884c9f…
append: e7 事件哈希 0e24406e39c72d93…
append: e8 事件哈希 5e11a7ecd9698546…
append: e9 事件哈希 7434a783b33a7003…
append: e10 事件哈希 3a39cb33c34c7726…
append: e11 事件哈希 a865cbe05972975d…
append: e12 事件哈希 b65c0d003e5f6285…
append: e13 事件哈希 ab694b7fd68b7bd2…
append: e14 事件哈希 4679233fe12059ca…
append: e15 事件哈希 cb54ebcc6c2e2061…
append: e16 事件哈希 34229c1ab3a870c7…
append: e17 事件哈希 03e773ad8f8003a2…
append: e18 事件哈希 d6bb5014b7ba7ad6…
append: e19 事件哈希 bf72f5395e840079…
append: e20 事件哈希 f808c3812566f245…
append: e21 事件哈希 41703dd553903d3b…
append: e22 事件哈希 d83e84037ba1d1e3…
append: e23 事件哈希 49d6be485e4d046e…
append: e24 事件哈希 37a3c79026b8a2ed…
append: e25 事件哈希 eebdb598daf12351…
append: e26 事件哈希 0f6653412641dbc3…
append: e27 事件哈希 f4404090aa963e2d…
append: e28 事件哈希 a8f900f93b720916…
append: e29 事件哈希 d360022f3dd5aa4f…
append: e30 事件哈希 fb01696eb5d2ad23…
append: e31 事件哈希 3a28afe25b0c030e…
append: e32 事件哈希 29d703a27b36330e…
append: e33 事件哈希 7b09d2e774a01e78…
append: e34 事件哈希 ac7f1735f68ffd64…
append: e35 事件哈希 fb58a5de7fdb284e…
append: e36 事件哈希 f1ce7c396f4de253…
append: e37 事件哈希 c0b65d23aa99a131…
append: e38 事件哈希 488c1ef78918f7c2…
append: e39 事件哈希 e95b41a875f3643e…
append: e40 事件哈希 1fb4589ff5645c90…
append: e41 事件哈希 1c930487674a1d9b…
append: e42 事件哈希 a59553d9ce5cd752…
append: e43 事件哈希 ec93390e4366ab1e…
append: e44 事件哈希 b990d799cf4c6fdf…
append: e45 事件哈希 1b3c700105883971…
append: e46 事件哈希 28ce68dd80effa62…
append: e47 事件哈希 68a3b24b1eba7da5…
append: e48 事件哈希 0dd1e26428d9983a…
append: e49 事件哈希 150c34a5121b9f8f…
append: e50 事件哈希 7bc6c1e140b61b56…
append: e51 事件哈希 2731233a18531907…
append: e52 事件哈希 c6675e1787b90a7b…
append: e53 事件哈希 d6cd684035d3e2f1…
append: e54 事件哈希 d4444b395bccf8d9…
append: e55 事件哈希 324582570f4aff9c…
append: e56 事件哈希 cc05695498fb2052…
append: e57 事件哈希 47268aa491dff3b1…
append: e58 事件哈希 4fe201d99ae0d9bb…
append: e59 事件哈希 7c9dc54ad87efbfe…
append: e60 事件哈希 a872218661d534cb…
append: e61 事件哈希 90a977c139e6cd34…
append: e62 事件哈希 e0bd272ba0256911…
append: e63 事件哈希 d10d95fbdf157aa6…
append: e64 事件哈希 d707f309aedc18c7…
append: e65 事件哈希 ff66fb278887b2d5…
append: e66 事件哈希 70e968537c509e6d…
append: e67 事件哈希 047712d1bee0ffc7…
append: e68 事件哈希 b22c6707430c8f07…
append: e69 事件哈希 20f39957e758e562…
append: e70 事件哈希 d54f089fc58c8f0f…
append: e71 事件哈希 bc51ff80c8f945d5…
append: e72 事件哈希 62cf89be7c6a0e55…
append: e73 事件哈希 8ab4ce7416908c68…
append: e74 事件哈希 41ffeac8a15197c3…
append: e75 事件哈希 ea0fa8a33dd911dc…
append: e76 事件哈希 eb477e10a0bb80d9…
append: e77 事件哈希 4db8650a25710b43…
append: e78 事件哈希 ccb3167051389486…
append: e79 事件哈希 413be8c12fc55726…
build: 生成 spec.md / 提示词速查.md / citations.md → D:\临时工作区\大审查-工作包-20260909\衔尾蛇\sandbox\x17-A0-s17（手改生成区=违例）
install: L2 + [] → D:\临时工作区\大审查-工作包-20260909\衔尾蛇\sandbox\x17-A0-s17
  交付内容体 29 个（含 {SLOT} 待填文件 11 个——按 install 指南填槽）
  待填槽文件（示例）: modules/m-core/install.md, modules/m-core/template/ROOT-README.md, modules/m-index/install.md, modules/m-index/template/knowledge/_index.md, modules/m-tools/install.md…
  Merkle 根（排除 state.json）: 5467e0a22bbd30974123b4dfea8d5876184221cc1ab8e38b76fb535869321b1c
  请将此根抄录至人侧（公理E）
append: e0 事件哈希 aa6cb4371edac1b5…
append: e1 事件哈希 c18cfad4c15f8340…
append: e2 事件哈希 aaa4cd6b4967640a…
append: e3 事件哈希 ddaccf7664604fe0…
append: e4 事件哈希 ecb65ca77e1448be…
append: e5 事件哈希 b812ff7de0ace8aa…
append: e6 事件哈希 8eca3a6d950dd9e2…
append: e7 事件哈希 6c3ae8058b7d808d…
append: e8 事件哈希 5131754004481dd7…
append: e9 事件哈希 4900d86de82ada5c…
append: e10 事件哈希 f346b0d2338ee37e…
append: e11 事件哈希 b34f780bdb272425…
append: e12 事件哈希 89af4fcf9af1492e…
append: e13 事件哈希 3ed480cbdc2ce6f3…
append: e14 事件哈希 d98933908db0b79d…
append: e15 事件哈希 a5c048563619a3b8…
append: e16 事件哈希 bd34d662bf5866c2…
append: e17 事件哈希 87851f72218a8412…
append: e18 事件哈希 826bd32fdc8a453b…
append: e19 事件哈希 c3197872befaad47…
append: e20 事件哈希 55d037bd2508a211…
append: e21 事件哈希 6668c118412e0879…
append: e22 事件哈希 427135d54cf1ddfe…
append: e23 事件哈希 2e2914ba51e6ad6c…
append: e24 事件哈希 ef989dca9fa15634…
append: e25 事件哈希 7bb53ec84229eb0c…
append: e26 事件哈希 0e1ab21fbc53a8d8…
append: e27 事件哈希 9a8f40ff800caa81…
append: e28 事件哈希 85a6f9b0c20defd2…
append: e29 事件哈希 69def3b83ff89a79…
append: e30 事件哈希 4ab348b2056c6cc9…
append: e31 事件哈希 dfdcc0b523455e4a…
append: e32 事件哈希 1233eb8b4e1cd7a8…
append: e33 事件哈希 814239d3281b583d…
append: e34 事件哈希 be06510dc101f40f…
append: e35 事件哈希 10a9b165a54c9707…
append: e36 事件哈希 745455a15e40c51c…
append: e37 事件哈希 eef1b0f6549253fc…
append: e38 事件哈希 fe6d558ff29b9c61…
append: e39 事件哈希 aa11ad640c16759d…
append: e40 事件哈希 727419be92ae65c6…
append: e41 事件哈希 8a306354b036b675…
append: e42 事件哈希 ddbf8c66167d12ac…
append: e43 事件哈希 d345f90da43a4acb…
append: e44 事件哈希 eb485fb54c90dbca…
append: e45 事件哈希 b926569a73afe2c1…
append: e46 事件哈希 66240264d5eb31a5…
append: e47 事件哈希 763b92a6228f9375…
append: e48 事件哈希 5f36a01adcbf28b9…
append: e49 事件哈希 ad6deadafe94115d…
append: e50 事件哈希 71ce60bd0ca11579…
append: e51 事件哈希 58fd482e407d99a0…
append: e52 事件哈希 453084e99a057da1…
append: e53 事件哈希 c409f2d5d1ee5230…
append: e54 事件哈希 6435809cde45e583…
append: e55 事件哈希 a31b00007e9c13fc…
append: e56 事件哈希 5616326951a7f046…
append: e57 事件哈希 7979c8ae199d7de0…
append: e58 事件哈希 1c7c60112b7ba4dc…
append: e59 事件哈希 576afbbd9a871138…
append: e60 事件哈希 4c7a21f7072d2e43…
append: e61 事件哈希 5ffe07c31bc01093…
append: e62 事件哈希 1a4e6ef9c1031109…
append: e63 事件哈希 2a02b684cb4e2e61…
append: e64 事件哈希 9ed1ac4c766cf56f…
append: e65 事件哈希 3abf2ad526d1765e…
append: e66 事件哈希 304f4740dbcaf67c…
append: e67 事件哈希 4f5c8fae4079d680…
append: e68 事件哈希 d940c7d608fe9d4e…
append: e69 事件哈希 23185ea84215f979…
append: e70 事件哈希 5a42d8b6ff0de475…
append: e71 事件哈希 12dcd8b767173751…
append: e72 事件哈希 4fe4d3e10ec8f624…
append: e73 事件哈希 b0a2b70125c7d72f…
append: e74 事件哈希 b4cefbb44a87cc2c…
append: e75 事件哈希 767b52ef15f02466…
append: e76 事件哈希 360f8024592888a2…
append: e77 事件哈希 a8b34731be031fbb…
append: e78 事件哈希 5c90dec5ff43413f…
append: e79 事件哈希 678aa0e50ef6751a…
build: 生成 spec.md / 提示词速查.md / citations.md → D:\临时工作区\大审查-工作包-20260909\衔尾蛇\sandbox\x17-A0-s18（手改生成区=违例）
install: L2 + [] → D:\临时工作区\大审查-工作包-20260909\衔尾蛇\sandbox\x17-A0-s18
  交付内容体 29 个（含 {SLOT} 待填文件 11 个——按 install 指南填槽）
  待填槽文件（示例）: modules/m-core/install.md, modules/m-core/template/ROOT-README.md, modules/m-index/install.md, modules/m-index/template/knowledge/_index.md, modules/m-tools/install.md…
  Merkle 根（排除 state.json）: 542f00487ac303fb757f7a941e53087f5226a245c025dd991a2b6792290eb836
  请将此根抄录至人侧（公理E）
append: e0 事件哈希 89d2831927d1ae63…
append: e1 事件哈希 3af96412fb37a076…
append: e2 事件哈希 92fa724fb8bd2fe3…
append: e3 事件哈希 c2b729403c046e3f…
append: e4 事件哈希 c06aa8dd72a8a4cd…
append: e5 事件哈希 ee5ed322ea98f2ba…
append: e6 事件哈希 d325ab9569b91704…
append: e7 事件哈希 340085ac26aa520b…
append: e8 事件哈希 3d19c6b90f788a0e…
append: e9 事件哈希 016a0347ee347aa4…
append: e10 事件哈希 a5dd86faa4b7c631…
append: e11 事件哈希 068ce1adbcecc14f…
append: e12 事件哈希 ac54e82977527aba…
append: e13 事件哈希 b283fbe8e6833c9f…
append: e14 事件哈希 cdde7e2abdf867f0…
append: e15 事件哈希 67acb06250893a47…
append: e16 事件哈希 c2800b17562695fa…
append: e17 事件哈希 9db068107456cfce…
append: e18 事件哈希 d4c3fd9f79dd2971…
append: e19 事件哈希 c25d9d937d79b05c…
append: e20 事件哈希 1a5230cc12515702…
append: e21 事件哈希 312af5d99703aba2…
append: e22 事件哈希 df69b5fd40041bc4…
append: e23 事件哈希 a40822d82055fe8b…
append: e24 事件哈希 7f1b8998ef094a91…
append: e25 事件哈希 817294cf87ce30db…
append: e26 事件哈希 360ce4ebac45b623…
append: e27 事件哈希 eed1edce2fe77f1b…
append: e28 事件哈希 db2a51b6bb382f00…
append: e29 事件哈希 2e23c6db49b8de55…
append: e30 事件哈希 f17424ceb3d58f08…
append: e31 事件哈希 27a72645df2a278c…
append: e32 事件哈希 5004a5a05354e42b…
append: e33 事件哈希 ee19772293badb4e…
append: e34 事件哈希 9e66ff3cf9939b4e…
append: e35 事件哈希 d30d9f1e7e3c9f62…
append: e36 事件哈希 72d75e66df9080d4…
append: e37 事件哈希 7c71f0a54548db6d…
append: e38 事件哈希 2c26a816833ea0ed…
append: e39 事件哈希 775ef1f3369bdb74…
append: e40 事件哈希 6f63f0a3b6239d8a…
append: e41 事件哈希 e87ec663d678b80e…
append: e42 事件哈希 853b55f36e7c90a9…
append: e43 事件哈希 205b33b5b666fa84…
append: e44 事件哈希 2614ad6a325d6d60…
append: e45 事件哈希 8c9677b0d662100b…
append: e46 事件哈希 c8595825c4dcb677…
append: e47 事件哈希 4c5ed1be0dc8c016…
append: e48 事件哈希 8794014d858f6be9…
append: e49 事件哈希 82d59fcac5926138…
append: e50 事件哈希 a4ccbd930aa09be8…
append: e51 事件哈希 33146d8c89985354…
append: e52 事件哈希 acbcc0264eb3fbec…
append: e53 事件哈希 7d052c5bf05e5af5…
append: e54 事件哈希 cb4d62dbee7e77f4…
append: e55 事件哈希 3c6eb2f0c8413fee…
append: e56 事件哈希 c37c677fef87e8a0…
append: e57 事件哈希 8e8b37dfc4ec68d9…
append: e58 事件哈希 430c7b391621f1ee…
append: e59 事件哈希 6ab68ffc904e11f5…
append: e60 事件哈希 30c455e7d6a39fae…
append: e61 事件哈希 841a4772fabde7c3…
append: e62 事件哈希 926eb393f0937fdf…
append: e63 事件哈希 9c9a9201e2c20a48…
append: e64 事件哈希 28d2b28dd84b020b…
append: e65 事件哈希 bf2275da6ba6011a…
append: e66 事件哈希 276bed77144424a8…
append: e67 事件哈希 84b059f279d76176…
append: e68 事件哈希 9e8176e90365a6c6…
append: e69 事件哈希 417014fdb34cb7a9…
append: e70 事件哈希 c9b16d8a3df3ad23…
append: e71 事件哈希 9fbd2bf866986f95…
append: e72 事件哈希 d41c445369d1a20c…
append: e73 事件哈希 f6d61a763c8a03ba…
append: e74 事件哈希 2c98b64dced5786a…
append: e75 事件哈希 916a93050ae94ed9…
append: e76 事件哈希 b6ead4dea006a6e1…
append: e77 事件哈希 20090314a07104ee…
append: e78 事件哈希 4a41322cd5cf1ebd…
append: e79 事件哈希 63fa96deee4b7eed…
build: 生成 spec.md / 提示词速查.md / citations.md → D:\临时工作区\大审查-工作包-20260909\衔尾蛇\sandbox\x17-A0-s19（手改生成区=违例）
install: L2 + [] → D:\临时工作区\大审查-工作包-20260909\衔尾蛇\sandbox\x17-A0-s19
  交付内容体 29 个（含 {SLOT} 待填文件 11 个——按 install 指南填槽）
  待填槽文件（示例）: modules/m-core/install.md, modules/m-core/template/ROOT-README.md, modules/m-index/install.md, modules/m-index/template/knowledge/_index.md, modules/m-tools/install.md…
  Merkle 根（排除 state.json）: ce82e3a1b1a9ff205a4c1c19e1bec7b8958a6cb09328645d86244013ad3567d0
  请将此根抄录至人侧（公理E）
append: e0 事件哈希 89d2831927d1ae63…
append: e1 事件哈希 31533129e4881262…
append: e2 事件哈希 c67d1737cb0dad4c…
append: e3 事件哈希 49e2d628342b227c…
append: e4 事件哈希 fb80cad99ebd45f7…
append: e5 事件哈希 454e79b77edc4ab9…
append: e6 事件哈希 f583156d35226360…
append: e7 事件哈希 a7a7ae8d04bffc4b…
append: e8 事件哈希 f66b3558cc48e00f…
append: e9 事件哈希 411c4f84db872f28…
append: e10 事件哈希 f81e7388488bc617…
append: e11 事件哈希 c3a04eddfca65b33…
append: e12 事件哈希 e2b48a11585eded8…
append: e13 事件哈希 081cd13daa059274…
append: e14 事件哈希 1d69e0a9d65cb435…
append: e15 事件哈希 2349aece380b7ce3…
append: e16 事件哈希 3ef0eb5a9e76ea18…
append: e17 事件哈希 9773ea334a3eafb9…
append: e18 事件哈希 0b32cb97cb0b758a…
append: e19 事件哈希 53e526eeccfeaf78…
append: e20 事件哈希 a92f284eff8d0ca2…
append: e21 事件哈希 2d43bb00ec06d598…
append: e22 事件哈希 e13c7127d29ff05c…
append: e23 事件哈希 0d4867bb9d641b8e…
append: e24 事件哈希 7f2a359ed31a70db…
append: e25 事件哈希 20420cb5a4f9aeff…
append: e26 事件哈希 0464b03dd4c3f45a…
append: e27 事件哈希 3f00f9b0f4ee345c…
append: e28 事件哈希 59123134742583bc…
append: e29 事件哈希 11609962f52eb645…
append: e30 事件哈希 bd348ccda80f690c…
append: e31 事件哈希 be5170bb9bcd46c3…
append: e32 事件哈希 0ebdadf4d9709d4f…
append: e33 事件哈希 5780857e329198ff…
append: e34 事件哈希 3835eb25dca1e015…
append: e35 事件哈希 6f754e6eb719009b…
append: e36 事件哈希 6c281ae432a518f0…
append: e37 事件哈希 1840ad1d344f3246…
append: e38 事件哈希 60b8548dfb2c1f6a…
append: e39 事件哈希 c79b7d94ced4ae0d…
append: e40 事件哈希 c02ab127fc9388a2…
append: e41 事件哈希 247cc288de9f9b64…
append: e42 事件哈希 0772d0ea2d708516…
append: e43 事件哈希 3f3342caa7e3daec…
append: e44 事件哈希 069e7ea6897abb6b…
append: e45 事件哈希 6dcd064ea5b4a377…
append: e46 事件哈希 27889f334a60ae9d…
append: e47 事件哈希 3e6cbe3625961478…
append: e48 事件哈希 645adab697b76f10…
append: e49 事件哈希 352d841b6723d6f8…
append: e50 事件哈希 c1c5379f90ffae9f…
append: e51 事件哈希 bcfaad7031cb296a…
append: e52 事件哈希 730cb84a8a511179…
append: e53 事件哈希 e22c8bf1aa475d32…
append: e54 事件哈希 e241f267489a77e7…
append: e55 事件哈希 5bc97d06ac774e13…
append: e56 事件哈希 b94283b9bda82b20…
append: e57 事件哈希 a2160e07b625a9d3…
append: e58 事件哈希 9790e2a95ba9907d…
append: e59 事件哈希 e3701a055f02ae32…
append: e60 事件哈希 d5e362ed82249412…
append: e61 事件哈希 9c25992c85f6fefd…
append: e62 事件哈希 6efdc28b86d49aaa…
append: e63 事件哈希 67e14c6b58df5f80…
append: e64 事件哈希 df4a67a2da1c0be3…
append: e65 事件哈希 1ff8f3b764c9214f…
append: e66 事件哈希 ee787adc04980daa…
append: e67 事件哈希 7dbe86fd7980b8da…
append: e68 事件哈希 dafc4975c902cf2f…
append: e69 事件哈希 3469a5e946af752b…
append: e70 事件哈希 cf64e74d83c5e8fe…
append: e71 事件哈希 d81229084c68730e…
append: e72 事件哈希 0b355ae2d647a003…
append: e73 事件哈希 0a47c1c847fb5614…
append: e74 事件哈希 55abf77988140186…
append: e75 事件哈希 49cfc5b38d1ac2d3…
append: e76 事件哈希 32110bec76baf0df…
append: e77 事件哈希 ae015f235adc1419…
append: e78 事件哈希 612984bb7a34fe10…
append: e79 事件哈希 2abc2bfc28f0f32d…
build: 生成 spec.md / 提示词速查.md / citations.md → D:\临时工作区\大审查-工作包-20260909\衔尾蛇\sandbox\x17-A0-s20（手改生成区=违例）
install: L2 + [] → D:\临时工作区\大审查-工作包-20260909\衔尾蛇\sandbox\x17-A0-s20
  交付内容体 29 个（含 {SLOT} 待填文件 11 个——按 install 指南填槽）
  待填槽文件（示例）: modules/m-core/install.md, modules/m-core/template/ROOT-README.md, modules/m-index/install.md, modules/m-index/template/knowledge/_index.md, modules/m-tools/install.md…
  Merkle 根（排除 state.json）: cfe37e7436cbca1247238348eaecfe31a61688ddf9940084fcef9a4119a28422
  请将此根抄录至人侧（公理E）
append: e0 事件哈希 89d2831927d1ae63…
append: e1 事件哈希 31533129e4881262…
append: e2 事件哈希 9bd4eaaa2343b73e…
append: e3 事件哈希 badd00fc3ec8ec09…
append: e4 事件哈希 9f9b54d519bce609…
append: e5 事件哈希 2401198be7497de9…
append: e6 事件哈希 37cbb74c52a9dda9…
append: e7 事件哈希 d84aa7a6268670ba…
append: e8 事件哈希 8d1af975b70a2568…
append: e9 事件哈希 8fe70cb70971b247…
append: e10 事件哈希 cb6b973afa111e55…
append: e11 事件哈希 3d4e3bfc584895ee…
append: e12 事件哈希 be732db00f125aa0…
append: e13 事件哈希 ae302df3650359e4…
append: e14 事件哈希 e791f40def4f3339…
append: e15 事件哈希 981834c296d5e0aa…
append: e16 事件哈希 8c184f92cb24662b…
append: e17 事件哈希 52bfba6d93beb6ce…
append: e18 事件哈希 52accd93e5f9dfa3…
append: e19 事件哈希 ccc2abd5dee47938…
append: e20 事件哈希 015b8d9b71793a76…
append: e21 事件哈希 dae1a1e63282d68a…
append: e22 事件哈希 b91dcd83b3600f17…
append: e23 事件哈希 02b937acccf0ef51…
append: e24 事件哈希 ae03e9532f339b66…
append: e25 事件哈希 1a71a5689b5a6f17…
append: e26 事件哈希 f85648152a12cb84…
append: e27 事件哈希 1167b3a2bc315367…
append: e28 事件哈希 48e56b8c51447122…
append: e29 事件哈希 88ae9eee31789d95…
append: e30 事件哈希 751f9a37d65d2c9b…
append: e31 事件哈希 f712474fe61acfa7…
append: e32 事件哈希 e995b3d62de99379…
append: e33 事件哈希 d273ad0a1f269767…
append: e34 事件哈希 786c5f7a7f59cf5b…
append: e35 事件哈希 71229cefc087f4e3…
append: e36 事件哈希 97b36ff1b3ba77a5…
append: e37 事件哈希 a6ad2e87640c6d77…
append: e38 事件哈希 cb52a1ac62c9d099…
append: e39 事件哈希 1701a9a0fb498a9e…
append: e40 事件哈希 e91b561170e2853c…
append: e41 事件哈希 1201000e1b4497ed…
append: e42 事件哈希 aba91e9bb9a9f902…
append: e43 事件哈希 10e070ff93944963…
append: e44 事件哈希 e8bfa3f0beba016b…
append: e45 事件哈希 5d6fd371609090ad…
append: e46 事件哈希 e65af40e71fce135…
append: e47 事件哈希 7081d99fcae3882b…
append: e48 事件哈希 669d45bf5b78b875…
append: e49 事件哈希 d5aad39d5c45b56c…
append: e50 事件哈希 04e1b22a73b22c02…
append: e51 事件哈希 1fed766f1e798f50…
append: e52 事件哈希 724afb93f6af5b7d…
append: e53 事件哈希 9bb0ec1147efd5f2…
append: e54 事件哈希 9899bf8b1dd77618…
append: e55 事件哈希 ec29e8c58c7732d9…
append: e56 事件哈希 bea1caac397a15ad…
append: e57 事件哈希 a914b3ae3373785c…
append: e58 事件哈希 8db21497dc0b8680…
append: e59 事件哈希 a7f0a73cceec444d…
append: e60 事件哈希 6969ef2a73babf2c…
append: e61 事件哈希 695a947433a2b834…
append: e62 事件哈希 30b9377181d61d31…
append: e63 事件哈希 e01469468cb3f4de…
append: e64 事件哈希 8df7e61321cba69a…
append: e65 事件哈希 f7c306005e150921…
append: e66 事件哈希 059bb9b05dc79735…
append: e67 事件哈希 b0a79bfc385abf99…
append: e68 事件哈希 1438de721c6ba1ea…
append: e69 事件哈希 345b3ece35852801…
append: e70 事件哈希 453eeb3fa2f60c5b…
append: e71 事件哈希 02b6cf2e0574a28e…
append: e72 事件哈希 9931f5d6ebc35510…
append: e73 事件哈希 f458a67254f74b41…
append: e74 事件哈希 771ca99899f3da02…
append: e75 事件哈希 937b6d415c1b23ab…
append: e76 事件哈希 7fe8a02c8fd4e73f…
append: e77 事件哈希 1117087ad7e64d06…
append: e78 事件哈希 c5ce9a5d2b42ab1d…
append: e79 事件哈希 817f7b2106493d87…
build: 生成 spec.md / 提示词速查.md / citations.md → D:\临时工作区\大审查-工作包-20260909\衔尾蛇\sandbox\x17-A0-s21（手改生成区=违例）
install: L2 + [] → D:\临时工作区\大审查-工作包-20260909\衔尾蛇\sandbox\x17-A0-s21
  交付内容体 29 个（含 {SLOT} 待填文件 11 个——按 install 指南填槽）
  待填槽文件（示例）: modules/m-core/install.md, modules/m-core/template/ROOT-README.md, modules/m-index/install.md, modules/m-index/template/knowledge/_index.md, modules/m-tools/install.md…
  Merkle 根（排除 state.json）: 8e5ad328121fd31d8ba708631b66adbecb071cabfc8e975f728ed723a4fe90ab
  请将此根抄录至人侧（公理E）
append: e0 事件哈希 aa6cb4371edac1b5…
append: e1 事件哈希 76861be6ec4e59a5…
append: e2 事件哈希 a5a95fba1547d5bd…
append: e3 事件哈希 09931ca89f226336…
append: e4 事件哈希 8353e451be9005d5…
append: e5 事件哈希 8d732668c5f9b25b…
append: e6 事件哈希 407d568f62fa7d6b…
append: e7 事件哈希 d39f3b34a911f803…
append: e8 事件哈希 3141186cfa0bfa53…
append: e9 事件哈希 ae2a1cb0b9f0986e…
append: e10 事件哈希 95f43bbc83271b9f…
append: e11 事件哈希 a83ae0f863ccc868…
append: e12 事件哈希 830f5c72d5162837…
append: e13 事件哈希 4acd17985b125641…
append: e14 事件哈希 0a7e526e4c84c8d6…
append: e15 事件哈希 5c5ae313ec06ffa6…
append: e16 事件哈希 c8531434e85f7966…
append: e17 事件哈希 e0a3fd4efb0e141e…
append: e18 事件哈希 6197c6072631737f…
append: e19 事件哈希 14e50faf3dbb7594…
append: e20 事件哈希 b04ff58484a5ebec…
append: e21 事件哈希 666dda77700d1a30…
append: e22 事件哈希 4c07b10f9fed65fd…
append: e23 事件哈希 7df0a14138046ade…
append: e24 事件哈希 744fbd7169b019db…
append: e25 事件哈希 e665ab244471f560…
append: e26 事件哈希 96ed4db27115faf2…
append: e27 事件哈希 8829ebabffe0d2eb…
append: e28 事件哈希 a6adbd1978670abb…
append: e29 事件哈希 9e09a11bbaf997ae…
append: e30 事件哈希 c49f34ff010f9cb4…
append: e31 事件哈希 f6404fd85177e99c…
append: e32 事件哈希 d7476e88f4f84e1d…
append: e33 事件哈希 2ace9994da03f1e4…
append: e34 事件哈希 27a40259614de3f9…
append: e35 事件哈希 2edaa63ba4064990…
append: e36 事件哈希 3c6b6099abc43bd4…
append: e37 事件哈希 87bf8b765ccf533d…
append: e38 事件哈希 c18b3975ca03fd4f…
append: e39 事件哈希 d8bd7fa4b90afd7c…
append: e40 事件哈希 1725a7c0e65851e4…
append: e41 事件哈希 6400d249d228cd6a…
append: e42 事件哈希 7291765bb8011528…
append: e43 事件哈希 35d748f38088640b…
append: e44 事件哈希 e6f84bafd658279d…
append: e45 事件哈希 2bbd1f9e36d1bb24…
append: e46 事件哈希 88273f850e0f99a2…
append: e47 事件哈希 6890d405ae60021d…
append: e48 事件哈希 9478ffbe5965be05…
append: e49 事件哈希 96ac31753c8aa422…
append: e50 事件哈希 5a5170a587830404…
append: e51 事件哈希 fc54a9a3269fc8c8…
append: e52 事件哈希 6421937b37ed17ff…
append: e53 事件哈希 82c725451e2b7506…
append: e54 事件哈希 bfb1335a499f02cd…
append: e55 事件哈希 7e50537833f6de7a…
append: e56 事件哈希 bf39637e5ea88826…
append: e57 事件哈希 06e2ad0b71241db0…
append: e58 事件哈希 c62f7f8431741702…
append: e59 事件哈希 9dc51ab0894bca08…
append: e60 事件哈希 1d29e934025ac53f…
append: e61 事件哈希 383e53dd0b14b49d…
append: e62 事件哈希 a91ca7c4cc87ba06…
append: e63 事件哈希 0603232489bf8f8b…
append: e64 事件哈希 eacdb9c9b99331b5…
append: e65 事件哈希 4cb6aa4518fad079…
append: e66 事件哈希 07fb215a2a7f145c…
append: e67 事件哈希 e60707b67cf18c9f…
append: e68 事件哈希 1849bc08a6701c78…
append: e69 事件哈希 7896540165b1eb5a…
append: e70 事件哈希 7889ec25530d2415…
append: e71 事件哈希 049d1b14c5608624…
append: e72 事件哈希 4578cb06e06f0b3c…
append: e73 事件哈希 6d9fd4c5dadceefe…
append: e74 事件哈希 4755a8018ff3b676…
append: e75 事件哈希 8cd6deeffb11b9bf…
append: e76 事件哈希 bf265442ca6462a4…
append: e77 事件哈希 cae3780a74378d6a…
append: e78 事件哈希 56c0c74cecbf8ca2…
append: e79 事件哈希 692352bf954f8322…
build: 生成 spec.md / 提示词速查.md / citations.md → D:\临时工作区\大审查-工作包-20260909\衔尾蛇\sandbox\x17-A0-s22（手改生成区=违例）
install: L2 + [] → D:\临时工作区\大审查-工作包-20260909\衔尾蛇\sandbox\x17-A0-s22
  交付内容体 29 个（含 {SLOT} 待填文件 11 个——按 install 指南填槽）
  待填槽文件（示例）: modules/m-core/install.md, modules/m-core/template/ROOT-README.md, modules/m-index/install.md, modules/m-index/template/knowledge/_index.md, modules/m-tools/install.md…
  Merkle 根（排除 state.json）: 28d9903a18991b77feaf47f4231a0f789872ce6237458e6376319ff964f56149
  请将此根抄录至人侧（公理E）
append: e0 事件哈希 89d2831927d1ae63…
append: e1 事件哈希 3af96412fb37a076…
append: e2 事件哈希 92fa724fb8bd2fe3…
append: e3 事件哈希 3614cf50271ed3ff…
append: e4 事件哈希 f83ecbc2b9cb2779…
append: e5 事件哈希 641d3f63428b7a24…
append: e6 事件哈希 c905e2908f77ff4d…
append: e7 事件哈希 ef28504c2cbff456…
append: e8 事件哈希 519c5ec73d21258b…
append: e9 事件哈希 47ee68b250beb464…
append: e10 事件哈希 1c2340a6c0cc36b6…
append: e11 事件哈希 c92c2c871a51b9f8…
append: e12 事件哈希 eb93ae3394c10e04…
append: e13 事件哈希 2205ab6594f75bce…
append: e14 事件哈希 f7dd4ada0382c87d…
append: e15 事件哈希 5f0986728915a979…
append: e16 事件哈希 093acba98df30799…
append: e17 事件哈希 9e2d7f50198fbae0…
append: e18 事件哈希 8844b595a8257ad2…
append: e19 事件哈希 87bc379f22740b03…
append: e20 事件哈希 dd9b58bc1585410e…
append: e21 事件哈希 62b580ee472fe9e7…
append: e22 事件哈希 c23b6e6908e46a5b…
append: e23 事件哈希 343b42cab14c6d08…
append: e24 事件哈希 b19396cc1a307477…
append: e25 事件哈希 6581db76be57a74c…
append: e26 事件哈希 4ff6285082f02a4b…
append: e27 事件哈希 7e4f069c2892f6fa…
append: e28 事件哈希 bd88cb5626e9b403…
append: e29 事件哈希 468ce83e5025b035…
append: e30 事件哈希 725db8d67cce126b…
append: e31 事件哈希 67347a67a2f62799…
append: e32 事件哈希 478c49243153359f…
append: e33 事件哈希 6e15cef5cdaa104a…
append: e34 事件哈希 e5260e6c9a984e0e…
append: e35 事件哈希 dfc39f28396a1028…
append: e36 事件哈希 c324619aa0f0230e…
append: e37 事件哈希 c3a8149e409c77f7…
append: e38 事件哈希 324f9e86297ca963…
append: e39 事件哈希 6928ce09638ed532…
append: e40 事件哈希 8ed5512c8df43371…
append: e41 事件哈希 f3ac8c497115a459…
append: e42 事件哈希 53f701f2f00eca13…
append: e43 事件哈希 017a234e7654aeb9…
append: e44 事件哈希 51b09d421fab5125…
append: e45 事件哈希 4886a9f701cfde57…
append: e46 事件哈希 20500a56d3876bff…
append: e47 事件哈希 e59d5eda4557ab4f…
append: e48 事件哈希 5503402fb3a8f826…
append: e49 事件哈希 d55930216b29df28…
append: e50 事件哈希 0f03717864797285…
append: e51 事件哈希 68e2991ab91784d7…
append: e52 事件哈希 f20dc445870e1e3d…
append: e53 事件哈希 662f377fb5c52aed…
append: e54 事件哈希 d8ed63714c22c915…
append: e55 事件哈希 d4fddf9cb8bddc60…
append: e56 事件哈希 f5569d1ffda54c73…
append: e57 事件哈希 30c46b5ad4efc238…
append: e58 事件哈希 04f4429e6666ed74…
append: e59 事件哈希 ffc7463b04267559…
append: e60 事件哈希 e77a0c3d6e0c4168…
append: e61 事件哈希 816d7fef4000360f…
append: e62 事件哈希 6078af200b1d63b0…
append: e63 事件哈希 33d78a2f95e64759…
append: e64 事件哈希 4e3de2f55e0a65e8…
append: e65 事件哈希 7281afdec33bcb45…
append: e66 事件哈希 962b91bba88419c6…
append: e67 事件哈希 6dd664b968b51f79…
append: e68 事件哈希 0efd36e744871eea…
append: e69 事件哈希 df568fcf70e531b5…
append: e70 事件哈希 30c8ca2f969315a3…
append: e71 事件哈希 528cfee556eb1592…
append: e72 事件哈希 ed401e55adcca477…
append: e73 事件哈希 468c2ef6e7f19d69…
append: e74 事件哈希 8a0627247550b47b…
append: e75 事件哈希 948a7a2de90bc11e…
append: e76 事件哈希 1e4dacd632623aa8…
append: e77 事件哈希 715ad06b1ea322cb…
append: e78 事件哈希 14d0bb17678625b6…
append: e79 事件哈希 a621a5ef1fecbdc6…
build: 生成 spec.md / 提示词速查.md / citations.md → D:\临时工作区\大审查-工作包-20260909\衔尾蛇\sandbox\x17-A0-s23（手改生成区=违例）
install: L2 + [] → D:\临时工作区\大审查-工作包-20260909\衔尾蛇\sandbox\x17-A0-s23
  交付内容体 29 个（含 {SLOT} 待填文件 11 个——按 install 指南填槽）
  待填槽文件（示例）: modules/m-core/install.md, modules/m-core/template/ROOT-README.md, modules/m-index/install.md, modules/m-index/template/knowledge/_index.md, modules/m-tools/install.md…
  Merkle 根（排除 state.json）: 5f776db75ee24ac9e7c120a0dea49e20769c1c1344d386a2427934389a07db6a
  请将此根抄录至人侧（公理E）
append: e0 事件哈希 89d2831927d1ae63…
append: e1 事件哈希 31533129e4881262…
append: e2 事件哈希 c67d1737cb0dad4c…
append: e3 事件哈希 1e135be58c1e9c18…
append: e4 事件哈希 6d2c96e4e7bf0296…
append: e5 事件哈希 14dade9ca05672a8…
append: e6 事件哈希 f9a5cfa27d420827…
append: e7 事件哈希 2afb7abf4cf3c49f…
append: e8 事件哈希 dc8c8a9b14c8ae7b…
append: e9 事件哈希 67b0c150143c4f38…
append: e10 事件哈希 ff296e975ccfe673…
append: e11 事件哈希 81f11f2155d6e3fa…
append: e12 事件哈希 3a1cc5e6a009b417…
append: e13 事件哈希 aaf7bf7f0561f1aa…
append: e14 事件哈希 76b300913ca261c0…
append: e15 事件哈希 bc1ef89a12c87f96…
append: e16 事件哈希 3655dde082d76014…
append: e17 事件哈希 87c180ae16893406…
append: e18 事件哈希 db84fec2b9cac0a5…
append: e19 事件哈希 db1b041dcdebf7ef…
append: e20 事件哈希 879d16c8e75dd0ad…
append: e21 事件哈希 8d9e57a45958b7db…
append: e22 事件哈希 84e8e4bd1cc6e0d1…
append: e23 事件哈希 69270c175cc34026…
append: e24 事件哈希 5b99dbc58fb002d3…
append: e25 事件哈希 030d87196aa74eec…
append: e26 事件哈希 785f05402831ae1c…
append: e27 事件哈希 f46060f1a4d47912…
append: e28 事件哈希 e9610d1271d9d96b…
append: e29 事件哈希 4d9e0f58e4aeb012…
append: e30 事件哈希 37f5b9b44ce17800…
append: e31 事件哈希 28c7e4f2f4c13b22…
append: e32 事件哈希 1320cd2ae0ee25bf…
append: e33 事件哈希 e43e75fd877517e3…
append: e34 事件哈希 2fe3584e5f868610…
append: e35 事件哈希 9b5c91ce1ea2b406…
append: e36 事件哈希 1d6c0d702e2d3c13…
append: e37 事件哈希 2d81da9dfdd1ecbc…
append: e38 事件哈希 9f7272d72b6d3e3d…
append: e39 事件哈希 2aac04a7aff1051c…
append: e40 事件哈希 30f98ddcfafbbf47…
append: e41 事件哈希 635feaef8131a741…
append: e42 事件哈希 66ee8ea2691d27eb…
append: e43 事件哈希 24aeb81cdbc4e51c…
append: e44 事件哈希 328facc27f77a7e1…
append: e45 事件哈希 9057cf25926193bf…
append: e46 事件哈希 3c21c93618f4bed5…
append: e47 事件哈希 5f731f027abb9c3d…
append: e48 事件哈希 d01d5fb642168fd5…
append: e49 事件哈希 01d13ade078b80ad…
append: e50 事件哈希 c43f3d1d190364ca…
append: e51 事件哈希 4ed95acc19cb2cab…
append: e52 事件哈希 e3d4cfd32f0ce288…
append: e53 事件哈希 db6fd4bebc10764d…
append: e54 事件哈希 7b2239095e934317…
append: e55 事件哈希 d99925f5d678b192…
append: e56 事件哈希 3b79a9eecbcfe622…
append: e57 事件哈希 7331c3f9b7f12916…
append: e58 事件哈希 dec84a3e1bd97268…
append: e59 事件哈希 29f4c16a74d90a69…
append: e60 事件哈希 5c8c72dbf722a508…
append: e61 事件哈希 b67d5cb7fe59ed36…
append: e62 事件哈希 00fef5ec66dceec9…
append: e63 事件哈希 dcd49768ffbe8a52…
append: e64 事件哈希 c48bf0421e2a1624…
append: e65 事件哈希 47b324dd7306fea7…
append: e66 事件哈希 dad7c66948ed9c0d…
append: e67 事件哈希 f8c4f6f2593a65c3…
append: e68 事件哈希 bcd671326f8799c1…
append: e69 事件哈希 0c8dbb18c8c14227…
append: e70 事件哈希 c66d86df3d4988fc…
append: e71 事件哈希 c1a1b8e969924073…
append: e72 事件哈希 d2930021b21ca4dc…
append: e73 事件哈希 50a5c8d1c7f00ec5…
append: e74 事件哈希 ce41b875aef32e88…
append: e75 事件哈希 98261a71e11124dc…
append: e76 事件哈希 c64a891886008ada…
append: e77 事件哈希 56a348a51906d181…
append: e78 事件哈希 baa98fd63815c839…
append: e79 事件哈希 271cd29dd5de2c78…
build: 生成 spec.md / 提示词速查.md / citations.md → D:\临时工作区\大审查-工作包-20260909\衔尾蛇\sandbox\x17-A0-s24（手改生成区=违例）
install: L2 + [] → D:\临时工作区\大审查-工作包-20260909\衔尾蛇\sandbox\x17-A0-s24
  交付内容体 29 个（含 {SLOT} 待填文件 11 个——按 install 指南填槽）
  待填槽文件（示例）: modules/m-core/install.md, modules/m-core/template/ROOT-README.md, modules/m-index/install.md, modules/m-index/template/knowledge/_index.md, modules/m-tools/install.md…
  Merkle 根（排除 state.json）: 0d1aa9bff3a41d731be1dcb5f6c136721cfbba6508f9694543f7f6baece81d96
  请将此根抄录至人侧（公理E）
append: e0 事件哈希 aa6cb4371edac1b5…
append: e1 事件哈希 c18cfad4c15f8340…
append: e2 事件哈希 aaa4cd6b4967640a…
append: e3 事件哈希 20d5c7f471067b22…
append: e4 事件哈希 81ab854a1dd3a430…
append: e5 事件哈希 707cdad842a3dbfc…
append: e6 事件哈希 4c8749c914884c9f…
append: e7 事件哈希 0e24406e39c72d93…
append: e8 事件哈希 5849c07f3df29f97…
append: e9 事件哈希 c821c64241004794…
append: e10 事件哈希 28cba30203d5c7a1…
append: e11 事件哈希 94846295d08cb7d6…
append: e12 事件哈希 9ba4992958a380e7…
append: e13 事件哈希 d6c824f90deeaa8f…
append: e14 事件哈希 d796180244295ebc…
append: e15 事件哈希 cca2ef8bc288ce35…
append: e16 事件哈希 10c6b98c6a60c4ae…
append: e17 事件哈希 80ae9157bfbf9d95…
append: e18 事件哈希 23b715c327a50821…
append: e19 事件哈希 8ab2a989c75df830…
append: e20 事件哈希 387e8d79733a03c6…
append: e21 事件哈希 d17b0793105480f7…
append: e22 事件哈希 a9870f469b1f5db6…
append: e23 事件哈希 f1699d1c2b02baa5…
append: e24 事件哈希 8bcaacb1947217ac…
append: e25 事件哈希 2f51243182b9bc8e…
append: e26 事件哈希 bf7176a5d28cc2e1…
append: e27 事件哈希 d9a94d179ab32856…
append: e28 事件哈希 889ac8754c9c924e…
append: e29 事件哈希 149e588a0dbc953f…
append: e30 事件哈希 319adef3be97ddf2…
append: e31 事件哈希 dbdcc2ca0c1e5de1…
append: e32 事件哈希 1ed4d5c1d175ea72…
append: e33 事件哈希 6ecf002e48cde892…
append: e34 事件哈希 77bacec73410c77e…
append: e35 事件哈希 f41942dfe88b5fae…
append: e36 事件哈希 5d1aee74d7931457…
append: e37 事件哈希 3a01b3e00638fb84…
append: e38 事件哈希 cf1a7382304db9e5…
append: e39 事件哈希 05b47df9a761a8d9…
append: e40 事件哈希 fc57d4382f069ef0…
append: e41 事件哈希 3ebc2430d5f6738c…
append: e42 事件哈希 a4328d392e2fd4ab…
append: e43 事件哈希 246bd0915420e036…
append: e44 事件哈希 3ec714f9a27c4bee…
append: e45 事件哈希 a63e1c1ebf3945ba…
append: e46 事件哈希 e3b65d782caf2c0a…
append: e47 事件哈希 d495b12bbcabf905…
append: e48 事件哈希 0e36a32101fab3f4…
append: e49 事件哈希 ad51ba690b1433ca…
append: e50 事件哈希 359930714fe0c9a1…
append: e51 事件哈希 f2f8a579675515e0…
append: e52 事件哈希 25a61ea6237814f8…
append: e53 事件哈希 03018f80ae9dcca4…
append: e54 事件哈希 086def9ec17b7261…
append: e55 事件哈希 835a20e09aa95ded…
append: e56 事件哈希 b3707f3bdd05757c…
append: e57 事件哈希 c1bffbe7e805e406…
append: e58 事件哈希 86f02cf9fcb2caa8…
append: e59 事件哈希 6ee98f750d187318…
append: e60 事件哈希 f82e5a3d029bb7d4…
append: e61 事件哈希 97b53d6f8d39e9d7…
append: e62 事件哈希 75be068fd784fbbc…
append: e63 事件哈希 0ead8958cc9230d2…
append: e64 事件哈希 22b87e7c3c14d34f…
append: e65 事件哈希 0425b9cd7b99b497…
append: e66 事件哈希 f86a69556be48b50…
append: e67 事件哈希 9f84e495cf81a98c…
append: e68 事件哈希 913897c77232c135…
append: e69 事件哈希 28b6b5a78d9647c5…
append: e70 事件哈希 b4b66fd7a3553b95…
append: e71 事件哈希 5a07bc700dd0c906…
append: e72 事件哈希 23a0c0618ff7a782…
append: e73 事件哈希 c7d62d826a1f88d7…
append: e74 事件哈希 70fc63c8e3d9857b…
append: e75 事件哈希 b91fe32b7223f052…
append: e76 事件哈希 a92d4c716d83e1ba…
append: e77 事件哈希 b6796e2ec82f48fb…
append: e78 事件哈希 5691f6380bd472e6…
append: e79 事件哈希 f442688f6079757f…
[A0] recall均值=1.0 受伤=0/24 doctor异常=0
build: 生成 spec.md / 提示词速查.md / citations.md → D:\临时工作区\大审查-工作包-20260909\衔尾蛇\sandbox\x17-A1-s1（手改生成区=违例）
install: L2 + [] → D:\临时工作区\大审查-工作包-20260909\衔尾蛇\sandbox\x17-A1-s1
  交付内容体 29 个（含 {SLOT} 待填文件 11 个——按 install 指南填槽）
  待填槽文件（示例）: modules/m-core/install.md, modules/m-core/template/ROOT-README.md, modules/m-index/install.md, modules/m-index/template/knowledge/_index.md, modules/m-tools/install.md…
  Merkle 根（排除 state.json）: 4c832c45280782ec0572425cf998df90d4cf741ae89ca2b736742882fc6e6e04
  请将此根抄录至人侧（公理E）
append: e0 事件哈希 aa6cb4371edac1b5…
append: e1 事件哈希 c18cfad4c15f8340…
append: e2 事件哈希 aaa4cd6b4967640a…
append: e3 事件哈希 ddaccf7664604fe0…
append: e4 事件哈希 aab3a730918d3363…
append: e5 事件哈希 f99b753182ec3889…
append: e6 事件哈希 19c647d0cccb40ff…
append: e7 事件哈希 02f02949174227cb…
append: e8 事件哈希 a518ae3f9cb97f5c…
append: e9 事件哈希 c1f1f22ea869744d…
append: e10 事件哈希 91b754ccbf2c2a3b…
append: e11 事件哈希 97eeca2378d4686a…
append: e12 事件哈希 288074c498a9fd65…
append: e13 事件哈希 de380b523ee547b0…
append: e14 事件哈希 1532df26f1239c94…
append: e15 事件哈希 fb1fbd01e6e767b5…
append: e16 事件哈希 df0b17ffdc51ba27…
append: e17 事件哈希 0262f69076755601…
append: e18 事件哈希 ca8515502585e259…
append: e19 事件哈希 b7d386e224e23a7c…
append: e20 事件哈希 3fc2b08a1a9cd114…
append: e21 事件哈希 850ad937a21a7e1e…
append: e22 事件哈希 16c88a58fc5ee021…
append: e23 事件哈希 ea91f99a95503568…
append: e24 事件哈希 15f9d2bb38c12969…
append: e25 事件哈希 d1138f0b5234c5d4…
append: e26 事件哈希 c2f08ddb8b4f3fd6…
append: e27 事件哈希 e94bf4b5060701a6…
append: e28 事件哈希 629107abda97164b…
append: e29 事件哈希 91ad18203efa0703…
append: e30 事件哈希 92326b974b12ed90…
append: e31 事件哈希 a8ca06e03e00c14c…
append: e32 事件哈希 824f2db961a5627a…
append: e33 事件哈希 c881112a572b48b3…
append: e34 事件哈希 be871a34a8b012e3…
append: e35 事件哈希 a77a3436d279ebce…
append: e36 事件哈希 b996fcc1a6f5bb08…
append: e37 事件哈希 0f89de9363d1c34a…
append: e38 事件哈希 afc619d6731ed47a…
append: e39 事件哈希 200aec7b8c7887d0…
append: e40 事件哈希 6e94c90ce79c94cb…
append: e41 事件哈希 484401adf5717210…
append: e42 事件哈希 8c1b5339e9f295f2…
append: e43 事件哈希 6ffe95edd183d68c…
append: e44 事件哈希 b24ddf3c2e3a2889…
append: e45 事件哈希 9b9247979a643542…
append: e46 事件哈希 c1ac493bc4aed0e3…
append: e47 事件哈希 e746c1245cb8385e…
append: e48 事件哈希 2615cb3fa9079df0…
append: e49 事件哈希 5d21835145206d1e…
append: e50 事件哈希 6d0c03ea9f1d2671…
append: e51 事件哈希 ec2961c4cca5765f…
append: e52 事件哈希 2d60e72f9435b612…
append: e53 事件哈希 fc29e9170a1a8717…
append: e54 事件哈希 3714eddeb342ac21…
append: e55 事件哈希 d6e730b5ddbef031…
append: e56 事件哈希 61fe41fd2351cb24…
append: e57 事件哈希 3891033631c34132…
append: e58 事件哈希 334803574fc6120e…
append: e59 事件哈希 bb4f3a2014ee8402…
append: e60 事件哈希 9ba3b21a4a5d8c94…
append: e61 事件哈希 254e09e79d487706…
append: e62 事件哈希 ffbd124e4076408a…
append: e63 事件哈希 f6980fa5942bb188…
append: e64 事件哈希 88f08da46abb1763…
append: e65 事件哈希 9beb835a955eee74…
append: e66 事件哈希 e5d1977bc6138d4e…
append: e67 事件哈希 7fad09143e88bd8b…
append: e68 事件哈希 bf6b94ed2bf44779…
append: e69 事件哈希 3beda583ebcfaef9…
append: e70 事件哈希 84cad9833e2a3961…
append: e71 事件哈希 1cc24c123e045603…
append: e72 事件哈希 84b6247477a7f251…
append: e73 事件哈希 c7547a471fc8e373…
append: e74 事件哈希 8d6fe8e08733427c…
append: e75 事件哈希 ea1d7e2b33b76e13…
append: e76 事件哈希 86b0143d00c0b15f…
append: e77 事件哈希 32d621831c5b3198…
append: e78 事件哈希 f7b9b61b0d68cd2a…
append: e79 事件哈希 c8eb04ae2ee83972…
build: 生成 spec.md / 提示词速查.md / citations.md → D:\临时工作区\大审查-工作包-20260909\衔尾蛇\sandbox\x17-A1-s2（手改生成区=违例）
install: L2 + [] → D:\临时工作区\大审查-工作包-20260909\衔尾蛇\sandbox\x17-A1-s2
  交付内容体 29 个（含 {SLOT} 待填文件 11 个——按 install 指南填槽）
  待填槽文件（示例）: modules/m-core/install.md, modules/m-core/template/ROOT-README.md, modules/m-index/install.md, modules/m-index/template/knowledge/_index.md, modules/m-tools/install.md…
  Merkle 根（排除 state.json）: b09893a24a4aa1c1c5c0e2b22f3984413367ecb026441103d0a8210116bd0506
  请将此根抄录至人侧（公理E）
append: e0 事件哈希 89d2831927d1ae63…
append: e1 事件哈希 31533129e4881262…
append: e2 事件哈希 c67d1737cb0dad4c…
append: e3 事件哈希 1e135be58c1e9c18…
append: e4 事件哈希 bbee30ebc21d6cd0…
append: e5 事件哈希 7c6a2feb9983ba96…
append: e6 事件哈希 b992ebbbe659c718…
append: e7 事件哈希 b0df202dab40ab10…
append: e8 事件哈希 40cac6f0f3df5d05…
append: e9 事件哈希 060ca45d1f9a6781…
append: e10 事件哈希 da3b7188b8609621…
append: e11 事件哈希 49e42819741b009e…
append: e12 事件哈希 83b03d8746745303…
append: e13 事件哈希 34e4879d498f6ef8…
append: e14 事件哈希 1656443f64aa9d01…
append: e15 事件哈希 6ef04a18048b5665…
append: e16 事件哈希 c1b58469f72ef15e…
append: e17 事件哈希 4a177305996d2ca8…
append: e18 事件哈希 d3080c4978b711ce…
append: e19 事件哈希 9bd15872846bf7b1…
append: e20 事件哈希 715f7cc626212c82…
append: e21 事件哈希 874014394e8b3fc7…
append: e22 事件哈希 be2ad484a3c07a39…
append: e23 事件哈希 57a93ae3c41b4a9b…
append: e24 事件哈希 981478df83dda1cc…
append: e25 事件哈希 5ea0ce43d0f0e639…
append: e26 事件哈希 2b72686a2004e251…
append: e27 事件哈希 340182df68af4ea2…
append: e28 事件哈希 0e611c0467b91cd6…
append: e29 事件哈希 5bab0ac5a531fa44…
append: e30 事件哈希 eaef7cac60c88a14…
append: e31 事件哈希 2021c45c0539aa2a…
append: e32 事件哈希 53516beb45b5d516…
append: e33 事件哈希 36b9fdb06b0ceba2…
append: e34 事件哈希 7928e863cb88ed6d…
append: e35 事件哈希 3cf31e2a13b25500…
append: e36 事件哈希 b243fd36b8698c68…
append: e37 事件哈希 585c665416cd9d3e…
append: e38 事件哈希 e3866d9bbf938fff…
append: e39 事件哈希 43b5c4e66bcc4ef8…
append: e40 事件哈希 d8a7ac3df89c4a80…
append: e41 事件哈希 75fe1610bdfc2372…
append: e42 事件哈希 2b7276fe909078aa…
append: e43 事件哈希 788ce4298addeca2…
append: e44 事件哈希 e20622de2b8deb39…
append: e45 事件哈希 f5d995d00facad61…
append: e46 事件哈希 49fe1d7aee4fe352…
append: e47 事件哈希 9ad536759d6107a7…
append: e48 事件哈希 67f598390b42ab2e…
append: e49 事件哈希 2558d2d22f6eee97…
append: e50 事件哈希 c6a93b447c38f30d…
append: e51 事件哈希 c15dd8dfccba25d4…
append: e52 事件哈希 d38fabbb775e3851…
append: e53 事件哈希 e01ba7bfc1a5b4b8…
append: e54 事件哈希 f9b2ca1f011b50aa…
append: e55 事件哈希 bc141bc707e98103…
append: e56 事件哈希 cb9235f6f3a15804…
append: e57 事件哈希 a78ec3f8cf4d6932…
append: e58 事件哈希 d512adfd3f2d1102…
append: e59 事件哈希 827558134025667f…
append: e60 事件哈希 042782de3b63da42…
append: e61 事件哈希 31bf1860f7ff1fad…
append: e62 事件哈希 7e4eb02c03c3677a…
append: e63 事件哈希 f82e8ee281aa6903…
append: e64 事件哈希 d55f04de5bfaf18e…
append: e65 事件哈希 5913a47ae1c51395…
append: e66 事件哈希 1c6ede8ef1788c61…
append: e67 事件哈希 a03370f9bc3dd198…
append: e68 事件哈希 6fc18ace70c92a58…
append: e69 事件哈希 ef3b36d04caa804a…
append: e70 事件哈希 1cffde599fad3dbe…
append: e71 事件哈希 d17b900586d7807d…
append: e72 事件哈希 b7dfb99d426ff5aa…
append: e73 事件哈希 4b7129ec5f7370d9…
append: e74 事件哈希 8c9dcaeb9f22347a…
append: e75 事件哈希 411e7aafe076aa73…
append: e76 事件哈希 04e71541017fd7ef…
append: e77 事件哈希 0746ed0215b4caa7…
append: e78 事件哈希 9e8c4e6ba2fc369c…
append: e79 事件哈希 797eca984f4d550c…
build: 生成 spec.md / 提示词速查.md / citations.md → D:\临时工作区\大审查-工作包-20260909\衔尾蛇\sandbox\x17-A1-s3（手改生成区=违例）
install: L2 + [] → D:\临时工作区\大审查-工作包-20260909\衔尾蛇\sandbox\x17-A1-s3
  交付内容体 29 个（含 {SLOT} 待填文件 11 个——按 install 指南填槽）
  待填槽文件（示例）: modules/m-core/install.md, modules/m-core/template/ROOT-README.md, modules/m-index/install.md, modules/m-index/template/knowledge/_index.md, modules/m-tools/install.md…
  Merkle 根（排除 state.json）: 001e733bb40eca73f8028e3ba3ccfece447306f6b57ca77d128d1b2c562dd757
  请将此根抄录至人侧（公理E）
append: e0 事件哈希 aa6cb4371edac1b5…
append: e1 事件哈希 c18cfad4c15f8340…
append: e2 事件哈希 9c284f17d2926f25…
append: e3 事件哈希 2abd4eab15e70ace…
append: e4 事件哈希 794acb7afccdd0ca…
append: e5 事件哈希 5a1176b61c5db1ac…
append: e6 事件哈希 b15b550a281a3882…
append: e7 事件哈希 56e093f46ccf20e6…
append: e8 事件哈希 96cfec16c94964c7…
append: e9 事件哈希 6b486cac4bdce2ab…
append: e10 事件哈希 ee51fe9092d5dceb…
append: e11 事件哈希 bbfd1db1c15fcb68…
append: e12 事件哈希 36fc843e5e79b54a…
append: e13 事件哈希 0c7f21109f179f59…
append: e14 事件哈希 5903e29c2122de59…
append: e15 事件哈希 16e1172d6ed19223…
append: e16 事件哈希 466fbd41893955e9…
append: e17 事件哈希 baa36e24060f3f11…
append: e18 事件哈希 2ff7ad0f002b6b51…
append: e19 事件哈希 b984f5fd021fdaba…
append: e20 事件哈希 1206e3cbb714cef9…
append: e21 事件哈希 297a1d6f22c82adf…
append: e22 事件哈希 a8454a15871bb276…
append: e23 事件哈希 cc2bfc816d2101c1…
append: e24 事件哈希 2f90546f2976b5f1…
append: e25 事件哈希 2814d5da87f58737…
append: e26 事件哈希 f43b45e7136c309c…
append: e27 事件哈希 1c49d22d7355b0f7…
append: e28 事件哈希 5bd60d6697b5c062…
append: e29 事件哈希 5a30796024468d74…
append: e30 事件哈希 827c6823c8d0ec28…
append: e31 事件哈希 3c71e6c3091241e0…
append: e32 事件哈希 9fdf244c81b04ec1…
append: e33 事件哈希 b51321c3f94d53fb…
append: e34 事件哈希 09ce5bdfc032172e…
append: e35 事件哈希 798acca39f9ea2e8…
append: e36 事件哈希 2a3f2faa1e9528a2…
append: e37 事件哈希 31f85a051b8cedae…
append: e38 事件哈希 33b88ffd3198689d…
append: e39 事件哈希 725f0de647be9ff3…
append: e40 事件哈希 823229d22816b1ab…
append: e41 事件哈希 fe68722bf99ca93e…
append: e42 事件哈希 f64b31a44a030f68…
append: e43 事件哈希 bcbdb378111396c6…
append: e44 事件哈希 1248e1560078b9d9…
append: e45 事件哈希 414e63e5c706ce0d…
append: e46 事件哈希 c77c12592933efb5…
append: e47 事件哈希 5bab746f4968de3b…
append: e48 事件哈希 b8135a1c64a59337…
append: e49 事件哈希 2b76e6b0e955b8b6…
append: e50 事件哈希 c3754f93ae60ba53…
append: e51 事件哈希 5f2145240d842403…
append: e52 事件哈希 1b1239c5fe915e4f…
append: e53 事件哈希 35aca024eb7f649a…
append: e54 事件哈希 b647f188f08fab46…
append: e55 事件哈希 50411a934629e665…
append: e56 事件哈希 2f12f6ce437a90f5…
append: e57 事件哈希 36fe5101ca468fda…
append: e58 事件哈希 32c0b9f83bdd8b40…
append: e59 事件哈希 29c973ec5f125e70…
append: e60 事件哈希 ec6b3bcef0760178…
append: e61 事件哈希 0e1968a80922b32c…
append: e62 事件哈希 abe70b20bfa490c7…
append: e63 事件哈希 e5ded66a97351788…
append: e64 事件哈希 ef152906d48c2c91…
append: e65 事件哈希 3253a482791c3f4e…
append: e66 事件哈希 fc213723a7270dd4…
append: e67 事件哈希 aae137e4e2ea4da2…
append: e68 事件哈希 34a6cf852b8d8b0f…
append: e69 事件哈希 0982ab9962a1df44…
append: e70 事件哈希 4612f93d12094aa2…
append: e71 事件哈希 a3ecf5bebdb028fe…
append: e72 事件哈希 2129bde9afdb5bde…
append: e73 事件哈希 e6d215bd406791be…
append: e74 事件哈希 3894023180b9f4bb…
append: e75 事件哈希 299123b887ae7231…
append: e76 事件哈希 7f09fd3a0dc6c481…
append: e77 事件哈希 c84a3ac322c0ce61…
append: e78 事件哈希 40da4a618d16288f…
append: e79 事件哈希 4121ca451043720e…
build: 生成 spec.md / 提示词速查.md / citations.md → D:\临时工作区\大审查-工作包-20260909\衔尾蛇\sandbox\x17-A1-s4（手改生成区=违例）
install: L2 + [] → D:\临时工作区\大审查-工作包-20260909\衔尾蛇\sandbox\x17-A1-s4
  交付内容体 29 个（含 {SLOT} 待填文件 11 个——按 install 指南填槽）
  待填槽文件（示例）: modules/m-core/install.md, modules/m-core/template/ROOT-README.md, modules/m-index/install.md, modules/m-index/template/knowledge/_index.md, modules/m-tools/install.md…
  Merkle 根（排除 state.json）: 9b6084d0f3d1e4ef2adbd16a7984f6e7dadfc0f3b07a2d5c1f789824c11e56af
  请将此根抄录至人侧（公理E）
append: e0 事件哈希 89d2831927d1ae63…
append: e1 事件哈希 3af96412fb37a076…
append: e2 事件哈希 92fa724fb8bd2fe3…
append: e3 事件哈希 3614cf50271ed3ff…
append: e4 事件哈希 77bc3397ac36f0a7…
append: e5 事件哈希 a840bd0a2342724c…
append: e6 事件哈希 ba53d8d42984c41b…
append: e7 事件哈希 c2e88ab8d88a09b5…
append: e8 事件哈希 3a55ab07adc65ea5…
append: e9 事件哈希 5e7a663ea20da340…
append: e10 事件哈希 8701fb590c0f3bf2…
append: e11 事件哈希 88c3e1e646a271c7…
append: e12 事件哈希 b01fd7a26be2001d…
append: e13 事件哈希 ac6fc261be75b4ef…
append: e14 事件哈希 624b56616bea96e9…
append: e15 事件哈希 0ae60e0968684b70…
append: e16 事件哈希 03dfc8087e178742…
append: e17 事件哈希 5132c43b76e8bec9…
append: e18 事件哈希 5bdcac16c418f8f5…
append: e19 事件哈希 01df355c7d05dfa3…
append: e20 事件哈希 cc25219511c918ef…
append: e21 事件哈希 668b4c37ea37fbc3…
append: e22 事件哈希 d1d0f17a841b0b9c…
append: e23 事件哈希 c6b5a8be1de431c4…
append: e24 事件哈希 2d7f968a0e1fd9db…
append: e25 事件哈希 a9fdf9262410dd73…
append: e26 事件哈希 92efdc728f55519f…
append: e27 事件哈希 b090e6de8254c46e…
append: e28 事件哈希 51156dee5399df15…
append: e29 事件哈希 e37ac08fbd6cc11d…
append: e30 事件哈希 abb448e49d2492dd…
append: e31 事件哈希 b2e446ff0f4c6db2…
append: e32 事件哈希 b3443593b3b145a3…
append: e33 事件哈希 551516cda96fc306…
append: e34 事件哈希 9aa43e54abe6383f…
append: e35 事件哈希 67f837d4ad6e6676…
append: e36 事件哈希 db11048beca6eda7…
append: e37 事件哈希 1bfde85b3d8df5a0…
append: e38 事件哈希 76f3cd071bacca1d…
append: e39 事件哈希 f13a530a7f0e7534…
append: e40 事件哈希 abbfda20798ce5b0…
append: e41 事件哈希 10e637e6610fc618…
append: e42 事件哈希 a46d55037d5b554c…
append: e43 事件哈希 b9f2711aa2ebbfbd…
append: e44 事件哈希 b995cdd7acba5dc7…
append: e45 事件哈希 61302478aff01868…
append: e46 事件哈希 0d1678357a0f6bb6…
append: e47 事件哈希 434b8dc1d912106c…
append: e48 事件哈希 6217b952ffe8c01a…
append: e49 事件哈希 ab714f2bc044a3f2…
append: e50 事件哈希 883037e777542d05…
append: e51 事件哈希 98894d501c74728f…
append: e52 事件哈希 9d86d2e6e64ead0c…
append: e53 事件哈希 c199f6ca2c4974d7…
append: e54 事件哈希 1b1f4bebaf46bae6…
append: e55 事件哈希 89567e5e25a6ec40…
append: e56 事件哈希 3a67ffb179beb5f2…
append: e57 事件哈希 fb2a52645614d924…
append: e58 事件哈希 60f2be9bdacf1fea…
append: e59 事件哈希 b34a40f1f4378c80…
append: e60 事件哈希 725116a6b82a489e…
append: e61 事件哈希 14129a430a6b5a01…
append: e62 事件哈希 80fd4a503baa2ce1…
append: e63 事件哈希 41de65919b9e49ff…
append: e64 事件哈希 bd56083f18cce3ba…
append: e65 事件哈希 b393eceed4409a3f…
append: e66 事件哈希 014f4107dd9c9f20…
append: e67 事件哈希 99da741ee164284c…
append: e68 事件哈希 3b63bd69664c3b9a…
append: e69 事件哈希 b3970c88d461ca0f…
append: e70 事件哈希 4d6f8a3c45714abc…
append: e71 事件哈希 47a9aa3afa79a248…
append: e72 事件哈希 ef15b5c05cabbe4a…
append: e73 事件哈希 56022a5a8e1d489b…
append: e74 事件哈希 599ee5d3d4a24a1c…
append: e75 事件哈希 b12c3570f8d646f0…
append: e76 事件哈希 5dcc6f3f3807af11…
append: e77 事件哈希 4b5df1d06d0dc3a4…
append: e78 事件哈希 fa70af68c14f0e0c…
append: e79 事件哈希 6a99d33380f83bdd…
build: 生成 spec.md / 提示词速查.md / citations.md → D:\临时工作区\大审查-工作包-20260909\衔尾蛇\sandbox\x17-A1-s5（手改生成区=违例）
install: L2 + [] → D:\临时工作区\大审查-工作包-20260909\衔尾蛇\sandbox\x17-A1-s5
  交付内容体 29 个（含 {SLOT} 待填文件 11 个——按 install 指南填槽）
  待填槽文件（示例）: modules/m-core/install.md, modules/m-core/template/ROOT-README.md, modules/m-index/install.md, modules/m-index/template/knowledge/_index.md, modules/m-tools/install.md…
  Merkle 根（排除 state.json）: 7303a955d674abf8acffc167b9cd60141f2afe9c854aa37440d38d5e26823dd6
  请将此根抄录至人侧（公理E）
append: e0 事件哈希 89d2831927d1ae63…
append: e1 事件哈希 31533129e4881262…
append: e2 事件哈希 9bd4eaaa2343b73e…
append: e3 事件哈希 f085e42b6a273b33…
append: e4 事件哈希 10ab689942361797…
append: e5 事件哈希 3e9c1563bccbcdcc…
append: e6 事件哈希 6f278e1c37d8e319…
append: e7 事件哈希 fb7cdf877e895993…
append: e8 事件哈希 c60db8cdf712cdf8…
append: e9 事件哈希 ecf5da20a8ec18dd…
append: e10 事件哈希 469c154497e89f4c…
append: e11 事件哈希 618bd1e5f3b1b3ac…
append: e12 事件哈希 3302e0f333629652…
append: e13 事件哈希 d7d6b0125d4b3676…
append: e14 事件哈希 71805e3dd08d3341…
append: e15 事件哈希 587cc18d8d4c0431…
append: e16 事件哈希 e61db93802983395…
append: e17 事件哈希 47145f9218dce45d…
append: e18 事件哈希 9ea8a230e6ea68ea…
append: e19 事件哈希 9ae805b856c58c70…
append: e20 事件哈希 8ebcda83a9d25eb0…
append: e21 事件哈希 abc392febdc66a5f…
append: e22 事件哈希 992bad668d106faf…
append: e23 事件哈希 cadabee1f793131d…
append: e24 事件哈希 c9852babdaef09f8…
append: e25 事件哈希 dedc4f69d587c01b…
append: e26 事件哈希 ba1e62a038445166…
append: e27 事件哈希 d64d78676f498d3e…
append: e28 事件哈希 690c20238f64aca0…
append: e29 事件哈希 9b35d72d8903674c…
append: e30 事件哈希 8d45c492e75ae8e5…
append: e31 事件哈希 e2593f019d785e52…
append: e32 事件哈希 adbc585a8416b4cf…
append: e33 事件哈希 71520ab0a1942f06…
append: e34 事件哈希 fb21f744805124bb…
append: e35 事件哈希 5dc76ecfa3f9724c…
append: e36 事件哈希 6e4345ebcda20736…
append: e37 事件哈希 92e7db633eb30908…
append: e38 事件哈希 50e775d1b23394f5…
append: e39 事件哈希 44a3055233959338…
append: e40 事件哈希 1db206ead2f0f09a…
append: e41 事件哈希 92caebe002e27384…
append: e42 事件哈希 e06197491e336c6b…
append: e43 事件哈希 9eb66eca560d0643…
append: e44 事件哈希 f42e6204397222ed…
append: e45 事件哈希 25a622a8394c7f36…
append: e46 事件哈希 a2e2c9f5dbf2e32a…
append: e47 事件哈希 406f4eaea6b110a2…
append: e48 事件哈希 7e90512a5f47ee13…
append: e49 事件哈希 804099ceccf1fd76…
append: e50 事件哈希 65e684df687c9f43…
append: e51 事件哈希 6a5613384272e269…
append: e52 事件哈希 4d6c0d9d6db3d21a…
append: e53 事件哈希 8b51e35635acc212…
append: e54 事件哈希 a7c0f5de54ea38d8…
append: e55 事件哈希 966de9e22ef361ac…
append: e56 事件哈希 6485c65ef01086c7…
append: e57 事件哈希 fca23e438cc83a3e…
append: e58 事件哈希 121dde89122040f4…
append: e59 事件哈希 b97568effbb8d0c2…
append: e60 事件哈希 aff9a50a711fc0cf…
append: e61 事件哈希 c1526aa8762f5c83…
append: e62 事件哈希 72ee7e7e81a091f1…
append: e63 事件哈希 f6e6c2eeee179d5b…
append: e64 事件哈希 44e052d99fb57575…
append: e65 事件哈希 cd27a546cff175fa…
append: e66 事件哈希 ee9b7ddbabbd9c65…
append: e67 事件哈希 a057563be8d22298…
append: e68 事件哈希 72baf8d71b7e6f44…
append: e69 事件哈希 93c481154f9beb0f…
append: e70 事件哈希 793ba14495a4952c…
append: e71 事件哈希 f69dc3fcce13df84…
append: e72 事件哈希 92ebd37c4cf46aa0…
append: e73 事件哈希 6609dc6dc4cec3b0…
append: e74 事件哈希 4c9e0ac575d092a0…
append: e75 事件哈希 af1794b7f0f092c7…
append: e76 事件哈希 d528be6465424191…
append: e77 事件哈希 1b037bee550995ab…
append: e78 事件哈希 55398646d8dd4b26…
append: e79 事件哈希 abb16b0bdc2b0701…
build: 生成 spec.md / 提示词速查.md / citations.md → D:\临时工作区\大审查-工作包-20260909\衔尾蛇\sandbox\x17-A1-s6（手改生成区=违例）
install: L2 + [] → D:\临时工作区\大审查-工作包-20260909\衔尾蛇\sandbox\x17-A1-s6
  交付内容体 29 个（含 {SLOT} 待填文件 11 个——按 install 指南填槽）
  待填槽文件（示例）: modules/m-core/install.md, modules/m-core/template/ROOT-README.md, modules/m-index/install.md, modules/m-index/template/knowledge/_index.md, modules/m-tools/install.md…
  Merkle 根（排除 state.json）: 2091a3c2d69731b9324b35e7a53adb7310cfa3daf93b069f11be31f211bd70d3
  请将此根抄录至人侧（公理E）
append: e0 事件哈希 89d2831927d1ae63…
append: e1 事件哈希 31533129e4881262…
append: e2 事件哈希 c67d1737cb0dad4c…
append: e3 事件哈希 1e135be58c1e9c18…
append: e4 事件哈希 6d2c96e4e7bf0296…
append: e5 事件哈希 14dade9ca05672a8…
append: e6 事件哈希 f9a5cfa27d420827…
append: e7 事件哈希 f2d3edddeec40b0a…
append: e8 事件哈希 a6b887a5043e596b…
append: e9 事件哈希 7833cfc068108b1e…
append: e10 事件哈希 fa338ae7a3be0d9b…
append: e11 事件哈希 a0f39e6073b3a7fb…
append: e12 事件哈希 e3cda3c8b09054dc…
append: e13 事件哈希 d7587848980c1d5e…
append: e14 事件哈希 2782f6cd8780d7c1…
append: e15 事件哈希 ffbf0051ea04048f…
append: e16 事件哈希 e720fe1dec4731ba…
append: e17 事件哈希 0dc2c0425595a633…
append: e18 事件哈希 1ecbd66ad6fa2c05…
append: e19 事件哈希 8ec0f03b8a6f0472…
append: e20 事件哈希 36e9117d0db7c785…
append: e21 事件哈希 d816ed121c7b0db9…
append: e22 事件哈希 5ce3b276e453adc1…
append: e23 事件哈希 6243fcdb72ad24a9…
append: e24 事件哈希 51a16c3b2bf8c57f…
append: e25 事件哈希 25dc993de1f96b21…
append: e26 事件哈希 d682a525ed7c20b1…
append: e27 事件哈希 750b4d06fdf13105…
append: e28 事件哈希 de3feaf8eebd90b3…
append: e29 事件哈希 eb0a0062e3dc8eb5…
append: e30 事件哈希 21f37c83d14e3f1e…
append: e31 事件哈希 ffda8ff4debafe98…
append: e32 事件哈希 a328c54ace3594b1…
append: e33 事件哈希 fe5f4c249e12f407…
append: e34 事件哈希 dbbdbee78949f965…
append: e35 事件哈希 80843fa1151aa587…
append: e36 事件哈希 afda016e37e5a716…
append: e37 事件哈希 3fd8fb1039acc095…
append: e38 事件哈希 6d2eaba5a74efe85…
append: e39 事件哈希 57ad973ba734853b…
append: e40 事件哈希 dfc9eaf72f1a1f80…
append: e41 事件哈希 157021337ae0e887…
append: e42 事件哈希 ed920ff04b447291…
append: e43 事件哈希 52b79fb942437fea…
append: e44 事件哈希 2220b592903affea…
append: e45 事件哈希 a4b6306a47f477aa…
append: e46 事件哈希 e04c0212673d513c…
append: e47 事件哈希 208cf154d00035a8…
append: e48 事件哈希 40c6d2a41e4582eb…
append: e49 事件哈希 e1586e07c57d3cfd…
append: e50 事件哈希 be00cf48f6779100…
append: e51 事件哈希 dfda3c1df1c4f218…
append: e52 事件哈希 3bf24704dcc11f71…
append: e53 事件哈希 ac63f12330aecccf…
append: e54 事件哈希 32997fdee28e4704…
append: e55 事件哈希 fecc59eee8a33b4f…
append: e56 事件哈希 487158b01260a1ee…
append: e57 事件哈希 dee984da63d6df6a…
append: e58 事件哈希 d1b4771b995200c7…
append: e59 事件哈希 e3ab250cb7e3a920…
append: e60 事件哈希 fd71c41b0ba4a31b…
append: e61 事件哈希 631141cb751bb3be…
append: e62 事件哈希 80b328188562ddab…
append: e63 事件哈希 855c24c9913efa0f…
append: e64 事件哈希 89a7ebb4cce7fee0…
append: e65 事件哈希 f0c1360781d7aeec…
append: e66 事件哈希 e31faf0df02eb6a6…
append: e67 事件哈希 1dda7b424825fd5f…
append: e68 事件哈希 e76b70c6da64efaf…
append: e69 事件哈希 ab899bb16d7a02ac…
append: e70 事件哈希 4bd229e8a29997e0…
append: e71 事件哈希 bbb85bbb389f5856…
append: e72 事件哈希 a5d7332c52d86f5e…
append: e73 事件哈希 2bf8e12eb7c81f89…
append: e74 事件哈希 1f2a7a035fb3bd53…
append: e75 事件哈希 86a99f20c7c91822…
append: e76 事件哈希 29561f56fea0fbf6…
append: e77 事件哈希 7d113835e29d9a97…
append: e78 事件哈希 42689e6f95616587…
append: e79 事件哈希 3e3386a8cb8a987b…
build: 生成 spec.md / 提示词速查.md / citations.md → D:\临时工作区\大审查-工作包-20260909\衔尾蛇\sandbox\x17-A1-s7（手改生成区=违例）
install: L2 + [] → D:\临时工作区\大审查-工作包-20260909\衔尾蛇\sandbox\x17-A1-s7
  交付内容体 29 个（含 {SLOT} 待填文件 11 个——按 install 指南填槽）
  待填槽文件（示例）: modules/m-core/install.md, modules/m-core/template/ROOT-README.md, modules/m-index/install.md, modules/m-index/template/knowledge/_index.md, modules/m-tools/install.md…
  Merkle 根（排除 state.json）: 119db222d2efe4dab25005f2670ff413abb24cec9af696921cf18ccf665cd456
  请将此根抄录至人侧（公理E）
append: e0 事件哈希 89d2831927d1ae63…
append: e1 事件哈希 31533129e4881262…
append: e2 事件哈希 9bd4eaaa2343b73e…
append: e3 事件哈希 badd00fc3ec8ec09…
append: e4 事件哈希 5704d0136f18c999…
append: e5 事件哈希 ffaa03d2349b1ba4…
append: e6 事件哈希 aeb0220e9a7defea…
append: e7 事件哈希 fafaf08388d2672d…
append: e8 事件哈希 5dbeda3482721dc3…
append: e9 事件哈希 c92aa0ac58ec1162…
append: e10 事件哈希 0021d8002e507b29…
append: e11 事件哈希 9328284f6aa0fa82…
append: e12 事件哈希 e180f8a4de635171…
append: e13 事件哈希 307073ca1fa363bb…
append: e14 事件哈希 7a2afa28788de178…
append: e15 事件哈希 f1d4622b4605046c…
append: e16 事件哈希 ddae788bab539c46…
append: e17 事件哈希 eba9164be903e919…
append: e18 事件哈希 e8faa7d10e7b758b…
append: e19 事件哈希 6678f208f9e9c2ec…
append: e20 事件哈希 50e50674f42e9ebb…
append: e21 事件哈希 379d6f7b14ccafa3…
append: e22 事件哈希 312315eb3295a674…
append: e23 事件哈希 0d6d9059af30e1b4…
append: e24 事件哈希 ce31fc8246dc1f99…
append: e25 事件哈希 9159d880ac095371…
append: e26 事件哈希 faf718e9a3800756…
append: e27 事件哈希 0499bcf641d37e7d…
append: e28 事件哈希 d556555be6fcfed2…
append: e29 事件哈希 f69fe97e95cac275…
append: e30 事件哈希 b15fa741bb98f6be…
append: e31 事件哈希 05f09543a04594d3…
append: e32 事件哈希 6e5d9ec4e12f674b…
append: e33 事件哈希 c3b194d535c513f7…
append: e34 事件哈希 d0cbb8d220f15ab4…
append: e35 事件哈希 5e3e54a74e2b0ff7…
append: e36 事件哈希 63ac9daab6b03cc6…
append: e37 事件哈希 49b27dae5f2772d2…
append: e38 事件哈希 80290c6ac1b7c93f…
append: e39 事件哈希 38835b6006b359b0…
append: e40 事件哈希 56df016154d40a65…
append: e41 事件哈希 5b0aec5b620e3f24…
append: e42 事件哈希 b6b8bc0059e6da09…
append: e43 事件哈希 965dcf2620a1cc8e…
append: e44 事件哈希 303e01763c518fdd…
append: e45 事件哈希 93155f697f1812d3…
append: e46 事件哈希 89ebc0bf3430930d…
append: e47 事件哈希 abcac7e356357bf0…
append: e48 事件哈希 969e85faed97a35a…
append: e49 事件哈希 2d45ff3dff89a82e…
append: e50 事件哈希 2374824dd5093407…
append: e51 事件哈希 ab380188c2b2c995…
append: e52 事件哈希 6ad4232b8466abf6…
append: e53 事件哈希 e0a851cab3ea4804…
append: e54 事件哈希 8f480a374dc74988…
append: e55 事件哈希 08369079a0db17c7…
append: e56 事件哈希 8dd14b7ac67765a3…
append: e57 事件哈希 1a84a496d72470a0…
append: e58 事件哈希 e7107a790c84bca5…
append: e59 事件哈希 d0ccd0eb2a69c0bb…
append: e60 事件哈希 8fdce51c44b41f6a…
append: e61 事件哈希 bd52779a07138abf…
append: e62 事件哈希 d4f27ca3c82171f5…
append: e63 事件哈希 0b8a55331cddb8b3…
append: e64 事件哈希 6a34691e0046a827…
append: e65 事件哈希 d223a593ffbbd4e7…
append: e66 事件哈希 6734c56acc2bfab9…
append: e67 事件哈希 9d1dd6fb0abb2028…
append: e68 事件哈希 30af959f5608607d…
append: e69 事件哈希 62763fb19b36dd68…
append: e70 事件哈希 4a2334a3dfeb057e…
append: e71 事件哈希 4e800715e5ec2591…
append: e72 事件哈希 5324ac79a4d2d077…
append: e73 事件哈希 38797edb559c1b4a…
append: e74 事件哈希 d22602544a966e71…
append: e75 事件哈希 7a7618ec03be9c86…
append: e76 事件哈希 ebd8c0b1ec8f3ccf…
append: e77 事件哈希 a30e93d8393a3a95…
append: e78 事件哈希 c8ce022d0ac08030…
append: e79 事件哈希 151d68dc5dd6c542…
build: 生成 spec.md / 提示词速查.md / citations.md → D:\临时工作区\大审查-工作包-20260909\衔尾蛇\sandbox\x17-A1-s8（手改生成区=违例）
install: L2 + [] → D:\临时工作区\大审查-工作包-20260909\衔尾蛇\sandbox\x17-A1-s8
  交付内容体 29 个（含 {SLOT} 待填文件 11 个——按 install 指南填槽）
  待填槽文件（示例）: modules/m-core/install.md, modules/m-core/template/ROOT-README.md, modules/m-index/install.md, modules/m-index/template/knowledge/_index.md, modules/m-tools/install.md…
  Merkle 根（排除 state.json）: 5970a925b5274fca5cb40707d4984f5bb6d0c499a8f0d73f9fa29f05eb340e24
  请将此根抄录至人侧（公理E）
append: e0 事件哈希 89d2831927d1ae63…
append: e1 事件哈希 31533129e4881262…
append: e2 事件哈希 c67d1737cb0dad4c…
append: e3 事件哈希 49e2d628342b227c…
append: e4 事件哈希 3e4e5f1bcd9aefdd…
append: e5 事件哈希 17334de1c3d66b6d…
append: e6 事件哈希 35ba63e565731fb7…
append: e7 事件哈希 b76654c54a68cff4…
append: e8 事件哈希 5b641178695d1e78…
append: e9 事件哈希 9d4aa085cce40d95…
append: e10 事件哈希 b897ea9ff2a8aa42…
append: e11 事件哈希 f853482131ecafde…
append: e12 事件哈希 a4424c4160c85a83…
append: e13 事件哈希 72f1bcdd7b166066…
append: e14 事件哈希 5bfa4817c9e8b5db…
append: e15 事件哈希 2db4663ed001937c…
append: e16 事件哈希 ead7113f7741bc9f…
append: e17 事件哈希 f45f4a061a2ec5b5…
append: e18 事件哈希 a90bbc30512a9dbb…
append: e19 事件哈希 238c46895e213c03…
append: e20 事件哈希 6c0df11d19ae40be…
append: e21 事件哈希 79726e5461bea588…
append: e22 事件哈希 5e24efef5f19332f…
append: e23 事件哈希 23b3fabb5bd197b2…
append: e24 事件哈希 e19baab13903f922…
append: e25 事件哈希 6b17ba6ae88bfcd6…
append: e26 事件哈希 2e4188ee68fe4b8b…
append: e27 事件哈希 727ee938d1781ae1…
append: e28 事件哈希 d87ad3d6432019ae…
append: e29 事件哈希 db96fe23b2415e38…
append: e30 事件哈希 2f371e90088267b6…
append: e31 事件哈希 2ffcd65145c3d6ca…
append: e32 事件哈希 d5b494946abd3a2c…
append: e33 事件哈希 d616b9ef8d6e4343…
append: e34 事件哈希 3d19bb621fcac1fa…
append: e35 事件哈希 21989ddfe28202d4…
append: e36 事件哈希 899d5cc9966c2291…
append: e37 事件哈希 ae9199c7ee94c0c7…
append: e38 事件哈希 599383c40d9be1e0…
append: e39 事件哈希 895328b1a310afd0…
append: e40 事件哈希 13654f23e680fa8b…
append: e41 事件哈希 e9b36e5d9a50fd16…
append: e42 事件哈希 36e78149ded031ca…
append: e43 事件哈希 79d711b710cffe98…
append: e44 事件哈希 e4b8a9de51cfe668…
append: e45 事件哈希 f0f48944f472a08e…
append: e46 事件哈希 8a8ba54ca278064a…
append: e47 事件哈希 888db1d4699ae55f…
append: e48 事件哈希 ef3d9d1c62cd4a63…
append: e49 事件哈希 e86704d0c4fd99a0…
append: e50 事件哈希 79f0f4a5670f0422…
append: e51 事件哈希 2b58ab6550900f02…
append: e52 事件哈希 cf362594a0f10b86…
append: e53 事件哈希 06234f4802734505…
append: e54 事件哈希 c40bdc5730ff17ee…
append: e55 事件哈希 abdc773f21ed8000…
append: e56 事件哈希 85f9bc98568fe830…
append: e57 事件哈希 f88e7fa528b986d9…
append: e58 事件哈希 9493d31dccdc8a2f…
append: e59 事件哈希 ac4d4e73fdba3d26…
append: e60 事件哈希 f3f2fce8f605cb9b…
append: e61 事件哈希 02f719b4892fe561…
append: e62 事件哈希 ef644c7406be816c…
append: e63 事件哈希 35c772dda784bffc…
append: e64 事件哈希 cf3cacc09fc8e31a…
append: e65 事件哈希 a8ea1fb3741f23cd…
append: e66 事件哈希 7556f52ded99ede9…
append: e67 事件哈希 40ed479a3c2d9784…
append: e68 事件哈希 2d2dc3e3703d47c4…
append: e69 事件哈希 0994ced3c14e233a…
append: e70 事件哈希 1a079c72fef152f2…
append: e71 事件哈希 a20678e19bc1766d…
append: e72 事件哈希 f3dc3a6e60280eef…
append: e73 事件哈希 1c1702b8c84b6729…
append: e74 事件哈希 68e36c86cd15c96b…
append: e75 事件哈希 f8341a33526100e3…
append: e76 事件哈希 4fe1d778a1fca0a1…
append: e77 事件哈希 e827402f1e9dcc9e…
append: e78 事件哈希 d6f763a27f60361c…
append: e79 事件哈希 a55cc6d7a3b83047…
build: 生成 spec.md / 提示词速查.md / citations.md → D:\临时工作区\大审查-工作包-20260909\衔尾蛇\sandbox\x17-A1-s9（手改生成区=违例）
install: L2 + [] → D:\临时工作区\大审查-工作包-20260909\衔尾蛇\sandbox\x17-A1-s9
  交付内容体 29 个（含 {SLOT} 待填文件 11 个——按 install 指南填槽）
  待填槽文件（示例）: modules/m-core/install.md, modules/m-core/template/ROOT-README.md, modules/m-index/install.md, modules/m-index/template/knowledge/_index.md, modules/m-tools/install.md…
  Merkle 根（排除 state.json）: 583f543fbbdb56a7d925642bce2a2740065416d906b0a59253e7ff34c0b95c11
  请将此根抄录至人侧（公理E）
append: e0 事件哈希 aa6cb4371edac1b5…
append: e1 事件哈希 c18cfad4c15f8340…
append: e2 事件哈希 aaa4cd6b4967640a…
append: e3 事件哈希 20d5c7f471067b22…
append: e4 事件哈希 3b1182316359f936…
append: e5 事件哈希 d2170fa10c18d2c8…
append: e6 事件哈希 bf016a76850d5bd7…
append: e7 事件哈希 23ab2038ae8093bc…
append: e8 事件哈希 e31465e003c448e5…
append: e9 事件哈希 cf388e3b64c97301…
append: e10 事件哈希 5eb6b4bbd6a99c0f…
append: e11 事件哈希 870db7f587a748b2…
append: e12 事件哈希 10e20f79133f3159…
append: e13 事件哈希 276f3e64ea30f117…
append: e14 事件哈希 b18d694c7a7625d4…
append: e15 事件哈希 9883184dfee92d24…
append: e16 事件哈希 f999ac349134f89d…
append: e17 事件哈希 60d9dce3f4e59774…
append: e18 事件哈希 52a0dbb5db0f671f…
append: e19 事件哈希 dd31c37fb672e986…
append: e20 事件哈希 75c9b26fdeb9f88d…
append: e21 事件哈希 384ac26f624e83d6…
append: e22 事件哈希 c5fc59fc897c3553…
append: e23 事件哈希 04419ab69b3e001a…
append: e24 事件哈希 f2f4991e4650258a…
append: e25 事件哈希 2e191fc8e56608e9…
append: e26 事件哈希 95e76298ba45e426…
append: e27 事件哈希 65acc8e672014500…
append: e28 事件哈希 cfe39831d592a264…
append: e29 事件哈希 9a5497269142e938…
append: e30 事件哈希 49ee8b20471cefad…
append: e31 事件哈希 87604bfb9f21675f…
append: e32 事件哈希 11fcd7fcb7f99b9b…
append: e33 事件哈希 cccaac439a45757b…
append: e34 事件哈希 77b392ef2870c75a…
append: e35 事件哈希 ccb759deb353d01a…
append: e36 事件哈希 28711a62a4abc1b7…
append: e37 事件哈希 dda322084a1fbb62…
append: e38 事件哈希 ea9adcde6808dee8…
append: e39 事件哈希 d73d9ef1d24c566a…
append: e40 事件哈希 41adbd42f076c843…
append: e41 事件哈希 2ca64f2d4f5006fb…
append: e42 事件哈希 56e20c9217449d54…
append: e43 事件哈希 8480744c565d606e…
append: e44 事件哈希 2b73de500f064696…
append: e45 事件哈希 9d45c1408d4662e0…
append: e46 事件哈希 d1c5bfd34b7baebc…
append: e47 事件哈希 79df370e2308ce0a…
append: e48 事件哈希 529e082a2a1a92ea…
append: e49 事件哈希 d5cbc41a310676ed…
append: e50 事件哈希 8f815d1c287a8d2c…
append: e51 事件哈希 12012e3f204417c7…
append: e52 事件哈希 01b4161c75f1b9a4…
append: e53 事件哈希 5e10fc98e4680ea2…
append: e54 事件哈希 7ec906c76dcf04f6…
append: e55 事件哈希 1ff8fccbf57d253e…
append: e56 事件哈希 dc4a3855295d85c9…
append: e57 事件哈希 d123268704c22d2a…
append: e58 事件哈希 68071ea2314d54ad…
append: e59 事件哈希 5449bf0114146e92…
append: e60 事件哈希 9b58a111c253177f…
append: e61 事件哈希 36f1fb759b052131…
append: e62 事件哈希 bc467b9c60517c39…
append: e63 事件哈希 2db7a2d252d725ae…
append: e64 事件哈希 10fbcd83f0881ae6…
append: e65 事件哈希 1b49aae035e45d32…
append: e66 事件哈希 e7a47f33ddaae42b…
append: e67 事件哈希 9ef92610ebe6d381…
append: e68 事件哈希 1664e0562d4bf70e…
append: e69 事件哈希 a4e2cb262b767770…
append: e70 事件哈希 268cf45df5bc02a9…
append: e71 事件哈希 eaae742a35016085…
append: e72 事件哈希 0831b102ea2add6c…
append: e73 事件哈希 4efaaf62276988aa…
append: e74 事件哈希 ac4f1fd93db783f9…
append: e75 事件哈希 ef169b21f4965ad6…
append: e76 事件哈希 e8ea6bce7ce54f72…
append: e77 事件哈希 22e6d0bec731a08a…
append: e78 事件哈希 d36958c03c5c64c1…
append: e79 事件哈希 1892d42e3bf182b9…
build: 生成 spec.md / 提示词速查.md / citations.md → D:\临时工作区\大审查-工作包-20260909\衔尾蛇\sandbox\x17-A1-s10（手改生成区=违例）
install: L2 + [] → D:\临时工作区\大审查-工作包-20260909\衔尾蛇\sandbox\x17-A1-s10
  交付内容体 29 个（含 {SLOT} 待填文件 11 个——按 install 指南填槽）
  待填槽文件（示例）: modules/m-core/install.md, modules/m-core/template/ROOT-README.md, modules/m-index/install.md, modules/m-index/template/knowledge/_index.md, modules/m-tools/install.md…
  Merkle 根（排除 state.json）: 073f67bbe5439ed118af1112bd3caf184405949d98fe104838651e58828e1d60
  请将此根抄录至人侧（公理E）
append: e0 事件哈希 89d2831927d1ae63…
append: e1 事件哈希 3af96412fb37a076…
append: e2 事件哈希 92fa724fb8bd2fe3…
append: e3 事件哈希 c2b729403c046e3f…
append: e4 事件哈希 438a1a01216bc9b4…
append: e5 事件哈希 7433f996aae44f00…
append: e6 事件哈希 27214f63e5992da8…
append: e7 事件哈希 3d2bac8e06e71130…
append: e8 事件哈希 d0d8c13d35422054…
append: e9 事件哈希 7af0fa7cf1825339…
append: e10 事件哈希 b63b546a31ce2ffb…
append: e11 事件哈希 403d78f93fcd6cfd…
append: e12 事件哈希 f54e9bbe4983b608…
append: e13 事件哈希 3e4835857e1a3d71…
append: e14 事件哈希 d8963f2ada49ef90…
append: e15 事件哈希 26a064d16dace221…
append: e16 事件哈希 2690f6f65a04fc02…
append: e17 事件哈希 b54233c57274d952…
append: e18 事件哈希 50d00fa60daa0a7e…
append: e19 事件哈希 292a03449b3cdb91…
append: e20 事件哈希 89b7458ce3c7bd0c…
append: e21 事件哈希 7e2f86a8c1fee68c…
append: e22 事件哈希 980eea6bc0f4d13c…
append: e23 事件哈希 291d96d735bb5128…
append: e24 事件哈希 1f1bbe05da0ef03d…
append: e25 事件哈希 6dd4f19431f3d5a5…
append: e26 事件哈希 4131719125408206…
append: e27 事件哈希 9a31dd3207001f0e…
append: e28 事件哈希 8b499cc59472e2ca…
append: e29 事件哈希 0f5e5f93eae95922…
append: e30 事件哈希 e953fd51051af29c…
append: e31 事件哈希 22784651f5807721…
append: e32 事件哈希 ca1df49fdb22cef0…
append: e33 事件哈希 978573ed7d19b6fd…
append: e34 事件哈希 603091243fab3e4b…
append: e35 事件哈希 0fb9db7faa511df6…
append: e36 事件哈希 343f81edfb17f78f…
append: e37 事件哈希 f60df01c25b287cd…
append: e38 事件哈希 a2aba6ba83d51f98…
append: e39 事件哈希 0bd543c37e572ebc…
append: e40 事件哈希 7d36511ac5431b8c…
append: e41 事件哈希 2a892a8367f4e2f6…
append: e42 事件哈希 3cfcdf36f75a876e…
append: e43 事件哈希 87934c0562e7e7d8…
append: e44 事件哈希 26da69508f0fc705…
append: e45 事件哈希 3fd0349af821fc97…
append: e46 事件哈希 ea899b3ba06fd8a7…
append: e47 事件哈希 0e19990c321faecf…
append: e48 事件哈希 c1259538534024db…
append: e49 事件哈希 bd276925fc22cc4d…
append: e50 事件哈希 ff48d86f95db24d0…
append: e51 事件哈希 7be36a13eba634b8…
append: e52 事件哈希 d168588f5cd7f33f…
append: e53 事件哈希 0b2f40ef8971c240…
append: e54 事件哈希 81f91e059fbff28d…
append: e55 事件哈希 c40c952a50c37e65…
append: e56 事件哈希 0769a832ebc17232…
append: e57 事件哈希 22258ed2f7027f4f…
append: e58 事件哈希 403a9caaa44c661a…
append: e59 事件哈希 c0c3d5c83078d71f…
append: e60 事件哈希 7c3c34f80daa97c6…
append: e61 事件哈希 e0bf7b27458e74c7…
append: e62 事件哈希 4e84e909b7262c3d…
append: e63 事件哈希 e36cc09182b0c6cb…
append: e64 事件哈希 8311d20172711911…
append: e65 事件哈希 b3311e1e5355939b…
append: e66 事件哈希 a41b5482bea32123…
append: e67 事件哈希 e0096341204ba485…
append: e68 事件哈希 71b3bcd31cefe44f…
append: e69 事件哈希 9447fcaad122af6b…
append: e70 事件哈希 e9e25ac1723ca352…
append: e71 事件哈希 472d745a6062331a…
append: e72 事件哈希 bea88217b595c855…
append: e73 事件哈希 f9b19a81890cc5c1…
append: e74 事件哈希 d3ed97164bcd0a1a…
append: e75 事件哈希 cf694b11e7219994…
append: e76 事件哈希 f02820067a7b782f…
append: e77 事件哈希 482a833c5e4261fd…
append: e78 事件哈希 0dd86aa7779f1c32…
append: e79 事件哈希 68ec9b0b313bb54e…
build: 生成 spec.md / 提示词速查.md / citations.md → D:\临时工作区\大审查-工作包-20260909\衔尾蛇\sandbox\x17-A1-s11（手改生成区=违例）
install: L2 + [] → D:\临时工作区\大审查-工作包-20260909\衔尾蛇\sandbox\x17-A1-s11
  交付内容体 29 个（含 {SLOT} 待填文件 11 个——按 install 指南填槽）
  待填槽文件（示例）: modules/m-core/install.md, modules/m-core/template/ROOT-README.md, modules/m-index/install.md, modules/m-index/template/knowledge/_index.md, modules/m-tools/install.md…
  Merkle 根（排除 state.json）: 27fcfe34d0894b1062e883235c02ab3f21768bb29d9c46eda57d4c4ed6a29460
  请将此根抄录至人侧（公理E）
append: e0 事件哈希 aa6cb4371edac1b5…
append: e1 事件哈希 76861be6ec4e59a5…
append: e2 事件哈希 5ce22f253d6726e2…
append: e3 事件哈希 604afda64a31ffb4…
append: e4 事件哈希 9e82989a7cb9126b…
append: e5 事件哈希 051a05813d085df5…
append: e6 事件哈希 0269e0e0e3918ba0…
append: e7 事件哈希 56a4018c8e9203e9…
append: e8 事件哈希 4a5b8477cfebc0e8…
append: e9 事件哈希 404e51fc6c5c3976…
append: e10 事件哈希 07d97b71656cfe2b…
append: e11 事件哈希 f50eb99a7bafdc5f…
append: e12 事件哈希 e6c97e20201b507e…
append: e13 事件哈希 33c94f575539e40b…
append: e14 事件哈希 114832e6b367bb35…
append: e15 事件哈希 053c70921be2e22f…
append: e16 事件哈希 9e8ea9d189272d6c…
append: e17 事件哈希 48413fd9b251a7c2…
append: e18 事件哈希 691a456eb86cb4f8…
append: e19 事件哈希 0c581759c7b7955c…
append: e20 事件哈希 2af61c19d6b7a09c…
append: e21 事件哈希 97b8220bc1f7db66…
append: e22 事件哈希 0379bdbcfe32e0fb…
append: e23 事件哈希 831b519a2f48d81b…
append: e24 事件哈希 22918f1563766f2f…
append: e25 事件哈希 8ada490e4c30940d…
append: e26 事件哈希 03a5778ffb7ecd6e…
append: e27 事件哈希 d66d65d0ff54fa63…
append: e28 事件哈希 37e76004d0d24e1c…
append: e29 事件哈希 15ff206447001cc9…
append: e30 事件哈希 41bd4d32af0ea22f…
append: e31 事件哈希 0e6ea451dfd5d493…
append: e32 事件哈希 ec96699b39dffc9c…
append: e33 事件哈希 94a09ad6a8c3450d…
append: e34 事件哈希 9a588a044338658e…
append: e35 事件哈希 62eed9f12b60c44d…
append: e36 事件哈希 4ec4e6e520bc01d2…
append: e37 事件哈希 88c481cbe205bb51…
append: e38 事件哈希 435b509927abcbb9…
append: e39 事件哈希 c34cfc62ec1085eb…
append: e40 事件哈希 616820610797dd59…
append: e41 事件哈希 5fd8c3306729ca23…
append: e42 事件哈希 4ae1c847a61cdeba…
append: e43 事件哈希 0f6292233ec8313b…
append: e44 事件哈希 c2a796b880961061…
append: e45 事件哈希 fc0dcf0227f012f7…
append: e46 事件哈希 9777574b46c28add…
append: e47 事件哈希 f89eb4baeecd8b3d…
append: e48 事件哈希 5fec51b39b7c1e45…
append: e49 事件哈希 336dcd9369d6a5e4…
append: e50 事件哈希 52ea654d1590be34…
append: e51 事件哈希 1afaf6db0d480b97…
append: e52 事件哈希 2ab8dc580e9fc2ad…
append: e53 事件哈希 97198f1026e72bf5…
append: e54 事件哈希 034a583011ef6e5c…
append: e55 事件哈希 3acad2e1c7cccb08…
append: e56 事件哈希 2fc2b9b8e4f00088…
append: e57 事件哈希 e10cca095dc210d2…
append: e58 事件哈希 6a93ec0adbbc0ecf…
append: e59 事件哈希 63b8e185b9fa69cf…
append: e60 事件哈希 efb4327ea8e9d8a0…
append: e61 事件哈希 86f80256c974e05d…
append: e62 事件哈希 2625dc5f49a82479…
append: e63 事件哈希 ec6f793799abfb6a…
append: e64 事件哈希 9aacbc6d7a4dcdef…
append: e65 事件哈希 775f2e2b20438fe7…
append: e66 事件哈希 bd9780f1c61cfe99…
append: e67 事件哈希 f605d7da41c95812…
append: e68 事件哈希 84229936d59e4f3a…
append: e69 事件哈希 6523215dff639162…
append: e70 事件哈希 99b595ac031c5ae3…
append: e71 事件哈希 327150a116af0826…
append: e72 事件哈希 8adcf123fa5cd139…
append: e73 事件哈希 ca9cca2fa34860f9…
append: e74 事件哈希 75a662b6be82304b…
append: e75 事件哈希 f6760d7bea4075bb…
append: e76 事件哈希 7c15f8362d95120b…
append: e77 事件哈希 1bb1e9a8c07368da…
append: e78 事件哈希 464f15c52d0b81e4…
append: e79 事件哈希 869d58eed8507625…
build: 生成 spec.md / 提示词速查.md / citations.md → D:\临时工作区\大审查-工作包-20260909\衔尾蛇\sandbox\x17-A1-s12（手改生成区=违例）
install: L2 + [] → D:\临时工作区\大审查-工作包-20260909\衔尾蛇\sandbox\x17-A1-s12
  交付内容体 29 个（含 {SLOT} 待填文件 11 个——按 install 指南填槽）
  待填槽文件（示例）: modules/m-core/install.md, modules/m-core/template/ROOT-README.md, modules/m-index/install.md, modules/m-index/template/knowledge/_index.md, modules/m-tools/install.md…
  Merkle 根（排除 state.json）: fd63ba6672ffae43c575901fbcd912bd109cc00c2d62a62ce0274dc8ce31a391
  请将此根抄录至人侧（公理E）
append: e0 事件哈希 89d2831927d1ae63…
append: e1 事件哈希 3af96412fb37a076…
append: e2 事件哈希 92fa724fb8bd2fe3…
append: e3 事件哈希 c2b729403c046e3f…
append: e4 事件哈希 438a1a01216bc9b4…
append: e5 事件哈希 7433f996aae44f00…
append: e6 事件哈希 27214f63e5992da8…
append: e7 事件哈希 9cdaf251941b25c8…
append: e8 事件哈希 85956e45337b82dd…
append: e9 事件哈希 65fa4eed13787f0c…
append: e10 事件哈希 d028f70bfe535ce5…
append: e11 事件哈希 39c2f11a918b53dd…
append: e12 事件哈希 384e14628af9973b…
append: e13 事件哈希 c3ad4be353aef1b7…
append: e14 事件哈希 b50aa46979129caf…
append: e15 事件哈希 0906d9d2d8eff511…
append: e16 事件哈希 24313c35a0cb55bf…
append: e17 事件哈希 4651280c844e6f2c…
append: e18 事件哈希 23d199f069f701ba…
append: e19 事件哈希 5389dbc1cfc99cd8…
append: e20 事件哈希 7bee78a1ed62c756…
append: e21 事件哈希 1626f2451e5017ff…
append: e22 事件哈希 741626344b011076…
append: e23 事件哈希 5ae4dea5548ac4b7…
append: e24 事件哈希 0c0cc00fdedd01e3…
append: e25 事件哈希 7f0ddd08b2f76002…
append: e26 事件哈希 87774e5a1e9243c7…
append: e27 事件哈希 dc9258f2187b4c06…
append: e28 事件哈希 55ea22d519915bd9…
append: e29 事件哈希 99f652a59c90bb68…
append: e30 事件哈希 7f414fa5aaf6d854…
append: e31 事件哈希 38fce14bb037f3dc…
append: e32 事件哈希 287244dce8338043…
append: e33 事件哈希 f3f4c8601fcd8650…
append: e34 事件哈希 b1fe939490344cd8…
append: e35 事件哈希 8fa18f1b981f3618…
append: e36 事件哈希 170d6a7f0e4fea67…
append: e37 事件哈希 be08a67436481558…
append: e38 事件哈希 3cb772989f6fbce5…
append: e39 事件哈希 772ee8e20d842150…
append: e40 事件哈希 4b9bfb03db14cd90…
append: e41 事件哈希 d35571a820668b00…
append: e42 事件哈希 02116dd976912a5e…
append: e43 事件哈希 3e103fa7970020f5…
append: e44 事件哈希 4dcaf1aea573846a…
append: e45 事件哈希 81bcd6e8fa6a629e…
append: e46 事件哈希 1b7e9262ccae5d11…
append: e47 事件哈希 c2c86d60b6cd9796…
append: e48 事件哈希 2d54a2b7b71a684e…
append: e49 事件哈希 7ca98e402c481415…
append: e50 事件哈希 b4f15d6ec3a076e4…
append: e51 事件哈希 c7d1c815a9093993…
append: e52 事件哈希 f4430fce4781f5ae…
append: e53 事件哈希 a84c9b13615b5366…
append: e54 事件哈希 453775439841d25a…
append: e55 事件哈希 bad2f1e9f346b507…
append: e56 事件哈希 6d706ad67f58a745…
append: e57 事件哈希 b2168f09e451392b…
append: e58 事件哈希 72a554d2f5526d57…
append: e59 事件哈希 257aaabe5e52e32c…
append: e60 事件哈希 0793795faf89cc50…
append: e61 事件哈希 274ff5dba9fc31ea…
append: e62 事件哈希 295f479ab04de8d4…
append: e63 事件哈希 803ee0878ec08602…
append: e64 事件哈希 b599251d2493216a…
append: e65 事件哈希 8ee3f91efa7c549b…
append: e66 事件哈希 39e9ac9c18fd35ac…
append: e67 事件哈希 a90b42358feaee1e…
append: e68 事件哈希 d961b131fbd5bbdc…
append: e69 事件哈希 f26370a44d6f6729…
append: e70 事件哈希 63a4e487a66fb596…
append: e71 事件哈希 e8134bdaf569dd57…
append: e72 事件哈希 29f71bd608a852e4…
append: e73 事件哈希 8a132c50842163fa…
append: e74 事件哈希 b858b16ad47e3ded…
append: e75 事件哈希 998164f9d0045eb7…
append: e76 事件哈希 b32a820f5652b370…
append: e77 事件哈希 ed041fd85cbba128…
append: e78 事件哈希 2ee25bda8e77caca…
append: e79 事件哈希 7861b34097419b20…
build: 生成 spec.md / 提示词速查.md / citations.md → D:\临时工作区\大审查-工作包-20260909\衔尾蛇\sandbox\x17-A1-s13（手改生成区=违例）
install: L2 + [] → D:\临时工作区\大审查-工作包-20260909\衔尾蛇\sandbox\x17-A1-s13
  交付内容体 29 个（含 {SLOT} 待填文件 11 个——按 install 指南填槽）
  待填槽文件（示例）: modules/m-core/install.md, modules/m-core/template/ROOT-README.md, modules/m-index/install.md, modules/m-index/template/knowledge/_index.md, modules/m-tools/install.md…
  Merkle 根（排除 state.json）: 18b9cfee546880f89129286a32ba3515cd986cca222078f3fc5a39367619a78c
  请将此根抄录至人侧（公理E）
append: e0 事件哈希 89d2831927d1ae63…
append: e1 事件哈希 31533129e4881262…
append: e2 事件哈希 c67d1737cb0dad4c…
append: e3 事件哈希 49e2d628342b227c…
append: e4 事件哈希 fb80cad99ebd45f7…
append: e5 事件哈希 454e79b77edc4ab9…
append: e6 事件哈希 f583156d35226360…
append: e7 事件哈希 a7a7ae8d04bffc4b…
append: e8 事件哈希 cd3df99e3a77245a…
append: e9 事件哈希 8672d9f83af5715b…
append: e10 事件哈希 b20cedd0cff4780b…
append: e11 事件哈希 d7c9f267056bb8c7…
append: e12 事件哈希 958964c769711388…
append: e13 事件哈希 c54722f82132aced…
append: e14 事件哈希 c42fe3f0a789a99f…
append: e15 事件哈希 89d9d2a6ce703334…
append: e16 事件哈希 997e373b6e7be5a2…
append: e17 事件哈希 c2851b2dcbebc77d…
append: e18 事件哈希 72119420cf2523c6…
append: e19 事件哈希 95dad01f24f5813b…
append: e20 事件哈希 36362b2da3909a03…
append: e21 事件哈希 b4929c14a4c70aa8…
append: e22 事件哈希 89644f509eed27b4…
append: e23 事件哈希 def30b29317a5381…
append: e24 事件哈希 34c41d6cd650f7cf…
append: e25 事件哈希 ac12af5979beb484…
append: e26 事件哈希 be0ed055efcecc4d…
append: e27 事件哈希 c9c31d68e5f7a836…
append: e28 事件哈希 39b5939c44bfd43f…
append: e29 事件哈希 1c27413a3144401c…
append: e30 事件哈希 5f16d0bf8c5d46be…
append: e31 事件哈希 ec94101e43f79c74…
append: e32 事件哈希 13f4075c386215d9…
append: e33 事件哈希 d5dd9e99d60b9ea9…
append: e34 事件哈希 626260aba671a40f…
append: e35 事件哈希 6fdf64c12b699baf…
append: e36 事件哈希 100d38fe2550825f…
append: e37 事件哈希 f89395579952a42d…
append: e38 事件哈希 782b9522c92e696e…
append: e39 事件哈希 d3d1fe39de655ea8…
append: e40 事件哈希 f562a734f4948d86…
append: e41 事件哈希 0b9eb98908081c0f…
append: e42 事件哈希 da0477ea2c341e98…
append: e43 事件哈希 d8f711194d4c609b…
append: e44 事件哈希 df4324f23209a276…
append: e45 事件哈希 2e4e14eda50fab21…
append: e46 事件哈希 739f2a42d316a4b5…
append: e47 事件哈希 b4a6c91f401d0657…
append: e48 事件哈希 1924ebf3e53c513c…
append: e49 事件哈希 a77e44ea0c9b37c5…
append: e50 事件哈希 33f6c8d8c3311336…
append: e51 事件哈希 bf8f40cbe3b3dbb6…
append: e52 事件哈希 9c1056950987647d…
append: e53 事件哈希 adc1e2e4ef3a4484…
append: e54 事件哈希 5e7054f0bdcca80b…
append: e55 事件哈希 ff7f5f80f299ab09…
append: e56 事件哈希 50f1f22d1585a68f…
append: e57 事件哈希 9c0331bba94833f6…
append: e58 事件哈希 5e58e4d2bb0b1e19…
append: e59 事件哈希 111849b780b1c901…
append: e60 事件哈希 3efcdb42e7471a60…
append: e61 事件哈希 c68e6f73d6070205…
append: e62 事件哈希 f9c8788a969db6cf…
append: e63 事件哈希 9e719ac98f2e593f…
append: e64 事件哈希 cab84b4711718a55…
append: e65 事件哈希 7b71d8e87ab76363…
append: e66 事件哈希 4500016942b75253…
append: e67 事件哈希 9fa27d0c9f9e2948…
append: e68 事件哈希 f66663fbaca768a5…
append: e69 事件哈希 a091fc55be04b6ab…
append: e70 事件哈希 d30844b3341a5e87…
append: e71 事件哈希 1bef8f419e1eeb2f…
append: e72 事件哈希 eb12b45bfe6f757a…
append: e73 事件哈希 7d0f91695b35441e…
append: e74 事件哈希 4525ce9d7c6f1dc5…
append: e75 事件哈希 70c6db16ffc6a1d7…
append: e76 事件哈希 e3171cfd549aad93…
append: e77 事件哈希 275dfb41d9e37007…
append: e78 事件哈希 d0bfe89862a19d2d…
append: e79 事件哈希 1839c4d818228977…
build: 生成 spec.md / 提示词速查.md / citations.md → D:\临时工作区\大审查-工作包-20260909\衔尾蛇\sandbox\x17-A1-s14（手改生成区=违例）
install: L2 + [] → D:\临时工作区\大审查-工作包-20260909\衔尾蛇\sandbox\x17-A1-s14
  交付内容体 29 个（含 {SLOT} 待填文件 11 个——按 install 指南填槽）
  待填槽文件（示例）: modules/m-core/install.md, modules/m-core/template/ROOT-README.md, modules/m-index/install.md, modules/m-index/template/knowledge/_index.md, modules/m-tools/install.md…
  Merkle 根（排除 state.json）: 81718009490320727b46347611d88cd421dad5c3c8867c3228558eabe5a325b9
  请将此根抄录至人侧（公理E）
append: e0 事件哈希 aa6cb4371edac1b5…
append: e1 事件哈希 76861be6ec4e59a5…
append: e2 事件哈希 a5a95fba1547d5bd…
append: e3 事件哈希 09931ca89f226336…
append: e4 事件哈希 f5fb7627bf814848…
append: e5 事件哈希 662e22d0a45e7048…
append: e6 事件哈希 8de0f0bcb9687fa7…
append: e7 事件哈希 b07b43887dd9f66b…
append: e8 事件哈希 8097f791d5984c46…
append: e9 事件哈希 3b447c96e14fef19…
append: e10 事件哈希 3013e25df6207467…
append: e11 事件哈希 a468f32f47f29ba0…
append: e12 事件哈希 0cb03f477cb5c8bb…
append: e13 事件哈希 2c04d9ac88f1cf85…
append: e14 事件哈希 f7db9c37deda467b…
append: e15 事件哈希 e14f534f84e8380b…
append: e16 事件哈希 644fc94dec189d11…
append: e17 事件哈希 a6fc8a52c481196c…
append: e18 事件哈希 1a14855ad73282c0…
append: e19 事件哈希 9ca29402a988f954…
append: e20 事件哈希 2d38c4f90b9456c8…
append: e21 事件哈希 a5b25d34e8705539…
append: e22 事件哈希 2846367fa8a609c6…
append: e23 事件哈希 7e7aa79fbd7b069c…
append: e24 事件哈希 6c36e49bd38383c6…
append: e25 事件哈希 1f2ceeb947c639c0…
append: e26 事件哈希 c0e71af35fcdb690…
append: e27 事件哈希 267dde1d4e345587…
append: e28 事件哈希 24c57e1fda4250fd…
append: e29 事件哈希 65e78432bbb68d2f…
append: e30 事件哈希 e180b7069e2d4740…
append: e31 事件哈希 4f0905cf1bed3fa7…
append: e32 事件哈希 d3728e13299d226d…
append: e33 事件哈希 0453c5397a9c4953…
append: e34 事件哈希 d389cf1e4a0b57a1…
append: e35 事件哈希 d990dc85b6b24f4f…
append: e36 事件哈希 9f03c7c7dced687d…
append: e37 事件哈希 431baf3889edb844…
append: e38 事件哈希 5ea79c91f64ef82d…
append: e39 事件哈希 ed80bbd14166e0f6…
append: e40 事件哈希 04c055fe411cae46…
append: e41 事件哈希 96d086e4bee294b3…
append: e42 事件哈希 bfcc073d0b355369…
append: e43 事件哈希 64abde77834f321e…
append: e44 事件哈希 2f93cc1db3a3cbce…
append: e45 事件哈希 06d8c102426965a9…
append: e46 事件哈希 fbb99261d826d753…
append: e47 事件哈希 34341892207e1072…
append: e48 事件哈希 07a6b0fb23da725f…
append: e49 事件哈希 cb97f48828dc69e4…
append: e50 事件哈希 8b35fbe2c51eb871…
append: e51 事件哈希 fb70f62d84042ecd…
append: e52 事件哈希 e5309206250e12f4…
append: e53 事件哈希 83d8b0aa0c2ed598…
append: e54 事件哈希 95dc0d5ccae4be42…
append: e55 事件哈希 042552716ee211f0…
append: e56 事件哈希 4342656b616da2e5…
append: e57 事件哈希 9eaefcf67bb6bd64…
append: e58 事件哈希 7160402b52610f5c…
append: e59 事件哈希 a9c73ac08ee91038…
append: e60 事件哈希 9dd7a92a6c550b31…
append: e61 事件哈希 0f2a27e905493381…
append: e62 事件哈希 c9b01c8d65032880…
append: e63 事件哈希 f59b58584655ac48…
append: e64 事件哈希 7dfaf38f08e5ef3b…
append: e65 事件哈希 f1c6cc3e332997e8…
append: e66 事件哈希 0e46163366b43561…
append: e67 事件哈希 eef39393f9b20bd6…
append: e68 事件哈希 851e8ba4ac373a94…
append: e69 事件哈希 2c9fd997c85073f3…
append: e70 事件哈希 8416268977c3d7ce…
append: e71 事件哈希 a87e8815647a7cda…
append: e72 事件哈希 26cfa65488a145ce…
append: e73 事件哈希 9ad509e516b1f31e…
append: e74 事件哈希 b949eb9959ca9e82…
append: e75 事件哈希 9ebbea18542cbf76…
append: e76 事件哈希 f79fc5e35e50ce6f…
append: e77 事件哈希 5f176bf1c0df3af8…
append: e78 事件哈希 d27f452bdad48dc6…
append: e79 事件哈希 ed1641c869c24b16…
build: 生成 spec.md / 提示词速查.md / citations.md → D:\临时工作区\大审查-工作包-20260909\衔尾蛇\sandbox\x17-A1-s15（手改生成区=违例）
install: L2 + [] → D:\临时工作区\大审查-工作包-20260909\衔尾蛇\sandbox\x17-A1-s15
  交付内容体 29 个（含 {SLOT} 待填文件 11 个——按 install 指南填槽）
  待填槽文件（示例）: modules/m-core/install.md, modules/m-core/template/ROOT-README.md, modules/m-index/install.md, modules/m-index/template/knowledge/_index.md, modules/m-tools/install.md…
  Merkle 根（排除 state.json）: c44932bc4a495ca3b719cf0de3d09553436f99703d8fa51adf2a584451cd8626
  请将此根抄录至人侧（公理E）
append: e0 事件哈希 89d2831927d1ae63…
append: e1 事件哈希 31533129e4881262…
append: e2 事件哈希 c67d1737cb0dad4c…
append: e3 事件哈希 49e2d628342b227c…
append: e4 事件哈希 fb80cad99ebd45f7…
append: e5 事件哈希 454e79b77edc4ab9…
append: e6 事件哈希 f583156d35226360…
append: e7 事件哈希 7d9eee37ad833a1c…
append: e8 事件哈希 6271cf902a3b6842…
append: e9 事件哈希 b86051171c5d6078…
append: e10 事件哈希 984642759d9dd683…
append: e11 事件哈希 082d4dfd6754f3bc…
append: e12 事件哈希 f2f21ce5ca1ec146…
append: e13 事件哈希 55d0c6e9d8e3c410…
append: e14 事件哈希 c4c856229eca0b5d…
append: e15 事件哈希 cba4fb6093a35fc9…
append: e16 事件哈希 0a8728af2294886e…
append: e17 事件哈希 d94c0afa3bff2e59…
append: e18 事件哈希 3aeef553c081051f…
append: e19 事件哈希 2eb1ec09ef413028…
append: e20 事件哈希 042504682b0bf3da…
append: e21 事件哈希 f502214a556eac34…
append: e22 事件哈希 146c630404c73a65…
append: e23 事件哈希 b49b7c52f0cbf551…
append: e24 事件哈希 7e14faf23db9bba7…
append: e25 事件哈希 be01d0b4b786fafc…
append: e26 事件哈希 e514e180e77da1a7…
append: e27 事件哈希 c961910c5b55688c…
append: e28 事件哈希 d1de84cc77724a5d…
append: e29 事件哈希 a0b4ee4870c0107c…
append: e30 事件哈希 f238a238eacd0ef8…
append: e31 事件哈希 61996080e750cc06…
append: e32 事件哈希 54a9726ebf23a422…
append: e33 事件哈希 885469a39219adb1…
append: e34 事件哈希 61a9a152082afd54…
append: e35 事件哈希 57f0fc9f46b4328b…
append: e36 事件哈希 842d5551db85727b…
append: e37 事件哈希 2338d81927702676…
append: e38 事件哈希 7dc23ba28205a6c1…
append: e39 事件哈希 748a2956734e8c2e…
append: e40 事件哈希 f54daef22ddf2ba9…
append: e41 事件哈希 c646655b7a717854…
append: e42 事件哈希 4730a5e74fd3b341…
append: e43 事件哈希 d0d11b4dd2f03214…
append: e44 事件哈希 e72b00c4b1bfcb8e…
append: e45 事件哈希 e5d209b64da7a76a…
append: e46 事件哈希 b4c55d7001721699…
append: e47 事件哈希 fda5c06d2ff9cea9…
append: e48 事件哈希 21cff21d8db68866…
append: e49 事件哈希 d5c225dae0abe2d3…
append: e50 事件哈希 b4c3fc2bd7202b66…
append: e51 事件哈希 b58679ca0a9136fd…
append: e52 事件哈希 6633ccc6b6c413a6…
append: e53 事件哈希 4c01989ef57f17d7…
append: e54 事件哈希 3a83d300bfb36759…
append: e55 事件哈希 335ff8b9e59e7d06…
append: e56 事件哈希 5aa88f32d889b864…
append: e57 事件哈希 b75dbd0d434db92d…
append: e58 事件哈希 bf1f27807a4e0bb4…
append: e59 事件哈希 341b939e95e2431e…
append: e60 事件哈希 7e8bc279c9cab1ed…
append: e61 事件哈希 7c88039347414d96…
append: e62 事件哈希 3897b60e74f9f3ec…
append: e63 事件哈希 4ff283c799a75abf…
append: e64 事件哈希 113bb479ab919622…
append: e65 事件哈希 0bdd019ca40c0600…
append: e66 事件哈希 cdfbb227dfd3c0c8…
append: e67 事件哈希 32ef17722d0732fa…
append: e68 事件哈希 6e48324306837c9d…
append: e69 事件哈希 3f7f1964c2a70d1d…
append: e70 事件哈希 b1390f9c0a3634af…
append: e71 事件哈希 67ff84693fa83e36…
append: e72 事件哈希 8d8e94319fe93a5d…
append: e73 事件哈希 12ebfd004946e8c0…
append: e74 事件哈希 08ab76b52420cd0b…
append: e75 事件哈希 03a7368d9711951d…
append: e76 事件哈希 4aff9ec033e2631e…
append: e77 事件哈希 5673d2ca8c854e44…
append: e78 事件哈希 1463c8717af4ce53…
append: e79 事件哈希 4ac48e17d680cbe4…
build: 生成 spec.md / 提示词速查.md / citations.md → D:\临时工作区\大审查-工作包-20260909\衔尾蛇\sandbox\x17-A1-s16（手改生成区=违例）
install: L2 + [] → D:\临时工作区\大审查-工作包-20260909\衔尾蛇\sandbox\x17-A1-s16
  交付内容体 29 个（含 {SLOT} 待填文件 11 个——按 install 指南填槽）
  待填槽文件（示例）: modules/m-core/install.md, modules/m-core/template/ROOT-README.md, modules/m-index/install.md, modules/m-index/template/knowledge/_index.md, modules/m-tools/install.md…
  Merkle 根（排除 state.json）: 762bb83b25eef9af7bdd35f13830e2e15c96046d5d03649fe0c68f2e9b6543d1
  请将此根抄录至人侧（公理E）
append: e0 事件哈希 aa6cb4371edac1b5…
append: e1 事件哈希 c18cfad4c15f8340…
append: e2 事件哈希 aaa4cd6b4967640a…
append: e3 事件哈希 20d5c7f471067b22…
append: e4 事件哈希 81ab854a1dd3a430…
append: e5 事件哈希 707cdad842a3dbfc…
append: e6 事件哈希 4c8749c914884c9f…
append: e7 事件哈希 0e24406e39c72d93…
append: e8 事件哈希 5e11a7ecd9698546…
append: e9 事件哈希 7434a783b33a7003…
append: e10 事件哈希 3a39cb33c34c7726…
append: e11 事件哈希 a865cbe05972975d…
append: e12 事件哈希 b65c0d003e5f6285…
append: e13 事件哈希 ab694b7fd68b7bd2…
append: e14 事件哈希 4679233fe12059ca…
append: e15 事件哈希 cb54ebcc6c2e2061…
append: e16 事件哈希 34229c1ab3a870c7…
append: e17 事件哈希 03e773ad8f8003a2…
append: e18 事件哈希 d6bb5014b7ba7ad6…
append: e19 事件哈希 bf72f5395e840079…
append: e20 事件哈希 f808c3812566f245…
append: e21 事件哈希 41703dd553903d3b…
append: e22 事件哈希 d83e84037ba1d1e3…
append: e23 事件哈希 49d6be485e4d046e…
append: e24 事件哈希 37a3c79026b8a2ed…
append: e25 事件哈希 eebdb598daf12351…
append: e26 事件哈希 0f6653412641dbc3…
append: e27 事件哈希 f4404090aa963e2d…
append: e28 事件哈希 a8f900f93b720916…
append: e29 事件哈希 d360022f3dd5aa4f…
append: e30 事件哈希 fb01696eb5d2ad23…
append: e31 事件哈希 3a28afe25b0c030e…
append: e32 事件哈希 29d703a27b36330e…
append: e33 事件哈希 7b09d2e774a01e78…
append: e34 事件哈希 ac7f1735f68ffd64…
append: e35 事件哈希 fb58a5de7fdb284e…
append: e36 事件哈希 f1ce7c396f4de253…
append: e37 事件哈希 c0b65d23aa99a131…
append: e38 事件哈希 488c1ef78918f7c2…
append: e39 事件哈希 e95b41a875f3643e…
append: e40 事件哈希 1fb4589ff5645c90…
append: e41 事件哈希 1c930487674a1d9b…
append: e42 事件哈希 a59553d9ce5cd752…
append: e43 事件哈希 ec93390e4366ab1e…
append: e44 事件哈希 b990d799cf4c6fdf…
append: e45 事件哈希 1b3c700105883971…
append: e46 事件哈希 28ce68dd80effa62…
append: e47 事件哈希 68a3b24b1eba7da5…
append: e48 事件哈希 0dd1e26428d9983a…
append: e49 事件哈希 150c34a5121b9f8f…
append: e50 事件哈希 7bc6c1e140b61b56…
append: e51 事件哈希 2731233a18531907…
append: e52 事件哈希 c6675e1787b90a7b…
append: e53 事件哈希 d6cd684035d3e2f1…
append: e54 事件哈希 d4444b395bccf8d9…
append: e55 事件哈希 324582570f4aff9c…
append: e56 事件哈希 cc05695498fb2052…
append: e57 事件哈希 47268aa491dff3b1…
append: e58 事件哈希 4fe201d99ae0d9bb…
append: e59 事件哈希 7c9dc54ad87efbfe…
append: e60 事件哈希 a872218661d534cb…
append: e61 事件哈希 90a977c139e6cd34…
append: e62 事件哈希 e0bd272ba0256911…
append: e63 事件哈希 d10d95fbdf157aa6…
append: e64 事件哈希 d707f309aedc18c7…
append: e65 事件哈希 ff66fb278887b2d5…
append: e66 事件哈希 70e968537c509e6d…
append: e67 事件哈希 047712d1bee0ffc7…
append: e68 事件哈希 b22c6707430c8f07…
append: e69 事件哈希 20f39957e758e562…
append: e70 事件哈希 d54f089fc58c8f0f…
append: e71 事件哈希 bc51ff80c8f945d5…
append: e72 事件哈希 62cf89be7c6a0e55…
append: e73 事件哈希 8ab4ce7416908c68…
append: e74 事件哈希 41ffeac8a15197c3…
append: e75 事件哈希 ea0fa8a33dd911dc…
append: e76 事件哈希 eb477e10a0bb80d9…
append: e77 事件哈希 4db8650a25710b43…
append: e78 事件哈希 ccb3167051389486…
append: e79 事件哈希 413be8c12fc55726…
build: 生成 spec.md / 提示词速查.md / citations.md → D:\临时工作区\大审查-工作包-20260909\衔尾蛇\sandbox\x17-A1-s17（手改生成区=违例）
install: L2 + [] → D:\临时工作区\大审查-工作包-20260909\衔尾蛇\sandbox\x17-A1-s17
  交付内容体 29 个（含 {SLOT} 待填文件 11 个——按 install 指南填槽）
  待填槽文件（示例）: modules/m-core/install.md, modules/m-core/template/ROOT-README.md, modules/m-index/install.md, modules/m-index/template/knowledge/_index.md, modules/m-tools/install.md…
  Merkle 根（排除 state.json）: 500cdd93ee13f2e6f8fd6e8a6b4a9a189a776791b46c97f68edf0adff0dc0c99
  请将此根抄录至人侧（公理E）
append: e0 事件哈希 aa6cb4371edac1b5…
append: e1 事件哈希 c18cfad4c15f8340…
append: e2 事件哈希 aaa4cd6b4967640a…
append: e3 事件哈希 ddaccf7664604fe0…
append: e4 事件哈希 ecb65ca77e1448be…
append: e5 事件哈希 b812ff7de0ace8aa…
append: e6 事件哈希 8eca3a6d950dd9e2…
append: e7 事件哈希 6c3ae8058b7d808d…
append: e8 事件哈希 5131754004481dd7…
append: e9 事件哈希 4900d86de82ada5c…
append: e10 事件哈希 f346b0d2338ee37e…
append: e11 事件哈希 b34f780bdb272425…
append: e12 事件哈希 89af4fcf9af1492e…
append: e13 事件哈希 3ed480cbdc2ce6f3…
append: e14 事件哈希 d98933908db0b79d…
append: e15 事件哈希 a5c048563619a3b8…
append: e16 事件哈希 bd34d662bf5866c2…
append: e17 事件哈希 87851f72218a8412…
append: e18 事件哈希 826bd32fdc8a453b…
append: e19 事件哈希 c3197872befaad47…
append: e20 事件哈希 55d037bd2508a211…
append: e21 事件哈希 6668c118412e0879…
append: e22 事件哈希 427135d54cf1ddfe…
append: e23 事件哈希 2e2914ba51e6ad6c…
append: e24 事件哈希 ef989dca9fa15634…
append: e25 事件哈希 7bb53ec84229eb0c…
append: e26 事件哈希 0e1ab21fbc53a8d8…
append: e27 事件哈希 9a8f40ff800caa81…
append: e28 事件哈希 85a6f9b0c20defd2…
append: e29 事件哈希 69def3b83ff89a79…
append: e30 事件哈希 4ab348b2056c6cc9…
append: e31 事件哈希 dfdcc0b523455e4a…
append: e32 事件哈希 1233eb8b4e1cd7a8…
append: e33 事件哈希 814239d3281b583d…
append: e34 事件哈希 be06510dc101f40f…
append: e35 事件哈希 10a9b165a54c9707…
append: e36 事件哈希 745455a15e40c51c…
append: e37 事件哈希 eef1b0f6549253fc…
append: e38 事件哈希 fe6d558ff29b9c61…
append: e39 事件哈希 aa11ad640c16759d…
append: e40 事件哈希 727419be92ae65c6…
append: e41 事件哈希 8a306354b036b675…
append: e42 事件哈希 ddbf8c66167d12ac…
append: e43 事件哈希 d345f90da43a4acb…
append: e44 事件哈希 eb485fb54c90dbca…
append: e45 事件哈希 b926569a73afe2c1…
append: e46 事件哈希 66240264d5eb31a5…
append: e47 事件哈希 763b92a6228f9375…
append: e48 事件哈希 5f36a01adcbf28b9…
append: e49 事件哈希 ad6deadafe94115d…
append: e50 事件哈希 71ce60bd0ca11579…
append: e51 事件哈希 58fd482e407d99a0…
append: e52 事件哈希 453084e99a057da1…
append: e53 事件哈希 c409f2d5d1ee5230…
append: e54 事件哈希 6435809cde45e583…
append: e55 事件哈希 a31b00007e9c13fc…
append: e56 事件哈希 5616326951a7f046…
append: e57 事件哈希 7979c8ae199d7de0…
append: e58 事件哈希 1c7c60112b7ba4dc…
append: e59 事件哈希 576afbbd9a871138…
append: e60 事件哈希 4c7a21f7072d2e43…
append: e61 事件哈希 5ffe07c31bc01093…
append: e62 事件哈希 1a4e6ef9c1031109…
append: e63 事件哈希 2a02b684cb4e2e61…
append: e64 事件哈希 9ed1ac4c766cf56f…
append: e65 事件哈希 3abf2ad526d1765e…
append: e66 事件哈希 304f4740dbcaf67c…
append: e67 事件哈希 4f5c8fae4079d680…
append: e68 事件哈希 d940c7d608fe9d4e…
append: e69 事件哈希 23185ea84215f979…
append: e70 事件哈希 5a42d8b6ff0de475…
append: e71 事件哈希 12dcd8b767173751…
append: e72 事件哈希 4fe4d3e10ec8f624…
append: e73 事件哈希 b0a2b70125c7d72f…
append: e74 事件哈希 b4cefbb44a87cc2c…
append: e75 事件哈希 767b52ef15f02466…
append: e76 事件哈希 360f8024592888a2…
append: e77 事件哈希 a8b34731be031fbb…
append: e78 事件哈希 5c90dec5ff43413f…
append: e79 事件哈希 678aa0e50ef6751a…
build: 生成 spec.md / 提示词速查.md / citations.md → D:\临时工作区\大审查-工作包-20260909\衔尾蛇\sandbox\x17-A1-s18（手改生成区=违例）
install: L2 + [] → D:\临时工作区\大审查-工作包-20260909\衔尾蛇\sandbox\x17-A1-s18
  交付内容体 29 个（含 {SLOT} 待填文件 11 个——按 install 指南填槽）
  待填槽文件（示例）: modules/m-core/install.md, modules/m-core/template/ROOT-README.md, modules/m-index/install.md, modules/m-index/template/knowledge/_index.md, modules/m-tools/install.md…
  Merkle 根（排除 state.json）: 1a5ace16df1eaea92acaaaa9ceb70c9018563b78c1274b34744b31a1be62e3dd
  请将此根抄录至人侧（公理E）
append: e0 事件哈希 89d2831927d1ae63…
append: e1 事件哈希 3af96412fb37a076…
append: e2 事件哈希 92fa724fb8bd2fe3…
append: e3 事件哈希 c2b729403c046e3f…
append: e4 事件哈希 c06aa8dd72a8a4cd…
append: e5 事件哈希 ee5ed322ea98f2ba…
append: e6 事件哈希 d325ab9569b91704…
append: e7 事件哈希 340085ac26aa520b…
append: e8 事件哈希 3d19c6b90f788a0e…
append: e9 事件哈希 016a0347ee347aa4…
append: e10 事件哈希 a5dd86faa4b7c631…
append: e11 事件哈希 068ce1adbcecc14f…
append: e12 事件哈希 ac54e82977527aba…
append: e13 事件哈希 b283fbe8e6833c9f…
append: e14 事件哈希 cdde7e2abdf867f0…
append: e15 事件哈希 67acb06250893a47…
append: e16 事件哈希 c2800b17562695fa…
append: e17 事件哈希 9db068107456cfce…
append: e18 事件哈希 d4c3fd9f79dd2971…
append: e19 事件哈希 c25d9d937d79b05c…
append: e20 事件哈希 1a5230cc12515702…
append: e21 事件哈希 312af5d99703aba2…
append: e22 事件哈希 df69b5fd40041bc4…
append: e23 事件哈希 a40822d82055fe8b…
append: e24 事件哈希 7f1b8998ef094a91…
append: e25 事件哈希 817294cf87ce30db…
append: e26 事件哈希 360ce4ebac45b623…
append: e27 事件哈希 eed1edce2fe77f1b…
append: e28 事件哈希 db2a51b6bb382f00…
append: e29 事件哈希 2e23c6db49b8de55…
append: e30 事件哈希 f17424ceb3d58f08…
append: e31 事件哈希 27a72645df2a278c…
append: e32 事件哈希 5004a5a05354e42b…
append: e33 事件哈希 ee19772293badb4e…
append: e34 事件哈希 9e66ff3cf9939b4e…
append: e35 事件哈希 d30d9f1e7e3c9f62…
append: e36 事件哈希 72d75e66df9080d4…
append: e37 事件哈希 7c71f0a54548db6d…
append: e38 事件哈希 2c26a816833ea0ed…
append: e39 事件哈希 775ef1f3369bdb74…
append: e40 事件哈希 6f63f0a3b6239d8a…
append: e41 事件哈希 e87ec663d678b80e…
append: e42 事件哈希 853b55f36e7c90a9…
append: e43 事件哈希 205b33b5b666fa84…
append: e44 事件哈希 2614ad6a325d6d60…
append: e45 事件哈希 8c9677b0d662100b…
append: e46 事件哈希 c8595825c4dcb677…
append: e47 事件哈希 4c5ed1be0dc8c016…
append: e48 事件哈希 8794014d858f6be9…
append: e49 事件哈希 82d59fcac5926138…
append: e50 事件哈希 a4ccbd930aa09be8…
append: e51 事件哈希 33146d8c89985354…
append: e52 事件哈希 acbcc0264eb3fbec…
append: e53 事件哈希 7d052c5bf05e5af5…
append: e54 事件哈希 cb4d62dbee7e77f4…
append: e55 事件哈希 3c6eb2f0c8413fee…
append: e56 事件哈希 c37c677fef87e8a0…
append: e57 事件哈希 8e8b37dfc4ec68d9…
append: e58 事件哈希 430c7b391621f1ee…
append: e59 事件哈希 6ab68ffc904e11f5…
append: e60 事件哈希 30c455e7d6a39fae…
append: e61 事件哈希 841a4772fabde7c3…
append: e62 事件哈希 926eb393f0937fdf…
append: e63 事件哈希 9c9a9201e2c20a48…
append: e64 事件哈希 28d2b28dd84b020b…
append: e65 事件哈希 bf2275da6ba6011a…
append: e66 事件哈希 276bed77144424a8…
append: e67 事件哈希 84b059f279d76176…
append: e68 事件哈希 9e8176e90365a6c6…
append: e69 事件哈希 417014fdb34cb7a9…
append: e70 事件哈希 c9b16d8a3df3ad23…
append: e71 事件哈希 9fbd2bf866986f95…
append: e72 事件哈希 d41c445369d1a20c…
append: e73 事件哈希 f6d61a763c8a03ba…
append: e74 事件哈希 2c98b64dced5786a…
append: e75 事件哈希 916a93050ae94ed9…
append: e76 事件哈希 b6ead4dea006a6e1…
append: e77 事件哈希 20090314a07104ee…
append: e78 事件哈希 4a41322cd5cf1ebd…
append: e79 事件哈希 63fa96deee4b7eed…
build: 生成 spec.md / 提示词速查.md / citations.md → D:\临时工作区\大审查-工作包-20260909\衔尾蛇\sandbox\x17-A1-s19（手改生成区=违例）
install: L2 + [] → D:\临时工作区\大审查-工作包-20260909\衔尾蛇\sandbox\x17-A1-s19
  交付内容体 29 个（含 {SLOT} 待填文件 11 个——按 install 指南填槽）
  待填槽文件（示例）: modules/m-core/install.md, modules/m-core/template/ROOT-README.md, modules/m-index/install.md, modules/m-index/template/knowledge/_index.md, modules/m-tools/install.md…
  Merkle 根（排除 state.json）: ee073ea20f64ae612bb1afe5c6c0b3959db5f727972eb8c45480502cbaf10c31
  请将此根抄录至人侧（公理E）
append: e0 事件哈希 89d2831927d1ae63…
append: e1 事件哈希 31533129e4881262…
append: e2 事件哈希 c67d1737cb0dad4c…
append: e3 事件哈希 49e2d628342b227c…
append: e4 事件哈希 fb80cad99ebd45f7…
append: e5 事件哈希 454e79b77edc4ab9…
append: e6 事件哈希 f583156d35226360…
append: e7 事件哈希 a7a7ae8d04bffc4b…
append: e8 事件哈希 f66b3558cc48e00f…
append: e9 事件哈希 411c4f84db872f28…
append: e10 事件哈希 f81e7388488bc617…
append: e11 事件哈希 c3a04eddfca65b33…
append: e12 事件哈希 e2b48a11585eded8…
append: e13 事件哈希 081cd13daa059274…
append: e14 事件哈希 1d69e0a9d65cb435…
append: e15 事件哈希 2349aece380b7ce3…
append: e16 事件哈希 3ef0eb5a9e76ea18…
append: e17 事件哈希 9773ea334a3eafb9…
append: e18 事件哈希 0b32cb97cb0b758a…
append: e19 事件哈希 53e526eeccfeaf78…
append: e20 事件哈希 a92f284eff8d0ca2…
append: e21 事件哈希 2d43bb00ec06d598…
append: e22 事件哈希 e13c7127d29ff05c…
append: e23 事件哈希 0d4867bb9d641b8e…
append: e24 事件哈希 7f2a359ed31a70db…
append: e25 事件哈希 20420cb5a4f9aeff…
append: e26 事件哈希 0464b03dd4c3f45a…
append: e27 事件哈希 3f00f9b0f4ee345c…
append: e28 事件哈希 59123134742583bc…
append: e29 事件哈希 11609962f52eb645…
append: e30 事件哈希 bd348ccda80f690c…
append: e31 事件哈希 be5170bb9bcd46c3…
append: e32 事件哈希 0ebdadf4d9709d4f…
append: e33 事件哈希 5780857e329198ff…
append: e34 事件哈希 3835eb25dca1e015…
append: e35 事件哈希 6f754e6eb719009b…
append: e36 事件哈希 6c281ae432a518f0…
append: e37 事件哈希 1840ad1d344f3246…
append: e38 事件哈希 60b8548dfb2c1f6a…
append: e39 事件哈希 c79b7d94ced4ae0d…
append: e40 事件哈希 c02ab127fc9388a2…
append: e41 事件哈希 247cc288de9f9b64…
append: e42 事件哈希 0772d0ea2d708516…
append: e43 事件哈希 3f3342caa7e3daec…
append: e44 事件哈希 069e7ea6897abb6b…
append: e45 事件哈希 6dcd064ea5b4a377…
append: e46 事件哈希 27889f334a60ae9d…
append: e47 事件哈希 3e6cbe3625961478…
append: e48 事件哈希 645adab697b76f10…
append: e49 事件哈希 352d841b6723d6f8…
append: e50 事件哈希 c1c5379f90ffae9f…
append: e51 事件哈希 bcfaad7031cb296a…
append: e52 事件哈希 730cb84a8a511179…
append: e53 事件哈希 e22c8bf1aa475d32…
append: e54 事件哈希 e241f267489a77e7…
append: e55 事件哈希 5bc97d06ac774e13…
append: e56 事件哈希 b94283b9bda82b20…
append: e57 事件哈希 a2160e07b625a9d3…
append: e58 事件哈希 9790e2a95ba9907d…
append: e59 事件哈希 e3701a055f02ae32…
append: e60 事件哈希 d5e362ed82249412…
append: e61 事件哈希 9c25992c85f6fefd…
append: e62 事件哈希 6efdc28b86d49aaa…
append: e63 事件哈希 67e14c6b58df5f80…
append: e64 事件哈希 df4a67a2da1c0be3…
append: e65 事件哈希 1ff8f3b764c9214f…
append: e66 事件哈希 ee787adc04980daa…
append: e67 事件哈希 7dbe86fd7980b8da…
append: e68 事件哈希 dafc4975c902cf2f…
append: e69 事件哈希 3469a5e946af752b…
append: e70 事件哈希 cf64e74d83c5e8fe…
append: e71 事件哈希 d81229084c68730e…
append: e72 事件哈希 0b355ae2d647a003…
append: e73 事件哈希 0a47c1c847fb5614…
append: e74 事件哈希 55abf77988140186…
append: e75 事件哈希 49cfc5b38d1ac2d3…
append: e76 事件哈希 32110bec76baf0df…
append: e77 事件哈希 ae015f235adc1419…
append: e78 事件哈希 612984bb7a34fe10…
append: e79 事件哈希 2abc2bfc28f0f32d…
build: 生成 spec.md / 提示词速查.md / citations.md → D:\临时工作区\大审查-工作包-20260909\衔尾蛇\sandbox\x17-A1-s20（手改生成区=违例）
install: L2 + [] → D:\临时工作区\大审查-工作包-20260909\衔尾蛇\sandbox\x17-A1-s20
  交付内容体 29 个（含 {SLOT} 待填文件 11 个——按 install 指南填槽）
  待填槽文件（示例）: modules/m-core/install.md, modules/m-core/template/ROOT-README.md, modules/m-index/install.md, modules/m-index/template/knowledge/_index.md, modules/m-tools/install.md…
  Merkle 根（排除 state.json）: 3395bf5fd323f13e16d2ceabd006c935e5fa25c02644050e51a634088f433e61
  请将此根抄录至人侧（公理E）
append: e0 事件哈希 89d2831927d1ae63…
append: e1 事件哈希 31533129e4881262…
append: e2 事件哈希 9bd4eaaa2343b73e…
append: e3 事件哈希 badd00fc3ec8ec09…
append: e4 事件哈希 9f9b54d519bce609…
append: e5 事件哈希 2401198be7497de9…
append: e6 事件哈希 37cbb74c52a9dda9…
append: e7 事件哈希 d84aa7a6268670ba…
append: e8 事件哈希 8d1af975b70a2568…
append: e9 事件哈希 8fe70cb70971b247…
append: e10 事件哈希 cb6b973afa111e55…
append: e11 事件哈希 3d4e3bfc584895ee…
append: e12 事件哈希 be732db00f125aa0…
append: e13 事件哈希 ae302df3650359e4…
append: e14 事件哈希 e791f40def4f3339…
append: e15 事件哈希 981834c296d5e0aa…
append: e16 事件哈希 8c184f92cb24662b…
append: e17 事件哈希 52bfba6d93beb6ce…
append: e18 事件哈希 52accd93e5f9dfa3…
append: e19 事件哈希 ccc2abd5dee47938…
append: e20 事件哈希 015b8d9b71793a76…
append: e21 事件哈希 dae1a1e63282d68a…
append: e22 事件哈希 b91dcd83b3600f17…
append: e23 事件哈希 02b937acccf0ef51…
append: e24 事件哈希 ae03e9532f339b66…
append: e25 事件哈希 1a71a5689b5a6f17…
append: e26 事件哈希 f85648152a12cb84…
append: e27 事件哈希 1167b3a2bc315367…
append: e28 事件哈希 48e56b8c51447122…
append: e29 事件哈希 88ae9eee31789d95…
append: e30 事件哈希 751f9a37d65d2c9b…
append: e31 事件哈希 f712474fe61acfa7…
append: e32 事件哈希 e995b3d62de99379…
append: e33 事件哈希 d273ad0a1f269767…
append: e34 事件哈希 786c5f7a7f59cf5b…
append: e35 事件哈希 71229cefc087f4e3…
append: e36 事件哈希 97b36ff1b3ba77a5…
append: e37 事件哈希 a6ad2e87640c6d77…
append: e38 事件哈希 cb52a1ac62c9d099…
append: e39 事件哈希 1701a9a0fb498a9e…
append: e40 事件哈希 e91b561170e2853c…
append: e41 事件哈希 1201000e1b4497ed…
append: e42 事件哈希 aba91e9bb9a9f902…
append: e43 事件哈希 10e070ff93944963…
append: e44 事件哈希 e8bfa3f0beba016b…
append: e45 事件哈希 5d6fd371609090ad…
append: e46 事件哈希 e65af40e71fce135…
append: e47 事件哈希 7081d99fcae3882b…
append: e48 事件哈希 669d45bf5b78b875…
append: e49 事件哈希 d5aad39d5c45b56c…
append: e50 事件哈希 04e1b22a73b22c02…
append: e51 事件哈希 1fed766f1e798f50…
append: e52 事件哈希 724afb93f6af5b7d…
append: e53 事件哈希 9bb0ec1147efd5f2…
append: e54 事件哈希 9899bf8b1dd77618…
append: e55 事件哈希 ec29e8c58c7732d9…
append: e56 事件哈希 bea1caac397a15ad…
append: e57 事件哈希 a914b3ae3373785c…
append: e58 事件哈希 8db21497dc0b8680…
append: e59 事件哈希 a7f0a73cceec444d…
append: e60 事件哈希 6969ef2a73babf2c…
append: e61 事件哈希 695a947433a2b834…
append: e62 事件哈希 30b9377181d61d31…
append: e63 事件哈希 e01469468cb3f4de…
append: e64 事件哈希 8df7e61321cba69a…
append: e65 事件哈希 f7c306005e150921…
append: e66 事件哈希 059bb9b05dc79735…
append: e67 事件哈希 b0a79bfc385abf99…
append: e68 事件哈希 1438de721c6ba1ea…
append: e69 事件哈希 345b3ece35852801…
append: e70 事件哈希 453eeb3fa2f60c5b…
append: e71 事件哈希 02b6cf2e0574a28e…
append: e72 事件哈希 9931f5d6ebc35510…
append: e73 事件哈希 f458a67254f74b41…
append: e74 事件哈希 771ca99899f3da02…
append: e75 事件哈希 937b6d415c1b23ab…
append: e76 事件哈希 7fe8a02c8fd4e73f…
append: e77 事件哈希 1117087ad7e64d06…
append: e78 事件哈希 c5ce9a5d2b42ab1d…
append: e79 事件哈希 817f7b2106493d87…
build: 生成 spec.md / 提示词速查.md / citations.md → D:\临时工作区\大审查-工作包-20260909\衔尾蛇\sandbox\x17-A1-s21（手改生成区=违例）
install: L2 + [] → D:\临时工作区\大审查-工作包-20260909\衔尾蛇\sandbox\x17-A1-s21
  交付内容体 29 个（含 {SLOT} 待填文件 11 个——按 install 指南填槽）
  待填槽文件（示例）: modules/m-core/install.md, modules/m-core/template/ROOT-README.md, modules/m-index/install.md, modules/m-index/template/knowledge/_index.md, modules/m-tools/install.md…
  Merkle 根（排除 state.json）: e078371549490b6dce838d69c9c84b8c1d18b20d400bb1c72c22d02b78e19b24
  请将此根抄录至人侧（公理E）
append: e0 事件哈希 aa6cb4371edac1b5…
append: e1 事件哈希 76861be6ec4e59a5…
append: e2 事件哈希 a5a95fba1547d5bd…
append: e3 事件哈希 09931ca89f226336…
append: e4 事件哈希 8353e451be9005d5…
append: e5 事件哈希 8d732668c5f9b25b…
append: e6 事件哈希 407d568f62fa7d6b…
append: e7 事件哈希 d39f3b34a911f803…
append: e8 事件哈希 3141186cfa0bfa53…
append: e9 事件哈希 ae2a1cb0b9f0986e…
append: e10 事件哈希 95f43bbc83271b9f…
append: e11 事件哈希 a83ae0f863ccc868…
append: e12 事件哈希 830f5c72d5162837…
append: e13 事件哈希 4acd17985b125641…
append: e14 事件哈希 0a7e526e4c84c8d6…
append: e15 事件哈希 5c5ae313ec06ffa6…
append: e16 事件哈希 c8531434e85f7966…
append: e17 事件哈希 e0a3fd4efb0e141e…
append: e18 事件哈希 6197c6072631737f…
append: e19 事件哈希 14e50faf3dbb7594…
append: e20 事件哈希 b04ff58484a5ebec…
append: e21 事件哈希 666dda77700d1a30…
append: e22 事件哈希 4c07b10f9fed65fd…
append: e23 事件哈希 7df0a14138046ade…
append: e24 事件哈希 744fbd7169b019db…
append: e25 事件哈希 e665ab244471f560…
append: e26 事件哈希 96ed4db27115faf2…
append: e27 事件哈希 8829ebabffe0d2eb…
append: e28 事件哈希 a6adbd1978670abb…
append: e29 事件哈希 9e09a11bbaf997ae…
append: e30 事件哈希 c49f34ff010f9cb4…
append: e31 事件哈希 f6404fd85177e99c…
append: e32 事件哈希 d7476e88f4f84e1d…
append: e33 事件哈希 2ace9994da03f1e4…
append: e34 事件哈希 27a40259614de3f9…
append: e35 事件哈希 2edaa63ba4064990…
append: e36 事件哈希 3c6b6099abc43bd4…
append: e37 事件哈希 87bf8b765ccf533d…
append: e38 事件哈希 c18b3975ca03fd4f…
append: e39 事件哈希 d8bd7fa4b90afd7c…
append: e40 事件哈希 1725a7c0e65851e4…
append: e41 事件哈希 6400d249d228cd6a…
append: e42 事件哈希 7291765bb8011528…
append: e43 事件哈希 35d748f38088640b…
append: e44 事件哈希 e6f84bafd658279d…
append: e45 事件哈希 2bbd1f9e36d1bb24…
append: e46 事件哈希 88273f850e0f99a2…
append: e47 事件哈希 6890d405ae60021d…
append: e48 事件哈希 9478ffbe5965be05…
append: e49 事件哈希 96ac31753c8aa422…
append: e50 事件哈希 5a5170a587830404…
append: e51 事件哈希 fc54a9a3269fc8c8…
append: e52 事件哈希 6421937b37ed17ff…
append: e53 事件哈希 82c725451e2b7506…
append: e54 事件哈希 bfb1335a499f02cd…
append: e55 事件哈希 7e50537833f6de7a…
append: e56 事件哈希 bf39637e5ea88826…
append: e57 事件哈希 06e2ad0b71241db0…
append: e58 事件哈希 c62f7f8431741702…
append: e59 事件哈希 9dc51ab0894bca08…
append: e60 事件哈希 1d29e934025ac53f…
append: e61 事件哈希 383e53dd0b14b49d…
append: e62 事件哈希 a91ca7c4cc87ba06…
append: e63 事件哈希 0603232489bf8f8b…
append: e64 事件哈希 eacdb9c9b99331b5…
append: e65 事件哈希 4cb6aa4518fad079…
append: e66 事件哈希 07fb215a2a7f145c…
append: e67 事件哈希 e60707b67cf18c9f…
append: e68 事件哈希 1849bc08a6701c78…
append: e69 事件哈希 7896540165b1eb5a…
append: e70 事件哈希 7889ec25530d2415…
append: e71 事件哈希 049d1b14c5608624…
append: e72 事件哈希 4578cb06e06f0b3c…
append: e73 事件哈希 6d9fd4c5dadceefe…
append: e74 事件哈希 4755a8018ff3b676…
append: e75 事件哈希 8cd6deeffb11b9bf…
append: e76 事件哈希 bf265442ca6462a4…
append: e77 事件哈希 cae3780a74378d6a…
append: e78 事件哈希 56c0c74cecbf8ca2…
append: e79 事件哈希 692352bf954f8322…
build: 生成 spec.md / 提示词速查.md / citations.md → D:\临时工作区\大审查-工作包-20260909\衔尾蛇\sandbox\x17-A1-s22（手改生成区=违例）
install: L2 + [] → D:\临时工作区\大审查-工作包-20260909\衔尾蛇\sandbox\x17-A1-s22
  交付内容体 29 个（含 {SLOT} 待填文件 11 个——按 install 指南填槽）
  待填槽文件（示例）: modules/m-core/install.md, modules/m-core/template/ROOT-README.md, modules/m-index/install.md, modules/m-index/template/knowledge/_index.md, modules/m-tools/install.md…
  Merkle 根（排除 state.json）: 8a66fb47b5ed09044eabcd9200164c6a1e65f71010a8818e8494819def3e7d6d
  请将此根抄录至人侧（公理E）
append: e0 事件哈希 89d2831927d1ae63…
append: e1 事件哈希 3af96412fb37a076…
append: e2 事件哈希 92fa724fb8bd2fe3…
append: e3 事件哈希 3614cf50271ed3ff…
append: e4 事件哈希 f83ecbc2b9cb2779…
append: e5 事件哈希 641d3f63428b7a24…
append: e6 事件哈希 c905e2908f77ff4d…
append: e7 事件哈希 ef28504c2cbff456…
append: e8 事件哈希 519c5ec73d21258b…
append: e9 事件哈希 47ee68b250beb464…
append: e10 事件哈希 1c2340a6c0cc36b6…
append: e11 事件哈希 c92c2c871a51b9f8…
append: e12 事件哈希 eb93ae3394c10e04…
append: e13 事件哈希 2205ab6594f75bce…
append: e14 事件哈希 f7dd4ada0382c87d…
append: e15 事件哈希 5f0986728915a979…
append: e16 事件哈希 093acba98df30799…
append: e17 事件哈希 9e2d7f50198fbae0…
append: e18 事件哈希 8844b595a8257ad2…
append: e19 事件哈希 87bc379f22740b03…
append: e20 事件哈希 dd9b58bc1585410e…
append: e21 事件哈希 62b580ee472fe9e7…
append: e22 事件哈希 c23b6e6908e46a5b…
append: e23 事件哈希 343b42cab14c6d08…
append: e24 事件哈希 b19396cc1a307477…
append: e25 事件哈希 6581db76be57a74c…
append: e26 事件哈希 4ff6285082f02a4b…
append: e27 事件哈希 7e4f069c2892f6fa…
append: e28 事件哈希 bd88cb5626e9b403…
append: e29 事件哈希 468ce83e5025b035…
append: e30 事件哈希 725db8d67cce126b…
append: e31 事件哈希 67347a67a2f62799…
append: e32 事件哈希 478c49243153359f…
append: e33 事件哈希 6e15cef5cdaa104a…
append: e34 事件哈希 e5260e6c9a984e0e…
append: e35 事件哈希 dfc39f28396a1028…
append: e36 事件哈希 c324619aa0f0230e…
append: e37 事件哈希 c3a8149e409c77f7…
append: e38 事件哈希 324f9e86297ca963…
append: e39 事件哈希 6928ce09638ed532…
append: e40 事件哈希 8ed5512c8df43371…
append: e41 事件哈希 f3ac8c497115a459…
append: e42 事件哈希 53f701f2f00eca13…
append: e43 事件哈希 017a234e7654aeb9…
append: e44 事件哈希 51b09d421fab5125…
append: e45 事件哈希 4886a9f701cfde57…
append: e46 事件哈希 20500a56d3876bff…
append: e47 事件哈希 e59d5eda4557ab4f…
append: e48 事件哈希 5503402fb3a8f826…
append: e49 事件哈希 d55930216b29df28…
append: e50 事件哈希 0f03717864797285…
append: e51 事件哈希 68e2991ab91784d7…
append: e52 事件哈希 f20dc445870e1e3d…
append: e53 事件哈希 662f377fb5c52aed…
append: e54 事件哈希 d8ed63714c22c915…
append: e55 事件哈希 d4fddf9cb8bddc60…
append: e56 事件哈希 f5569d1ffda54c73…
append: e57 事件哈希 30c46b5ad4efc238…
append: e58 事件哈希 04f4429e6666ed74…
append: e59 事件哈希 ffc7463b04267559…
append: e60 事件哈希 e77a0c3d6e0c4168…
append: e61 事件哈希 816d7fef4000360f…
append: e62 事件哈希 6078af200b1d63b0…
append: e63 事件哈希 33d78a2f95e64759…
append: e64 事件哈希 4e3de2f55e0a65e8…
append: e65 事件哈希 7281afdec33bcb45…
append: e66 事件哈希 962b91bba88419c6…
append: e67 事件哈希 6dd664b968b51f79…
append: e68 事件哈希 0efd36e744871eea…
append: e69 事件哈希 df568fcf70e531b5…
append: e70 事件哈希 30c8ca2f969315a3…
append: e71 事件哈希 528cfee556eb1592…
append: e72 事件哈希 ed401e55adcca477…
append: e73 事件哈希 468c2ef6e7f19d69…
append: e74 事件哈希 8a0627247550b47b…
append: e75 事件哈希 948a7a2de90bc11e…
append: e76 事件哈希 1e4dacd632623aa8…
append: e77 事件哈希 715ad06b1ea322cb…
append: e78 事件哈希 14d0bb17678625b6…
append: e79 事件哈希 a621a5ef1fecbdc6…
build: 生成 spec.md / 提示词速查.md / citations.md → D:\临时工作区\大审查-工作包-20260909\衔尾蛇\sandbox\x17-A1-s23（手改生成区=违例）
install: L2 + [] → D:\临时工作区\大审查-工作包-20260909\衔尾蛇\sandbox\x17-A1-s23
  交付内容体 29 个（含 {SLOT} 待填文件 11 个——按 install 指南填槽）
  待填槽文件（示例）: modules/m-core/install.md, modules/m-core/template/ROOT-README.md, modules/m-index/install.md, modules/m-index/template/knowledge/_index.md, modules/m-tools/install.md…
  Merkle 根（排除 state.json）: 1b18500d4293c077de932539da8367af5b48d62477da3b7fcebe693a1f4e9df9
  请将此根抄录至人侧（公理E）
append: e0 事件哈希 89d2831927d1ae63…
append: e1 事件哈希 31533129e4881262…
append: e2 事件哈希 c67d1737cb0dad4c…
append: e3 事件哈希 1e135be58c1e9c18…
append: e4 事件哈希 6d2c96e4e7bf0296…
append: e5 事件哈希 14dade9ca05672a8…
append: e6 事件哈希 f9a5cfa27d420827…
append: e7 事件哈希 2afb7abf4cf3c49f…
append: e8 事件哈希 dc8c8a9b14c8ae7b…
append: e9 事件哈希 67b0c150143c4f38…
append: e10 事件哈希 ff296e975ccfe673…
append: e11 事件哈希 81f11f2155d6e3fa…
append: e12 事件哈希 3a1cc5e6a009b417…
append: e13 事件哈希 aaf7bf7f0561f1aa…
append: e14 事件哈希 76b300913ca261c0…
append: e15 事件哈希 bc1ef89a12c87f96…
append: e16 事件哈希 3655dde082d76014…
append: e17 事件哈希 87c180ae16893406…
append: e18 事件哈希 db84fec2b9cac0a5…
append: e19 事件哈希 db1b041dcdebf7ef…
append: e20 事件哈希 879d16c8e75dd0ad…
append: e21 事件哈希 8d9e57a45958b7db…
append: e22 事件哈希 84e8e4bd1cc6e0d1…
append: e23 事件哈希 69270c175cc34026…
append: e24 事件哈希 5b99dbc58fb002d3…
append: e25 事件哈希 030d87196aa74eec…
append: e26 事件哈希 785f05402831ae1c…
append: e27 事件哈希 f46060f1a4d47912…
append: e28 事件哈希 e9610d1271d9d96b…
append: e29 事件哈希 4d9e0f58e4aeb012…
append: e30 事件哈希 37f5b9b44ce17800…
append: e31 事件哈希 28c7e4f2f4c13b22…
append: e32 事件哈希 1320cd2ae0ee25bf…
append: e33 事件哈希 e43e75fd877517e3…
append: e34 事件哈希 2fe3584e5f868610…
append: e35 事件哈希 9b5c91ce1ea2b406…
append: e36 事件哈希 1d6c0d702e2d3c13…
append: e37 事件哈希 2d81da9dfdd1ecbc…
append: e38 事件哈希 9f7272d72b6d3e3d…
append: e39 事件哈希 2aac04a7aff1051c…
append: e40 事件哈希 30f98ddcfafbbf47…
append: e41 事件哈希 635feaef8131a741…
append: e42 事件哈希 66ee8ea2691d27eb…
append: e43 事件哈希 24aeb81cdbc4e51c…
append: e44 事件哈希 328facc27f77a7e1…
append: e45 事件哈希 9057cf25926193bf…
append: e46 事件哈希 3c21c93618f4bed5…
append: e47 事件哈希 5f731f027abb9c3d…
append: e48 事件哈希 d01d5fb642168fd5…
append: e49 事件哈希 01d13ade078b80ad…
append: e50 事件哈希 c43f3d1d190364ca…
append: e51 事件哈希 4ed95acc19cb2cab…
append: e52 事件哈希 e3d4cfd32f0ce288…
append: e53 事件哈希 db6fd4bebc10764d…
append: e54 事件哈希 7b2239095e934317…
append: e55 事件哈希 d99925f5d678b192…
append: e56 事件哈希 3b79a9eecbcfe622…
append: e57 事件哈希 7331c3f9b7f12916…
append: e58 事件哈希 dec84a3e1bd97268…
append: e59 事件哈希 29f4c16a74d90a69…
append: e60 事件哈希 5c8c72dbf722a508…
append: e61 事件哈希 b67d5cb7fe59ed36…
append: e62 事件哈希 00fef5ec66dceec9…
append: e63 事件哈希 dcd49768ffbe8a52…
append: e64 事件哈希 c48bf0421e2a1624…
append: e65 事件哈希 47b324dd7306fea7…
append: e66 事件哈希 dad7c66948ed9c0d…
append: e67 事件哈希 f8c4f6f2593a65c3…
append: e68 事件哈希 bcd671326f8799c1…
append: e69 事件哈希 0c8dbb18c8c14227…
append: e70 事件哈希 c66d86df3d4988fc…
append: e71 事件哈希 c1a1b8e969924073…
append: e72 事件哈希 d2930021b21ca4dc…
append: e73 事件哈希 50a5c8d1c7f00ec5…
append: e74 事件哈希 ce41b875aef32e88…
append: e75 事件哈希 98261a71e11124dc…
append: e76 事件哈希 c64a891886008ada…
append: e77 事件哈希 56a348a51906d181…
append: e78 事件哈希 baa98fd63815c839…
append: e79 事件哈希 271cd29dd5de2c78…
build: 生成 spec.md / 提示词速查.md / citations.md → D:\临时工作区\大审查-工作包-20260909\衔尾蛇\sandbox\x17-A1-s24（手改生成区=违例）
install: L2 + [] → D:\临时工作区\大审查-工作包-20260909\衔尾蛇\sandbox\x17-A1-s24
  交付内容体 29 个（含 {SLOT} 待填文件 11 个——按 install 指南填槽）
  待填槽文件（示例）: modules/m-core/install.md, modules/m-core/template/ROOT-README.md, modules/m-index/install.md, modules/m-index/template/knowledge/_index.md, modules/m-tools/install.md…
  Merkle 根（排除 state.json）: 904220cab34cac61c7d032eb711b1003fb44001fa075cbdabe7284cc9b2115e1
  请将此根抄录至人侧（公理E）
append: e0 事件哈希 aa6cb4371edac1b5…
append: e1 事件哈希 c18cfad4c15f8340…
append: e2 事件哈希 aaa4cd6b4967640a…
append: e3 事件哈希 20d5c7f471067b22…
append: e4 事件哈希 81ab854a1dd3a430…
append: e5 事件哈希 707cdad842a3dbfc…
append: e6 事件哈希 4c8749c914884c9f…
append: e7 事件哈希 0e24406e39c72d93…
append: e8 事件哈希 5849c07f3df29f97…
append: e9 事件哈希 c821c64241004794…
append: e10 事件哈希 28cba30203d5c7a1…
append: e11 事件哈希 94846295d08cb7d6…
append: e12 事件哈希 9ba4992958a380e7…
append: e13 事件哈希 d6c824f90deeaa8f…
append: e14 事件哈希 d796180244295ebc…
append: e15 事件哈希 cca2ef8bc288ce35…
append: e16 事件哈希 10c6b98c6a60c4ae…
append: e17 事件哈希 80ae9157bfbf9d95…
append: e18 事件哈希 23b715c327a50821…
append: e19 事件哈希 8ab2a989c75df830…
append: e20 事件哈希 387e8d79733a03c6…
append: e21 事件哈希 d17b0793105480f7…
append: e22 事件哈希 a9870f469b1f5db6…
append: e23 事件哈希 f1699d1c2b02baa5…
append: e24 事件哈希 8bcaacb1947217ac…
append: e25 事件哈希 2f51243182b9bc8e…
append: e26 事件哈希 bf7176a5d28cc2e1…
append: e27 事件哈希 d9a94d179ab32856…
append: e28 事件哈希 889ac8754c9c924e…
append: e29 事件哈希 149e588a0dbc953f…
append: e30 事件哈希 319adef3be97ddf2…
append: e31 事件哈希 dbdcc2ca0c1e5de1…
append: e32 事件哈希 1ed4d5c1d175ea72…
append: e33 事件哈希 6ecf002e48cde892…
append: e34 事件哈希 77bacec73410c77e…
append: e35 事件哈希 f41942dfe88b5fae…
append: e36 事件哈希 5d1aee74d7931457…
append: e37 事件哈希 3a01b3e00638fb84…
append: e38 事件哈希 cf1a7382304db9e5…
append: e39 事件哈希 05b47df9a761a8d9…
append: e40 事件哈希 fc57d4382f069ef0…
append: e41 事件哈希 3ebc2430d5f6738c…
append: e42 事件哈希 a4328d392e2fd4ab…
append: e43 事件哈希 246bd0915420e036…
append: e44 事件哈希 3ec714f9a27c4bee…
append: e45 事件哈希 a63e1c1ebf3945ba…
append: e46 事件哈希 e3b65d782caf2c0a…
append: e47 事件哈希 d495b12bbcabf905…
append: e48 事件哈希 0e36a32101fab3f4…
append: e49 事件哈希 ad51ba690b1433ca…
append: e50 事件哈希 359930714fe0c9a1…
append: e51 事件哈希 f2f8a579675515e0…
append: e52 事件哈希 25a61ea6237814f8…
append: e53 事件哈希 03018f80ae9dcca4…
append: e54 事件哈希 086def9ec17b7261…
append: e55 事件哈希 835a20e09aa95ded…
append: e56 事件哈希 b3707f3bdd05757c…
append: e57 事件哈希 c1bffbe7e805e406…
append: e58 事件哈希 86f02cf9fcb2caa8…
append: e59 事件哈希 6ee98f750d187318…
append: e60 事件哈希 f82e5a3d029bb7d4…
append: e61 事件哈希 97b53d6f8d39e9d7…
append: e62 事件哈希 75be068fd784fbbc…
append: e63 事件哈希 0ead8958cc9230d2…
append: e64 事件哈希 22b87e7c3c14d34f…
append: e65 事件哈希 0425b9cd7b99b497…
append: e66 事件哈希 f86a69556be48b50…
append: e67 事件哈希 9f84e495cf81a98c…
append: e68 事件哈希 913897c77232c135…
append: e69 事件哈希 28b6b5a78d9647c5…
append: e70 事件哈希 b4b66fd7a3553b95…
append: e71 事件哈希 5a07bc700dd0c906…
append: e72 事件哈希 23a0c0618ff7a782…
append: e73 事件哈希 c7d62d826a1f88d7…
append: e74 事件哈希 70fc63c8e3d9857b…
append: e75 事件哈希 b91fe32b7223f052…
append: e76 事件哈希 a92d4c716d83e1ba…
append: e77 事件哈希 b6796e2ec82f48fb…
append: e78 事件哈希 5691f6380bd472e6…
append: e79 事件哈希 f442688f6079757f…
[A1] recall均值=1.0 受伤=0/24 doctor异常=0
build: 生成 spec.md / 提示词速查.md / citations.md → D:\临时工作区\大审查-工作包-20260909\衔尾蛇\sandbox\x17-A2-s1（手改生成区=违例）
install: L2 + [] → D:\临时工作区\大审查-工作包-20260909\衔尾蛇\sandbox\x17-A2-s1
  交付内容体 29 个（含 {SLOT} 待填文件 11 个——按 install 指南填槽）
  待填槽文件（示例）: modules/m-core/install.md, modules/m-core/template/ROOT-README.md, modules/m-index/install.md, modules/m-index/template/knowledge/_index.md, modules/m-tools/install.md…
  Merkle 根（排除 state.json）: c394efe4ee9d894ec66768a7ed4d427b8ca9b3517b93d15f776282c8dfa6f85a
  请将此根抄录至人侧（公理E）
append: e0 事件哈希 aa6cb4371edac1b5…
append: e1 事件哈希 c18cfad4c15f8340…
append: e2 事件哈希 aaa4cd6b4967640a…
append: e3 事件哈希 ddaccf7664604fe0…
append: e4 事件哈希 aab3a730918d3363…
append: e5 事件哈希 f99b753182ec3889…
append: e6 事件哈希 19c647d0cccb40ff…
append: e7 事件哈希 02f02949174227cb…
append: e8 事件哈希 a518ae3f9cb97f5c…
append: e9 事件哈希 c1f1f22ea869744d…
append: e10 事件哈希 91b754ccbf2c2a3b…
append: e11 事件哈希 97eeca2378d4686a…
append: e12 事件哈希 288074c498a9fd65…
append: e13 事件哈希 de380b523ee547b0…
append: e14 事件哈希 1532df26f1239c94…
append: e15 事件哈希 fb1fbd01e6e767b5…
append: e16 事件哈希 df0b17ffdc51ba27…
append: e17 事件哈希 0262f69076755601…
append: e18 事件哈希 ca8515502585e259…
append: e19 事件哈希 b7d386e224e23a7c…
append: e20 事件哈希 3fc2b08a1a9cd114…
append: e21 事件哈希 850ad937a21a7e1e…
append: e22 事件哈希 16c88a58fc5ee021…
append: e23 事件哈希 ea91f99a95503568…
append: e24 事件哈希 15f9d2bb38c12969…
append: e25 事件哈希 d1138f0b5234c5d4…
append: e26 事件哈希 c2f08ddb8b4f3fd6…
append: e27 事件哈希 e94bf4b5060701a6…
append: e28 事件哈希 629107abda97164b…
append: e29 事件哈希 91ad18203efa0703…
append: e30 事件哈希 92326b974b12ed90…
append: e31 事件哈希 a8ca06e03e00c14c…
append: e32 事件哈希 824f2db961a5627a…
append: e33 事件哈希 c881112a572b48b3…
append: e34 事件哈希 be871a34a8b012e3…
append: e35 事件哈希 a77a3436d279ebce…
append: e36 事件哈希 b996fcc1a6f5bb08…
append: e37 事件哈希 0f89de9363d1c34a…
append: e38 事件哈希 afc619d6731ed47a…
append: e39 事件哈希 200aec7b8c7887d0…
append: e40 事件哈希 6e94c90ce79c94cb…
append: e41 事件哈希 484401adf5717210…
append: e42 事件哈希 8c1b5339e9f295f2…
append: e43 事件哈希 6ffe95edd183d68c…
append: e44 事件哈希 b24ddf3c2e3a2889…
append: e45 事件哈希 9b9247979a643542…
append: e46 事件哈希 c1ac493bc4aed0e3…
append: e47 事件哈希 e746c1245cb8385e…
append: e48 事件哈希 2615cb3fa9079df0…
append: e49 事件哈希 5d21835145206d1e…
append: e50 事件哈希 6d0c03ea9f1d2671…
append: e51 事件哈希 ec2961c4cca5765f…
append: e52 事件哈希 2d60e72f9435b612…
append: e53 事件哈希 fc29e9170a1a8717…
append: e54 事件哈希 3714eddeb342ac21…
append: e55 事件哈希 d6e730b5ddbef031…
append: e56 事件哈希 61fe41fd2351cb24…
append: e57 事件哈希 3891033631c34132…
append: e58 事件哈希 334803574fc6120e…
append: e59 事件哈希 bb4f3a2014ee8402…
append: e60 事件哈希 9ba3b21a4a5d8c94…
append: e61 事件哈希 254e09e79d487706…
append: e62 事件哈希 ffbd124e4076408a…
append: e63 事件哈希 f6980fa5942bb188…
append: e64 事件哈希 88f08da46abb1763…
append: e65 事件哈希 9beb835a955eee74…
append: e66 事件哈希 e5d1977bc6138d4e…
append: e67 事件哈希 7fad09143e88bd8b…
append: e68 事件哈希 bf6b94ed2bf44779…
append: e69 事件哈希 3beda583ebcfaef9…
append: e70 事件哈希 84cad9833e2a3961…
append: e71 事件哈希 1cc24c123e045603…
append: e72 事件哈希 84b6247477a7f251…
append: e73 事件哈希 c7547a471fc8e373…
append: e74 事件哈希 8d6fe8e08733427c…
append: e75 事件哈希 ea1d7e2b33b76e13…
append: e76 事件哈希 86b0143d00c0b15f…
append: e77 事件哈希 32d621831c5b3198…
append: e78 事件哈希 f7b9b61b0d68cd2a…
append: e79 事件哈希 c8eb04ae2ee83972…
build: 生成 spec.md / 提示词速查.md / citations.md → D:\临时工作区\大审查-工作包-20260909\衔尾蛇\sandbox\x17-A2-s2（手改生成区=违例）
install: L2 + [] → D:\临时工作区\大审查-工作包-20260909\衔尾蛇\sandbox\x17-A2-s2
  交付内容体 29 个（含 {SLOT} 待填文件 11 个——按 install 指南填槽）
  待填槽文件（示例）: modules/m-core/install.md, modules/m-core/template/ROOT-README.md, modules/m-index/install.md, modules/m-index/template/knowledge/_index.md, modules/m-tools/install.md…
  Merkle 根（排除 state.json）: 41ea2ed49c763725134ab71a927f5a47a8bce87b1fd20db0672cd6b903256048
  请将此根抄录至人侧（公理E）
append: e0 事件哈希 89d2831927d1ae63…
append: e1 事件哈希 31533129e4881262…
append: e2 事件哈希 c67d1737cb0dad4c…
append: e3 事件哈希 1e135be58c1e9c18…
append: e4 事件哈希 bbee30ebc21d6cd0…
append: e5 事件哈希 7c6a2feb9983ba96…
append: e6 事件哈希 b992ebbbe659c718…
append: e7 事件哈希 b0df202dab40ab10…
append: e8 事件哈希 40cac6f0f3df5d05…
append: e9 事件哈希 060ca45d1f9a6781…
append: e10 事件哈希 da3b7188b8609621…
append: e11 事件哈希 49e42819741b009e…
append: e12 事件哈希 83b03d8746745303…
append: e13 事件哈希 34e4879d498f6ef8…
append: e14 事件哈希 1656443f64aa9d01…
append: e15 事件哈希 6ef04a18048b5665…
append: e16 事件哈希 c1b58469f72ef15e…
append: e17 事件哈希 4a177305996d2ca8…
append: e18 事件哈希 d3080c4978b711ce…
append: e19 事件哈希 9bd15872846bf7b1…
append: e20 事件哈希 715f7cc626212c82…
append: e21 事件哈希 874014394e8b3fc7…
append: e22 事件哈希 be2ad484a3c07a39…
append: e23 事件哈希 57a93ae3c41b4a9b…
append: e24 事件哈希 981478df83dda1cc…
append: e25 事件哈希 5ea0ce43d0f0e639…
append: e26 事件哈希 2b72686a2004e251…
append: e27 事件哈希 340182df68af4ea2…
append: e28 事件哈希 0e611c0467b91cd6…
append: e29 事件哈希 5bab0ac5a531fa44…
append: e30 事件哈希 eaef7cac60c88a14…
append: e31 事件哈希 2021c45c0539aa2a…
append: e32 事件哈希 53516beb45b5d516…
append: e33 事件哈希 36b9fdb06b0ceba2…
append: e34 事件哈希 7928e863cb88ed6d…
append: e35 事件哈希 3cf31e2a13b25500…
append: e36 事件哈希 b243fd36b8698c68…
append: e37 事件哈希 585c665416cd9d3e…
append: e38 事件哈希 e3866d9bbf938fff…
append: e39 事件哈希 43b5c4e66bcc4ef8…
append: e40 事件哈希 d8a7ac3df89c4a80…
append: e41 事件哈希 75fe1610bdfc2372…
append: e42 事件哈希 2b7276fe909078aa…
append: e43 事件哈希 788ce4298addeca2…
append: e44 事件哈希 e20622de2b8deb39…
append: e45 事件哈希 f5d995d00facad61…
append: e46 事件哈希 49fe1d7aee4fe352…
append: e47 事件哈希 9ad536759d6107a7…
append: e48 事件哈希 67f598390b42ab2e…
append: e49 事件哈希 2558d2d22f6eee97…
append: e50 事件哈希 c6a93b447c38f30d…
append: e51 事件哈希 c15dd8dfccba25d4…
append: e52 事件哈希 d38fabbb775e3851…
append: e53 事件哈希 e01ba7bfc1a5b4b8…
append: e54 事件哈希 f9b2ca1f011b50aa…
append: e55 事件哈希 bc141bc707e98103…
append: e56 事件哈希 cb9235f6f3a15804…
append: e57 事件哈希 a78ec3f8cf4d6932…
append: e58 事件哈希 d512adfd3f2d1102…
append: e59 事件哈希 827558134025667f…
append: e60 事件哈希 042782de3b63da42…
append: e61 事件哈希 31bf1860f7ff1fad…
append: e62 事件哈希 7e4eb02c03c3677a…
append: e63 事件哈希 f82e8ee281aa6903…
append: e64 事件哈希 d55f04de5bfaf18e…
append: e65 事件哈希 5913a47ae1c51395…
append: e66 事件哈希 1c6ede8ef1788c61…
append: e67 事件哈希 a03370f9bc3dd198…
append: e68 事件哈希 6fc18ace70c92a58…
append: e69 事件哈希 ef3b36d04caa804a…
append: e70 事件哈希 1cffde599fad3dbe…
append: e71 事件哈希 d17b900586d7807d…
append: e72 事件哈希 b7dfb99d426ff5aa…
append: e73 事件哈希 4b7129ec5f7370d9…
append: e74 事件哈希 8c9dcaeb9f22347a…
append: e75 事件哈希 411e7aafe076aa73…
append: e76 事件哈希 04e71541017fd7ef…
append: e77 事件哈希 0746ed0215b4caa7…
append: e78 事件哈希 9e8c4e6ba2fc369c…
append: e79 事件哈希 797eca984f4d550c…
build: 生成 spec.md / 提示词速查.md / citations.md → D:\临时工作区\大审查-工作包-20260909\衔尾蛇\sandbox\x17-A2-s3（手改生成区=违例）
install: L2 + [] → D:\临时工作区\大审查-工作包-20260909\衔尾蛇\sandbox\x17-A2-s3
  交付内容体 29 个（含 {SLOT} 待填文件 11 个——按 install 指南填槽）
  待填槽文件（示例）: modules/m-core/install.md, modules/m-core/template/ROOT-README.md, modules/m-index/install.md, modules/m-index/template/knowledge/_index.md, modules/m-tools/install.md…
  Merkle 根（排除 state.json）: eebe83b783795c525c1b1b8dc67583e9fca5969a266f0fc49493e86e6d8507df
  请将此根抄录至人侧（公理E）
append: e0 事件哈希 aa6cb4371edac1b5…
append: e1 事件哈希 c18cfad4c15f8340…
append: e2 事件哈希 9c284f17d2926f25…
append: e3 事件哈希 2abd4eab15e70ace…
append: e4 事件哈希 794acb7afccdd0ca…
append: e5 事件哈希 5a1176b61c5db1ac…
append: e6 事件哈希 b15b550a281a3882…
append: e7 事件哈希 56e093f46ccf20e6…
append: e8 事件哈希 96cfec16c94964c7…
append: e9 事件哈希 6b486cac4bdce2ab…
append: e10 事件哈希 ee51fe9092d5dceb…
append: e11 事件哈希 bbfd1db1c15fcb68…
append: e12 事件哈希 36fc843e5e79b54a…
append: e13 事件哈希 0c7f21109f179f59…
append: e14 事件哈希 5903e29c2122de59…
append: e15 事件哈希 16e1172d6ed19223…
append: e16 事件哈希 466fbd41893955e9…
append: e17 事件哈希 baa36e24060f3f11…
append: e18 事件哈希 2ff7ad0f002b6b51…
append: e19 事件哈希 b984f5fd021fdaba…
append: e20 事件哈希 1206e3cbb714cef9…
append: e21 事件哈希 297a1d6f22c82adf…
append: e22 事件哈希 a8454a15871bb276…
append: e23 事件哈希 cc2bfc816d2101c1…
append: e24 事件哈希 2f90546f2976b5f1…
append: e25 事件哈希 2814d5da87f58737…
append: e26 事件哈希 f43b45e7136c309c…
append: e27 事件哈希 1c49d22d7355b0f7…
append: e28 事件哈希 5bd60d6697b5c062…
append: e29 事件哈希 5a30796024468d74…
append: e30 事件哈希 827c6823c8d0ec28…
append: e31 事件哈希 3c71e6c3091241e0…
append: e32 事件哈希 9fdf244c81b04ec1…
append: e33 事件哈希 b51321c3f94d53fb…
append: e34 事件哈希 09ce5bdfc032172e…
append: e35 事件哈希 798acca39f9ea2e8…
append: e36 事件哈希 2a3f2faa1e9528a2…
append: e37 事件哈希 31f85a051b8cedae…
append: e38 事件哈希 33b88ffd3198689d…
append: e39 事件哈希 725f0de647be9ff3…
append: e40 事件哈希 823229d22816b1ab…
append: e41 事件哈希 fe68722bf99ca93e…
append: e42 事件哈希 f64b31a44a030f68…
append: e43 事件哈希 bcbdb378111396c6…
append: e44 事件哈希 1248e1560078b9d9…
append: e45 事件哈希 414e63e5c706ce0d…
append: e46 事件哈希 c77c12592933efb5…
append: e47 事件哈希 5bab746f4968de3b…
append: e48 事件哈希 b8135a1c64a59337…
append: e49 事件哈希 2b76e6b0e955b8b6…
append: e50 事件哈希 c3754f93ae60ba53…
append: e51 事件哈希 5f2145240d842403…
append: e52 事件哈希 1b1239c5fe915e4f…
append: e53 事件哈希 35aca024eb7f649a…
append: e54 事件哈希 b647f188f08fab46…
append: e55 事件哈希 50411a934629e665…
append: e56 事件哈希 2f12f6ce437a90f5…
append: e57 事件哈希 36fe5101ca468fda…
append: e58 事件哈希 32c0b9f83bdd8b40…
append: e59 事件哈希 29c973ec5f125e70…
append: e60 事件哈希 ec6b3bcef0760178…
append: e61 事件哈希 0e1968a80922b32c…
append: e62 事件哈希 abe70b20bfa490c7…
append: e63 事件哈希 e5ded66a97351788…
append: e64 事件哈希 ef152906d48c2c91…
append: e65 事件哈希 3253a482791c3f4e…
append: e66 事件哈希 fc213723a7270dd4…
append: e67 事件哈希 aae137e4e2ea4da2…
append: e68 事件哈希 34a6cf852b8d8b0f…
append: e69 事件哈希 0982ab9962a1df44…
append: e70 事件哈希 4612f93d12094aa2…
append: e71 事件哈希 a3ecf5bebdb028fe…
append: e72 事件哈希 2129bde9afdb5bde…
append: e73 事件哈希 e6d215bd406791be…
append: e74 事件哈希 3894023180b9f4bb…
append: e75 事件哈希 299123b887ae7231…
append: e76 事件哈希 7f09fd3a0dc6c481…
append: e77 事件哈希 c84a3ac322c0ce61…
append: e78 事件哈希 40da4a618d16288f…
append: e79 事件哈希 4121ca451043720e…
build: 生成 spec.md / 提示词速查.md / citations.md → D:\临时工作区\大审查-工作包-20260909\衔尾蛇\sandbox\x17-A2-s4（手改生成区=违例）
install: L2 + [] → D:\临时工作区\大审查-工作包-20260909\衔尾蛇\sandbox\x17-A2-s4
  交付内容体 29 个（含 {SLOT} 待填文件 11 个——按 install 指南填槽）
  待填槽文件（示例）: modules/m-core/install.md, modules/m-core/template/ROOT-README.md, modules/m-index/install.md, modules/m-index/template/knowledge/_index.md, modules/m-tools/install.md…
  Merkle 根（排除 state.json）: df99be92beea52287316294348e439c8b6e19cc96b2960640a5074e50f975bcb
  请将此根抄录至人侧（公理E）
append: e0 事件哈希 89d2831927d1ae63…
append: e1 事件哈希 3af96412fb37a076…
append: e2 事件哈希 92fa724fb8bd2fe3…
append: e3 事件哈希 3614cf50271ed3ff…
append: e4 事件哈希 77bc3397ac36f0a7…
append: e5 事件哈希 a840bd0a2342724c…
append: e6 事件哈希 ba53d8d42984c41b…
append: e7 事件哈希 c2e88ab8d88a09b5…
append: e8 事件哈希 3a55ab07adc65ea5…
append: e9 事件哈希 5e7a663ea20da340…
append: e10 事件哈希 8701fb590c0f3bf2…
append: e11 事件哈希 88c3e1e646a271c7…
append: e12 事件哈希 b01fd7a26be2001d…
append: e13 事件哈希 ac6fc261be75b4ef…
append: e14 事件哈希 624b56616bea96e9…
append: e15 事件哈希 0ae60e0968684b70…
append: e16 事件哈希 03dfc8087e178742…
append: e17 事件哈希 5132c43b76e8bec9…
append: e18 事件哈希 5bdcac16c418f8f5…
append: e19 事件哈希 01df355c7d05dfa3…
append: e20 事件哈希 cc25219511c918ef…
append: e21 事件哈希 668b4c37ea37fbc3…
append: e22 事件哈希 d1d0f17a841b0b9c…
append: e23 事件哈希 c6b5a8be1de431c4…
append: e24 事件哈希 2d7f968a0e1fd9db…
append: e25 事件哈希 a9fdf9262410dd73…
append: e26 事件哈希 92efdc728f55519f…
append: e27 事件哈希 b090e6de8254c46e…
append: e28 事件哈希 51156dee5399df15…
append: e29 事件哈希 e37ac08fbd6cc11d…
append: e30 事件哈希 abb448e49d2492dd…
append: e31 事件哈希 b2e446ff0f4c6db2…
append: e32 事件哈希 b3443593b3b145a3…
append: e33 事件哈希 551516cda96fc306…
append: e34 事件哈希 9aa43e54abe6383f…
append: e35 事件哈希 67f837d4ad6e6676…
append: e36 事件哈希 db11048beca6eda7…
append: e37 事件哈希 1bfde85b3d8df5a0…
append: e38 事件哈希 76f3cd071bacca1d…
append: e39 事件哈希 f13a530a7f0e7534…
append: e40 事件哈希 abbfda20798ce5b0…
append: e41 事件哈希 10e637e6610fc618…
append: e42 事件哈希 a46d55037d5b554c…
append: e43 事件哈希 b9f2711aa2ebbfbd…
append: e44 事件哈希 b995cdd7acba5dc7…
append: e45 事件哈希 61302478aff01868…
append: e46 事件哈希 0d1678357a0f6bb6…
append: e47 事件哈希 434b8dc1d912106c…
append: e48 事件哈希 6217b952ffe8c01a…
append: e49 事件哈希 ab714f2bc044a3f2…
append: e50 事件哈希 883037e777542d05…
append: e51 事件哈希 98894d501c74728f…
append: e52 事件哈希 9d86d2e6e64ead0c…
append: e53 事件哈希 c199f6ca2c4974d7…
append: e54 事件哈希 1b1f4bebaf46bae6…
append: e55 事件哈希 89567e5e25a6ec40…
append: e56 事件哈希 3a67ffb179beb5f2…
append: e57 事件哈希 fb2a52645614d924…
append: e58 事件哈希 60f2be9bdacf1fea…
append: e59 事件哈希 b34a40f1f4378c80…
append: e60 事件哈希 725116a6b82a489e…
append: e61 事件哈希 14129a430a6b5a01…
append: e62 事件哈希 80fd4a503baa2ce1…
append: e63 事件哈希 41de65919b9e49ff…
append: e64 事件哈希 bd56083f18cce3ba…
append: e65 事件哈希 b393eceed4409a3f…
append: e66 事件哈希 014f4107dd9c9f20…
append: e67 事件哈希 99da741ee164284c…
append: e68 事件哈希 3b63bd69664c3b9a…
append: e69 事件哈希 b3970c88d461ca0f…
append: e70 事件哈希 4d6f8a3c45714abc…
append: e71 事件哈希 47a9aa3afa79a248…
append: e72 事件哈希 ef15b5c05cabbe4a…
append: e73 事件哈希 56022a5a8e1d489b…
append: e74 事件哈希 599ee5d3d4a24a1c…
append: e75 事件哈希 b12c3570f8d646f0…
append: e76 事件哈希 5dcc6f3f3807af11…
append: e77 事件哈希 4b5df1d06d0dc3a4…
append: e78 事件哈希 fa70af68c14f0e0c…
append: e79 事件哈希 6a99d33380f83bdd…
build: 生成 spec.md / 提示词速查.md / citations.md → D:\临时工作区\大审查-工作包-20260909\衔尾蛇\sandbox\x17-A2-s5（手改生成区=违例）
install: L2 + [] → D:\临时工作区\大审查-工作包-20260909\衔尾蛇\sandbox\x17-A2-s5
  交付内容体 29 个（含 {SLOT} 待填文件 11 个——按 install 指南填槽）
  待填槽文件（示例）: modules/m-core/install.md, modules/m-core/template/ROOT-README.md, modules/m-index/install.md, modules/m-index/template/knowledge/_index.md, modules/m-tools/install.md…
  Merkle 根（排除 state.json）: 314bdc6f4fe88920ac14cdc8f7382559def449e396d853fe51f5bbc866970511
  请将此根抄录至人侧（公理E）
append: e0 事件哈希 89d2831927d1ae63…
append: e1 事件哈希 31533129e4881262…
append: e2 事件哈希 9bd4eaaa2343b73e…
append: e3 事件哈希 f085e42b6a273b33…
append: e4 事件哈希 10ab689942361797…
append: e5 事件哈希 3e9c1563bccbcdcc…
append: e6 事件哈希 6f278e1c37d8e319…
append: e7 事件哈希 fb7cdf877e895993…
append: e8 事件哈希 c60db8cdf712cdf8…
append: e9 事件哈希 ecf5da20a8ec18dd…
append: e10 事件哈希 469c154497e89f4c…
append: e11 事件哈希 618bd1e5f3b1b3ac…
append: e12 事件哈希 3302e0f333629652…
append: e13 事件哈希 d7d6b0125d4b3676…
append: e14 事件哈希 71805e3dd08d3341…
append: e15 事件哈希 587cc18d8d4c0431…
append: e16 事件哈希 e61db93802983395…
append: e17 事件哈希 47145f9218dce45d…
append: e18 事件哈希 9ea8a230e6ea68ea…
append: e19 事件哈希 9ae805b856c58c70…
append: e20 事件哈希 8ebcda83a9d25eb0…
append: e21 事件哈希 abc392febdc66a5f…
append: e22 事件哈希 992bad668d106faf…
append: e23 事件哈希 cadabee1f793131d…
append: e24 事件哈希 c9852babdaef09f8…
append: e25 事件哈希 dedc4f69d587c01b…
append: e26 事件哈希 ba1e62a038445166…
append: e27 事件哈希 d64d78676f498d3e…
append: e28 事件哈希 690c20238f64aca0…
append: e29 事件哈希 9b35d72d8903674c…
append: e30 事件哈希 8d45c492e75ae8e5…
append: e31 事件哈希 e2593f019d785e52…
append: e32 事件哈希 adbc585a8416b4cf…
append: e33 事件哈希 71520ab0a1942f06…
append: e34 事件哈希 fb21f744805124bb…
append: e35 事件哈希 5dc76ecfa3f9724c…
append: e36 事件哈希 6e4345ebcda20736…
append: e37 事件哈希 92e7db633eb30908…
append: e38 事件哈希 50e775d1b23394f5…
append: e39 事件哈希 44a3055233959338…
append: e40 事件哈希 1db206ead2f0f09a…
append: e41 事件哈希 92caebe002e27384…
append: e42 事件哈希 e06197491e336c6b…
append: e43 事件哈希 9eb66eca560d0643…
append: e44 事件哈希 f42e6204397222ed…
append: e45 事件哈希 25a622a8394c7f36…
append: e46 事件哈希 a2e2c9f5dbf2e32a…
append: e47 事件哈希 406f4eaea6b110a2…
append: e48 事件哈希 7e90512a5f47ee13…
append: e49 事件哈希 804099ceccf1fd76…
append: e50 事件哈希 65e684df687c9f43…
append: e51 事件哈希 6a5613384272e269…
append: e52 事件哈希 4d6c0d9d6db3d21a…
append: e53 事件哈希 8b51e35635acc212…
append: e54 事件哈希 a7c0f5de54ea38d8…
append: e55 事件哈希 966de9e22ef361ac…
append: e56 事件哈希 6485c65ef01086c7…
append: e57 事件哈希 fca23e438cc83a3e…
append: e58 事件哈希 121dde89122040f4…
append: e59 事件哈希 b97568effbb8d0c2…
append: e60 事件哈希 aff9a50a711fc0cf…
append: e61 事件哈希 c1526aa8762f5c83…
append: e62 事件哈希 72ee7e7e81a091f1…
append: e63 事件哈希 f6e6c2eeee179d5b…
append: e64 事件哈希 44e052d99fb57575…
append: e65 事件哈希 cd27a546cff175fa…
append: e66 事件哈希 ee9b7ddbabbd9c65…
append: e67 事件哈希 a057563be8d22298…
append: e68 事件哈希 72baf8d71b7e6f44…
append: e69 事件哈希 93c481154f9beb0f…
append: e70 事件哈希 793ba14495a4952c…
append: e71 事件哈希 f69dc3fcce13df84…
append: e72 事件哈希 92ebd37c4cf46aa0…
append: e73 事件哈希 6609dc6dc4cec3b0…
append: e74 事件哈希 4c9e0ac575d092a0…
append: e75 事件哈希 af1794b7f0f092c7…
append: e76 事件哈希 d528be6465424191…
append: e77 事件哈希 1b037bee550995ab…
append: e78 事件哈希 55398646d8dd4b26…
append: e79 事件哈希 abb16b0bdc2b0701…
build: 生成 spec.md / 提示词速查.md / citations.md → D:\临时工作区\大审查-工作包-20260909\衔尾蛇\sandbox\x17-A2-s6（手改生成区=违例）
install: L2 + [] → D:\临时工作区\大审查-工作包-20260909\衔尾蛇\sandbox\x17-A2-s6
  交付内容体 29 个（含 {SLOT} 待填文件 11 个——按 install 指南填槽）
  待填槽文件（示例）: modules/m-core/install.md, modules/m-core/template/ROOT-README.md, modules/m-index/install.md, modules/m-index/template/knowledge/_index.md, modules/m-tools/install.md…
  Merkle 根（排除 state.json）: b77750be9e612175e22bd4cd0cb480ad7cde929d25d821cd9d765b56a24207a0
  请将此根抄录至人侧（公理E）
append: e0 事件哈希 89d2831927d1ae63…
append: e1 事件哈希 31533129e4881262…
append: e2 事件哈希 c67d1737cb0dad4c…
append: e3 事件哈希 1e135be58c1e9c18…
append: e4 事件哈希 6d2c96e4e7bf0296…
append: e5 事件哈希 14dade9ca05672a8…
append: e6 事件哈希 f9a5cfa27d420827…
append: e7 事件哈希 f2d3edddeec40b0a…
append: e8 事件哈希 a6b887a5043e596b…
append: e9 事件哈希 7833cfc068108b1e…
append: e10 事件哈希 fa338ae7a3be0d9b…
append: e11 事件哈希 a0f39e6073b3a7fb…
append: e12 事件哈希 e3cda3c8b09054dc…
append: e13 事件哈希 d7587848980c1d5e…
append: e14 事件哈希 2782f6cd8780d7c1…
append: e15 事件哈希 ffbf0051ea04048f…
append: e16 事件哈希 e720fe1dec4731ba…
append: e17 事件哈希 0dc2c0425595a633…
append: e18 事件哈希 1ecbd66ad6fa2c05…
append: e19 事件哈希 8ec0f03b8a6f0472…
append: e20 事件哈希 36e9117d0db7c785…
append: e21 事件哈希 d816ed121c7b0db9…
append: e22 事件哈希 5ce3b276e453adc1…
append: e23 事件哈希 6243fcdb72ad24a9…
append: e24 事件哈希 51a16c3b2bf8c57f…
append: e25 事件哈希 25dc993de1f96b21…
append: e26 事件哈希 d682a525ed7c20b1…
append: e27 事件哈希 750b4d06fdf13105…
append: e28 事件哈希 de3feaf8eebd90b3…
append: e29 事件哈希 eb0a0062e3dc8eb5…
append: e30 事件哈希 21f37c83d14e3f1e…
append: e31 事件哈希 ffda8ff4debafe98…
append: e32 事件哈希 a328c54ace3594b1…
append: e33 事件哈希 fe5f4c249e12f407…
append: e34 事件哈希 dbbdbee78949f965…
append: e35 事件哈希 80843fa1151aa587…
append: e36 事件哈希 afda016e37e5a716…
append: e37 事件哈希 3fd8fb1039acc095…
append: e38 事件哈希 6d2eaba5a74efe85…
append: e39 事件哈希 57ad973ba734853b…
append: e40 事件哈希 dfc9eaf72f1a1f80…
append: e41 事件哈希 157021337ae0e887…
append: e42 事件哈希 ed920ff04b447291…
append: e43 事件哈希 52b79fb942437fea…
append: e44 事件哈希 2220b592903affea…
append: e45 事件哈希 a4b6306a47f477aa…
append: e46 事件哈希 e04c0212673d513c…
append: e47 事件哈希 208cf154d00035a8…
append: e48 事件哈希 40c6d2a41e4582eb…
append: e49 事件哈希 e1586e07c57d3cfd…
append: e50 事件哈希 be00cf48f6779100…
append: e51 事件哈希 dfda3c1df1c4f218…
append: e52 事件哈希 3bf24704dcc11f71…
append: e53 事件哈希 ac63f12330aecccf…
append: e54 事件哈希 32997fdee28e4704…
append: e55 事件哈希 fecc59eee8a33b4f…
append: e56 事件哈希 487158b01260a1ee…
append: e57 事件哈希 dee984da63d6df6a…
append: e58 事件哈希 d1b4771b995200c7…
append: e59 事件哈希 e3ab250cb7e3a920…
append: e60 事件哈希 fd71c41b0ba4a31b…
append: e61 事件哈希 631141cb751bb3be…
append: e62 事件哈希 80b328188562ddab…
append: e63 事件哈希 855c24c9913efa0f…
append: e64 事件哈希 89a7ebb4cce7fee0…
append: e65 事件哈希 f0c1360781d7aeec…
append: e66 事件哈希 e31faf0df02eb6a6…
append: e67 事件哈希 1dda7b424825fd5f…
append: e68 事件哈希 e76b70c6da64efaf…
append: e69 事件哈希 ab899bb16d7a02ac…
append: e70 事件哈希 4bd229e8a29997e0…
append: e71 事件哈希 bbb85bbb389f5856…
append: e72 事件哈希 a5d7332c52d86f5e…
append: e73 事件哈希 2bf8e12eb7c81f89…
append: e74 事件哈希 1f2a7a035fb3bd53…
append: e75 事件哈希 86a99f20c7c91822…
append: e76 事件哈希 29561f56fea0fbf6…
append: e77 事件哈希 7d113835e29d9a97…
append: e78 事件哈希 42689e6f95616587…
append: e79 事件哈希 3e3386a8cb8a987b…
build: 生成 spec.md / 提示词速查.md / citations.md → D:\临时工作区\大审查-工作包-20260909\衔尾蛇\sandbox\x17-A2-s7（手改生成区=违例）
install: L2 + [] → D:\临时工作区\大审查-工作包-20260909\衔尾蛇\sandbox\x17-A2-s7
  交付内容体 29 个（含 {SLOT} 待填文件 11 个——按 install 指南填槽）
  待填槽文件（示例）: modules/m-core/install.md, modules/m-core/template/ROOT-README.md, modules/m-index/install.md, modules/m-index/template/knowledge/_index.md, modules/m-tools/install.md…
  Merkle 根（排除 state.json）: a44b11abeba9d84543ac792b64e2748f3603cd26d60f7e1dde5d85ced7944c39
  请将此根抄录至人侧（公理E）
append: e0 事件哈希 89d2831927d1ae63…
append: e1 事件哈希 31533129e4881262…
append: e2 事件哈希 9bd4eaaa2343b73e…
append: e3 事件哈希 badd00fc3ec8ec09…
append: e4 事件哈希 5704d0136f18c999…
append: e5 事件哈希 ffaa03d2349b1ba4…
append: e6 事件哈希 aeb0220e9a7defea…
append: e7 事件哈希 fafaf08388d2672d…
append: e8 事件哈希 5dbeda3482721dc3…
append: e9 事件哈希 c92aa0ac58ec1162…
append: e10 事件哈希 0021d8002e507b29…
append: e11 事件哈希 9328284f6aa0fa82…
append: e12 事件哈希 e180f8a4de635171…
append: e13 事件哈希 307073ca1fa363bb…
append: e14 事件哈希 7a2afa28788de178…
append: e15 事件哈希 f1d4622b4605046c…
append: e16 事件哈希 ddae788bab539c46…
append: e17 事件哈希 eba9164be903e919…
append: e18 事件哈希 e8faa7d10e7b758b…
append: e19 事件哈希 6678f208f9e9c2ec…
append: e20 事件哈希 50e50674f42e9ebb…
append: e21 事件哈希 379d6f7b14ccafa3…
append: e22 事件哈希 312315eb3295a674…
append: e23 事件哈希 0d6d9059af30e1b4…
append: e24 事件哈希 ce31fc8246dc1f99…
append: e25 事件哈希 9159d880ac095371…
append: e26 事件哈希 faf718e9a3800756…
append: e27 事件哈希 0499bcf641d37e7d…
append: e28 事件哈希 d556555be6fcfed2…
append: e29 事件哈希 f69fe97e95cac275…
append: e30 事件哈希 b15fa741bb98f6be…
append: e31 事件哈希 05f09543a04594d3…
append: e32 事件哈希 6e5d9ec4e12f674b…
append: e33 事件哈希 c3b194d535c513f7…
append: e34 事件哈希 d0cbb8d220f15ab4…
append: e35 事件哈希 5e3e54a74e2b0ff7…
append: e36 事件哈希 63ac9daab6b03cc6…
append: e37 事件哈希 49b27dae5f2772d2…
append: e38 事件哈希 80290c6ac1b7c93f…
append: e39 事件哈希 38835b6006b359b0…
append: e40 事件哈希 56df016154d40a65…
append: e41 事件哈希 5b0aec5b620e3f24…
append: e42 事件哈希 b6b8bc0059e6da09…
append: e43 事件哈希 965dcf2620a1cc8e…
append: e44 事件哈希 303e01763c518fdd…
append: e45 事件哈希 93155f697f1812d3…
append: e46 事件哈希 89ebc0bf3430930d…
append: e47 事件哈希 abcac7e356357bf0…
append: e48 事件哈希 969e85faed97a35a…
append: e49 事件哈希 2d45ff3dff89a82e…
append: e50 事件哈希 2374824dd5093407…
append: e51 事件哈希 ab380188c2b2c995…
append: e52 事件哈希 6ad4232b8466abf6…
append: e53 事件哈希 e0a851cab3ea4804…
append: e54 事件哈希 8f480a374dc74988…
append: e55 事件哈希 08369079a0db17c7…
append: e56 事件哈希 8dd14b7ac67765a3…
append: e57 事件哈希 1a84a496d72470a0…
append: e58 事件哈希 e7107a790c84bca5…
append: e59 事件哈希 d0ccd0eb2a69c0bb…
append: e60 事件哈希 8fdce51c44b41f6a…
append: e61 事件哈希 bd52779a07138abf…
append: e62 事件哈希 d4f27ca3c82171f5…
append: e63 事件哈希 0b8a55331cddb8b3…
append: e64 事件哈希 6a34691e0046a827…
append: e65 事件哈希 d223a593ffbbd4e7…
append: e66 事件哈希 6734c56acc2bfab9…
append: e67 事件哈希 9d1dd6fb0abb2028…
append: e68 事件哈希 30af959f5608607d…
append: e69 事件哈希 62763fb19b36dd68…
append: e70 事件哈希 4a2334a3dfeb057e…
append: e71 事件哈希 4e800715e5ec2591…
append: e72 事件哈希 5324ac79a4d2d077…
append: e73 事件哈希 38797edb559c1b4a…
append: e74 事件哈希 d22602544a966e71…
append: e75 事件哈希 7a7618ec03be9c86…
append: e76 事件哈希 ebd8c0b1ec8f3ccf…
append: e77 事件哈希 a30e93d8393a3a95…
append: e78 事件哈希 c8ce022d0ac08030…
append: e79 事件哈希 151d68dc5dd6c542…
build: 生成 spec.md / 提示词速查.md / citations.md → D:\临时工作区\大审查-工作包-20260909\衔尾蛇\sandbox\x17-A2-s8（手改生成区=违例）
install: L2 + [] → D:\临时工作区\大审查-工作包-20260909\衔尾蛇\sandbox\x17-A2-s8
  交付内容体 29 个（含 {SLOT} 待填文件 11 个——按 install 指南填槽）
  待填槽文件（示例）: modules/m-core/install.md, modules/m-core/template/ROOT-README.md, modules/m-index/install.md, modules/m-index/template/knowledge/_index.md, modules/m-tools/install.md…
  Merkle 根（排除 state.json）: ce6552cd165920d47fbc74a06293cb5015469ec8d7b0ddb06f05836c9ef38efd
  请将此根抄录至人侧（公理E）
append: e0 事件哈希 89d2831927d1ae63…
append: e1 事件哈希 31533129e4881262…
append: e2 事件哈希 c67d1737cb0dad4c…
append: e3 事件哈希 49e2d628342b227c…
append: e4 事件哈希 3e4e5f1bcd9aefdd…
append: e5 事件哈希 17334de1c3d66b6d…
append: e6 事件哈希 35ba63e565731fb7…
append: e7 事件哈希 b76654c54a68cff4…
append: e8 事件哈希 5b641178695d1e78…
append: e9 事件哈希 9d4aa085cce40d95…
append: e10 事件哈希 b897ea9ff2a8aa42…
append: e11 事件哈希 f853482131ecafde…
append: e12 事件哈希 a4424c4160c85a83…
append: e13 事件哈希 72f1bcdd7b166066…
append: e14 事件哈希 5bfa4817c9e8b5db…
append: e15 事件哈希 2db4663ed001937c…
append: e16 事件哈希 ead7113f7741bc9f…
append: e17 事件哈希 f45f4a061a2ec5b5…
append: e18 事件哈希 a90bbc30512a9dbb…
append: e19 事件哈希 238c46895e213c03…
append: e20 事件哈希 6c0df11d19ae40be…
append: e21 事件哈希 79726e5461bea588…
append: e22 事件哈希 5e24efef5f19332f…
append: e23 事件哈希 23b3fabb5bd197b2…
append: e24 事件哈希 e19baab13903f922…
append: e25 事件哈希 6b17ba6ae88bfcd6…
append: e26 事件哈希 2e4188ee68fe4b8b…
append: e27 事件哈希 727ee938d1781ae1…
append: e28 事件哈希 d87ad3d6432019ae…
append: e29 事件哈希 db96fe23b2415e38…
append: e30 事件哈希 2f371e90088267b6…
append: e31 事件哈希 2ffcd65145c3d6ca…
append: e32 事件哈希 d5b494946abd3a2c…
append: e33 事件哈希 d616b9ef8d6e4343…
append: e34 事件哈希 3d19bb621fcac1fa…
append: e35 事件哈希 21989ddfe28202d4…
append: e36 事件哈希 899d5cc9966c2291…
append: e37 事件哈希 ae9199c7ee94c0c7…
append: e38 事件哈希 599383c40d9be1e0…
append: e39 事件哈希 895328b1a310afd0…
append: e40 事件哈希 13654f23e680fa8b…
append: e41 事件哈希 e9b36e5d9a50fd16…
append: e42 事件哈希 36e78149ded031ca…
append: e43 事件哈希 79d711b710cffe98…
append: e44 事件哈希 e4b8a9de51cfe668…
append: e45 事件哈希 f0f48944f472a08e…
append: e46 事件哈希 8a8ba54ca278064a…
append: e47 事件哈希 888db1d4699ae55f…
append: e48 事件哈希 ef3d9d1c62cd4a63…
append: e49 事件哈希 e86704d0c4fd99a0…
append: e50 事件哈希 79f0f4a5670f0422…
append: e51 事件哈希 2b58ab6550900f02…
append: e52 事件哈希 cf362594a0f10b86…
append: e53 事件哈希 06234f4802734505…
append: e54 事件哈希 c40bdc5730ff17ee…
append: e55 事件哈希 abdc773f21ed8000…
append: e56 事件哈希 85f9bc98568fe830…
append: e57 事件哈希 f88e7fa528b986d9…
append: e58 事件哈希 9493d31dccdc8a2f…
append: e59 事件哈希 ac4d4e73fdba3d26…
append: e60 事件哈希 f3f2fce8f605cb9b…
append: e61 事件哈希 02f719b4892fe561…
append: e62 事件哈希 ef644c7406be816c…
append: e63 事件哈希 35c772dda784bffc…
append: e64 事件哈希 cf3cacc09fc8e31a…
append: e65 事件哈希 a8ea1fb3741f23cd…
append: e66 事件哈希 7556f52ded99ede9…
append: e67 事件哈希 40ed479a3c2d9784…
append: e68 事件哈希 2d2dc3e3703d47c4…
append: e69 事件哈希 0994ced3c14e233a…
append: e70 事件哈希 1a079c72fef152f2…
append: e71 事件哈希 a20678e19bc1766d…
append: e72 事件哈希 f3dc3a6e60280eef…
append: e73 事件哈希 1c1702b8c84b6729…
append: e74 事件哈希 68e36c86cd15c96b…
append: e75 事件哈希 f8341a33526100e3…
append: e76 事件哈希 4fe1d778a1fca0a1…
append: e77 事件哈希 e827402f1e9dcc9e…
append: e78 事件哈希 d6f763a27f60361c…
append: e79 事件哈希 a55cc6d7a3b83047…
build: 生成 spec.md / 提示词速查.md / citations.md → D:\临时工作区\大审查-工作包-20260909\衔尾蛇\sandbox\x17-A2-s9（手改生成区=违例）
install: L2 + [] → D:\临时工作区\大审查-工作包-20260909\衔尾蛇\sandbox\x17-A2-s9
  交付内容体 29 个（含 {SLOT} 待填文件 11 个——按 install 指南填槽）
  待填槽文件（示例）: modules/m-core/install.md, modules/m-core/template/ROOT-README.md, modules/m-index/install.md, modules/m-index/template/knowledge/_index.md, modules/m-tools/install.md…
  Merkle 根（排除 state.json）: 632089a5aa2288936d4760a5d844d9e7f06e31f5f90cd771140eb81513a7e688
  请将此根抄录至人侧（公理E）
append: e0 事件哈希 aa6cb4371edac1b5…
append: e1 事件哈希 c18cfad4c15f8340…
append: e2 事件哈希 aaa4cd6b4967640a…
append: e3 事件哈希 20d5c7f471067b22…
append: e4 事件哈希 3b1182316359f936…
append: e5 事件哈希 d2170fa10c18d2c8…
append: e6 事件哈希 bf016a76850d5bd7…
append: e7 事件哈希 23ab2038ae8093bc…
append: e8 事件哈希 e31465e003c448e5…
append: e9 事件哈希 cf388e3b64c97301…
append: e10 事件哈希 5eb6b4bbd6a99c0f…
append: e11 事件哈希 870db7f587a748b2…
append: e12 事件哈希 10e20f79133f3159…
append: e13 事件哈希 276f3e64ea30f117…
append: e14 事件哈希 b18d694c7a7625d4…
append: e15 事件哈希 9883184dfee92d24…
append: e16 事件哈希 f999ac349134f89d…
append: e17 事件哈希 60d9dce3f4e59774…
append: e18 事件哈希 52a0dbb5db0f671f…
append: e19 事件哈希 dd31c37fb672e986…
append: e20 事件哈希 75c9b26fdeb9f88d…
append: e21 事件哈希 384ac26f624e83d6…
append: e22 事件哈希 c5fc59fc897c3553…
append: e23 事件哈希 04419ab69b3e001a…
append: e24 事件哈希 f2f4991e4650258a…
append: e25 事件哈希 2e191fc8e56608e9…
append: e26 事件哈希 95e76298ba45e426…
append: e27 事件哈希 65acc8e672014500…
append: e28 事件哈希 cfe39831d592a264…
append: e29 事件哈希 9a5497269142e938…
append: e30 事件哈希 49ee8b20471cefad…
append: e31 事件哈希 87604bfb9f21675f…
append: e32 事件哈希 11fcd7fcb7f99b9b…
append: e33 事件哈希 cccaac439a45757b…
append: e34 事件哈希 77b392ef2870c75a…
append: e35 事件哈希 ccb759deb353d01a…
append: e36 事件哈希 28711a62a4abc1b7…
append: e37 事件哈希 dda322084a1fbb62…
append: e38 事件哈希 ea9adcde6808dee8…
append: e39 事件哈希 d73d9ef1d24c566a…
append: e40 事件哈希 41adbd42f076c843…
append: e41 事件哈希 2ca64f2d4f5006fb…
append: e42 事件哈希 56e20c9217449d54…
append: e43 事件哈希 8480744c565d606e…
append: e44 事件哈希 2b73de500f064696…
append: e45 事件哈希 9d45c1408d4662e0…
append: e46 事件哈希 d1c5bfd34b7baebc…
append: e47 事件哈希 79df370e2308ce0a…
append: e48 事件哈希 529e082a2a1a92ea…
append: e49 事件哈希 d5cbc41a310676ed…
append: e50 事件哈希 8f815d1c287a8d2c…
append: e51 事件哈希 12012e3f204417c7…
append: e52 事件哈希 01b4161c75f1b9a4…
append: e53 事件哈希 5e10fc98e4680ea2…
append: e54 事件哈希 7ec906c76dcf04f6…
append: e55 事件哈希 1ff8fccbf57d253e…
append: e56 事件哈希 dc4a3855295d85c9…
append: e57 事件哈希 d123268704c22d2a…
append: e58 事件哈希 68071ea2314d54ad…
append: e59 事件哈希 5449bf0114146e92…
append: e60 事件哈希 9b58a111c253177f…
append: e61 事件哈希 36f1fb759b052131…
append: e62 事件哈希 bc467b9c60517c39…
append: e63 事件哈希 2db7a2d252d725ae…
append: e64 事件哈希 10fbcd83f0881ae6…
append: e65 事件哈希 1b49aae035e45d32…
append: e66 事件哈希 e7a47f33ddaae42b…
append: e67 事件哈希 9ef92610ebe6d381…
append: e68 事件哈希 1664e0562d4bf70e…
append: e69 事件哈希 a4e2cb262b767770…
append: e70 事件哈希 268cf45df5bc02a9…
append: e71 事件哈希 eaae742a35016085…
append: e72 事件哈希 0831b102ea2add6c…
append: e73 事件哈希 4efaaf62276988aa…
append: e74 事件哈希 ac4f1fd93db783f9…
append: e75 事件哈希 ef169b21f4965ad6…
append: e76 事件哈希 e8ea6bce7ce54f72…
append: e77 事件哈希 22e6d0bec731a08a…
append: e78 事件哈希 d36958c03c5c64c1…
append: e79 事件哈希 1892d42e3bf182b9…
build: 生成 spec.md / 提示词速查.md / citations.md → D:\临时工作区\大审查-工作包-20260909\衔尾蛇\sandbox\x17-A2-s10（手改生成区=违例）
install: L2 + [] → D:\临时工作区\大审查-工作包-20260909\衔尾蛇\sandbox\x17-A2-s10
  交付内容体 29 个（含 {SLOT} 待填文件 11 个——按 install 指南填槽）
  待填槽文件（示例）: modules/m-core/install.md, modules/m-core/template/ROOT-README.md, modules/m-index/install.md, modules/m-index/template/knowledge/_index.md, modules/m-tools/install.md…
  Merkle 根（排除 state.json）: 7dcd34b0209be961df337df81965bd9106b8b2df9eb29b25744a5de2f05ccdb7
  请将此根抄录至人侧（公理E）
append: e0 事件哈希 89d2831927d1ae63…
append: e1 事件哈希 3af96412fb37a076…
append: e2 事件哈希 92fa724fb8bd2fe3…
append: e3 事件哈希 c2b729403c046e3f…
append: e4 事件哈希 438a1a01216bc9b4…
append: e5 事件哈希 7433f996aae44f00…
append: e6 事件哈希 27214f63e5992da8…
append: e7 事件哈希 3d2bac8e06e71130…
append: e8 事件哈希 d0d8c13d35422054…
append: e9 事件哈希 7af0fa7cf1825339…
append: e10 事件哈希 b63b546a31ce2ffb…
append: e11 事件哈希 403d78f93fcd6cfd…
append: e12 事件哈希 f54e9bbe4983b608…
append: e13 事件哈希 3e4835857e1a3d71…
append: e14 事件哈希 d8963f2ada49ef90…
append: e15 事件哈希 26a064d16dace221…
append: e16 事件哈希 2690f6f65a04fc02…
append: e17 事件哈希 b54233c57274d952…
append: e18 事件哈希 50d00fa60daa0a7e…
append: e19 事件哈希 292a03449b3cdb91…
append: e20 事件哈希 89b7458ce3c7bd0c…
append: e21 事件哈希 7e2f86a8c1fee68c…
append: e22 事件哈希 980eea6bc0f4d13c…
append: e23 事件哈希 291d96d735bb5128…
append: e24 事件哈希 1f1bbe05da0ef03d…
append: e25 事件哈希 6dd4f19431f3d5a5…
append: e26 事件哈希 4131719125408206…
append: e27 事件哈希 9a31dd3207001f0e…
append: e28 事件哈希 8b499cc59472e2ca…
append: e29 事件哈希 0f5e5f93eae95922…
append: e30 事件哈希 e953fd51051af29c…
append: e31 事件哈希 22784651f5807721…
append: e32 事件哈希 ca1df49fdb22cef0…
append: e33 事件哈希 978573ed7d19b6fd…
append: e34 事件哈希 603091243fab3e4b…
append: e35 事件哈希 0fb9db7faa511df6…
append: e36 事件哈希 343f81edfb17f78f…
append: e37 事件哈希 f60df01c25b287cd…
append: e38 事件哈希 a2aba6ba83d51f98…
append: e39 事件哈希 0bd543c37e572ebc…
append: e40 事件哈希 7d36511ac5431b8c…
append: e41 事件哈希 2a892a8367f4e2f6…
append: e42 事件哈希 3cfcdf36f75a876e…
append: e43 事件哈希 87934c0562e7e7d8…
append: e44 事件哈希 26da69508f0fc705…
append: e45 事件哈希 3fd0349af821fc97…
append: e46 事件哈希 ea899b3ba06fd8a7…
append: e47 事件哈希 0e19990c321faecf…
append: e48 事件哈希 c1259538534024db…
append: e49 事件哈希 bd276925fc22cc4d…
append: e50 事件哈希 ff48d86f95db24d0…
append: e51 事件哈希 7be36a13eba634b8…
append: e52 事件哈希 d168588f5cd7f33f…
append: e53 事件哈希 0b2f40ef8971c240…
append: e54 事件哈希 81f91e059fbff28d…
append: e55 事件哈希 c40c952a50c37e65…
append: e56 事件哈希 0769a832ebc17232…
append: e57 事件哈希 22258ed2f7027f4f…
append: e58 事件哈希 403a9caaa44c661a…
append: e59 事件哈希 c0c3d5c83078d71f…
append: e60 事件哈希 7c3c34f80daa97c6…
append: e61 事件哈希 e0bf7b27458e74c7…
append: e62 事件哈希 4e84e909b7262c3d…
append: e63 事件哈希 e36cc09182b0c6cb…
append: e64 事件哈希 8311d20172711911…
append: e65 事件哈希 b3311e1e5355939b…
append: e66 事件哈希 a41b5482bea32123…
append: e67 事件哈希 e0096341204ba485…
append: e68 事件哈希 71b3bcd31cefe44f…
append: e69 事件哈希 9447fcaad122af6b…
append: e70 事件哈希 e9e25ac1723ca352…
append: e71 事件哈希 472d745a6062331a…
append: e72 事件哈希 bea88217b595c855…
append: e73 事件哈希 f9b19a81890cc5c1…
append: e74 事件哈希 d3ed97164bcd0a1a…
append: e75 事件哈希 cf694b11e7219994…
append: e76 事件哈希 f02820067a7b782f…
append: e77 事件哈希 482a833c5e4261fd…
append: e78 事件哈希 0dd86aa7779f1c32…
append: e79 事件哈希 68ec9b0b313bb54e…
build: 生成 spec.md / 提示词速查.md / citations.md → D:\临时工作区\大审查-工作包-20260909\衔尾蛇\sandbox\x17-A2-s11（手改生成区=违例）
install: L2 + [] → D:\临时工作区\大审查-工作包-20260909\衔尾蛇\sandbox\x17-A2-s11
  交付内容体 29 个（含 {SLOT} 待填文件 11 个——按 install 指南填槽）
  待填槽文件（示例）: modules/m-core/install.md, modules/m-core/template/ROOT-README.md, modules/m-index/install.md, modules/m-index/template/knowledge/_index.md, modules/m-tools/install.md…
  Merkle 根（排除 state.json）: 57bbf624222ec44333fd330a9b438028281fe3e798b19e7a7e0e9a94317e4d3d
  请将此根抄录至人侧（公理E）
append: e0 事件哈希 aa6cb4371edac1b5…
append: e1 事件哈希 76861be6ec4e59a5…
append: e2 事件哈希 5ce22f253d6726e2…
append: e3 事件哈希 604afda64a31ffb4…
append: e4 事件哈希 9e82989a7cb9126b…
append: e5 事件哈希 051a05813d085df5…
append: e6 事件哈希 0269e0e0e3918ba0…
append: e7 事件哈希 56a4018c8e9203e9…
append: e8 事件哈希 4a5b8477cfebc0e8…
append: e9 事件哈希 404e51fc6c5c3976…
append: e10 事件哈希 07d97b71656cfe2b…
append: e11 事件哈希 f50eb99a7bafdc5f…
append: e12 事件哈希 e6c97e20201b507e…
append: e13 事件哈希 33c94f575539e40b…
append: e14 事件哈希 114832e6b367bb35…
append: e15 事件哈希 053c70921be2e22f…
append: e16 事件哈希 9e8ea9d189272d6c…
append: e17 事件哈希 48413fd9b251a7c2…
append: e18 事件哈希 691a456eb86cb4f8…
append: e19 事件哈希 0c581759c7b7955c…
append: e20 事件哈希 2af61c19d6b7a09c…
append: e21 事件哈希 97b8220bc1f7db66…
append: e22 事件哈希 0379bdbcfe32e0fb…
append: e23 事件哈希 831b519a2f48d81b…
append: e24 事件哈希 22918f1563766f2f…
append: e25 事件哈希 8ada490e4c30940d…
append: e26 事件哈希 03a5778ffb7ecd6e…
append: e27 事件哈希 d66d65d0ff54fa63…
append: e28 事件哈希 37e76004d0d24e1c…
append: e29 事件哈希 15ff206447001cc9…
append: e30 事件哈希 41bd4d32af0ea22f…
append: e31 事件哈希 0e6ea451dfd5d493…
append: e32 事件哈希 ec96699b39dffc9c…
append: e33 事件哈希 94a09ad6a8c3450d…
append: e34 事件哈希 9a588a044338658e…
append: e35 事件哈希 62eed9f12b60c44d…
append: e36 事件哈希 4ec4e6e520bc01d2…
append: e37 事件哈希 88c481cbe205bb51…
append: e38 事件哈希 435b509927abcbb9…
append: e39 事件哈希 c34cfc62ec1085eb…
append: e40 事件哈希 616820610797dd59…
append: e41 事件哈希 5fd8c3306729ca23…
append: e42 事件哈希 4ae1c847a61cdeba…
append: e43 事件哈希 0f6292233ec8313b…
append: e44 事件哈希 c2a796b880961061…
append: e45 事件哈希 fc0dcf0227f012f7…
append: e46 事件哈希 9777574b46c28add…
append: e47 事件哈希 f89eb4baeecd8b3d…
append: e48 事件哈希 5fec51b39b7c1e45…
append: e49 事件哈希 336dcd9369d6a5e4…
append: e50 事件哈希 52ea654d1590be34…
append: e51 事件哈希 1afaf6db0d480b97…
append: e52 事件哈希 2ab8dc580e9fc2ad…
append: e53 事件哈希 97198f1026e72bf5…
append: e54 事件哈希 034a583011ef6e5c…
append: e55 事件哈希 3acad2e1c7cccb08…
append: e56 事件哈希 2fc2b9b8e4f00088…
append: e57 事件哈希 e10cca095dc210d2…
append: e58 事件哈希 6a93ec0adbbc0ecf…
append: e59 事件哈希 63b8e185b9fa69cf…
append: e60 事件哈希 efb4327ea8e9d8a0…
append: e61 事件哈希 86f80256c974e05d…
append: e62 事件哈希 2625dc5f49a82479…
append: e63 事件哈希 ec6f793799abfb6a…
append: e64 事件哈希 9aacbc6d7a4dcdef…
append: e65 事件哈希 775f2e2b20438fe7…
append: e66 事件哈希 bd9780f1c61cfe99…
append: e67 事件哈希 f605d7da41c95812…
append: e68 事件哈希 84229936d59e4f3a…
append: e69 事件哈希 6523215dff639162…
append: e70 事件哈希 99b595ac031c5ae3…
append: e71 事件哈希 327150a116af0826…
append: e72 事件哈希 8adcf123fa5cd139…
append: e73 事件哈希 ca9cca2fa34860f9…
append: e74 事件哈希 75a662b6be82304b…
append: e75 事件哈希 f6760d7bea4075bb…
append: e76 事件哈希 7c15f8362d95120b…
append: e77 事件哈希 1bb1e9a8c07368da…
append: e78 事件哈希 464f15c52d0b81e4…
append: e79 事件哈希 869d58eed8507625…
build: 生成 spec.md / 提示词速查.md / citations.md → D:\临时工作区\大审查-工作包-20260909\衔尾蛇\sandbox\x17-A2-s12（手改生成区=违例）
install: L2 + [] → D:\临时工作区\大审查-工作包-20260909\衔尾蛇\sandbox\x17-A2-s12
  交付内容体 29 个（含 {SLOT} 待填文件 11 个——按 install 指南填槽）
  待填槽文件（示例）: modules/m-core/install.md, modules/m-core/template/ROOT-README.md, modules/m-index/install.md, modules/m-index/template/knowledge/_index.md, modules/m-tools/install.md…
  Merkle 根（排除 state.json）: 3999e2401bc3c905e32047714ce0b17d84f5d03191496956c7bbbbfc325cc20e
  请将此根抄录至人侧（公理E）
append: e0 事件哈希 89d2831927d1ae63…
append: e1 事件哈希 3af96412fb37a076…
append: e2 事件哈希 92fa724fb8bd2fe3…
append: e3 事件哈希 c2b729403c046e3f…
append: e4 事件哈希 438a1a01216bc9b4…
append: e5 事件哈希 7433f996aae44f00…
append: e6 事件哈希 27214f63e5992da8…
append: e7 事件哈希 9cdaf251941b25c8…
append: e8 事件哈希 85956e45337b82dd…
append: e9 事件哈希 65fa4eed13787f0c…
append: e10 事件哈希 d028f70bfe535ce5…
append: e11 事件哈希 39c2f11a918b53dd…
append: e12 事件哈希 384e14628af9973b…
append: e13 事件哈希 c3ad4be353aef1b7…
append: e14 事件哈希 b50aa46979129caf…
append: e15 事件哈希 0906d9d2d8eff511…
append: e16 事件哈希 24313c35a0cb55bf…
append: e17 事件哈希 4651280c844e6f2c…
append: e18 事件哈希 23d199f069f701ba…
append: e19 事件哈希 5389dbc1cfc99cd8…
append: e20 事件哈希 7bee78a1ed62c756…
append: e21 事件哈希 1626f2451e5017ff…
append: e22 事件哈希 741626344b011076…
append: e23 事件哈希 5ae4dea5548ac4b7…
append: e24 事件哈希 0c0cc00fdedd01e3…
append: e25 事件哈希 7f0ddd08b2f76002…
append: e26 事件哈希 87774e5a1e9243c7…
append: e27 事件哈希 dc9258f2187b4c06…
append: e28 事件哈希 55ea22d519915bd9…
append: e29 事件哈希 99f652a59c90bb68…
append: e30 事件哈希 7f414fa5aaf6d854…
append: e31 事件哈希 38fce14bb037f3dc…
append: e32 事件哈希 287244dce8338043…
append: e33 事件哈希 f3f4c8601fcd8650…
append: e34 事件哈希 b1fe939490344cd8…
append: e35 事件哈希 8fa18f1b981f3618…
append: e36 事件哈希 170d6a7f0e4fea67…
append: e37 事件哈希 be08a67436481558…
append: e38 事件哈希 3cb772989f6fbce5…
append: e39 事件哈希 772ee8e20d842150…
append: e40 事件哈希 4b9bfb03db14cd90…
append: e41 事件哈希 d35571a820668b00…
append: e42 事件哈希 02116dd976912a5e…
append: e43 事件哈希 3e103fa7970020f5…
append: e44 事件哈希 4dcaf1aea573846a…
append: e45 事件哈希 81bcd6e8fa6a629e…
append: e46 事件哈希 1b7e9262ccae5d11…
append: e47 事件哈希 c2c86d60b6cd9796…
append: e48 事件哈希 2d54a2b7b71a684e…
append: e49 事件哈希 7ca98e402c481415…
append: e50 事件哈希 b4f15d6ec3a076e4…
append: e51 事件哈希 c7d1c815a9093993…
append: e52 事件哈希 f4430fce4781f5ae…
append: e53 事件哈希 a84c9b13615b5366…
append: e54 事件哈希 453775439841d25a…
append: e55 事件哈希 bad2f1e9f346b507…
append: e56 事件哈希 6d706ad67f58a745…
append: e57 事件哈希 b2168f09e451392b…
append: e58 事件哈希 72a554d2f5526d57…
append: e59 事件哈希 257aaabe5e52e32c…
append: e60 事件哈希 0793795faf89cc50…
append: e61 事件哈希 274ff5dba9fc31ea…
append: e62 事件哈希 295f479ab04de8d4…
append: e63 事件哈希 803ee0878ec08602…
append: e64 事件哈希 b599251d2493216a…
append: e65 事件哈希 8ee3f91efa7c549b…
append: e66 事件哈希 39e9ac9c18fd35ac…
append: e67 事件哈希 a90b42358feaee1e…
append: e68 事件哈希 d961b131fbd5bbdc…
append: e69 事件哈希 f26370a44d6f6729…
append: e70 事件哈希 63a4e487a66fb596…
append: e71 事件哈希 e8134bdaf569dd57…
append: e72 事件哈希 29f71bd608a852e4…
append: e73 事件哈希 8a132c50842163fa…
append: e74 事件哈希 b858b16ad47e3ded…
append: e75 事件哈希 998164f9d0045eb7…
append: e76 事件哈希 b32a820f5652b370…
append: e77 事件哈希 ed041fd85cbba128…
append: e78 事件哈希 2ee25bda8e77caca…
append: e79 事件哈希 7861b34097419b20…
build: 生成 spec.md / 提示词速查.md / citations.md → D:\临时工作区\大审查-工作包-20260909\衔尾蛇\sandbox\x17-A2-s13（手改生成区=违例）
install: L2 + [] → D:\临时工作区\大审查-工作包-20260909\衔尾蛇\sandbox\x17-A2-s13
  交付内容体 29 个（含 {SLOT} 待填文件 11 个——按 install 指南填槽）
  待填槽文件（示例）: modules/m-core/install.md, modules/m-core/template/ROOT-README.md, modules/m-index/install.md, modules/m-index/template/knowledge/_index.md, modules/m-tools/install.md…
  Merkle 根（排除 state.json）: 2f7a4deae5690e73ad508c1197a67a31f2250ad6d2f7921dc6da9d6e977a61bb
  请将此根抄录至人侧（公理E）
append: e0 事件哈希 89d2831927d1ae63…
append: e1 事件哈希 31533129e4881262…
append: e2 事件哈希 c67d1737cb0dad4c…
append: e3 事件哈希 49e2d628342b227c…
append: e4 事件哈希 fb80cad99ebd45f7…
append: e5 事件哈希 454e79b77edc4ab9…
append: e6 事件哈希 f583156d35226360…
append: e7 事件哈希 a7a7ae8d04bffc4b…
append: e8 事件哈希 cd3df99e3a77245a…
append: e9 事件哈希 8672d9f83af5715b…
append: e10 事件哈希 b20cedd0cff4780b…
append: e11 事件哈希 d7c9f267056bb8c7…
append: e12 事件哈希 958964c769711388…
append: e13 事件哈希 c54722f82132aced…
append: e14 事件哈希 c42fe3f0a789a99f…
append: e15 事件哈希 89d9d2a6ce703334…
append: e16 事件哈希 997e373b6e7be5a2…
append: e17 事件哈希 c2851b2dcbebc77d…
append: e18 事件哈希 72119420cf2523c6…
append: e19 事件哈希 95dad01f24f5813b…
append: e20 事件哈希 36362b2da3909a03…
append: e21 事件哈希 b4929c14a4c70aa8…
append: e22 事件哈希 89644f509eed27b4…
append: e23 事件哈希 def30b29317a5381…
append: e24 事件哈希 34c41d6cd650f7cf…
append: e25 事件哈希 ac12af5979beb484…
append: e26 事件哈希 be0ed055efcecc4d…
append: e27 事件哈希 c9c31d68e5f7a836…
append: e28 事件哈希 39b5939c44bfd43f…
append: e29 事件哈希 1c27413a3144401c…
append: e30 事件哈希 5f16d0bf8c5d46be…
append: e31 事件哈希 ec94101e43f79c74…
append: e32 事件哈希 13f4075c386215d9…
append: e33 事件哈希 d5dd9e99d60b9ea9…
append: e34 事件哈希 626260aba671a40f…
append: e35 事件哈希 6fdf64c12b699baf…
append: e36 事件哈希 100d38fe2550825f…
append: e37 事件哈希 f89395579952a42d…
append: e38 事件哈希 782b9522c92e696e…
append: e39 事件哈希 d3d1fe39de655ea8…
append: e40 事件哈希 f562a734f4948d86…
append: e41 事件哈希 0b9eb98908081c0f…
append: e42 事件哈希 da0477ea2c341e98…
append: e43 事件哈希 d8f711194d4c609b…
append: e44 事件哈希 df4324f23209a276…
append: e45 事件哈希 2e4e14eda50fab21…
append: e46 事件哈希 739f2a42d316a4b5…
append: e47 事件哈希 b4a6c91f401d0657…
append: e48 事件哈希 1924ebf3e53c513c…
append: e49 事件哈希 a77e44ea0c9b37c5…
append: e50 事件哈希 33f6c8d8c3311336…
append: e51 事件哈希 bf8f40cbe3b3dbb6…
append: e52 事件哈希 9c1056950987647d…
append: e53 事件哈希 adc1e2e4ef3a4484…
append: e54 事件哈希 5e7054f0bdcca80b…
append: e55 事件哈希 ff7f5f80f299ab09…
append: e56 事件哈希 50f1f22d1585a68f…
append: e57 事件哈希 9c0331bba94833f6…
append: e58 事件哈希 5e58e4d2bb0b1e19…
append: e59 事件哈希 111849b780b1c901…
append: e60 事件哈希 3efcdb42e7471a60…
append: e61 事件哈希 c68e6f73d6070205…
append: e62 事件哈希 f9c8788a969db6cf…
append: e63 事件哈希 9e719ac98f2e593f…
append: e64 事件哈希 cab84b4711718a55…
append: e65 事件哈希 7b71d8e87ab76363…
append: e66 事件哈希 4500016942b75253…
append: e67 事件哈希 9fa27d0c9f9e2948…
append: e68 事件哈希 f66663fbaca768a5…
append: e69 事件哈希 a091fc55be04b6ab…
append: e70 事件哈希 d30844b3341a5e87…
append: e71 事件哈希 1bef8f419e1eeb2f…
append: e72 事件哈希 eb12b45bfe6f757a…
append: e73 事件哈希 7d0f91695b35441e…
append: e74 事件哈希 4525ce9d7c6f1dc5…
append: e75 事件哈希 70c6db16ffc6a1d7…
append: e76 事件哈希 e3171cfd549aad93…
append: e77 事件哈希 275dfb41d9e37007…
append: e78 事件哈希 d0bfe89862a19d2d…
append: e79 事件哈希 1839c4d818228977…
build: 生成 spec.md / 提示词速查.md / citations.md → D:\临时工作区\大审查-工作包-20260909\衔尾蛇\sandbox\x17-A2-s14（手改生成区=违例）
install: L2 + [] → D:\临时工作区\大审查-工作包-20260909\衔尾蛇\sandbox\x17-A2-s14
  交付内容体 29 个（含 {SLOT} 待填文件 11 个——按 install 指南填槽）
  待填槽文件（示例）: modules/m-core/install.md, modules/m-core/template/ROOT-README.md, modules/m-index/install.md, modules/m-index/template/knowledge/_index.md, modules/m-tools/install.md…
  Merkle 根（排除 state.json）: 1fcd27aaba2454fe10ca5160b2008992b9a23b49dc07f6ff6d519bc8d1441708
  请将此根抄录至人侧（公理E）
append: e0 事件哈希 aa6cb4371edac1b5…
append: e1 事件哈希 76861be6ec4e59a5…
append: e2 事件哈希 a5a95fba1547d5bd…
append: e3 事件哈希 09931ca89f226336…
append: e4 事件哈希 f5fb7627bf814848…
append: e5 事件哈希 662e22d0a45e7048…
append: e6 事件哈希 8de0f0bcb9687fa7…
append: e7 事件哈希 b07b43887dd9f66b…
append: e8 事件哈希 8097f791d5984c46…
append: e9 事件哈希 3b447c96e14fef19…
append: e10 事件哈希 3013e25df6207467…
append: e11 事件哈希 a468f32f47f29ba0…
append: e12 事件哈希 0cb03f477cb5c8bb…
append: e13 事件哈希 2c04d9ac88f1cf85…
append: e14 事件哈希 f7db9c37deda467b…
append: e15 事件哈希 e14f534f84e8380b…
append: e16 事件哈希 644fc94dec189d11…
append: e17 事件哈希 a6fc8a52c481196c…
append: e18 事件哈希 1a14855ad73282c0…
append: e19 事件哈希 9ca29402a988f954…
append: e20 事件哈希 2d38c4f90b9456c8…
append: e21 事件哈希 a5b25d34e8705539…
append: e22 事件哈希 2846367fa8a609c6…
append: e23 事件哈希 7e7aa79fbd7b069c…
append: e24 事件哈希 6c36e49bd38383c6…
append: e25 事件哈希 1f2ceeb947c639c0…
append: e26 事件哈希 c0e71af35fcdb690…
append: e27 事件哈希 267dde1d4e345587…
append: e28 事件哈希 24c57e1fda4250fd…
append: e29 事件哈希 65e78432bbb68d2f…
append: e30 事件哈希 e180b7069e2d4740…
append: e31 事件哈希 4f0905cf1bed3fa7…
append: e32 事件哈希 d3728e13299d226d…
append: e33 事件哈希 0453c5397a9c4953…
append: e34 事件哈希 d389cf1e4a0b57a1…
append: e35 事件哈希 d990dc85b6b24f4f…
append: e36 事件哈希 9f03c7c7dced687d…
append: e37 事件哈希 431baf3889edb844…
append: e38 事件哈希 5ea79c91f64ef82d…
append: e39 事件哈希 ed80bbd14166e0f6…
append: e40 事件哈希 04c055fe411cae46…
append: e41 事件哈希 96d086e4bee294b3…
append: e42 事件哈希 bfcc073d0b355369…
append: e43 事件哈希 64abde77834f321e…
append: e44 事件哈希 2f93cc1db3a3cbce…
append: e45 事件哈希 06d8c102426965a9…
append: e46 事件哈希 fbb99261d826d753…
append: e47 事件哈希 34341892207e1072…
append: e48 事件哈希 07a6b0fb23da725f…
append: e49 事件哈希 cb97f48828dc69e4…
append: e50 事件哈希 8b35fbe2c51eb871…
append: e51 事件哈希 fb70f62d84042ecd…
append: e52 事件哈希 e5309206250e12f4…
append: e53 事件哈希 83d8b0aa0c2ed598…
append: e54 事件哈希 95dc0d5ccae4be42…
append: e55 事件哈希 042552716ee211f0…
append: e56 事件哈希 4342656b616da2e5…
append: e57 事件哈希 9eaefcf67bb6bd64…
append: e58 事件哈希 7160402b52610f5c…
append: e59 事件哈希 a9c73ac08ee91038…
append: e60 事件哈希 9dd7a92a6c550b31…
append: e61 事件哈希 0f2a27e905493381…
append: e62 事件哈希 c9b01c8d65032880…
append: e63 事件哈希 f59b58584655ac48…
append: e64 事件哈希 7dfaf38f08e5ef3b…
append: e65 事件哈希 f1c6cc3e332997e8…
append: e66 事件哈希 0e46163366b43561…
append: e67 事件哈希 eef39393f9b20bd6…
append: e68 事件哈希 851e8ba4ac373a94…
append: e69 事件哈希 2c9fd997c85073f3…
append: e70 事件哈希 8416268977c3d7ce…
append: e71 事件哈希 a87e8815647a7cda…
append: e72 事件哈希 26cfa65488a145ce…
append: e73 事件哈希 9ad509e516b1f31e…
append: e74 事件哈希 b949eb9959ca9e82…
append: e75 事件哈希 9ebbea18542cbf76…
append: e76 事件哈希 f79fc5e35e50ce6f…
append: e77 事件哈希 5f176bf1c0df3af8…
append: e78 事件哈希 d27f452bdad48dc6…
append: e79 事件哈希 ed1641c869c24b16…
build: 生成 spec.md / 提示词速查.md / citations.md → D:\临时工作区\大审查-工作包-20260909\衔尾蛇\sandbox\x17-A2-s15（手改生成区=违例）
install: L2 + [] → D:\临时工作区\大审查-工作包-20260909\衔尾蛇\sandbox\x17-A2-s15
  交付内容体 29 个（含 {SLOT} 待填文件 11 个——按 install 指南填槽）
  待填槽文件（示例）: modules/m-core/install.md, modules/m-core/template/ROOT-README.md, modules/m-index/install.md, modules/m-index/template/knowledge/_index.md, modules/m-tools/install.md…
  Merkle 根（排除 state.json）: 6bf9795b2060dfca7ea49b00429b847770ec4d160806a4583cee4bafd776df9a
  请将此根抄录至人侧（公理E）
append: e0 事件哈希 89d2831927d1ae63…
append: e1 事件哈希 31533129e4881262…
append: e2 事件哈希 c67d1737cb0dad4c…
append: e3 事件哈希 49e2d628342b227c…
append: e4 事件哈希 fb80cad99ebd45f7…
append: e5 事件哈希 454e79b77edc4ab9…
append: e6 事件哈希 f583156d35226360…
append: e7 事件哈希 7d9eee37ad833a1c…
append: e8 事件哈希 6271cf902a3b6842…
append: e9 事件哈希 b86051171c5d6078…
append: e10 事件哈希 984642759d9dd683…
append: e11 事件哈希 082d4dfd6754f3bc…
append: e12 事件哈希 f2f21ce5ca1ec146…
append: e13 事件哈希 55d0c6e9d8e3c410…
append: e14 事件哈希 c4c856229eca0b5d…
append: e15 事件哈希 cba4fb6093a35fc9…
append: e16 事件哈希 0a8728af2294886e…
append: e17 事件哈希 d94c0afa3bff2e59…
append: e18 事件哈希 3aeef553c081051f…
append: e19 事件哈希 2eb1ec09ef413028…
append: e20 事件哈希 042504682b0bf3da…
append: e21 事件哈希 f502214a556eac34…
append: e22 事件哈希 146c630404c73a65…
append: e23 事件哈希 b49b7c52f0cbf551…
append: e24 事件哈希 7e14faf23db9bba7…
append: e25 事件哈希 be01d0b4b786fafc…
append: e26 事件哈希 e514e180e77da1a7…
append: e27 事件哈希 c961910c5b55688c…
append: e28 事件哈希 d1de84cc77724a5d…
append: e29 事件哈希 a0b4ee4870c0107c…
append: e30 事件哈希 f238a238eacd0ef8…
append: e31 事件哈希 61996080e750cc06…
append: e32 事件哈希 54a9726ebf23a422…
append: e33 事件哈希 885469a39219adb1…
append: e34 事件哈希 61a9a152082afd54…
append: e35 事件哈希 57f0fc9f46b4328b…
append: e36 事件哈希 842d5551db85727b…
append: e37 事件哈希 2338d81927702676…
append: e38 事件哈希 7dc23ba28205a6c1…
append: e39 事件哈希 748a2956734e8c2e…
append: e40 事件哈希 f54daef22ddf2ba9…
append: e41 事件哈希 c646655b7a717854…
append: e42 事件哈希 4730a5e74fd3b341…
append: e43 事件哈希 d0d11b4dd2f03214…
append: e44 事件哈希 e72b00c4b1bfcb8e…
append: e45 事件哈希 e5d209b64da7a76a…
append: e46 事件哈希 b4c55d7001721699…
append: e47 事件哈希 fda5c06d2ff9cea9…
append: e48 事件哈希 21cff21d8db68866…
append: e49 事件哈希 d5c225dae0abe2d3…
append: e50 事件哈希 b4c3fc2bd7202b66…
append: e51 事件哈希 b58679ca0a9136fd…
append: e52 事件哈希 6633ccc6b6c413a6…
append: e53 事件哈希 4c01989ef57f17d7…
append: e54 事件哈希 3a83d300bfb36759…
append: e55 事件哈希 335ff8b9e59e7d06…
append: e56 事件哈希 5aa88f32d889b864…
append: e57 事件哈希 b75dbd0d434db92d…
append: e58 事件哈希 bf1f27807a4e0bb4…
append: e59 事件哈希 341b939e95e2431e…
append: e60 事件哈希 7e8bc279c9cab1ed…
append: e61 事件哈希 7c88039347414d96…
append: e62 事件哈希 3897b60e74f9f3ec…
append: e63 事件哈希 4ff283c799a75abf…
append: e64 事件哈希 113bb479ab919622…
append: e65 事件哈希 0bdd019ca40c0600…
append: e66 事件哈希 cdfbb227dfd3c0c8…
append: e67 事件哈希 32ef17722d0732fa…
append: e68 事件哈希 6e48324306837c9d…
append: e69 事件哈希 3f7f1964c2a70d1d…
append: e70 事件哈希 b1390f9c0a3634af…
append: e71 事件哈希 67ff84693fa83e36…
append: e72 事件哈希 8d8e94319fe93a5d…
append: e73 事件哈希 12ebfd004946e8c0…
append: e74 事件哈希 08ab76b52420cd0b…
append: e75 事件哈希 03a7368d9711951d…
append: e76 事件哈希 4aff9ec033e2631e…
append: e77 事件哈希 5673d2ca8c854e44…
append: e78 事件哈希 1463c8717af4ce53…
append: e79 事件哈希 4ac48e17d680cbe4…
build: 生成 spec.md / 提示词速查.md / citations.md → D:\临时工作区\大审查-工作包-20260909\衔尾蛇\sandbox\x17-A2-s16（手改生成区=违例）
install: L2 + [] → D:\临时工作区\大审查-工作包-20260909\衔尾蛇\sandbox\x17-A2-s16
  交付内容体 29 个（含 {SLOT} 待填文件 11 个——按 install 指南填槽）
  待填槽文件（示例）: modules/m-core/install.md, modules/m-core/template/ROOT-README.md, modules/m-index/install.md, modules/m-index/template/knowledge/_index.md, modules/m-tools/install.md…
  Merkle 根（排除 state.json）: e8b76fd9423a6bf29cf9ba517e340ee5e56d2727e6fb1b74abd0f27a51825cf7
  请将此根抄录至人侧（公理E）
append: e0 事件哈希 aa6cb4371edac1b5…
append: e1 事件哈希 c18cfad4c15f8340…
append: e2 事件哈希 aaa4cd6b4967640a…
append: e3 事件哈希 20d5c7f471067b22…
append: e4 事件哈希 81ab854a1dd3a430…
append: e5 事件哈希 707cdad842a3dbfc…
append: e6 事件哈希 4c8749c914884c9f…
append: e7 事件哈希 0e24406e39c72d93…
append: e8 事件哈希 5e11a7ecd9698546…
append: e9 事件哈希 7434a783b33a7003…
append: e10 事件哈希 3a39cb33c34c7726…
append: e11 事件哈希 a865cbe05972975d…
append: e12 事件哈希 b65c0d003e5f6285…
append: e13 事件哈希 ab694b7fd68b7bd2…
append: e14 事件哈希 4679233fe12059ca…
append: e15 事件哈希 cb54ebcc6c2e2061…
append: e16 事件哈希 34229c1ab3a870c7…
append: e17 事件哈希 03e773ad8f8003a2…
append: e18 事件哈希 d6bb5014b7ba7ad6…
append: e19 事件哈希 bf72f5395e840079…
append: e20 事件哈希 f808c3812566f245…
append: e21 事件哈希 41703dd553903d3b…
append: e22 事件哈希 d83e84037ba1d1e3…
append: e23 事件哈希 49d6be485e4d046e…
append: e24 事件哈希 37a3c79026b8a2ed…
append: e25 事件哈希 eebdb598daf12351…
append: e26 事件哈希 0f6653412641dbc3…
append: e27 事件哈希 f4404090aa963e2d…
append: e28 事件哈希 a8f900f93b720916…
append: e29 事件哈希 d360022f3dd5aa4f…
append: e30 事件哈希 fb01696eb5d2ad23…
append: e31 事件哈希 3a28afe25b0c030e…
append: e32 事件哈希 29d703a27b36330e…
append: e33 事件哈希 7b09d2e774a01e78…
append: e34 事件哈希 ac7f1735f68ffd64…
append: e35 事件哈希 fb58a5de7fdb284e…
append: e36 事件哈希 f1ce7c396f4de253…
append: e37 事件哈希 c0b65d23aa99a131…
append: e38 事件哈希 488c1ef78918f7c2…
append: e39 事件哈希 e95b41a875f3643e…
append: e40 事件哈希 1fb4589ff5645c90…
append: e41 事件哈希 1c930487674a1d9b…
append: e42 事件哈希 a59553d9ce5cd752…
append: e43 事件哈希 ec93390e4366ab1e…
append: e44 事件哈希 b990d799cf4c6fdf…
append: e45 事件哈希 1b3c700105883971…
append: e46 事件哈希 28ce68dd80effa62…
append: e47 事件哈希 68a3b24b1eba7da5…
append: e48 事件哈希 0dd1e26428d9983a…
append: e49 事件哈希 150c34a5121b9f8f…
append: e50 事件哈希 7bc6c1e140b61b56…
append: e51 事件哈希 2731233a18531907…
append: e52 事件哈希 c6675e1787b90a7b…
append: e53 事件哈希 d6cd684035d3e2f1…
append: e54 事件哈希 d4444b395bccf8d9…
append: e55 事件哈希 324582570f4aff9c…
append: e56 事件哈希 cc05695498fb2052…
append: e57 事件哈希 47268aa491dff3b1…
append: e58 事件哈希 4fe201d99ae0d9bb…
append: e59 事件哈希 7c9dc54ad87efbfe…
append: e60 事件哈希 a872218661d534cb…
append: e61 事件哈希 90a977c139e6cd34…
append: e62 事件哈希 e0bd272ba0256911…
append: e63 事件哈希 d10d95fbdf157aa6…
append: e64 事件哈希 d707f309aedc18c7…
append: e65 事件哈希 ff66fb278887b2d5…
append: e66 事件哈希 70e968537c509e6d…
append: e67 事件哈希 047712d1bee0ffc7…
append: e68 事件哈希 b22c6707430c8f07…
append: e69 事件哈希 20f39957e758e562…
append: e70 事件哈希 d54f089fc58c8f0f…
append: e71 事件哈希 bc51ff80c8f945d5…
append: e72 事件哈希 62cf89be7c6a0e55…
append: e73 事件哈希 8ab4ce7416908c68…
append: e74 事件哈希 41ffeac8a15197c3…
append: e75 事件哈希 ea0fa8a33dd911dc…
append: e76 事件哈希 eb477e10a0bb80d9…
append: e77 事件哈希 4db8650a25710b43…
append: e78 事件哈希 ccb3167051389486…
append: e79 事件哈希 413be8c12fc55726…
build: 生成 spec.md / 提示词速查.md / citations.md → D:\临时工作区\大审查-工作包-20260909\衔尾蛇\sandbox\x17-A2-s17（手改生成区=违例）
install: L2 + [] → D:\临时工作区\大审查-工作包-20260909\衔尾蛇\sandbox\x17-A2-s17
  交付内容体 29 个（含 {SLOT} 待填文件 11 个——按 install 指南填槽）
  待填槽文件（示例）: modules/m-core/install.md, modules/m-core/template/ROOT-README.md, modules/m-index/install.md, modules/m-index/template/knowledge/_index.md, modules/m-tools/install.md…
  Merkle 根（排除 state.json）: eb7789b51b4b007385256f555bf4ad2863435c1facd849caa367550f5cc052e1
  请将此根抄录至人侧（公理E）
append: e0 事件哈希 aa6cb4371edac1b5…
append: e1 事件哈希 c18cfad4c15f8340…
append: e2 事件哈希 aaa4cd6b4967640a…
append: e3 事件哈希 ddaccf7664604fe0…
append: e4 事件哈希 ecb65ca77e1448be…
append: e5 事件哈希 b812ff7de0ace8aa…
append: e6 事件哈希 8eca3a6d950dd9e2…
append: e7 事件哈希 6c3ae8058b7d808d…
append: e8 事件哈希 5131754004481dd7…
append: e9 事件哈希 4900d86de82ada5c…
append: e10 事件哈希 f346b0d2338ee37e…
append: e11 事件哈希 b34f780bdb272425…
append: e12 事件哈希 89af4fcf9af1492e…
append: e13 事件哈希 3ed480cbdc2ce6f3…
append: e14 事件哈希 d98933908db0b79d…
append: e15 事件哈希 a5c048563619a3b8…
append: e16 事件哈希 bd34d662bf5866c2…
append: e17 事件哈希 87851f72218a8412…
append: e18 事件哈希 826bd32fdc8a453b…
append: e19 事件哈希 c3197872befaad47…
append: e20 事件哈希 55d037bd2508a211…
append: e21 事件哈希 6668c118412e0879…
append: e22 事件哈希 427135d54cf1ddfe…
append: e23 事件哈希 2e2914ba51e6ad6c…
append: e24 事件哈希 ef989dca9fa15634…
append: e25 事件哈希 7bb53ec84229eb0c…
append: e26 事件哈希 0e1ab21fbc53a8d8…
append: e27 事件哈希 9a8f40ff800caa81…
append: e28 事件哈希 85a6f9b0c20defd2…
append: e29 事件哈希 69def3b83ff89a79…
append: e30 事件哈希 4ab348b2056c6cc9…
append: e31 事件哈希 dfdcc0b523455e4a…
append: e32 事件哈希 1233eb8b4e1cd7a8…
append: e33 事件哈希 814239d3281b583d…
append: e34 事件哈希 be06510dc101f40f…
append: e35 事件哈希 10a9b165a54c9707…
append: e36 事件哈希 745455a15e40c51c…
append: e37 事件哈希 eef1b0f6549253fc…
append: e38 事件哈希 fe6d558ff29b9c61…
append: e39 事件哈希 aa11ad640c16759d…
append: e40 事件哈希 727419be92ae65c6…
append: e41 事件哈希 8a306354b036b675…
append: e42 事件哈希 ddbf8c66167d12ac…
append: e43 事件哈希 d345f90da43a4acb…
append: e44 事件哈希 eb485fb54c90dbca…
append: e45 事件哈希 b926569a73afe2c1…
append: e46 事件哈希 66240264d5eb31a5…
append: e47 事件哈希 763b92a6228f9375…
append: e48 事件哈希 5f36a01adcbf28b9…
append: e49 事件哈希 ad6deadafe94115d…
append: e50 事件哈希 71ce60bd0ca11579…
append: e51 事件哈希 58fd482e407d99a0…
append: e52 事件哈希 453084e99a057da1…
append: e53 事件哈希 c409f2d5d1ee5230…
append: e54 事件哈希 6435809cde45e583…
append: e55 事件哈希 a31b00007e9c13fc…
append: e56 事件哈希 5616326951a7f046…
append: e57 事件哈希 7979c8ae199d7de0…
append: e58 事件哈希 1c7c60112b7ba4dc…
append: e59 事件哈希 576afbbd9a871138…
append: e60 事件哈希 4c7a21f7072d2e43…
append: e61 事件哈希 5ffe07c31bc01093…
append: e62 事件哈希 1a4e6ef9c1031109…
append: e63 事件哈希 2a02b684cb4e2e61…
append: e64 事件哈希 9ed1ac4c766cf56f…
append: e65 事件哈希 3abf2ad526d1765e…
append: e66 事件哈希 304f4740dbcaf67c…
append: e67 事件哈希 4f5c8fae4079d680…
append: e68 事件哈希 d940c7d608fe9d4e…
append: e69 事件哈希 23185ea84215f979…
append: e70 事件哈希 5a42d8b6ff0de475…
append: e71 事件哈希 12dcd8b767173751…
append: e72 事件哈希 4fe4d3e10ec8f624…
append: e73 事件哈希 b0a2b70125c7d72f…
append: e74 事件哈希 b4cefbb44a87cc2c…
append: e75 事件哈希 767b52ef15f02466…
append: e76 事件哈希 360f8024592888a2…
append: e77 事件哈希 a8b34731be031fbb…
append: e78 事件哈希 5c90dec5ff43413f…
append: e79 事件哈希 678aa0e50ef6751a…
build: 生成 spec.md / 提示词速查.md / citations.md → D:\临时工作区\大审查-工作包-20260909\衔尾蛇\sandbox\x17-A2-s18（手改生成区=违例）
install: L2 + [] → D:\临时工作区\大审查-工作包-20260909\衔尾蛇\sandbox\x17-A2-s18
  交付内容体 29 个（含 {SLOT} 待填文件 11 个——按 install 指南填槽）
  待填槽文件（示例）: modules/m-core/install.md, modules/m-core/template/ROOT-README.md, modules/m-index/install.md, modules/m-index/template/knowledge/_index.md, modules/m-tools/install.md…
  Merkle 根（排除 state.json）: e330f6382b9d376a4827ca5cff4e59aab5bea4ac954e794fb58a5b6081a92607
  请将此根抄录至人侧（公理E）
append: e0 事件哈希 89d2831927d1ae63…
append: e1 事件哈希 3af96412fb37a076…
append: e2 事件哈希 92fa724fb8bd2fe3…
append: e3 事件哈希 c2b729403c046e3f…
append: e4 事件哈希 c06aa8dd72a8a4cd…
append: e5 事件哈希 ee5ed322ea98f2ba…
append: e6 事件哈希 d325ab9569b91704…
append: e7 事件哈希 340085ac26aa520b…
append: e8 事件哈希 3d19c6b90f788a0e…
append: e9 事件哈希 016a0347ee347aa4…
append: e10 事件哈希 a5dd86faa4b7c631…
append: e11 事件哈希 068ce1adbcecc14f…
append: e12 事件哈希 ac54e82977527aba…
append: e13 事件哈希 b283fbe8e6833c9f…
append: e14 事件哈希 cdde7e2abdf867f0…
append: e15 事件哈希 67acb06250893a47…
append: e16 事件哈希 c2800b17562695fa…
append: e17 事件哈希 9db068107456cfce…
append: e18 事件哈希 d4c3fd9f79dd2971…
append: e19 事件哈希 c25d9d937d79b05c…
append: e20 事件哈希 1a5230cc12515702…
append: e21 事件哈希 312af5d99703aba2…
append: e22 事件哈希 df69b5fd40041bc4…
append: e23 事件哈希 a40822d82055fe8b…
append: e24 事件哈希 7f1b8998ef094a91…
append: e25 事件哈希 817294cf87ce30db…
append: e26 事件哈希 360ce4ebac45b623…
append: e27 事件哈希 eed1edce2fe77f1b…
append: e28 事件哈希 db2a51b6bb382f00…
append: e29 事件哈希 2e23c6db49b8de55…
append: e30 事件哈希 f17424ceb3d58f08…
append: e31 事件哈希 27a72645df2a278c…
append: e32 事件哈希 5004a5a05354e42b…
append: e33 事件哈希 ee19772293badb4e…
append: e34 事件哈希 9e66ff3cf9939b4e…
append: e35 事件哈希 d30d9f1e7e3c9f62…
append: e36 事件哈希 72d75e66df9080d4…
append: e37 事件哈希 7c71f0a54548db6d…
append: e38 事件哈希 2c26a816833ea0ed…
append: e39 事件哈希 775ef1f3369bdb74…
append: e40 事件哈希 6f63f0a3b6239d8a…
append: e41 事件哈希 e87ec663d678b80e…
append: e42 事件哈希 853b55f36e7c90a9…
append: e43 事件哈希 205b33b5b666fa84…
append: e44 事件哈希 2614ad6a325d6d60…
append: e45 事件哈希 8c9677b0d662100b…
append: e46 事件哈希 c8595825c4dcb677…
append: e47 事件哈希 4c5ed1be0dc8c016…
append: e48 事件哈希 8794014d858f6be9…
append: e49 事件哈希 82d59fcac5926138…
append: e50 事件哈希 a4ccbd930aa09be8…
append: e51 事件哈希 33146d8c89985354…
append: e52 事件哈希 acbcc0264eb3fbec…
append: e53 事件哈希 7d052c5bf05e5af5…
append: e54 事件哈希 cb4d62dbee7e77f4…
append: e55 事件哈希 3c6eb2f0c8413fee…
append: e56 事件哈希 c37c677fef87e8a0…
append: e57 事件哈希 8e8b37dfc4ec68d9…
append: e58 事件哈希 430c7b391621f1ee…
append: e59 事件哈希 6ab68ffc904e11f5…
append: e60 事件哈希 30c455e7d6a39fae…
append: e61 事件哈希 841a4772fabde7c3…
append: e62 事件哈希 926eb393f0937fdf…
append: e63 事件哈希 9c9a9201e2c20a48…
append: e64 事件哈希 28d2b28dd84b020b…
append: e65 事件哈希 bf2275da6ba6011a…
append: e66 事件哈希 276bed77144424a8…
append: e67 事件哈希 84b059f279d76176…
append: e68 事件哈希 9e8176e90365a6c6…
append: e69 事件哈希 417014fdb34cb7a9…
append: e70 事件哈希 c9b16d8a3df3ad23…
append: e71 事件哈希 9fbd2bf866986f95…
append: e72 事件哈希 d41c445369d1a20c…
append: e73 事件哈希 f6d61a763c8a03ba…
append: e74 事件哈希 2c98b64dced5786a…
append: e75 事件哈希 916a93050ae94ed9…
append: e76 事件哈希 b6ead4dea006a6e1…
append: e77 事件哈希 20090314a07104ee…
append: e78 事件哈希 4a41322cd5cf1ebd…
append: e79 事件哈希 63fa96deee4b7eed…
build: 生成 spec.md / 提示词速查.md / citations.md → D:\临时工作区\大审查-工作包-20260909\衔尾蛇\sandbox\x17-A2-s19（手改生成区=违例）
install: L2 + [] → D:\临时工作区\大审查-工作包-20260909\衔尾蛇\sandbox\x17-A2-s19
  交付内容体 29 个（含 {SLOT} 待填文件 11 个——按 install 指南填槽）
  待填槽文件（示例）: modules/m-core/install.md, modules/m-core/template/ROOT-README.md, modules/m-index/install.md, modules/m-index/template/knowledge/_index.md, modules/m-tools/install.md…
  Merkle 根（排除 state.json）: dd22272929b102736ae6b63da02c6c51134ec625227181547ff3354b1ef4c3f4
  请将此根抄录至人侧（公理E）
append: e0 事件哈希 89d2831927d1ae63…
append: e1 事件哈希 31533129e4881262…
append: e2 事件哈希 c67d1737cb0dad4c…
append: e3 事件哈希 49e2d628342b227c…
append: e4 事件哈希 fb80cad99ebd45f7…
append: e5 事件哈希 454e79b77edc4ab9…
append: e6 事件哈希 f583156d35226360…
append: e7 事件哈希 a7a7ae8d04bffc4b…
append: e8 事件哈希 f66b3558cc48e00f…
append: e9 事件哈希 411c4f84db872f28…
append: e10 事件哈希 f81e7388488bc617…
append: e11 事件哈希 c3a04eddfca65b33…
append: e12 事件哈希 e2b48a11585eded8…
append: e13 事件哈希 081cd13daa059274…
append: e14 事件哈希 1d69e0a9d65cb435…
append: e15 事件哈希 2349aece380b7ce3…
append: e16 事件哈希 3ef0eb5a9e76ea18…
append: e17 事件哈希 9773ea334a3eafb9…
append: e18 事件哈希 0b32cb97cb0b758a…
append: e19 事件哈希 53e526eeccfeaf78…
append: e20 事件哈希 a92f284eff8d0ca2…
append: e21 事件哈希 2d43bb00ec06d598…
append: e22 事件哈希 e13c7127d29ff05c…
append: e23 事件哈希 0d4867bb9d641b8e…
append: e24 事件哈希 7f2a359ed31a70db…
append: e25 事件哈希 20420cb5a4f9aeff…
append: e26 事件哈希 0464b03dd4c3f45a…
append: e27 事件哈希 3f00f9b0f4ee345c…
append: e28 事件哈希 59123134742583bc…
append: e29 事件哈希 11609962f52eb645…
append: e30 事件哈希 bd348ccda80f690c…
append: e31 事件哈希 be5170bb9bcd46c3…
append: e32 事件哈希 0ebdadf4d9709d4f…
append: e33 事件哈希 5780857e329198ff…
append: e34 事件哈希 3835eb25dca1e015…
append: e35 事件哈希 6f754e6eb719009b…
append: e36 事件哈希 6c281ae432a518f0…
append: e37 事件哈希 1840ad1d344f3246…
append: e38 事件哈希 60b8548dfb2c1f6a…
append: e39 事件哈希 c79b7d94ced4ae0d…
append: e40 事件哈希 c02ab127fc9388a2…
append: e41 事件哈希 247cc288de9f9b64…
append: e42 事件哈希 0772d0ea2d708516…
append: e43 事件哈希 3f3342caa7e3daec…
append: e44 事件哈希 069e7ea6897abb6b…
append: e45 事件哈希 6dcd064ea5b4a377…
append: e46 事件哈希 27889f334a60ae9d…
append: e47 事件哈希 3e6cbe3625961478…
append: e48 事件哈希 645adab697b76f10…
append: e49 事件哈希 352d841b6723d6f8…
append: e50 事件哈希 c1c5379f90ffae9f…
append: e51 事件哈希 bcfaad7031cb296a…
append: e52 事件哈希 730cb84a8a511179…
append: e53 事件哈希 e22c8bf1aa475d32…
append: e54 事件哈希 e241f267489a77e7…
append: e55 事件哈希 5bc97d06ac774e13…
append: e56 事件哈希 b94283b9bda82b20…
append: e57 事件哈希 a2160e07b625a9d3…
append: e58 事件哈希 9790e2a95ba9907d…
append: e59 事件哈希 e3701a055f02ae32…
append: e60 事件哈希 d5e362ed82249412…
append: e61 事件哈希 9c25992c85f6fefd…
append: e62 事件哈希 6efdc28b86d49aaa…
append: e63 事件哈希 67e14c6b58df5f80…
append: e64 事件哈希 df4a67a2da1c0be3…
append: e65 事件哈希 1ff8f3b764c9214f…
append: e66 事件哈希 ee787adc04980daa…
append: e67 事件哈希 7dbe86fd7980b8da…
append: e68 事件哈希 dafc4975c902cf2f…
append: e69 事件哈希 3469a5e946af752b…
append: e70 事件哈希 cf64e74d83c5e8fe…
append: e71 事件哈希 d81229084c68730e…
append: e72 事件哈希 0b355ae2d647a003…
append: e73 事件哈希 0a47c1c847fb5614…
append: e74 事件哈希 55abf77988140186…
append: e75 事件哈希 49cfc5b38d1ac2d3…
append: e76 事件哈希 32110bec76baf0df…
append: e77 事件哈希 ae015f235adc1419…
append: e78 事件哈希 612984bb7a34fe10…
append: e79 事件哈希 2abc2bfc28f0f32d…
build: 生成 spec.md / 提示词速查.md / citations.md → D:\临时工作区\大审查-工作包-20260909\衔尾蛇\sandbox\x17-A2-s20（手改生成区=违例）
install: L2 + [] → D:\临时工作区\大审查-工作包-20260909\衔尾蛇\sandbox\x17-A2-s20
  交付内容体 29 个（含 {SLOT} 待填文件 11 个——按 install 指南填槽）
  待填槽文件（示例）: modules/m-core/install.md, modules/m-core/template/ROOT-README.md, modules/m-index/install.md, modules/m-index/template/knowledge/_index.md, modules/m-tools/install.md…
  Merkle 根（排除 state.json）: 08f2c1d21da53f0427b30a1ccacced3a934000b3616dc1c1a79a5b591ec382f1
  请将此根抄录至人侧（公理E）
append: e0 事件哈希 89d2831927d1ae63…
append: e1 事件哈希 31533129e4881262…
append: e2 事件哈希 9bd4eaaa2343b73e…
append: e3 事件哈希 badd00fc3ec8ec09…
append: e4 事件哈希 9f9b54d519bce609…
append: e5 事件哈希 2401198be7497de9…
append: e6 事件哈希 37cbb74c52a9dda9…
append: e7 事件哈希 d84aa7a6268670ba…
append: e8 事件哈希 8d1af975b70a2568…
append: e9 事件哈希 8fe70cb70971b247…
append: e10 事件哈希 cb6b973afa111e55…
append: e11 事件哈希 3d4e3bfc584895ee…
append: e12 事件哈希 be732db00f125aa0…
append: e13 事件哈希 ae302df3650359e4…
append: e14 事件哈希 e791f40def4f3339…
append: e15 事件哈希 981834c296d5e0aa…
append: e16 事件哈希 8c184f92cb24662b…
append: e17 事件哈希 52bfba6d93beb6ce…
append: e18 事件哈希 52accd93e5f9dfa3…
append: e19 事件哈希 ccc2abd5dee47938…
append: e20 事件哈希 015b8d9b71793a76…
append: e21 事件哈希 dae1a1e63282d68a…
append: e22 事件哈希 b91dcd83b3600f17…
append: e23 事件哈希 02b937acccf0ef51…
append: e24 事件哈希 ae03e9532f339b66…
append: e25 事件哈希 1a71a5689b5a6f17…
append: e26 事件哈希 f85648152a12cb84…
append: e27 事件哈希 1167b3a2bc315367…
append: e28 事件哈希 48e56b8c51447122…
append: e29 事件哈希 88ae9eee31789d95…
append: e30 事件哈希 751f9a37d65d2c9b…
append: e31 事件哈希 f712474fe61acfa7…
append: e32 事件哈希 e995b3d62de99379…
append: e33 事件哈希 d273ad0a1f269767…
append: e34 事件哈希 786c5f7a7f59cf5b…
append: e35 事件哈希 71229cefc087f4e3…
append: e36 事件哈希 97b36ff1b3ba77a5…
append: e37 事件哈希 a6ad2e87640c6d77…
append: e38 事件哈希 cb52a1ac62c9d099…
append: e39 事件哈希 1701a9a0fb498a9e…
append: e40 事件哈希 e91b561170e2853c…
append: e41 事件哈希 1201000e1b4497ed…
append: e42 事件哈希 aba91e9bb9a9f902…
append: e43 事件哈希 10e070ff93944963…
append: e44 事件哈希 e8bfa3f0beba016b…
append: e45 事件哈希 5d6fd371609090ad…
append: e46 事件哈希 e65af40e71fce135…
append: e47 事件哈希 7081d99fcae3882b…
append: e48 事件哈希 669d45bf5b78b875…
append: e49 事件哈希 d5aad39d5c45b56c…
append: e50 事件哈希 04e1b22a73b22c02…
append: e51 事件哈希 1fed766f1e798f50…
append: e52 事件哈希 724afb93f6af5b7d…
append: e53 事件哈希 9bb0ec1147efd5f2…
append: e54 事件哈希 9899bf8b1dd77618…
append: e55 事件哈希 ec29e8c58c7732d9…
append: e56 事件哈希 bea1caac397a15ad…
append: e57 事件哈希 a914b3ae3373785c…
append: e58 事件哈希 8db21497dc0b8680…
append: e59 事件哈希 a7f0a73cceec444d…
append: e60 事件哈希 6969ef2a73babf2c…
append: e61 事件哈希 695a947433a2b834…
append: e62 事件哈希 30b9377181d61d31…
append: e63 事件哈希 e01469468cb3f4de…
append: e64 事件哈希 8df7e61321cba69a…
append: e65 事件哈希 f7c306005e150921…
append: e66 事件哈希 059bb9b05dc79735…
append: e67 事件哈希 b0a79bfc385abf99…
append: e68 事件哈希 1438de721c6ba1ea…
append: e69 事件哈希 345b3ece35852801…
append: e70 事件哈希 453eeb3fa2f60c5b…
append: e71 事件哈希 02b6cf2e0574a28e…
append: e72 事件哈希 9931f5d6ebc35510…
append: e73 事件哈希 f458a67254f74b41…
append: e74 事件哈希 771ca99899f3da02…
append: e75 事件哈希 937b6d415c1b23ab…
append: e76 事件哈希 7fe8a02c8fd4e73f…
append: e77 事件哈希 1117087ad7e64d06…
append: e78 事件哈希 c5ce9a5d2b42ab1d…
append: e79 事件哈希 817f7b2106493d87…
build: 生成 spec.md / 提示词速查.md / citations.md → D:\临时工作区\大审查-工作包-20260909\衔尾蛇\sandbox\x17-A2-s21（手改生成区=违例）
install: L2 + [] → D:\临时工作区\大审查-工作包-20260909\衔尾蛇\sandbox\x17-A2-s21
  交付内容体 29 个（含 {SLOT} 待填文件 11 个——按 install 指南填槽）
  待填槽文件（示例）: modules/m-core/install.md, modules/m-core/template/ROOT-README.md, modules/m-index/install.md, modules/m-index/template/knowledge/_index.md, modules/m-tools/install.md…
  Merkle 根（排除 state.json）: cc58858bb6b437fe43393075c089d758e159b09c3f8d116de364874456b9863c
  请将此根抄录至人侧（公理E）
append: e0 事件哈希 aa6cb4371edac1b5…
append: e1 事件哈希 76861be6ec4e59a5…
append: e2 事件哈希 a5a95fba1547d5bd…
append: e3 事件哈希 09931ca89f226336…
append: e4 事件哈希 8353e451be9005d5…
append: e5 事件哈希 8d732668c5f9b25b…
append: e6 事件哈希 407d568f62fa7d6b…
append: e7 事件哈希 d39f3b34a911f803…
append: e8 事件哈希 3141186cfa0bfa53…
append: e9 事件哈希 ae2a1cb0b9f0986e…
append: e10 事件哈希 95f43bbc83271b9f…
append: e11 事件哈希 a83ae0f863ccc868…
append: e12 事件哈希 830f5c72d5162837…
append: e13 事件哈希 4acd17985b125641…
append: e14 事件哈希 0a7e526e4c84c8d6…
append: e15 事件哈希 5c5ae313ec06ffa6…
append: e16 事件哈希 c8531434e85f7966…
append: e17 事件哈希 e0a3fd4efb0e141e…
append: e18 事件哈希 6197c6072631737f…
append: e19 事件哈希 14e50faf3dbb7594…
append: e20 事件哈希 b04ff58484a5ebec…
append: e21 事件哈希 666dda77700d1a30…
append: e22 事件哈希 4c07b10f9fed65fd…
append: e23 事件哈希 7df0a14138046ade…
append: e24 事件哈希 744fbd7169b019db…
append: e25 事件哈希 e665ab244471f560…
append: e26 事件哈希 96ed4db27115faf2…
append: e27 事件哈希 8829ebabffe0d2eb…
append: e28 事件哈希 a6adbd1978670abb…
append: e29 事件哈希 9e09a11bbaf997ae…
append: e30 事件哈希 c49f34ff010f9cb4…
append: e31 事件哈希 f6404fd85177e99c…
append: e32 事件哈希 d7476e88f4f84e1d…
append: e33 事件哈希 2ace9994da03f1e4…
append: e34 事件哈希 27a40259614de3f9…
append: e35 事件哈希 2edaa63ba4064990…
append: e36 事件哈希 3c6b6099abc43bd4…
append: e37 事件哈希 87bf8b765ccf533d…
append: e38 事件哈希 c18b3975ca03fd4f…
append: e39 事件哈希 d8bd7fa4b90afd7c…
append: e40 事件哈希 1725a7c0e65851e4…
append: e41 事件哈希 6400d249d228cd6a…
append: e42 事件哈希 7291765bb8011528…
append: e43 事件哈希 35d748f38088640b…
append: e44 事件哈希 e6f84bafd658279d…
append: e45 事件哈希 2bbd1f9e36d1bb24…
append: e46 事件哈希 88273f850e0f99a2…
append: e47 事件哈希 6890d405ae60021d…
append: e48 事件哈希 9478ffbe5965be05…
append: e49 事件哈希 96ac31753c8aa422…
append: e50 事件哈希 5a5170a587830404…
append: e51 事件哈希 fc54a9a3269fc8c8…
append: e52 事件哈希 6421937b37ed17ff…
append: e53 事件哈希 82c725451e2b7506…
append: e54 事件哈希 bfb1335a499f02cd…
append: e55 事件哈希 7e50537833f6de7a…
append: e56 事件哈希 bf39637e5ea88826…
append: e57 事件哈希 06e2ad0b71241db0…
append: e58 事件哈希 c62f7f8431741702…
append: e59 事件哈希 9dc51ab0894bca08…
append: e60 事件哈希 1d29e934025ac53f…
append: e61 事件哈希 383e53dd0b14b49d…
append: e62 事件哈希 a91ca7c4cc87ba06…
append: e63 事件哈希 0603232489bf8f8b…
append: e64 事件哈希 eacdb9c9b99331b5…
append: e65 事件哈希 4cb6aa4518fad079…
append: e66 事件哈希 07fb215a2a7f145c…
append: e67 事件哈希 e60707b67cf18c9f…
append: e68 事件哈希 1849bc08a6701c78…
append: e69 事件哈希 7896540165b1eb5a…
append: e70 事件哈希 7889ec25530d2415…
append: e71 事件哈希 049d1b14c5608624…
append: e72 事件哈希 4578cb06e06f0b3c…
append: e73 事件哈希 6d9fd4c5dadceefe…
append: e74 事件哈希 4755a8018ff3b676…
append: e75 事件哈希 8cd6deeffb11b9bf…
append: e76 事件哈希 bf265442ca6462a4…
append: e77 事件哈希 cae3780a74378d6a…
append: e78 事件哈希 56c0c74cecbf8ca2…
append: e79 事件哈希 692352bf954f8322…
build: 生成 spec.md / 提示词速查.md / citations.md → D:\临时工作区\大审查-工作包-20260909\衔尾蛇\sandbox\x17-A2-s22（手改生成区=违例）
install: L2 + [] → D:\临时工作区\大审查-工作包-20260909\衔尾蛇\sandbox\x17-A2-s22
  交付内容体 29 个（含 {SLOT} 待填文件 11 个——按 install 指南填槽）
  待填槽文件（示例）: modules/m-core/install.md, modules/m-core/template/ROOT-README.md, modules/m-index/install.md, modules/m-index/template/knowledge/_index.md, modules/m-tools/install.md…
  Merkle 根（排除 state.json）: 7f94ceb816c695c81d2d2fa12d1a72e9907c03faae274abd8531b57ed63eebaa
  请将此根抄录至人侧（公理E）
append: e0 事件哈希 89d2831927d1ae63…
append: e1 事件哈希 3af96412fb37a076…
append: e2 事件哈希 92fa724fb8bd2fe3…
append: e3 事件哈希 3614cf50271ed3ff…
append: e4 事件哈希 f83ecbc2b9cb2779…
append: e5 事件哈希 641d3f63428b7a24…
append: e6 事件哈希 c905e2908f77ff4d…
append: e7 事件哈希 ef28504c2cbff456…
append: e8 事件哈希 519c5ec73d21258b…
append: e9 事件哈希 47ee68b250beb464…
append: e10 事件哈希 1c2340a6c0cc36b6…
append: e11 事件哈希 c92c2c871a51b9f8…
append: e12 事件哈希 eb93ae3394c10e04…
append: e13 事件哈希 2205ab6594f75bce…
append: e14 事件哈希 f7dd4ada0382c87d…
append: e15 事件哈希 5f0986728915a979…
append: e16 事件哈希 093acba98df30799…
append: e17 事件哈希 9e2d7f50198fbae0…
append: e18 事件哈希 8844b595a8257ad2…
append: e19 事件哈希 87bc379f22740b03…
append: e20 事件哈希 dd9b58bc1585410e…
append: e21 事件哈希 62b580ee472fe9e7…
append: e22 事件哈希 c23b6e6908e46a5b…
append: e23 事件哈希 343b42cab14c6d08…
append: e24 事件哈希 b19396cc1a307477…
append: e25 事件哈希 6581db76be57a74c…
append: e26 事件哈希 4ff6285082f02a4b…
append: e27 事件哈希 7e4f069c2892f6fa…
append: e28 事件哈希 bd88cb5626e9b403…
append: e29 事件哈希 468ce83e5025b035…
append: e30 事件哈希 725db8d67cce126b…
append: e31 事件哈希 67347a67a2f62799…
append: e32 事件哈希 478c49243153359f…
append: e33 事件哈希 6e15cef5cdaa104a…
append: e34 事件哈希 e5260e6c9a984e0e…
append: e35 事件哈希 dfc39f28396a1028…
append: e36 事件哈希 c324619aa0f0230e…
append: e37 事件哈希 c3a8149e409c77f7…
append: e38 事件哈希 324f9e86297ca963…
append: e39 事件哈希 6928ce09638ed532…
append: e40 事件哈希 8ed5512c8df43371…
append: e41 事件哈希 f3ac8c497115a459…
append: e42 事件哈希 53f701f2f00eca13…
append: e43 事件哈希 017a234e7654aeb9…
append: e44 事件哈希 51b09d421fab5125…
append: e45 事件哈希 4886a9f701cfde57…
append: e46 事件哈希 20500a56d3876bff…
append: e47 事件哈希 e59d5eda4557ab4f…
append: e48 事件哈希 5503402fb3a8f826…
append: e49 事件哈希 d55930216b29df28…
append: e50 事件哈希 0f03717864797285…
append: e51 事件哈希 68e2991ab91784d7…
append: e52 事件哈希 f20dc445870e1e3d…
append: e53 事件哈希 662f377fb5c52aed…
append: e54 事件哈希 d8ed63714c22c915…
append: e55 事件哈希 d4fddf9cb8bddc60…
append: e56 事件哈希 f5569d1ffda54c73…
append: e57 事件哈希 30c46b5ad4efc238…
append: e58 事件哈希 04f4429e6666ed74…
append: e59 事件哈希 ffc7463b04267559…
append: e60 事件哈希 e77a0c3d6e0c4168…
append: e61 事件哈希 816d7fef4000360f…
append: e62 事件哈希 6078af200b1d63b0…
append: e63 事件哈希 33d78a2f95e64759…
append: e64 事件哈希 4e3de2f55e0a65e8…
append: e65 事件哈希 7281afdec33bcb45…
append: e66 事件哈希 962b91bba88419c6…
append: e67 事件哈希 6dd664b968b51f79…
append: e68 事件哈希 0efd36e744871eea…
append: e69 事件哈希 df568fcf70e531b5…
append: e70 事件哈希 30c8ca2f969315a3…
append: e71 事件哈希 528cfee556eb1592…
append: e72 事件哈希 ed401e55adcca477…
append: e73 事件哈希 468c2ef6e7f19d69…
append: e74 事件哈希 8a0627247550b47b…
append: e75 事件哈希 948a7a2de90bc11e…
append: e76 事件哈希 1e4dacd632623aa8…
append: e77 事件哈希 715ad06b1ea322cb…
append: e78 事件哈希 14d0bb17678625b6…
append: e79 事件哈希 a621a5ef1fecbdc6…
build: 生成 spec.md / 提示词速查.md / citations.md → D:\临时工作区\大审查-工作包-20260909\衔尾蛇\sandbox\x17-A2-s23（手改生成区=违例）
install: L2 + [] → D:\临时工作区\大审查-工作包-20260909\衔尾蛇\sandbox\x17-A2-s23
  交付内容体 29 个（含 {SLOT} 待填文件 11 个——按 install 指南填槽）
  待填槽文件（示例）: modules/m-core/install.md, modules/m-core/template/ROOT-README.md, modules/m-index/install.md, modules/m-index/template/knowledge/_index.md, modules/m-tools/install.md…
  Merkle 根（排除 state.json）: 390998fd832d5205b3ed14dc08aa968d699373102a52b5719003749de9ac9951
  请将此根抄录至人侧（公理E）
append: e0 事件哈希 89d2831927d1ae63…
append: e1 事件哈希 31533129e4881262…
append: e2 事件哈希 c67d1737cb0dad4c…
append: e3 事件哈希 1e135be58c1e9c18…
append: e4 事件哈希 6d2c96e4e7bf0296…
append: e5 事件哈希 14dade9ca05672a8…
append: e6 事件哈希 f9a5cfa27d420827…
append: e7 事件哈希 2afb7abf4cf3c49f…
append: e8 事件哈希 dc8c8a9b14c8ae7b…
append: e9 事件哈希 67b0c150143c4f38…
append: e10 事件哈希 ff296e975ccfe673…
append: e11 事件哈希 81f11f2155d6e3fa…
append: e12 事件哈希 3a1cc5e6a009b417…
append: e13 事件哈希 aaf7bf7f0561f1aa…
append: e14 事件哈希 76b300913ca261c0…
append: e15 事件哈希 bc1ef89a12c87f96…
append: e16 事件哈希 3655dde082d76014…
append: e17 事件哈希 87c180ae16893406…
append: e18 事件哈希 db84fec2b9cac0a5…
append: e19 事件哈希 db1b041dcdebf7ef…
append: e20 事件哈希 879d16c8e75dd0ad…
append: e21 事件哈希 8d9e57a45958b7db…
append: e22 事件哈希 84e8e4bd1cc6e0d1…
append: e23 事件哈希 69270c175cc34026…
append: e24 事件哈希 5b99dbc58fb002d3…
append: e25 事件哈希 030d87196aa74eec…
append: e26 事件哈希 785f05402831ae1c…
append: e27 事件哈希 f46060f1a4d47912…
append: e28 事件哈希 e9610d1271d9d96b…
append: e29 事件哈希 4d9e0f58e4aeb012…
append: e30 事件哈希 37f5b9b44ce17800…
append: e31 事件哈希 28c7e4f2f4c13b22…
append: e32 事件哈希 1320cd2ae0ee25bf…
append: e33 事件哈希 e43e75fd877517e3…
append: e34 事件哈希 2fe3584e5f868610…
append: e35 事件哈希 9b5c91ce1ea2b406…
append: e36 事件哈希 1d6c0d702e2d3c13…
append: e37 事件哈希 2d81da9dfdd1ecbc…
append: e38 事件哈希 9f7272d72b6d3e3d…
append: e39 事件哈希 2aac04a7aff1051c…
append: e40 事件哈希 30f98ddcfafbbf47…
append: e41 事件哈希 635feaef8131a741…
append: e42 事件哈希 66ee8ea2691d27eb…
append: e43 事件哈希 24aeb81cdbc4e51c…
append: e44 事件哈希 328facc27f77a7e1…
append: e45 事件哈希 9057cf25926193bf…
append: e46 事件哈希 3c21c93618f4bed5…
append: e47 事件哈希 5f731f027abb9c3d…
append: e48 事件哈希 d01d5fb642168fd5…
append: e49 事件哈希 01d13ade078b80ad…
append: e50 事件哈希 c43f3d1d190364ca…
append: e51 事件哈希 4ed95acc19cb2cab…
append: e52 事件哈希 e3d4cfd32f0ce288…
append: e53 事件哈希 db6fd4bebc10764d…
append: e54 事件哈希 7b2239095e934317…
append: e55 事件哈希 d99925f5d678b192…
append: e56 事件哈希 3b79a9eecbcfe622…
append: e57 事件哈希 7331c3f9b7f12916…
append: e58 事件哈希 dec84a3e1bd97268…
append: e59 事件哈希 29f4c16a74d90a69…
append: e60 事件哈希 5c8c72dbf722a508…
append: e61 事件哈希 b67d5cb7fe59ed36…
append: e62 事件哈希 00fef5ec66dceec9…
append: e63 事件哈希 dcd49768ffbe8a52…
append: e64 事件哈希 c48bf0421e2a1624…
append: e65 事件哈希 47b324dd7306fea7…
append: e66 事件哈希 dad7c66948ed9c0d…
append: e67 事件哈希 f8c4f6f2593a65c3…
append: e68 事件哈希 bcd671326f8799c1…
append: e69 事件哈希 0c8dbb18c8c14227…
append: e70 事件哈希 c66d86df3d4988fc…
append: e71 事件哈希 c1a1b8e969924073…
append: e72 事件哈希 d2930021b21ca4dc…
append: e73 事件哈希 50a5c8d1c7f00ec5…
append: e74 事件哈希 ce41b875aef32e88…
append: e75 事件哈希 98261a71e11124dc…
append: e76 事件哈希 c64a891886008ada…
append: e77 事件哈希 56a348a51906d181…
append: e78 事件哈希 baa98fd63815c839…
append: e79 事件哈希 271cd29dd5de2c78…
build: 生成 spec.md / 提示词速查.md / citations.md → D:\临时工作区\大审查-工作包-20260909\衔尾蛇\sandbox\x17-A2-s24（手改生成区=违例）
install: L2 + [] → D:\临时工作区\大审查-工作包-20260909\衔尾蛇\sandbox\x17-A2-s24
  交付内容体 29 个（含 {SLOT} 待填文件 11 个——按 install 指南填槽）
  待填槽文件（示例）: modules/m-core/install.md, modules/m-core/template/ROOT-README.md, modules/m-index/install.md, modules/m-index/template/knowledge/_index.md, modules/m-tools/install.md…
  Merkle 根（排除 state.json）: 83ee7a3fb90e9f1720c8dda4ec1d264ad5756c687ceb97c1be8196c272cbd319
  请将此根抄录至人侧（公理E）
append: e0 事件哈希 aa6cb4371edac1b5…
append: e1 事件哈希 c18cfad4c15f8340…
append: e2 事件哈希 aaa4cd6b4967640a…
append: e3 事件哈希 20d5c7f471067b22…
append: e4 事件哈希 81ab854a1dd3a430…
append: e5 事件哈希 707cdad842a3dbfc…
append: e6 事件哈希 4c8749c914884c9f…
append: e7 事件哈希 0e24406e39c72d93…
append: e8 事件哈希 5849c07f3df29f97…
append: e9 事件哈希 c821c64241004794…
append: e10 事件哈希 28cba30203d5c7a1…
append: e11 事件哈希 94846295d08cb7d6…
append: e12 事件哈希 9ba4992958a380e7…
append: e13 事件哈希 d6c824f90deeaa8f…
append: e14 事件哈希 d796180244295ebc…
append: e15 事件哈希 cca2ef8bc288ce35…
append: e16 事件哈希 10c6b98c6a60c4ae…
append: e17 事件哈希 80ae9157bfbf9d95…
append: e18 事件哈希 23b715c327a50821…
append: e19 事件哈希 8ab2a989c75df830…
append: e20 事件哈希 387e8d79733a03c6…
append: e21 事件哈希 d17b0793105480f7…
append: e22 事件哈希 a9870f469b1f5db6…
append: e23 事件哈希 f1699d1c2b02baa5…
append: e24 事件哈希 8bcaacb1947217ac…
append: e25 事件哈希 2f51243182b9bc8e…
append: e26 事件哈希 bf7176a5d28cc2e1…
append: e27 事件哈希 d9a94d179ab32856…
append: e28 事件哈希 889ac8754c9c924e…
append: e29 事件哈希 149e588a0dbc953f…
append: e30 事件哈希 319adef3be97ddf2…
append: e31 事件哈希 dbdcc2ca0c1e5de1…
append: e32 事件哈希 1ed4d5c1d175ea72…
append: e33 事件哈希 6ecf002e48cde892…
append: e34 事件哈希 77bacec73410c77e…
append: e35 事件哈希 f41942dfe88b5fae…
append: e36 事件哈希 5d1aee74d7931457…
append: e37 事件哈希 3a01b3e00638fb84…
append: e38 事件哈希 cf1a7382304db9e5…
append: e39 事件哈希 05b47df9a761a8d9…
append: e40 事件哈希 fc57d4382f069ef0…
append: e41 事件哈希 3ebc2430d5f6738c…
append: e42 事件哈希 a4328d392e2fd4ab…
append: e43 事件哈希 246bd0915420e036…
append: e44 事件哈希 3ec714f9a27c4bee…
append: e45 事件哈希 a63e1c1ebf3945ba…
append: e46 事件哈希 e3b65d782caf2c0a…
append: e47 事件哈希 d495b12bbcabf905…
append: e48 事件哈希 0e36a32101fab3f4…
append: e49 事件哈希 ad51ba690b1433ca…
append: e50 事件哈希 359930714fe0c9a1…
append: e51 事件哈希 f2f8a579675515e0…
append: e52 事件哈希 25a61ea6237814f8…
append: e53 事件哈希 03018f80ae9dcca4…
append: e54 事件哈希 086def9ec17b7261…
append: e55 事件哈希 835a20e09aa95ded…
append: e56 事件哈希 b3707f3bdd05757c…
append: e57 事件哈希 c1bffbe7e805e406…
append: e58 事件哈希 86f02cf9fcb2caa8…
append: e59 事件哈希 6ee98f750d187318…
append: e60 事件哈希 f82e5a3d029bb7d4…
append: e61 事件哈希 97b53d6f8d39e9d7…
append: e62 事件哈希 75be068fd784fbbc…
append: e63 事件哈希 0ead8958cc9230d2…
append: e64 事件哈希 22b87e7c3c14d34f…
append: e65 事件哈希 0425b9cd7b99b497…
append: e66 事件哈希 f86a69556be48b50…
append: e67 事件哈希 9f84e495cf81a98c…
append: e68 事件哈希 913897c77232c135…
append: e69 事件哈希 28b6b5a78d9647c5…
append: e70 事件哈希 b4b66fd7a3553b95…
append: e71 事件哈希 5a07bc700dd0c906…
append: e72 事件哈希 23a0c0618ff7a782…
append: e73 事件哈希 c7d62d826a1f88d7…
append: e74 事件哈希 70fc63c8e3d9857b…
append: e75 事件哈希 b91fe32b7223f052…
append: e76 事件哈希 a92d4c716d83e1ba…
append: e77 事件哈希 b6796e2ec82f48fb…
append: e78 事件哈希 5691f6380bd472e6…
append: e79 事件哈希 f442688f6079757f…
[A2] recall均值=1.0 受伤=0/24 doctor异常=0
build: 生成 spec.md / 提示词速查.md / citations.md → D:\临时工作区\大审查-工作包-20260909\衔尾蛇\sandbox\x17-A3-s1（手改生成区=违例）
install: L2 + [] → D:\临时工作区\大审查-工作包-20260909\衔尾蛇\sandbox\x17-A3-s1
  交付内容体 29 个（含 {SLOT} 待填文件 11 个——按 install 指南填槽）
  待填槽文件（示例）: modules/m-core/install.md, modules/m-core/template/ROOT-README.md, modules/m-index/install.md, modules/m-index/template/knowledge/_index.md, modules/m-tools/install.md…
  Merkle 根（排除 state.json）: 8a8ea6f59f8c71fee784262940eedbb129694858f270e20c1821559c3fffeb05
  请将此根抄录至人侧（公理E）
append: e0 事件哈希 aa6cb4371edac1b5…
append: e1 事件哈希 c18cfad4c15f8340…
append: e2 事件哈希 aaa4cd6b4967640a…
append: e3 事件哈希 ddaccf7664604fe0…
append: e4 事件哈希 aab3a730918d3363…
append: e5 事件哈希 f99b753182ec3889…
append: e6 事件哈希 19c647d0cccb40ff…
append: e7 事件哈希 02f02949174227cb…
append: e8 事件哈希 a518ae3f9cb97f5c…
append: e9 事件哈希 c1f1f22ea869744d…
append: e10 事件哈希 91b754ccbf2c2a3b…
append: e11 事件哈希 97eeca2378d4686a…
append: e12 事件哈希 288074c498a9fd65…
append: e13 事件哈希 de380b523ee547b0…
append: e14 事件哈希 1532df26f1239c94…
append: e15 事件哈希 fb1fbd01e6e767b5…
append: e16 事件哈希 df0b17ffdc51ba27…
append: e17 事件哈希 0262f69076755601…
append: e18 事件哈希 ca8515502585e259…
append: e19 事件哈希 b7d386e224e23a7c…
append: e20 事件哈希 3fc2b08a1a9cd114…
append: e21 事件哈希 850ad937a21a7e1e…
append: e22 事件哈希 16c88a58fc5ee021…
append: e23 事件哈希 ea91f99a95503568…
append: e24 事件哈希 15f9d2bb38c12969…
append: e25 事件哈希 d1138f0b5234c5d4…
append: e26 事件哈希 c2f08ddb8b4f3fd6…
append: e27 事件哈希 e94bf4b5060701a6…
append: e28 事件哈希 629107abda97164b…
append: e29 事件哈希 91ad18203efa0703…
append: e30 事件哈希 92326b974b12ed90…
append: e31 事件哈希 a8ca06e03e00c14c…
append: e32 事件哈希 824f2db961a5627a…
append: e33 事件哈希 c881112a572b48b3…
append: e34 事件哈希 be871a34a8b012e3…
append: e35 事件哈希 a77a3436d279ebce…
append: e36 事件哈希 b996fcc1a6f5bb08…
append: e37 事件哈希 0f89de9363d1c34a…
append: e38 事件哈希 afc619d6731ed47a…
append: e39 事件哈希 200aec7b8c7887d0…
append: e40 事件哈希 6e94c90ce79c94cb…
append: e41 事件哈希 484401adf5717210…
append: e42 事件哈希 8c1b5339e9f295f2…
append: e43 事件哈希 6ffe95edd183d68c…
append: e44 事件哈希 b24ddf3c2e3a2889…
append: e45 事件哈希 9b9247979a643542…
append: e46 事件哈希 c1ac493bc4aed0e3…
append: e47 事件哈希 e746c1245cb8385e…
append: e48 事件哈希 2615cb3fa9079df0…
append: e49 事件哈希 5d21835145206d1e…
append: e50 事件哈希 6d0c03ea9f1d2671…
append: e51 事件哈希 ec2961c4cca5765f…
append: e52 事件哈希 2d60e72f9435b612…
append: e53 事件哈希 fc29e9170a1a8717…
append: e54 事件哈希 3714eddeb342ac21…
append: e55 事件哈希 d6e730b5ddbef031…
append: e56 事件哈希 61fe41fd2351cb24…
append: e57 事件哈希 3891033631c34132…
append: e58 事件哈希 334803574fc6120e…
append: e59 事件哈希 bb4f3a2014ee8402…
append: e60 事件哈希 9ba3b21a4a5d8c94…
append: e61 事件哈希 254e09e79d487706…
append: e62 事件哈希 ffbd124e4076408a…
append: e63 事件哈希 f6980fa5942bb188…
append: e64 事件哈希 88f08da46abb1763…
append: e65 事件哈希 9beb835a955eee74…
append: e66 事件哈希 e5d1977bc6138d4e…
append: e67 事件哈希 7fad09143e88bd8b…
append: e68 事件哈希 bf6b94ed2bf44779…
append: e69 事件哈希 3beda583ebcfaef9…
append: e70 事件哈希 84cad9833e2a3961…
append: e71 事件哈希 1cc24c123e045603…
append: e72 事件哈希 84b6247477a7f251…
append: e73 事件哈希 c7547a471fc8e373…
append: e74 事件哈希 8d6fe8e08733427c…
append: e75 事件哈希 ea1d7e2b33b76e13…
append: e76 事件哈希 86b0143d00c0b15f…
append: e77 事件哈希 32d621831c5b3198…
append: e78 事件哈希 f7b9b61b0d68cd2a…
append: e79 事件哈希 c8eb04ae2ee83972…
append: d1_80 事件哈希 e8ef19ade1a83892…
append: d1_81 事件哈希 cd76ee4b5a75b18d…
append: d1_82 事件哈希 4b465429546a1d3b…
append: d1_83 事件哈希 e5699e63523cdce7…
append: d1_84 事件哈希 c6fc62de9b334b04…
append: d1_85 事件哈希 a0aa214289ab8c6d…
append: d1_86 事件哈希 6cdedde7590fec83…
append: d1_87 事件哈希 dda3b35941c8e784…
append: d1_88 事件哈希 bfe25b99aaa78691…
append: d1_89 事件哈希 91957fb7ad267f06…
append: d1_90 事件哈希 04ddd18a216d8c98…
append: d1_91 事件哈希 3b2061ba944f8fd8…
append: d1_92 事件哈希 90410abc55c06822…
append: d1_93 事件哈希 7901235056dd163d…
append: d1_94 事件哈希 d14ca9cdeb099f98…
append: d1_95 事件哈希 666a078059da8bb0…
build: 生成 spec.md / 提示词速查.md / citations.md → D:\临时工作区\大审查-工作包-20260909\衔尾蛇\sandbox\x17-A3-s2（手改生成区=违例）
install: L2 + [] → D:\临时工作区\大审查-工作包-20260909\衔尾蛇\sandbox\x17-A3-s2
  交付内容体 29 个（含 {SLOT} 待填文件 11 个——按 install 指南填槽）
  待填槽文件（示例）: modules/m-core/install.md, modules/m-core/template/ROOT-README.md, modules/m-index/install.md, modules/m-index/template/knowledge/_index.md, modules/m-tools/install.md…
  Merkle 根（排除 state.json）: f314e752cdec58eecc7651c03b9fbc131560bb92cff3fb54df5273dedbf1a217
  请将此根抄录至人侧（公理E）
append: e0 事件哈希 89d2831927d1ae63…
append: e1 事件哈希 31533129e4881262…
append: e2 事件哈希 c67d1737cb0dad4c…
append: e3 事件哈希 1e135be58c1e9c18…
append: e4 事件哈希 bbee30ebc21d6cd0…
append: e5 事件哈希 7c6a2feb9983ba96…
append: e6 事件哈希 b992ebbbe659c718…
append: e7 事件哈希 b0df202dab40ab10…
append: e8 事件哈希 40cac6f0f3df5d05…
append: e9 事件哈希 060ca45d1f9a6781…
append: e10 事件哈希 da3b7188b8609621…
append: e11 事件哈希 49e42819741b009e…
append: e12 事件哈希 83b03d8746745303…
append: e13 事件哈希 34e4879d498f6ef8…
append: e14 事件哈希 1656443f64aa9d01…
append: e15 事件哈希 6ef04a18048b5665…
append: e16 事件哈希 c1b58469f72ef15e…
append: e17 事件哈希 4a177305996d2ca8…
append: e18 事件哈希 d3080c4978b711ce…
append: e19 事件哈希 9bd15872846bf7b1…
append: e20 事件哈希 715f7cc626212c82…
append: e21 事件哈希 874014394e8b3fc7…
append: e22 事件哈希 be2ad484a3c07a39…
append: e23 事件哈希 57a93ae3c41b4a9b…
append: e24 事件哈希 981478df83dda1cc…
append: e25 事件哈希 5ea0ce43d0f0e639…
append: e26 事件哈希 2b72686a2004e251…
append: e27 事件哈希 340182df68af4ea2…
append: e28 事件哈希 0e611c0467b91cd6…
append: e29 事件哈希 5bab0ac5a531fa44…
append: e30 事件哈希 eaef7cac60c88a14…
append: e31 事件哈希 2021c45c0539aa2a…
append: e32 事件哈希 53516beb45b5d516…
append: e33 事件哈希 36b9fdb06b0ceba2…
append: e34 事件哈希 7928e863cb88ed6d…
append: e35 事件哈希 3cf31e2a13b25500…
append: e36 事件哈希 b243fd36b8698c68…
append: e37 事件哈希 585c665416cd9d3e…
append: e38 事件哈希 e3866d9bbf938fff…
append: e39 事件哈希 43b5c4e66bcc4ef8…
append: e40 事件哈希 d8a7ac3df89c4a80…
append: e41 事件哈希 75fe1610bdfc2372…
append: e42 事件哈希 2b7276fe909078aa…
append: e43 事件哈希 788ce4298addeca2…
append: e44 事件哈希 e20622de2b8deb39…
append: e45 事件哈希 f5d995d00facad61…
append: e46 事件哈希 49fe1d7aee4fe352…
append: e47 事件哈希 9ad536759d6107a7…
append: e48 事件哈希 67f598390b42ab2e…
append: e49 事件哈希 2558d2d22f6eee97…
append: e50 事件哈希 c6a93b447c38f30d…
append: e51 事件哈希 c15dd8dfccba25d4…
append: e52 事件哈希 d38fabbb775e3851…
append: e53 事件哈希 e01ba7bfc1a5b4b8…
append: e54 事件哈希 f9b2ca1f011b50aa…
append: e55 事件哈希 bc141bc707e98103…
append: e56 事件哈希 cb9235f6f3a15804…
append: e57 事件哈希 a78ec3f8cf4d6932…
append: e58 事件哈希 d512adfd3f2d1102…
append: e59 事件哈希 827558134025667f…
append: e60 事件哈希 042782de3b63da42…
append: e61 事件哈希 31bf1860f7ff1fad…
append: e62 事件哈希 7e4eb02c03c3677a…
append: e63 事件哈希 f82e8ee281aa6903…
append: e64 事件哈希 d55f04de5bfaf18e…
append: e65 事件哈希 5913a47ae1c51395…
append: e66 事件哈希 1c6ede8ef1788c61…
append: e67 事件哈希 a03370f9bc3dd198…
append: e68 事件哈希 6fc18ace70c92a58…
append: e69 事件哈希 ef3b36d04caa804a…
append: e70 事件哈希 1cffde599fad3dbe…
append: e71 事件哈希 d17b900586d7807d…
append: e72 事件哈希 b7dfb99d426ff5aa…
append: e73 事件哈希 4b7129ec5f7370d9…
append: e74 事件哈希 8c9dcaeb9f22347a…
append: e75 事件哈希 411e7aafe076aa73…
append: e76 事件哈希 04e71541017fd7ef…
append: e77 事件哈希 0746ed0215b4caa7…
append: e78 事件哈希 9e8c4e6ba2fc369c…
append: e79 事件哈希 797eca984f4d550c…
append: d2_80 事件哈希 2bae145905c3743f…
append: d2_81 事件哈希 95d50c23de8f0f6e…
append: d2_82 事件哈希 7e76772d7fb3b7da…
append: d2_83 事件哈希 5f25255bc45ebe9a…
append: d2_84 事件哈希 0a36962384211872…
append: d2_85 事件哈希 f5bb924ae7fac5fa…
append: d2_86 事件哈希 4653f54a96206330…
append: d2_87 事件哈希 320457e547d48aca…
append: d2_88 事件哈希 9866c67794cc3fbe…
append: d2_89 事件哈希 83d2ff3b86d1f74c…
append: d2_90 事件哈希 72be0623d52fd8bc…
append: d2_91 事件哈希 19f8f838d74f559e…
append: d2_92 事件哈希 f06c2f7510a5cfd2…
append: d2_93 事件哈希 ca82a1a273959458…
append: d2_94 事件哈希 29efc78c561066c3…
append: d2_95 事件哈希 3b98cf36efccf6af…
build: 生成 spec.md / 提示词速查.md / citations.md → D:\临时工作区\大审查-工作包-20260909\衔尾蛇\sandbox\x17-A3-s3（手改生成区=违例）
install: L2 + [] → D:\临时工作区\大审查-工作包-20260909\衔尾蛇\sandbox\x17-A3-s3
  交付内容体 29 个（含 {SLOT} 待填文件 11 个——按 install 指南填槽）
  待填槽文件（示例）: modules/m-core/install.md, modules/m-core/template/ROOT-README.md, modules/m-index/install.md, modules/m-index/template/knowledge/_index.md, modules/m-tools/install.md…
  Merkle 根（排除 state.json）: 56776f4c9f7372b2577483de27e534025e4ce80f308145429a899d7d94ae746c
  请将此根抄录至人侧（公理E）
append: e0 事件哈希 aa6cb4371edac1b5…
append: e1 事件哈希 c18cfad4c15f8340…
append: e2 事件哈希 9c284f17d2926f25…
append: e3 事件哈希 2abd4eab15e70ace…
append: e4 事件哈希 794acb7afccdd0ca…
append: e5 事件哈希 5a1176b61c5db1ac…
append: e6 事件哈希 b15b550a281a3882…
append: e7 事件哈希 56e093f46ccf20e6…
append: e8 事件哈希 96cfec16c94964c7…
append: e9 事件哈希 6b486cac4bdce2ab…
append: e10 事件哈希 ee51fe9092d5dceb…
append: e11 事件哈希 bbfd1db1c15fcb68…
append: e12 事件哈希 36fc843e5e79b54a…
append: e13 事件哈希 0c7f21109f179f59…
append: e14 事件哈希 5903e29c2122de59…
append: e15 事件哈希 16e1172d6ed19223…
append: e16 事件哈希 466fbd41893955e9…
append: e17 事件哈希 baa36e24060f3f11…
append: e18 事件哈希 2ff7ad0f002b6b51…
append: e19 事件哈希 b984f5fd021fdaba…
append: e20 事件哈希 1206e3cbb714cef9…
append: e21 事件哈希 297a1d6f22c82adf…
append: e22 事件哈希 a8454a15871bb276…
append: e23 事件哈希 cc2bfc816d2101c1…
append: e24 事件哈希 2f90546f2976b5f1…
append: e25 事件哈希 2814d5da87f58737…
append: e26 事件哈希 f43b45e7136c309c…
append: e27 事件哈希 1c49d22d7355b0f7…
append: e28 事件哈希 5bd60d6697b5c062…
append: e29 事件哈希 5a30796024468d74…
append: e30 事件哈希 827c6823c8d0ec28…
append: e31 事件哈希 3c71e6c3091241e0…
append: e32 事件哈希 9fdf244c81b04ec1…
append: e33 事件哈希 b51321c3f94d53fb…
append: e34 事件哈希 09ce5bdfc032172e…
append: e35 事件哈希 798acca39f9ea2e8…
append: e36 事件哈希 2a3f2faa1e9528a2…
append: e37 事件哈希 31f85a051b8cedae…
append: e38 事件哈希 33b88ffd3198689d…
append: e39 事件哈希 725f0de647be9ff3…
append: e40 事件哈希 823229d22816b1ab…
append: e41 事件哈希 fe68722bf99ca93e…
append: e42 事件哈希 f64b31a44a030f68…
append: e43 事件哈希 bcbdb378111396c6…
append: e44 事件哈希 1248e1560078b9d9…
append: e45 事件哈希 414e63e5c706ce0d…
append: e46 事件哈希 c77c12592933efb5…
append: e47 事件哈希 5bab746f4968de3b…
append: e48 事件哈希 b8135a1c64a59337…
append: e49 事件哈希 2b76e6b0e955b8b6…
append: e50 事件哈希 c3754f93ae60ba53…
append: e51 事件哈希 5f2145240d842403…
append: e52 事件哈希 1b1239c5fe915e4f…
append: e53 事件哈希 35aca024eb7f649a…
append: e54 事件哈希 b647f188f08fab46…
append: e55 事件哈希 50411a934629e665…
append: e56 事件哈希 2f12f6ce437a90f5…
append: e57 事件哈希 36fe5101ca468fda…
append: e58 事件哈希 32c0b9f83bdd8b40…
append: e59 事件哈希 29c973ec5f125e70…
append: e60 事件哈希 ec6b3bcef0760178…
append: e61 事件哈希 0e1968a80922b32c…
append: e62 事件哈希 abe70b20bfa490c7…
append: e63 事件哈希 e5ded66a97351788…
append: e64 事件哈希 ef152906d48c2c91…
append: e65 事件哈希 3253a482791c3f4e…
append: e66 事件哈希 fc213723a7270dd4…
append: e67 事件哈希 aae137e4e2ea4da2…
append: e68 事件哈希 34a6cf852b8d8b0f…
append: e69 事件哈希 0982ab9962a1df44…
append: e70 事件哈希 4612f93d12094aa2…
append: e71 事件哈希 a3ecf5bebdb028fe…
append: e72 事件哈希 2129bde9afdb5bde…
append: e73 事件哈希 e6d215bd406791be…
append: e74 事件哈希 3894023180b9f4bb…
append: e75 事件哈希 299123b887ae7231…
append: e76 事件哈希 7f09fd3a0dc6c481…
append: e77 事件哈希 c84a3ac322c0ce61…
append: e78 事件哈希 40da4a618d16288f…
append: e79 事件哈希 4121ca451043720e…
append: d3_80 事件哈希 414de731f23bc32d…
append: d3_81 事件哈希 2f531bd9b273398d…
append: d3_82 事件哈希 947d104f6cae4321…
append: d3_83 事件哈希 be3cc1d1948cceb8…
append: d3_84 事件哈希 472c725e2f908957…
append: d3_85 事件哈希 ba02c530e5f4be03…
append: d3_86 事件哈希 e5ff9155db356299…
append: d3_87 事件哈希 10b4d885496c5e88…
append: d3_88 事件哈希 9ffb35ae6da80158…
append: d3_89 事件哈希 076fcf4b8c026783…
append: d3_90 事件哈希 5e840ecfae845b6e…
append: d3_91 事件哈希 d036da349e0b9f12…
append: d3_92 事件哈希 8b24d1754cd9223c…
append: d3_93 事件哈希 9e5f6c1696a54e78…
append: d3_94 事件哈希 d389c5f8e2f7a5e9…
append: d3_95 事件哈希 12fe4464718dfab2…
build: 生成 spec.md / 提示词速查.md / citations.md → D:\临时工作区\大审查-工作包-20260909\衔尾蛇\sandbox\x17-A3-s4（手改生成区=违例）
install: L2 + [] → D:\临时工作区\大审查-工作包-20260909\衔尾蛇\sandbox\x17-A3-s4
  交付内容体 29 个（含 {SLOT} 待填文件 11 个——按 install 指南填槽）
  待填槽文件（示例）: modules/m-core/install.md, modules/m-core/template/ROOT-README.md, modules/m-index/install.md, modules/m-index/template/knowledge/_index.md, modules/m-tools/install.md…
  Merkle 根（排除 state.json）: 97e75d48f077a73f6c106d02616034c519113bfdbad2d554f6ec6fff33f0307b
  请将此根抄录至人侧（公理E）
append: e0 事件哈希 89d2831927d1ae63…
append: e1 事件哈希 3af96412fb37a076…
append: e2 事件哈希 92fa724fb8bd2fe3…
append: e3 事件哈希 3614cf50271ed3ff…
append: e4 事件哈希 77bc3397ac36f0a7…
append: e5 事件哈希 a840bd0a2342724c…
append: e6 事件哈希 ba53d8d42984c41b…
append: e7 事件哈希 c2e88ab8d88a09b5…
append: e8 事件哈希 3a55ab07adc65ea5…
append: e9 事件哈希 5e7a663ea20da340…
append: e10 事件哈希 8701fb590c0f3bf2…
append: e11 事件哈希 88c3e1e646a271c7…
append: e12 事件哈希 b01fd7a26be2001d…
append: e13 事件哈希 ac6fc261be75b4ef…
append: e14 事件哈希 624b56616bea96e9…
append: e15 事件哈希 0ae60e0968684b70…
append: e16 事件哈希 03dfc8087e178742…
append: e17 事件哈希 5132c43b76e8bec9…
append: e18 事件哈希 5bdcac16c418f8f5…
append: e19 事件哈希 01df355c7d05dfa3…
append: e20 事件哈希 cc25219511c918ef…
append: e21 事件哈希 668b4c37ea37fbc3…
append: e22 事件哈希 d1d0f17a841b0b9c…
append: e23 事件哈希 c6b5a8be1de431c4…
append: e24 事件哈希 2d7f968a0e1fd9db…
append: e25 事件哈希 a9fdf9262410dd73…
append: e26 事件哈希 92efdc728f55519f…
append: e27 事件哈希 b090e6de8254c46e…
append: e28 事件哈希 51156dee5399df15…
append: e29 事件哈希 e37ac08fbd6cc11d…
append: e30 事件哈希 abb448e49d2492dd…
append: e31 事件哈希 b2e446ff0f4c6db2…
append: e32 事件哈希 b3443593b3b145a3…
append: e33 事件哈希 551516cda96fc306…
append: e34 事件哈希 9aa43e54abe6383f…
append: e35 事件哈希 67f837d4ad6e6676…
append: e36 事件哈希 db11048beca6eda7…
append: e37 事件哈希 1bfde85b3d8df5a0…
append: e38 事件哈希 76f3cd071bacca1d…
append: e39 事件哈希 f13a530a7f0e7534…
append: e40 事件哈希 abbfda20798ce5b0…
append: e41 事件哈希 10e637e6610fc618…
append: e42 事件哈希 a46d55037d5b554c…
append: e43 事件哈希 b9f2711aa2ebbfbd…
append: e44 事件哈希 b995cdd7acba5dc7…
append: e45 事件哈希 61302478aff01868…
append: e46 事件哈希 0d1678357a0f6bb6…
append: e47 事件哈希 434b8dc1d912106c…
append: e48 事件哈希 6217b952ffe8c01a…
append: e49 事件哈希 ab714f2bc044a3f2…
append: e50 事件哈希 883037e777542d05…
append: e51 事件哈希 98894d501c74728f…
append: e52 事件哈希 9d86d2e6e64ead0c…
append: e53 事件哈希 c199f6ca2c4974d7…
append: e54 事件哈希 1b1f4bebaf46bae6…
append: e55 事件哈希 89567e5e25a6ec40…
append: e56 事件哈希 3a67ffb179beb5f2…
append: e57 事件哈希 fb2a52645614d924…
append: e58 事件哈希 60f2be9bdacf1fea…
append: e59 事件哈希 b34a40f1f4378c80…
append: e60 事件哈希 725116a6b82a489e…
append: e61 事件哈希 14129a430a6b5a01…
append: e62 事件哈希 80fd4a503baa2ce1…
append: e63 事件哈希 41de65919b9e49ff…
append: e64 事件哈希 bd56083f18cce3ba…
append: e65 事件哈希 b393eceed4409a3f…
append: e66 事件哈希 014f4107dd9c9f20…
append: e67 事件哈希 99da741ee164284c…
append: e68 事件哈希 3b63bd69664c3b9a…
append: e69 事件哈希 b3970c88d461ca0f…
append: e70 事件哈希 4d6f8a3c45714abc…
append: e71 事件哈希 47a9aa3afa79a248…
append: e72 事件哈希 ef15b5c05cabbe4a…
append: e73 事件哈希 56022a5a8e1d489b…
append: e74 事件哈希 599ee5d3d4a24a1c…
append: e75 事件哈希 b12c3570f8d646f0…
append: e76 事件哈希 5dcc6f3f3807af11…
append: e77 事件哈希 4b5df1d06d0dc3a4…
append: e78 事件哈希 fa70af68c14f0e0c…
append: e79 事件哈希 6a99d33380f83bdd…
append: d4_80 事件哈希 04e58c21da80387a…
append: d4_81 事件哈希 3c39c0e01f825246…
append: d4_82 事件哈希 b7122b405d35cc03…
append: d4_83 事件哈希 06d63affc9f10d27…
append: d4_84 事件哈希 c48b1eef95d21843…
append: d4_85 事件哈希 03e2071edbb11376…
append: d4_86 事件哈希 01b9036038bc8d37…
append: d4_87 事件哈希 988db6d84ae0d13f…
append: d4_88 事件哈希 36bb7ac37c51ac44…
append: d4_89 事件哈希 34e6d1b4134c2312…
append: d4_90 事件哈希 41be5401d7f9fd29…
append: d4_91 事件哈希 62cac2de54ce40c5…
append: d4_92 事件哈希 6026b43362079407…
append: d4_93 事件哈希 03c69f538cdea2b9…
append: d4_94 事件哈希 8208f170401cded0…
append: d4_95 事件哈希 0e8d091e140d2a9b…
build: 生成 spec.md / 提示词速查.md / citations.md → D:\临时工作区\大审查-工作包-20260909\衔尾蛇\sandbox\x17-A3-s5（手改生成区=违例）
install: L2 + [] → D:\临时工作区\大审查-工作包-20260909\衔尾蛇\sandbox\x17-A3-s5
  交付内容体 29 个（含 {SLOT} 待填文件 11 个——按 install 指南填槽）
  待填槽文件（示例）: modules/m-core/install.md, modules/m-core/template/ROOT-README.md, modules/m-index/install.md, modules/m-index/template/knowledge/_index.md, modules/m-tools/install.md…
  Merkle 根（排除 state.json）: b3767b169b06679ded5a3b57f7cfbae733456d061ec9dbfa8117dcff1cb50b73
  请将此根抄录至人侧（公理E）
append: e0 事件哈希 89d2831927d1ae63…
append: e1 事件哈希 31533129e4881262…
append: e2 事件哈希 9bd4eaaa2343b73e…
append: e3 事件哈希 f085e42b6a273b33…
append: e4 事件哈希 10ab689942361797…
append: e5 事件哈希 3e9c1563bccbcdcc…
append: e6 事件哈希 6f278e1c37d8e319…
append: e7 事件哈希 fb7cdf877e895993…
append: e8 事件哈希 c60db8cdf712cdf8…
append: e9 事件哈希 ecf5da20a8ec18dd…
append: e10 事件哈希 469c154497e89f4c…
append: e11 事件哈希 618bd1e5f3b1b3ac…
append: e12 事件哈希 3302e0f333629652…
append: e13 事件哈希 d7d6b0125d4b3676…
append: e14 事件哈希 71805e3dd08d3341…
append: e15 事件哈希 587cc18d8d4c0431…
append: e16 事件哈希 e61db93802983395…
append: e17 事件哈希 47145f9218dce45d…
append: e18 事件哈希 9ea8a230e6ea68ea…
append: e19 事件哈希 9ae805b856c58c70…
append: e20 事件哈希 8ebcda83a9d25eb0…
append: e21 事件哈希 abc392febdc66a5f…
append: e22 事件哈希 992bad668d106faf…
append: e23 事件哈希 cadabee1f793131d…
append: e24 事件哈希 c9852babdaef09f8…
append: e25 事件哈希 dedc4f69d587c01b…
append: e26 事件哈希 ba1e62a038445166…
append: e27 事件哈希 d64d78676f498d3e…
append: e28 事件哈希 690c20238f64aca0…
append: e29 事件哈希 9b35d72d8903674c…
append: e30 事件哈希 8d45c492e75ae8e5…
append: e31 事件哈希 e2593f019d785e52…
append: e32 事件哈希 adbc585a8416b4cf…
append: e33 事件哈希 71520ab0a1942f06…
append: e34 事件哈希 fb21f744805124bb…
append: e35 事件哈希 5dc76ecfa3f9724c…
append: e36 事件哈希 6e4345ebcda20736…
append: e37 事件哈希 92e7db633eb30908…
append: e38 事件哈希 50e775d1b23394f5…
append: e39 事件哈希 44a3055233959338…
append: e40 事件哈希 1db206ead2f0f09a…
append: e41 事件哈希 92caebe002e27384…
append: e42 事件哈希 e06197491e336c6b…
append: e43 事件哈希 9eb66eca560d0643…
append: e44 事件哈希 f42e6204397222ed…
append: e45 事件哈希 25a622a8394c7f36…
append: e46 事件哈希 a2e2c9f5dbf2e32a…
append: e47 事件哈希 406f4eaea6b110a2…
append: e48 事件哈希 7e90512a5f47ee13…
append: e49 事件哈希 804099ceccf1fd76…
append: e50 事件哈希 65e684df687c9f43…
append: e51 事件哈希 6a5613384272e269…
append: e52 事件哈希 4d6c0d9d6db3d21a…
append: e53 事件哈希 8b51e35635acc212…
append: e54 事件哈希 a7c0f5de54ea38d8…
append: e55 事件哈希 966de9e22ef361ac…
append: e56 事件哈希 6485c65ef01086c7…
append: e57 事件哈希 fca23e438cc83a3e…
append: e58 事件哈希 121dde89122040f4…
append: e59 事件哈希 b97568effbb8d0c2…
append: e60 事件哈希 aff9a50a711fc0cf…
append: e61 事件哈希 c1526aa8762f5c83…
append: e62 事件哈希 72ee7e7e81a091f1…
append: e63 事件哈希 f6e6c2eeee179d5b…
append: e64 事件哈希 44e052d99fb57575…
append: e65 事件哈希 cd27a546cff175fa…
append: e66 事件哈希 ee9b7ddbabbd9c65…
append: e67 事件哈希 a057563be8d22298…
append: e68 事件哈希 72baf8d71b7e6f44…
append: e69 事件哈希 93c481154f9beb0f…
append: e70 事件哈希 793ba14495a4952c…
append: e71 事件哈希 f69dc3fcce13df84…
append: e72 事件哈希 92ebd37c4cf46aa0…
append: e73 事件哈希 6609dc6dc4cec3b0…
append: e74 事件哈希 4c9e0ac575d092a0…
append: e75 事件哈希 af1794b7f0f092c7…
append: e76 事件哈希 d528be6465424191…
append: e77 事件哈希 1b037bee550995ab…
append: e78 事件哈希 55398646d8dd4b26…
append: e79 事件哈希 abb16b0bdc2b0701…
append: d5_80 事件哈希 900fcc2e9bb76af4…
append: d5_81 事件哈希 c936f7b73e963227…
append: d5_82 事件哈希 cb43ca50ab8c0a19…
append: d5_83 事件哈希 74caa447f5eebdbe…
append: d5_84 事件哈希 31e55948bbc1d888…
append: d5_85 事件哈希 e16b46a4579842bc…
append: d5_86 事件哈希 b23acef64157107a…
append: d5_87 事件哈希 ab3fe028b0d046df…
append: d5_88 事件哈希 e21a6c25a0c815e4…
append: d5_89 事件哈希 38c6e92264a3d46b…
append: d5_90 事件哈希 0f41a5748666caa3…
append: d5_91 事件哈希 fe664799b815bdb6…
append: d5_92 事件哈希 35c39f8fb166882a…
append: d5_93 事件哈希 14e84d27f97f077a…
append: d5_94 事件哈希 cddb28256fd1ce3a…
append: d5_95 事件哈希 e331eb09e8269711…
build: 生成 spec.md / 提示词速查.md / citations.md → D:\临时工作区\大审查-工作包-20260909\衔尾蛇\sandbox\x17-A3-s6（手改生成区=违例）
install: L2 + [] → D:\临时工作区\大审查-工作包-20260909\衔尾蛇\sandbox\x17-A3-s6
  交付内容体 29 个（含 {SLOT} 待填文件 11 个——按 install 指南填槽）
  待填槽文件（示例）: modules/m-core/install.md, modules/m-core/template/ROOT-README.md, modules/m-index/install.md, modules/m-index/template/knowledge/_index.md, modules/m-tools/install.md…
  Merkle 根（排除 state.json）: b5154e8cc47f80102c329d0829291c63070e1badc458d9d2572a5ea86a1da375
  请将此根抄录至人侧（公理E）
append: e0 事件哈希 89d2831927d1ae63…
append: e1 事件哈希 31533129e4881262…
append: e2 事件哈希 c67d1737cb0dad4c…
append: e3 事件哈希 1e135be58c1e9c18…
append: e4 事件哈希 6d2c96e4e7bf0296…
append: e5 事件哈希 14dade9ca05672a8…
append: e6 事件哈希 f9a5cfa27d420827…
append: e7 事件哈希 f2d3edddeec40b0a…
append: e8 事件哈希 a6b887a5043e596b…
append: e9 事件哈希 7833cfc068108b1e…
append: e10 事件哈希 fa338ae7a3be0d9b…
append: e11 事件哈希 a0f39e6073b3a7fb…
append: e12 事件哈希 e3cda3c8b09054dc…
append: e13 事件哈希 d7587848980c1d5e…
append: e14 事件哈希 2782f6cd8780d7c1…
append: e15 事件哈希 ffbf0051ea04048f…
append: e16 事件哈希 e720fe1dec4731ba…
append: e17 事件哈希 0dc2c0425595a633…
append: e18 事件哈希 1ecbd66ad6fa2c05…
append: e19 事件哈希 8ec0f03b8a6f0472…
append: e20 事件哈希 36e9117d0db7c785…
append: e21 事件哈希 d816ed121c7b0db9…
append: e22 事件哈希 5ce3b276e453adc1…
append: e23 事件哈希 6243fcdb72ad24a9…
append: e24 事件哈希 51a16c3b2bf8c57f…
append: e25 事件哈希 25dc993de1f96b21…
append: e26 事件哈希 d682a525ed7c20b1…
append: e27 事件哈希 750b4d06fdf13105…
append: e28 事件哈希 de3feaf8eebd90b3…
append: e29 事件哈希 eb0a0062e3dc8eb5…
append: e30 事件哈希 21f37c83d14e3f1e…
append: e31 事件哈希 ffda8ff4debafe98…
append: e32 事件哈希 a328c54ace3594b1…
append: e33 事件哈希 fe5f4c249e12f407…
append: e34 事件哈希 dbbdbee78949f965…
append: e35 事件哈希 80843fa1151aa587…
append: e36 事件哈希 afda016e37e5a716…
append: e37 事件哈希 3fd8fb1039acc095…
append: e38 事件哈希 6d2eaba5a74efe85…
append: e39 事件哈希 57ad973ba734853b…
append: e40 事件哈希 dfc9eaf72f1a1f80…
append: e41 事件哈希 157021337ae0e887…
append: e42 事件哈希 ed920ff04b447291…
append: e43 事件哈希 52b79fb942437fea…
append: e44 事件哈希 2220b592903affea…
append: e45 事件哈希 a4b6306a47f477aa…
append: e46 事件哈希 e04c0212673d513c…
append: e47 事件哈希 208cf154d00035a8…
append: e48 事件哈希 40c6d2a41e4582eb…
append: e49 事件哈希 e1586e07c57d3cfd…
append: e50 事件哈希 be00cf48f6779100…
append: e51 事件哈希 dfda3c1df1c4f218…
append: e52 事件哈希 3bf24704dcc11f71…
append: e53 事件哈希 ac63f12330aecccf…
append: e54 事件哈希 32997fdee28e4704…
append: e55 事件哈希 fecc59eee8a33b4f…
append: e56 事件哈希 487158b01260a1ee…
append: e57 事件哈希 dee984da63d6df6a…
append: e58 事件哈希 d1b4771b995200c7…
append: e59 事件哈希 e3ab250cb7e3a920…
append: e60 事件哈希 fd71c41b0ba4a31b…
append: e61 事件哈希 631141cb751bb3be…
append: e62 事件哈希 80b328188562ddab…
append: e63 事件哈希 855c24c9913efa0f…
append: e64 事件哈希 89a7ebb4cce7fee0…
append: e65 事件哈希 f0c1360781d7aeec…
append: e66 事件哈希 e31faf0df02eb6a6…
append: e67 事件哈希 1dda7b424825fd5f…
append: e68 事件哈希 e76b70c6da64efaf…
append: e69 事件哈希 ab899bb16d7a02ac…
append: e70 事件哈希 4bd229e8a29997e0…
append: e71 事件哈希 bbb85bbb389f5856…
append: e72 事件哈希 a5d7332c52d86f5e…
append: e73 事件哈希 2bf8e12eb7c81f89…
append: e74 事件哈希 1f2a7a035fb3bd53…
append: e75 事件哈希 86a99f20c7c91822…
append: e76 事件哈希 29561f56fea0fbf6…
append: e77 事件哈希 7d113835e29d9a97…
append: e78 事件哈希 42689e6f95616587…
append: e79 事件哈希 3e3386a8cb8a987b…
append: d6_80 事件哈希 9d4d146f73cb3da1…
append: d6_81 事件哈希 74ad55c732f0e30a…
append: d6_82 事件哈希 b3d4a80b33aa7044…
append: d6_83 事件哈希 ba3eb29a06173fff…
append: d6_84 事件哈希 0bbfe3368dbcc75c…
append: d6_85 事件哈希 c7961a0d9b74eb21…
append: d6_86 事件哈希 30f2408c1d2fa0ec…
append: d6_87 事件哈希 75f7ad38baa6def7…
append: d6_88 事件哈希 c7d2edc74b9a72fb…
append: d6_89 事件哈希 aac6288d0137d49a…
append: d6_90 事件哈希 545e498f50e7ce40…
append: d6_91 事件哈希 0e755895b6035c55…
append: d6_92 事件哈希 1dd2e972988ae2d5…
append: d6_93 事件哈希 bcaa216f6cc1a3d3…
append: d6_94 事件哈希 2061c13ec9871820…
append: d6_95 事件哈希 b292e875f469b8d9…
build: 生成 spec.md / 提示词速查.md / citations.md → D:\临时工作区\大审查-工作包-20260909\衔尾蛇\sandbox\x17-A3-s7（手改生成区=违例）
install: L2 + [] → D:\临时工作区\大审查-工作包-20260909\衔尾蛇\sandbox\x17-A3-s7
  交付内容体 29 个（含 {SLOT} 待填文件 11 个——按 install 指南填槽）
  待填槽文件（示例）: modules/m-core/install.md, modules/m-core/template/ROOT-README.md, modules/m-index/install.md, modules/m-index/template/knowledge/_index.md, modules/m-tools/install.md…
  Merkle 根（排除 state.json）: 8f95cdbbf485551823fe0ff64ef74a6382d206e9488a047984af7a9fa12d3cde
  请将此根抄录至人侧（公理E）
append: e0 事件哈希 89d2831927d1ae63…
append: e1 事件哈希 31533129e4881262…
append: e2 事件哈希 9bd4eaaa2343b73e…
append: e3 事件哈希 badd00fc3ec8ec09…
append: e4 事件哈希 5704d0136f18c999…
append: e5 事件哈希 ffaa03d2349b1ba4…
append: e6 事件哈希 aeb0220e9a7defea…
append: e7 事件哈希 fafaf08388d2672d…
append: e8 事件哈希 5dbeda3482721dc3…
append: e9 事件哈希 c92aa0ac58ec1162…
append: e10 事件哈希 0021d8002e507b29…
append: e11 事件哈希 9328284f6aa0fa82…
append: e12 事件哈希 e180f8a4de635171…
append: e13 事件哈希 307073ca1fa363bb…
append: e14 事件哈希 7a2afa28788de178…
append: e15 事件哈希 f1d4622b4605046c…
append: e16 事件哈希 ddae788bab539c46…
append: e17 事件哈希 eba9164be903e919…
append: e18 事件哈希 e8faa7d10e7b758b…
append: e19 事件哈希 6678f208f9e9c2ec…
append: e20 事件哈希 50e50674f42e9ebb…
append: e21 事件哈希 379d6f7b14ccafa3…
append: e22 事件哈希 312315eb3295a674…
append: e23 事件哈希 0d6d9059af30e1b4…
append: e24 事件哈希 ce31fc8246dc1f99…
append: e25 事件哈希 9159d880ac095371…
append: e26 事件哈希 faf718e9a3800756…
append: e27 事件哈希 0499bcf641d37e7d…
append: e28 事件哈希 d556555be6fcfed2…
append: e29 事件哈希 f69fe97e95cac275…
append: e30 事件哈希 b15fa741bb98f6be…
append: e31 事件哈希 05f09543a04594d3…
append: e32 事件哈希 6e5d9ec4e12f674b…
append: e33 事件哈希 c3b194d535c513f7…
append: e34 事件哈希 d0cbb8d220f15ab4…
append: e35 事件哈希 5e3e54a74e2b0ff7…
append: e36 事件哈希 63ac9daab6b03cc6…
append: e37 事件哈希 49b27dae5f2772d2…
append: e38 事件哈希 80290c6ac1b7c93f…
append: e39 事件哈希 38835b6006b359b0…
append: e40 事件哈希 56df016154d40a65…
append: e41 事件哈希 5b0aec5b620e3f24…
append: e42 事件哈希 b6b8bc0059e6da09…
append: e43 事件哈希 965dcf2620a1cc8e…
append: e44 事件哈希 303e01763c518fdd…
append: e45 事件哈希 93155f697f1812d3…
append: e46 事件哈希 89ebc0bf3430930d…
append: e47 事件哈希 abcac7e356357bf0…
append: e48 事件哈希 969e85faed97a35a…
append: e49 事件哈希 2d45ff3dff89a82e…
append: e50 事件哈希 2374824dd5093407…
append: e51 事件哈希 ab380188c2b2c995…
append: e52 事件哈希 6ad4232b8466abf6…
append: e53 事件哈希 e0a851cab3ea4804…
append: e54 事件哈希 8f480a374dc74988…
append: e55 事件哈希 08369079a0db17c7…
append: e56 事件哈希 8dd14b7ac67765a3…
append: e57 事件哈希 1a84a496d72470a0…
append: e58 事件哈希 e7107a790c84bca5…
append: e59 事件哈希 d0ccd0eb2a69c0bb…
append: e60 事件哈希 8fdce51c44b41f6a…
append: e61 事件哈希 bd52779a07138abf…
append: e62 事件哈希 d4f27ca3c82171f5…
append: e63 事件哈希 0b8a55331cddb8b3…
append: e64 事件哈希 6a34691e0046a827…
append: e65 事件哈希 d223a593ffbbd4e7…
append: e66 事件哈希 6734c56acc2bfab9…
append: e67 事件哈希 9d1dd6fb0abb2028…
append: e68 事件哈希 30af959f5608607d…
append: e69 事件哈希 62763fb19b36dd68…
append: e70 事件哈希 4a2334a3dfeb057e…
append: e71 事件哈希 4e800715e5ec2591…
append: e72 事件哈希 5324ac79a4d2d077…
append: e73 事件哈希 38797edb559c1b4a…
append: e74 事件哈希 d22602544a966e71…
append: e75 事件哈希 7a7618ec03be9c86…
append: e76 事件哈希 ebd8c0b1ec8f3ccf…
append: e77 事件哈希 a30e93d8393a3a95…
append: e78 事件哈希 c8ce022d0ac08030…
append: e79 事件哈希 151d68dc5dd6c542…
append: d7_80 事件哈希 c2f7f1a4c58cd831…
append: d7_81 事件哈希 54179a5f66821b39…
append: d7_82 事件哈希 e92774d8d2c7d0a8…
append: d7_83 事件哈希 511499c33d71455d…
append: d7_84 事件哈希 c1bc2412ea2a99c4…
append: d7_85 事件哈希 ddc33a5f06a709a1…
append: d7_86 事件哈希 370a1eaf61ddd347…
append: d7_87 事件哈希 3ab4cd619eaf8006…
append: d7_88 事件哈希 773554b001de8c21…
append: d7_89 事件哈希 a10f582a8431156c…
append: d7_90 事件哈希 79d637e79d9059e8…
append: d7_91 事件哈希 f21a57d42ed84264…
append: d7_92 事件哈希 4999a30d8711366b…
append: d7_93 事件哈希 a4193779ebafe549…
append: d7_94 事件哈希 9cc8da951136a45c…
append: d7_95 事件哈希 95584612aa465804…
build: 生成 spec.md / 提示词速查.md / citations.md → D:\临时工作区\大审查-工作包-20260909\衔尾蛇\sandbox\x17-A3-s8（手改生成区=违例）
install: L2 + [] → D:\临时工作区\大审查-工作包-20260909\衔尾蛇\sandbox\x17-A3-s8
  交付内容体 29 个（含 {SLOT} 待填文件 11 个——按 install 指南填槽）
  待填槽文件（示例）: modules/m-core/install.md, modules/m-core/template/ROOT-README.md, modules/m-index/install.md, modules/m-index/template/knowledge/_index.md, modules/m-tools/install.md…
  Merkle 根（排除 state.json）: 1c0f5ab0b055b755981219eedff7806938e2a38590571f5ba7e74959c4d2eed2
  请将此根抄录至人侧（公理E）
append: e0 事件哈希 89d2831927d1ae63…
append: e1 事件哈希 31533129e4881262…
append: e2 事件哈希 c67d1737cb0dad4c…
append: e3 事件哈希 49e2d628342b227c…
append: e4 事件哈希 3e4e5f1bcd9aefdd…
append: e5 事件哈希 17334de1c3d66b6d…
append: e6 事件哈希 35ba63e565731fb7…
append: e7 事件哈希 b76654c54a68cff4…
append: e8 事件哈希 5b641178695d1e78…
append: e9 事件哈希 9d4aa085cce40d95…
append: e10 事件哈希 b897ea9ff2a8aa42…
append: e11 事件哈希 f853482131ecafde…
append: e12 事件哈希 a4424c4160c85a83…
append: e13 事件哈希 72f1bcdd7b166066…
append: e14 事件哈希 5bfa4817c9e8b5db…
append: e15 事件哈希 2db4663ed001937c…
append: e16 事件哈希 ead7113f7741bc9f…
append: e17 事件哈希 f45f4a061a2ec5b5…
append: e18 事件哈希 a90bbc30512a9dbb…
append: e19 事件哈希 238c46895e213c03…
append: e20 事件哈希 6c0df11d19ae40be…
append: e21 事件哈希 79726e5461bea588…
append: e22 事件哈希 5e24efef5f19332f…
append: e23 事件哈希 23b3fabb5bd197b2…
append: e24 事件哈希 e19baab13903f922…
append: e25 事件哈希 6b17ba6ae88bfcd6…
append: e26 事件哈希 2e4188ee68fe4b8b…
append: e27 事件哈希 727ee938d1781ae1…
append: e28 事件哈希 d87ad3d6432019ae…
append: e29 事件哈希 db96fe23b2415e38…
append: e30 事件哈希 2f371e90088267b6…
append: e31 事件哈希 2ffcd65145c3d6ca…
append: e32 事件哈希 d5b494946abd3a2c…
append: e33 事件哈希 d616b9ef8d6e4343…
append: e34 事件哈希 3d19bb621fcac1fa…
append: e35 事件哈希 21989ddfe28202d4…
append: e36 事件哈希 899d5cc9966c2291…
append: e37 事件哈希 ae9199c7ee94c0c7…
append: e38 事件哈希 599383c40d9be1e0…
append: e39 事件哈希 895328b1a310afd0…
append: e40 事件哈希 13654f23e680fa8b…
append: e41 事件哈希 e9b36e5d9a50fd16…
append: e42 事件哈希 36e78149ded031ca…
append: e43 事件哈希 79d711b710cffe98…
append: e44 事件哈希 e4b8a9de51cfe668…
append: e45 事件哈希 f0f48944f472a08e…
append: e46 事件哈希 8a8ba54ca278064a…
append: e47 事件哈希 888db1d4699ae55f…
append: e48 事件哈希 ef3d9d1c62cd4a63…
append: e49 事件哈希 e86704d0c4fd99a0…
append: e50 事件哈希 79f0f4a5670f0422…
append: e51 事件哈希 2b58ab6550900f02…
append: e52 事件哈希 cf362594a0f10b86…
append: e53 事件哈希 06234f4802734505…
append: e54 事件哈希 c40bdc5730ff17ee…
append: e55 事件哈希 abdc773f21ed8000…
append: e56 事件哈希 85f9bc98568fe830…
append: e57 事件哈希 f88e7fa528b986d9…
append: e58 事件哈希 9493d31dccdc8a2f…
append: e59 事件哈希 ac4d4e73fdba3d26…
append: e60 事件哈希 f3f2fce8f605cb9b…
append: e61 事件哈希 02f719b4892fe561…
append: e62 事件哈希 ef644c7406be816c…
append: e63 事件哈希 35c772dda784bffc…
append: e64 事件哈希 cf3cacc09fc8e31a…
append: e65 事件哈希 a8ea1fb3741f23cd…
append: e66 事件哈希 7556f52ded99ede9…
append: e67 事件哈希 40ed479a3c2d9784…
append: e68 事件哈希 2d2dc3e3703d47c4…
append: e69 事件哈希 0994ced3c14e233a…
append: e70 事件哈希 1a079c72fef152f2…
append: e71 事件哈希 a20678e19bc1766d…
append: e72 事件哈希 f3dc3a6e60280eef…
append: e73 事件哈希 1c1702b8c84b6729…
append: e74 事件哈希 68e36c86cd15c96b…
append: e75 事件哈希 f8341a33526100e3…
append: e76 事件哈希 4fe1d778a1fca0a1…
append: e77 事件哈希 e827402f1e9dcc9e…
append: e78 事件哈希 d6f763a27f60361c…
append: e79 事件哈希 a55cc6d7a3b83047…
append: d8_80 事件哈希 1a12555a4bf4aa3a…
append: d8_81 事件哈希 9a6fb1bfefbc1057…
append: d8_82 事件哈希 6d3b4b08e0b6529e…
append: d8_83 事件哈希 742dd38790a6c715…
append: d8_84 事件哈希 0534aa01b5af2799…
append: d8_85 事件哈希 72a9f4b0d1656ba1…
append: d8_86 事件哈希 40c5c4bc9c81d620…
append: d8_87 事件哈希 50b02a395957a1dc…
append: d8_88 事件哈希 11bf1f769198ab3c…
append: d8_89 事件哈希 b314eb3f6f416212…
append: d8_90 事件哈希 3e607e715805ab73…
append: d8_91 事件哈希 17c11f0b3d82de84…
append: d8_92 事件哈希 52da21d09708fdc7…
append: d8_93 事件哈希 a2ef12ff672de631…
append: d8_94 事件哈希 83b2473c19e92adf…
append: d8_95 事件哈希 0f663f83811e7faf…
build: 生成 spec.md / 提示词速查.md / citations.md → D:\临时工作区\大审查-工作包-20260909\衔尾蛇\sandbox\x17-A3-s9（手改生成区=违例）
install: L2 + [] → D:\临时工作区\大审查-工作包-20260909\衔尾蛇\sandbox\x17-A3-s9
  交付内容体 29 个（含 {SLOT} 待填文件 11 个——按 install 指南填槽）
  待填槽文件（示例）: modules/m-core/install.md, modules/m-core/template/ROOT-README.md, modules/m-index/install.md, modules/m-index/template/knowledge/_index.md, modules/m-tools/install.md…
  Merkle 根（排除 state.json）: 5d8b41790594191bd52fa11c02e819a904c9ec1f45580289e41f4218c7079b65
  请将此根抄录至人侧（公理E）
append: e0 事件哈希 aa6cb4371edac1b5…
append: e1 事件哈希 c18cfad4c15f8340…
append: e2 事件哈希 aaa4cd6b4967640a…
append: e3 事件哈希 20d5c7f471067b22…
append: e4 事件哈希 3b1182316359f936…
append: e5 事件哈希 d2170fa10c18d2c8…
append: e6 事件哈希 bf016a76850d5bd7…
append: e7 事件哈希 23ab2038ae8093bc…
append: e8 事件哈希 e31465e003c448e5…
append: e9 事件哈希 cf388e3b64c97301…
append: e10 事件哈希 5eb6b4bbd6a99c0f…
append: e11 事件哈希 870db7f587a748b2…
append: e12 事件哈希 10e20f79133f3159…
append: e13 事件哈希 276f3e64ea30f117…
append: e14 事件哈希 b18d694c7a7625d4…
append: e15 事件哈希 9883184dfee92d24…
append: e16 事件哈希 f999ac349134f89d…
append: e17 事件哈希 60d9dce3f4e59774…
append: e18 事件哈希 52a0dbb5db0f671f…
append: e19 事件哈希 dd31c37fb672e986…
append: e20 事件哈希 75c9b26fdeb9f88d…
append: e21 事件哈希 384ac26f624e83d6…
append: e22 事件哈希 c5fc59fc897c3553…
append: e23 事件哈希 04419ab69b3e001a…
append: e24 事件哈希 f2f4991e4650258a…
append: e25 事件哈希 2e191fc8e56608e9…
append: e26 事件哈希 95e76298ba45e426…
append: e27 事件哈希 65acc8e672014500…
append: e28 事件哈希 cfe39831d592a264…
append: e29 事件哈希 9a5497269142e938…
append: e30 事件哈希 49ee8b20471cefad…
append: e31 事件哈希 87604bfb9f21675f…
append: e32 事件哈希 11fcd7fcb7f99b9b…
append: e33 事件哈希 cccaac439a45757b…
append: e34 事件哈希 77b392ef2870c75a…
append: e35 事件哈希 ccb759deb353d01a…
append: e36 事件哈希 28711a62a4abc1b7…
append: e37 事件哈希 dda322084a1fbb62…
append: e38 事件哈希 ea9adcde6808dee8…
append: e39 事件哈希 d73d9ef1d24c566a…
append: e40 事件哈希 41adbd42f076c843…
append: e41 事件哈希 2ca64f2d4f5006fb…
append: e42 事件哈希 56e20c9217449d54…
append: e43 事件哈希 8480744c565d606e…
append: e44 事件哈希 2b73de500f064696…
append: e45 事件哈希 9d45c1408d4662e0…
append: e46 事件哈希 d1c5bfd34b7baebc…
append: e47 事件哈希 79df370e2308ce0a…
append: e48 事件哈希 529e082a2a1a92ea…
append: e49 事件哈希 d5cbc41a310676ed…
append: e50 事件哈希 8f815d1c287a8d2c…
append: e51 事件哈希 12012e3f204417c7…
append: e52 事件哈希 01b4161c75f1b9a4…
append: e53 事件哈希 5e10fc98e4680ea2…
append: e54 事件哈希 7ec906c76dcf04f6…
append: e55 事件哈希 1ff8fccbf57d253e…
append: e56 事件哈希 dc4a3855295d85c9…
append: e57 事件哈希 d123268704c22d2a…
append: e58 事件哈希 68071ea2314d54ad…
append: e59 事件哈希 5449bf0114146e92…
append: e60 事件哈希 9b58a111c253177f…
append: e61 事件哈希 36f1fb759b052131…
append: e62 事件哈希 bc467b9c60517c39…
append: e63 事件哈希 2db7a2d252d725ae…
append: e64 事件哈希 10fbcd83f0881ae6…
append: e65 事件哈希 1b49aae035e45d32…
append: e66 事件哈希 e7a47f33ddaae42b…
append: e67 事件哈希 9ef92610ebe6d381…
append: e68 事件哈希 1664e0562d4bf70e…
append: e69 事件哈希 a4e2cb262b767770…
append: e70 事件哈希 268cf45df5bc02a9…
append: e71 事件哈希 eaae742a35016085…
append: e72 事件哈希 0831b102ea2add6c…
append: e73 事件哈希 4efaaf62276988aa…
append: e74 事件哈希 ac4f1fd93db783f9…
append: e75 事件哈希 ef169b21f4965ad6…
append: e76 事件哈希 e8ea6bce7ce54f72…
append: e77 事件哈希 22e6d0bec731a08a…
append: e78 事件哈希 d36958c03c5c64c1…
append: e79 事件哈希 1892d42e3bf182b9…
append: d9_80 事件哈希 b20209c3bf676abd…
append: d9_81 事件哈希 61cd1a956a8cb315…
append: d9_82 事件哈希 2d9ee4ed27173e54…
append: d9_83 事件哈希 7512f48a29f4a386…
append: d9_84 事件哈希 4bb7aa434298d640…
append: d9_85 事件哈希 5746c21aa569d46f…
append: d9_86 事件哈希 57dc757488c2e094…
append: d9_87 事件哈希 219a529958f36136…
append: d9_88 事件哈希 4184aea32ace72eb…
append: d9_89 事件哈希 1023d2db0bafcfec…
append: d9_90 事件哈希 bf9b5f8944713525…
append: d9_91 事件哈希 cab9d66a46d818fa…
append: d9_92 事件哈希 ada885f7a03d4aac…
append: d9_93 事件哈希 d5df399bbcc9ea26…
append: d9_94 事件哈希 8f643a5dc468f06d…
append: d9_95 事件哈希 ede5e57a412759f9…
build: 生成 spec.md / 提示词速查.md / citations.md → D:\临时工作区\大审查-工作包-20260909\衔尾蛇\sandbox\x17-A3-s10（手改生成区=违例）
install: L2 + [] → D:\临时工作区\大审查-工作包-20260909\衔尾蛇\sandbox\x17-A3-s10
  交付内容体 29 个（含 {SLOT} 待填文件 11 个——按 install 指南填槽）
  待填槽文件（示例）: modules/m-core/install.md, modules/m-core/template/ROOT-README.md, modules/m-index/install.md, modules/m-index/template/knowledge/_index.md, modules/m-tools/install.md…
  Merkle 根（排除 state.json）: 4969b12a55ea990ece78a6eee224da84e8c99c0bd51536fd40bb4790ae95b864
  请将此根抄录至人侧（公理E）
append: e0 事件哈希 89d2831927d1ae63…
append: e1 事件哈希 3af96412fb37a076…
append: e2 事件哈希 92fa724fb8bd2fe3…
append: e3 事件哈希 c2b729403c046e3f…
append: e4 事件哈希 438a1a01216bc9b4…
append: e5 事件哈希 7433f996aae44f00…
append: e6 事件哈希 27214f63e5992da8…
append: e7 事件哈希 3d2bac8e06e71130…
append: e8 事件哈希 d0d8c13d35422054…
append: e9 事件哈希 7af0fa7cf1825339…
append: e10 事件哈希 b63b546a31ce2ffb…
append: e11 事件哈希 403d78f93fcd6cfd…
append: e12 事件哈希 f54e9bbe4983b608…
append: e13 事件哈希 3e4835857e1a3d71…
append: e14 事件哈希 d8963f2ada49ef90…
append: e15 事件哈希 26a064d16dace221…
append: e16 事件哈希 2690f6f65a04fc02…
append: e17 事件哈希 b54233c57274d952…
append: e18 事件哈希 50d00fa60daa0a7e…
append: e19 事件哈希 292a03449b3cdb91…
append: e20 事件哈希 89b7458ce3c7bd0c…
append: e21 事件哈希 7e2f86a8c1fee68c…
append: e22 事件哈希 980eea6bc0f4d13c…
append: e23 事件哈希 291d96d735bb5128…
append: e24 事件哈希 1f1bbe05da0ef03d…
append: e25 事件哈希 6dd4f19431f3d5a5…
append: e26 事件哈希 4131719125408206…
append: e27 事件哈希 9a31dd3207001f0e…
append: e28 事件哈希 8b499cc59472e2ca…
append: e29 事件哈希 0f5e5f93eae95922…
append: e30 事件哈希 e953fd51051af29c…
append: e31 事件哈希 22784651f5807721…
append: e32 事件哈希 ca1df49fdb22cef0…
append: e33 事件哈希 978573ed7d19b6fd…
append: e34 事件哈希 603091243fab3e4b…
append: e35 事件哈希 0fb9db7faa511df6…
append: e36 事件哈希 343f81edfb17f78f…
append: e37 事件哈希 f60df01c25b287cd…
append: e38 事件哈希 a2aba6ba83d51f98…
append: e39 事件哈希 0bd543c37e572ebc…
append: e40 事件哈希 7d36511ac5431b8c…
append: e41 事件哈希 2a892a8367f4e2f6…
append: e42 事件哈希 3cfcdf36f75a876e…
append: e43 事件哈希 87934c0562e7e7d8…
append: e44 事件哈希 26da69508f0fc705…
append: e45 事件哈希 3fd0349af821fc97…
append: e46 事件哈希 ea899b3ba06fd8a7…
append: e47 事件哈希 0e19990c321faecf…
append: e48 事件哈希 c1259538534024db…
append: e49 事件哈希 bd276925fc22cc4d…
append: e50 事件哈希 ff48d86f95db24d0…
append: e51 事件哈希 7be36a13eba634b8…
append: e52 事件哈希 d168588f5cd7f33f…
append: e53 事件哈希 0b2f40ef8971c240…
append: e54 事件哈希 81f91e059fbff28d…
append: e55 事件哈希 c40c952a50c37e65…
append: e56 事件哈希 0769a832ebc17232…
append: e57 事件哈希 22258ed2f7027f4f…
append: e58 事件哈希 403a9caaa44c661a…
append: e59 事件哈希 c0c3d5c83078d71f…
append: e60 事件哈希 7c3c34f80daa97c6…
append: e61 事件哈希 e0bf7b27458e74c7…
append: e62 事件哈希 4e84e909b7262c3d…
append: e63 事件哈希 e36cc09182b0c6cb…
append: e64 事件哈希 8311d20172711911…
append: e65 事件哈希 b3311e1e5355939b…
append: e66 事件哈希 a41b5482bea32123…
append: e67 事件哈希 e0096341204ba485…
append: e68 事件哈希 71b3bcd31cefe44f…
append: e69 事件哈希 9447fcaad122af6b…
append: e70 事件哈希 e9e25ac1723ca352…
append: e71 事件哈希 472d745a6062331a…
append: e72 事件哈希 bea88217b595c855…
append: e73 事件哈希 f9b19a81890cc5c1…
append: e74 事件哈希 d3ed97164bcd0a1a…
append: e75 事件哈希 cf694b11e7219994…
append: e76 事件哈希 f02820067a7b782f…
append: e77 事件哈希 482a833c5e4261fd…
append: e78 事件哈希 0dd86aa7779f1c32…
append: e79 事件哈希 68ec9b0b313bb54e…
append: d10_80 事件哈希 1725a4cda342b54d…
append: d10_81 事件哈希 3ac44fbe3f61ec72…
append: d10_82 事件哈希 85945149b42d34ef…
append: d10_83 事件哈希 f62cedbf35a9210f…
append: d10_84 事件哈希 79bd087864e6e32e…
append: d10_85 事件哈希 a10d43ed5695ee2f…
append: d10_86 事件哈希 34fa41016f39943d…
append: d10_87 事件哈希 fd7117ffa0edc80f…
append: d10_88 事件哈希 fa34bdb6ad428ac3…
append: d10_89 事件哈希 3e08c9bd97261982…
append: d10_90 事件哈希 f35788104c45f358…
append: d10_91 事件哈希 4b2ade9017bba567…
append: d10_92 事件哈希 9e6064196c94adc3…
append: d10_93 事件哈希 6d6a5851168d5729…
append: d10_94 事件哈希 f2569f06ed4d42ea…
append: d10_95 事件哈希 c77edb1ef82c70a7…
build: 生成 spec.md / 提示词速查.md / citations.md → D:\临时工作区\大审查-工作包-20260909\衔尾蛇\sandbox\x17-A3-s11（手改生成区=违例）
install: L2 + [] → D:\临时工作区\大审查-工作包-20260909\衔尾蛇\sandbox\x17-A3-s11
  交付内容体 29 个（含 {SLOT} 待填文件 11 个——按 install 指南填槽）
  待填槽文件（示例）: modules/m-core/install.md, modules/m-core/template/ROOT-README.md, modules/m-index/install.md, modules/m-index/template/knowledge/_index.md, modules/m-tools/install.md…
  Merkle 根（排除 state.json）: ffa0cee1ca9aaa3286070e7219e7af0622d8b9b1cbf3f71d8f40e7b838c456e3
  请将此根抄录至人侧（公理E）
append: e0 事件哈希 aa6cb4371edac1b5…
append: e1 事件哈希 76861be6ec4e59a5…
append: e2 事件哈希 5ce22f253d6726e2…
append: e3 事件哈希 604afda64a31ffb4…
append: e4 事件哈希 9e82989a7cb9126b…
append: e5 事件哈希 051a05813d085df5…
append: e6 事件哈希 0269e0e0e3918ba0…
append: e7 事件哈希 56a4018c8e9203e9…
append: e8 事件哈希 4a5b8477cfebc0e8…
append: e9 事件哈希 404e51fc6c5c3976…
append: e10 事件哈希 07d97b71656cfe2b…
append: e11 事件哈希 f50eb99a7bafdc5f…
append: e12 事件哈希 e6c97e20201b507e…
append: e13 事件哈希 33c94f575539e40b…
append: e14 事件哈希 114832e6b367bb35…
append: e15 事件哈希 053c70921be2e22f…
append: e16 事件哈希 9e8ea9d189272d6c…
append: e17 事件哈希 48413fd9b251a7c2…
append: e18 事件哈希 691a456eb86cb4f8…
append: e19 事件哈希 0c581759c7b7955c…
append: e20 事件哈希 2af61c19d6b7a09c…
append: e21 事件哈希 97b8220bc1f7db66…
append: e22 事件哈希 0379bdbcfe32e0fb…
append: e23 事件哈希 831b519a2f48d81b…
append: e24 事件哈希 22918f1563766f2f…
append: e25 事件哈希 8ada490e4c30940d…
append: e26 事件哈希 03a5778ffb7ecd6e…
append: e27 事件哈希 d66d65d0ff54fa63…
append: e28 事件哈希 37e76004d0d24e1c…
append: e29 事件哈希 15ff206447001cc9…
append: e30 事件哈希 41bd4d32af0ea22f…
append: e31 事件哈希 0e6ea451dfd5d493…
append: e32 事件哈希 ec96699b39dffc9c…
append: e33 事件哈希 94a09ad6a8c3450d…
append: e34 事件哈希 9a588a044338658e…
append: e35 事件哈希 62eed9f12b60c44d…
append: e36 事件哈希 4ec4e6e520bc01d2…
append: e37 事件哈希 88c481cbe205bb51…
append: e38 事件哈希 435b509927abcbb9…
append: e39 事件哈希 c34cfc62ec1085eb…
append: e40 事件哈希 616820610797dd59…
append: e41 事件哈希 5fd8c3306729ca23…
append: e42 事件哈希 4ae1c847a61cdeba…
append: e43 事件哈希 0f6292233ec8313b…
append: e44 事件哈希 c2a796b880961061…
append: e45 事件哈希 fc0dcf0227f012f7…
append: e46 事件哈希 9777574b46c28add…
append: e47 事件哈希 f89eb4baeecd8b3d…
append: e48 事件哈希 5fec51b39b7c1e45…
append: e49 事件哈希 336dcd9369d6a5e4…
append: e50 事件哈希 52ea654d1590be34…
append: e51 事件哈希 1afaf6db0d480b97…
append: e52 事件哈希 2ab8dc580e9fc2ad…
append: e53 事件哈希 97198f1026e72bf5…
append: e54 事件哈希 034a583011ef6e5c…
append: e55 事件哈希 3acad2e1c7cccb08…
append: e56 事件哈希 2fc2b9b8e4f00088…
append: e57 事件哈希 e10cca095dc210d2…
append: e58 事件哈希 6a93ec0adbbc0ecf…
append: e59 事件哈希 63b8e185b9fa69cf…
append: e60 事件哈希 efb4327ea8e9d8a0…
append: e61 事件哈希 86f80256c974e05d…
append: e62 事件哈希 2625dc5f49a82479…
append: e63 事件哈希 ec6f793799abfb6a…
append: e64 事件哈希 9aacbc6d7a4dcdef…
append: e65 事件哈希 775f2e2b20438fe7…
append: e66 事件哈希 bd9780f1c61cfe99…
append: e67 事件哈希 f605d7da41c95812…
append: e68 事件哈希 84229936d59e4f3a…
append: e69 事件哈希 6523215dff639162…
append: e70 事件哈希 99b595ac031c5ae3…
append: e71 事件哈希 327150a116af0826…
append: e72 事件哈希 8adcf123fa5cd139…
append: e73 事件哈希 ca9cca2fa34860f9…
append: e74 事件哈希 75a662b6be82304b…
append: e75 事件哈希 f6760d7bea4075bb…
append: e76 事件哈希 7c15f8362d95120b…
append: e77 事件哈希 1bb1e9a8c07368da…
append: e78 事件哈希 464f15c52d0b81e4…
append: e79 事件哈希 869d58eed8507625…
append: d11_80 事件哈希 c6fc6abe128c5fd3…
append: d11_81 事件哈希 ff7093c45a9b2ff4…
append: d11_82 事件哈希 3ac3f3eb8d93554b…
append: d11_83 事件哈希 f811baad89b410ec…
append: d11_84 事件哈希 c15faeaff0b768f4…
append: d11_85 事件哈希 6a16ca0d99dabefd…
append: d11_86 事件哈希 7d108b6469616143…
append: d11_87 事件哈希 fae90dd686567b53…
append: d11_88 事件哈希 c182afc0e4a265be…
append: d11_89 事件哈希 2fd8eaf1b02c5455…
append: d11_90 事件哈希 d269d8f15df88040…
append: d11_91 事件哈希 1f3d25f1a01390b9…
append: d11_92 事件哈希 afcfcb115fae9144…
append: d11_93 事件哈希 5648551506ab8442…
append: d11_94 事件哈希 3006d942a50eefb6…
append: d11_95 事件哈希 c4c10d76bfa5e0e5…
build: 生成 spec.md / 提示词速查.md / citations.md → D:\临时工作区\大审查-工作包-20260909\衔尾蛇\sandbox\x17-A3-s12（手改生成区=违例）
install: L2 + [] → D:\临时工作区\大审查-工作包-20260909\衔尾蛇\sandbox\x17-A3-s12
  交付内容体 29 个（含 {SLOT} 待填文件 11 个——按 install 指南填槽）
  待填槽文件（示例）: modules/m-core/install.md, modules/m-core/template/ROOT-README.md, modules/m-index/install.md, modules/m-index/template/knowledge/_index.md, modules/m-tools/install.md…
  Merkle 根（排除 state.json）: eeed93eade200c805977e221875a818727ee671784a650390027f811f99ec7e5
  请将此根抄录至人侧（公理E）
append: e0 事件哈希 89d2831927d1ae63…
append: e1 事件哈希 3af96412fb37a076…
append: e2 事件哈希 92fa724fb8bd2fe3…
append: e3 事件哈希 c2b729403c046e3f…
append: e4 事件哈希 438a1a01216bc9b4…
append: e5 事件哈希 7433f996aae44f00…
append: e6 事件哈希 27214f63e5992da8…
append: e7 事件哈希 9cdaf251941b25c8…
append: e8 事件哈希 85956e45337b82dd…
append: e9 事件哈希 65fa4eed13787f0c…
append: e10 事件哈希 d028f70bfe535ce5…
append: e11 事件哈希 39c2f11a918b53dd…
append: e12 事件哈希 384e14628af9973b…
append: e13 事件哈希 c3ad4be353aef1b7…
append: e14 事件哈希 b50aa46979129caf…
append: e15 事件哈希 0906d9d2d8eff511…
append: e16 事件哈希 24313c35a0cb55bf…
append: e17 事件哈希 4651280c844e6f2c…
append: e18 事件哈希 23d199f069f701ba…
append: e19 事件哈希 5389dbc1cfc99cd8…
append: e20 事件哈希 7bee78a1ed62c756…
append: e21 事件哈希 1626f2451e5017ff…
append: e22 事件哈希 741626344b011076…
append: e23 事件哈希 5ae4dea5548ac4b7…
append: e24 事件哈希 0c0cc00fdedd01e3…
append: e25 事件哈希 7f0ddd08b2f76002…
append: e26 事件哈希 87774e5a1e9243c7…
append: e27 事件哈希 dc9258f2187b4c06…
append: e28 事件哈希 55ea22d519915bd9…
append: e29 事件哈希 99f652a59c90bb68…
append: e30 事件哈希 7f414fa5aaf6d854…
append: e31 事件哈希 38fce14bb037f3dc…
append: e32 事件哈希 287244dce8338043…
append: e33 事件哈希 f3f4c8601fcd8650…
append: e34 事件哈希 b1fe939490344cd8…
append: e35 事件哈希 8fa18f1b981f3618…
append: e36 事件哈希 170d6a7f0e4fea67…
append: e37 事件哈希 be08a67436481558…
append: e38 事件哈希 3cb772989f6fbce5…
append: e39 事件哈希 772ee8e20d842150…
append: e40 事件哈希 4b9bfb03db14cd90…
append: e41 事件哈希 d35571a820668b00…
append: e42 事件哈希 02116dd976912a5e…
append: e43 事件哈希 3e103fa7970020f5…
append: e44 事件哈希 4dcaf1aea573846a…
append: e45 事件哈希 81bcd6e8fa6a629e…
append: e46 事件哈希 1b7e9262ccae5d11…
append: e47 事件哈希 c2c86d60b6cd9796…
append: e48 事件哈希 2d54a2b7b71a684e…
append: e49 事件哈希 7ca98e402c481415…
append: e50 事件哈希 b4f15d6ec3a076e4…
append: e51 事件哈希 c7d1c815a9093993…
append: e52 事件哈希 f4430fce4781f5ae…
append: e53 事件哈希 a84c9b13615b5366…
append: e54 事件哈希 453775439841d25a…
append: e55 事件哈希 bad2f1e9f346b507…
append: e56 事件哈希 6d706ad67f58a745…
append: e57 事件哈希 b2168f09e451392b…
append: e58 事件哈希 72a554d2f5526d57…
append: e59 事件哈希 257aaabe5e52e32c…
append: e60 事件哈希 0793795faf89cc50…
append: e61 事件哈希 274ff5dba9fc31ea…
append: e62 事件哈希 295f479ab04de8d4…
append: e63 事件哈希 803ee0878ec08602…
append: e64 事件哈希 b599251d2493216a…
append: e65 事件哈希 8ee3f91efa7c549b…
append: e66 事件哈希 39e9ac9c18fd35ac…
append: e67 事件哈希 a90b42358feaee1e…
append: e68 事件哈希 d961b131fbd5bbdc…
append: e69 事件哈希 f26370a44d6f6729…
append: e70 事件哈希 63a4e487a66fb596…
append: e71 事件哈希 e8134bdaf569dd57…
append: e72 事件哈希 29f71bd608a852e4…
append: e73 事件哈希 8a132c50842163fa…
append: e74 事件哈希 b858b16ad47e3ded…
append: e75 事件哈希 998164f9d0045eb7…
append: e76 事件哈希 b32a820f5652b370…
append: e77 事件哈希 ed041fd85cbba128…
append: e78 事件哈希 2ee25bda8e77caca…
append: e79 事件哈希 7861b34097419b20…
append: d12_80 事件哈希 c5bab3c4ce3b941d…
append: d12_81 事件哈希 b6fba93087ab1a3b…
append: d12_82 事件哈希 1197b379496849cb…
append: d12_83 事件哈希 fdcd6a9362279ec4…
append: d12_84 事件哈希 6e951248aeafda7a…
append: d12_85 事件哈希 102818456af58da5…
append: d12_86 事件哈希 65ef8947cbd7076b…
append: d12_87 事件哈希 386d9f8f79647074…
append: d12_88 事件哈希 99bad89f9af15f55…
append: d12_89 事件哈希 378a35d142b4ba6d…
append: d12_90 事件哈希 a9c7ebfb7d6d8ea7…
append: d12_91 事件哈希 2974c140c6af3511…
append: d12_92 事件哈希 85029e53a8d6be02…
append: d12_93 事件哈希 0304137f2b758347…
append: d12_94 事件哈希 fdea4bacc32fc020…
append: d12_95 事件哈希 fca280420f15ed19…
build: 生成 spec.md / 提示词速查.md / citations.md → D:\临时工作区\大审查-工作包-20260909\衔尾蛇\sandbox\x17-A3-s13（手改生成区=违例）
install: L2 + [] → D:\临时工作区\大审查-工作包-20260909\衔尾蛇\sandbox\x17-A3-s13
  交付内容体 29 个（含 {SLOT} 待填文件 11 个——按 install 指南填槽）
  待填槽文件（示例）: modules/m-core/install.md, modules/m-core/template/ROOT-README.md, modules/m-index/install.md, modules/m-index/template/knowledge/_index.md, modules/m-tools/install.md…
  Merkle 根（排除 state.json）: 42462f6366d90fe9e020991c2411b5155adbbf58aab9aa4589d82035f5f2a99d
  请将此根抄录至人侧（公理E）
append: e0 事件哈希 89d2831927d1ae63…
append: e1 事件哈希 31533129e4881262…
append: e2 事件哈希 c67d1737cb0dad4c…
append: e3 事件哈希 49e2d628342b227c…
append: e4 事件哈希 fb80cad99ebd45f7…
append: e5 事件哈希 454e79b77edc4ab9…
append: e6 事件哈希 f583156d35226360…
append: e7 事件哈希 a7a7ae8d04bffc4b…
append: e8 事件哈希 cd3df99e3a77245a…
append: e9 事件哈希 8672d9f83af5715b…
append: e10 事件哈希 b20cedd0cff4780b…
append: e11 事件哈希 d7c9f267056bb8c7…
append: e12 事件哈希 958964c769711388…
append: e13 事件哈希 c54722f82132aced…
append: e14 事件哈希 c42fe3f0a789a99f…
append: e15 事件哈希 89d9d2a6ce703334…
append: e16 事件哈希 997e373b6e7be5a2…
append: e17 事件哈希 c2851b2dcbebc77d…
append: e18 事件哈希 72119420cf2523c6…
append: e19 事件哈希 95dad01f24f5813b…
append: e20 事件哈希 36362b2da3909a03…
append: e21 事件哈希 b4929c14a4c70aa8…
append: e22 事件哈希 89644f509eed27b4…
append: e23 事件哈希 def30b29317a5381…
append: e24 事件哈希 34c41d6cd650f7cf…
append: e25 事件哈希 ac12af5979beb484…
append: e26 事件哈希 be0ed055efcecc4d…
append: e27 事件哈希 c9c31d68e5f7a836…
append: e28 事件哈希 39b5939c44bfd43f…
append: e29 事件哈希 1c27413a3144401c…
append: e30 事件哈希 5f16d0bf8c5d46be…
append: e31 事件哈希 ec94101e43f79c74…
append: e32 事件哈希 13f4075c386215d9…
append: e33 事件哈希 d5dd9e99d60b9ea9…
append: e34 事件哈希 626260aba671a40f…
append: e35 事件哈希 6fdf64c12b699baf…
append: e36 事件哈希 100d38fe2550825f…
append: e37 事件哈希 f89395579952a42d…
append: e38 事件哈希 782b9522c92e696e…
append: e39 事件哈希 d3d1fe39de655ea8…
append: e40 事件哈希 f562a734f4948d86…
append: e41 事件哈希 0b9eb98908081c0f…
append: e42 事件哈希 da0477ea2c341e98…
append: e43 事件哈希 d8f711194d4c609b…
append: e44 事件哈希 df4324f23209a276…
append: e45 事件哈希 2e4e14eda50fab21…
append: e46 事件哈希 739f2a42d316a4b5…
append: e47 事件哈希 b4a6c91f401d0657…
append: e48 事件哈希 1924ebf3e53c513c…
append: e49 事件哈希 a77e44ea0c9b37c5…
append: e50 事件哈希 33f6c8d8c3311336…
append: e51 事件哈希 bf8f40cbe3b3dbb6…
append: e52 事件哈希 9c1056950987647d…
append: e53 事件哈希 adc1e2e4ef3a4484…
append: e54 事件哈希 5e7054f0bdcca80b…
append: e55 事件哈希 ff7f5f80f299ab09…
append: e56 事件哈希 50f1f22d1585a68f…
append: e57 事件哈希 9c0331bba94833f6…
append: e58 事件哈希 5e58e4d2bb0b1e19…
append: e59 事件哈希 111849b780b1c901…
append: e60 事件哈希 3efcdb42e7471a60…
append: e61 事件哈希 c68e6f73d6070205…
append: e62 事件哈希 f9c8788a969db6cf…
append: e63 事件哈希 9e719ac98f2e593f…
append: e64 事件哈希 cab84b4711718a55…
append: e65 事件哈希 7b71d8e87ab76363…
append: e66 事件哈希 4500016942b75253…
append: e67 事件哈希 9fa27d0c9f9e2948…
append: e68 事件哈希 f66663fbaca768a5…
append: e69 事件哈希 a091fc55be04b6ab…
append: e70 事件哈希 d30844b3341a5e87…
append: e71 事件哈希 1bef8f419e1eeb2f…
append: e72 事件哈希 eb12b45bfe6f757a…
append: e73 事件哈希 7d0f91695b35441e…
append: e74 事件哈希 4525ce9d7c6f1dc5…
append: e75 事件哈希 70c6db16ffc6a1d7…
append: e76 事件哈希 e3171cfd549aad93…
append: e77 事件哈希 275dfb41d9e37007…
append: e78 事件哈希 d0bfe89862a19d2d…
append: e79 事件哈希 1839c4d818228977…
append: d13_80 事件哈希 46ede1861ec52497…
append: d13_81 事件哈希 c42093f4c2f31a09…
append: d13_82 事件哈希 14c7fa0b9d930ad8…
append: d13_83 事件哈希 154b43f779ba217c…
append: d13_84 事件哈希 6fb979ee8cfccfeb…
append: d13_85 事件哈希 0d450a457a02e8dc…
append: d13_86 事件哈希 9f5c3b3028fc11fe…
append: d13_87 事件哈希 ddf2fa1701819d26…
append: d13_88 事件哈希 929edf0551717368…
append: d13_89 事件哈希 a32fc0574a6245ef…
append: d13_90 事件哈希 87995a8003af0b38…
append: d13_91 事件哈希 a26101cccfec1e28…
append: d13_92 事件哈希 528b21d49adf633a…
append: d13_93 事件哈希 8d2af20036ee3164…
append: d13_94 事件哈希 82f28676cd23fc84…
append: d13_95 事件哈希 0d6df6bbe6c046e8…
build: 生成 spec.md / 提示词速查.md / citations.md → D:\临时工作区\大审查-工作包-20260909\衔尾蛇\sandbox\x17-A3-s14（手改生成区=违例）
install: L2 + [] → D:\临时工作区\大审查-工作包-20260909\衔尾蛇\sandbox\x17-A3-s14
  交付内容体 29 个（含 {SLOT} 待填文件 11 个——按 install 指南填槽）
  待填槽文件（示例）: modules/m-core/install.md, modules/m-core/template/ROOT-README.md, modules/m-index/install.md, modules/m-index/template/knowledge/_index.md, modules/m-tools/install.md…
  Merkle 根（排除 state.json）: 81e6714e92712c5bc9b010f7df7d56a15108ec49b8c63e574c5bb7e092764eea
  请将此根抄录至人侧（公理E）
append: e0 事件哈希 aa6cb4371edac1b5…
append: e1 事件哈希 76861be6ec4e59a5…
append: e2 事件哈希 a5a95fba1547d5bd…
append: e3 事件哈希 09931ca89f226336…
append: e4 事件哈希 f5fb7627bf814848…
append: e5 事件哈希 662e22d0a45e7048…
append: e6 事件哈希 8de0f0bcb9687fa7…
append: e7 事件哈希 b07b43887dd9f66b…
append: e8 事件哈希 8097f791d5984c46…
append: e9 事件哈希 3b447c96e14fef19…
append: e10 事件哈希 3013e25df6207467…
append: e11 事件哈希 a468f32f47f29ba0…
append: e12 事件哈希 0cb03f477cb5c8bb…
append: e13 事件哈希 2c04d9ac88f1cf85…
append: e14 事件哈希 f7db9c37deda467b…
append: e15 事件哈希 e14f534f84e8380b…
append: e16 事件哈希 644fc94dec189d11…
append: e17 事件哈希 a6fc8a52c481196c…
append: e18 事件哈希 1a14855ad73282c0…
append: e19 事件哈希 9ca29402a988f954…
append: e20 事件哈希 2d38c4f90b9456c8…
append: e21 事件哈希 a5b25d34e8705539…
append: e22 事件哈希 2846367fa8a609c6…
append: e23 事件哈希 7e7aa79fbd7b069c…
append: e24 事件哈希 6c36e49bd38383c6…
append: e25 事件哈希 1f2ceeb947c639c0…
append: e26 事件哈希 c0e71af35fcdb690…
append: e27 事件哈希 267dde1d4e345587…
append: e28 事件哈希 24c57e1fda4250fd…
append: e29 事件哈希 65e78432bbb68d2f…
append: e30 事件哈希 e180b7069e2d4740…
append: e31 事件哈希 4f0905cf1bed3fa7…
append: e32 事件哈希 d3728e13299d226d…
append: e33 事件哈希 0453c5397a9c4953…
append: e34 事件哈希 d389cf1e4a0b57a1…
append: e35 事件哈希 d990dc85b6b24f4f…
append: e36 事件哈希 9f03c7c7dced687d…
append: e37 事件哈希 431baf3889edb844…
append: e38 事件哈希 5ea79c91f64ef82d…
append: e39 事件哈希 ed80bbd14166e0f6…
append: e40 事件哈希 04c055fe411cae46…
append: e41 事件哈希 96d086e4bee294b3…
append: e42 事件哈希 bfcc073d0b355369…
append: e43 事件哈希 64abde77834f321e…
append: e44 事件哈希 2f93cc1db3a3cbce…
append: e45 事件哈希 06d8c102426965a9…
append: e46 事件哈希 fbb99261d826d753…
append: e47 事件哈希 34341892207e1072…
append: e48 事件哈希 07a6b0fb23da725f…
append: e49 事件哈希 cb97f48828dc69e4…
append: e50 事件哈希 8b35fbe2c51eb871…
append: e51 事件哈希 fb70f62d84042ecd…
append: e52 事件哈希 e5309206250e12f4…
append: e53 事件哈希 83d8b0aa0c2ed598…
append: e54 事件哈希 95dc0d5ccae4be42…
append: e55 事件哈希 042552716ee211f0…
append: e56 事件哈希 4342656b616da2e5…
append: e57 事件哈希 9eaefcf67bb6bd64…
append: e58 事件哈希 7160402b52610f5c…
append: e59 事件哈希 a9c73ac08ee91038…
append: e60 事件哈希 9dd7a92a6c550b31…
append: e61 事件哈希 0f2a27e905493381…
append: e62 事件哈希 c9b01c8d65032880…
append: e63 事件哈希 f59b58584655ac48…
append: e64 事件哈希 7dfaf38f08e5ef3b…
append: e65 事件哈希 f1c6cc3e332997e8…
append: e66 事件哈希 0e46163366b43561…
append: e67 事件哈希 eef39393f9b20bd6…
append: e68 事件哈希 851e8ba4ac373a94…
append: e69 事件哈希 2c9fd997c85073f3…
append: e70 事件哈希 8416268977c3d7ce…
append: e71 事件哈希 a87e8815647a7cda…
append: e72 事件哈希 26cfa65488a145ce…
append: e73 事件哈希 9ad509e516b1f31e…
append: e74 事件哈希 b949eb9959ca9e82…
append: e75 事件哈希 9ebbea18542cbf76…
append: e76 事件哈希 f79fc5e35e50ce6f…
append: e77 事件哈希 5f176bf1c0df3af8…
append: e78 事件哈希 d27f452bdad48dc6…
append: e79 事件哈希 ed1641c869c24b16…
append: d14_80 事件哈希 41def68794c7c39b…
append: d14_81 事件哈希 78941f02de658d57…
append: d14_82 事件哈希 82b3a358f6104e14…
append: d14_83 事件哈希 51e3598faccce499…
append: d14_84 事件哈希 16fa5af05da2b648…
append: d14_85 事件哈希 41969ba8b836cad9…
append: d14_86 事件哈希 f34e63288ab051e2…
append: d14_87 事件哈希 aef25213df9416b5…
append: d14_88 事件哈希 5d68e94e65764105…
append: d14_89 事件哈希 f569bebe94136e2c…
append: d14_90 事件哈希 513a35d8f0ba8614…
append: d14_91 事件哈希 f677314fabb72fa9…
append: d14_92 事件哈希 eb49b4b7ed0d5a69…
append: d14_93 事件哈希 8759121d9f30dd6f…
append: d14_94 事件哈希 7da4b50b5d3b8d78…
append: d14_95 事件哈希 f1cd1cb9e40333cc…
build: 生成 spec.md / 提示词速查.md / citations.md → D:\临时工作区\大审查-工作包-20260909\衔尾蛇\sandbox\x17-A3-s15（手改生成区=违例）
install: L2 + [] → D:\临时工作区\大审查-工作包-20260909\衔尾蛇\sandbox\x17-A3-s15
  交付内容体 29 个（含 {SLOT} 待填文件 11 个——按 install 指南填槽）
  待填槽文件（示例）: modules/m-core/install.md, modules/m-core/template/ROOT-README.md, modules/m-index/install.md, modules/m-index/template/knowledge/_index.md, modules/m-tools/install.md…
  Merkle 根（排除 state.json）: d804f1f79e30b91e145381bb175f55322099f75017c8ed4c5ab6510ab90bd2b8
  请将此根抄录至人侧（公理E）
append: e0 事件哈希 89d2831927d1ae63…
append: e1 事件哈希 31533129e4881262…
append: e2 事件哈希 c67d1737cb0dad4c…
append: e3 事件哈希 49e2d628342b227c…
append: e4 事件哈希 fb80cad99ebd45f7…
append: e5 事件哈希 454e79b77edc4ab9…
append: e6 事件哈希 f583156d35226360…
append: e7 事件哈希 7d9eee37ad833a1c…
append: e8 事件哈希 6271cf902a3b6842…
append: e9 事件哈希 b86051171c5d6078…
append: e10 事件哈希 984642759d9dd683…
append: e11 事件哈希 082d4dfd6754f3bc…
append: e12 事件哈希 f2f21ce5ca1ec146…
append: e13 事件哈希 55d0c6e9d8e3c410…
append: e14 事件哈希 c4c856229eca0b5d…
append: e15 事件哈希 cba4fb6093a35fc9…
append: e16 事件哈希 0a8728af2294886e…
append: e17 事件哈希 d94c0afa3bff2e59…
append: e18 事件哈希 3aeef553c081051f…
append: e19 事件哈希 2eb1ec09ef413028…
append: e20 事件哈希 042504682b0bf3da…
append: e21 事件哈希 f502214a556eac34…
append: e22 事件哈希 146c630404c73a65…
append: e23 事件哈希 b49b7c52f0cbf551…
append: e24 事件哈希 7e14faf23db9bba7…
append: e25 事件哈希 be01d0b4b786fafc…
append: e26 事件哈希 e514e180e77da1a7…
append: e27 事件哈希 c961910c5b55688c…
append: e28 事件哈希 d1de84cc77724a5d…
append: e29 事件哈希 a0b4ee4870c0107c…
append: e30 事件哈希 f238a238eacd0ef8…
append: e31 事件哈希 61996080e750cc06…
append: e32 事件哈希 54a9726ebf23a422…
append: e33 事件哈希 885469a39219adb1…
append: e34 事件哈希 61a9a152082afd54…
append: e35 事件哈希 57f0fc9f46b4328b…
append: e36 事件哈希 842d5551db85727b…
append: e37 事件哈希 2338d81927702676…
append: e38 事件哈希 7dc23ba28205a6c1…
append: e39 事件哈希 748a2956734e8c2e…
append: e40 事件哈希 f54daef22ddf2ba9…
append: e41 事件哈希 c646655b7a717854…
append: e42 事件哈希 4730a5e74fd3b341…
append: e43 事件哈希 d0d11b4dd2f03214…
append: e44 事件哈希 e72b00c4b1bfcb8e…
append: e45 事件哈希 e5d209b64da7a76a…
append: e46 事件哈希 b4c55d7001721699…
append: e47 事件哈希 fda5c06d2ff9cea9…
append: e48 事件哈希 21cff21d8db68866…
append: e49 事件哈希 d5c225dae0abe2d3…
append: e50 事件哈希 b4c3fc2bd7202b66…
append: e51 事件哈希 b58679ca0a9136fd…
append: e52 事件哈希 6633ccc6b6c413a6…
append: e53 事件哈希 4c01989ef57f17d7…
append: e54 事件哈希 3a83d300bfb36759…
append: e55 事件哈希 335ff8b9e59e7d06…
append: e56 事件哈希 5aa88f32d889b864…
append: e57 事件哈希 b75dbd0d434db92d…
append: e58 事件哈希 bf1f27807a4e0bb4…
append: e59 事件哈希 341b939e95e2431e…
append: e60 事件哈希 7e8bc279c9cab1ed…
append: e61 事件哈希 7c88039347414d96…
append: e62 事件哈希 3897b60e74f9f3ec…
append: e63 事件哈希 4ff283c799a75abf…
append: e64 事件哈希 113bb479ab919622…
append: e65 事件哈希 0bdd019ca40c0600…
append: e66 事件哈希 cdfbb227dfd3c0c8…
append: e67 事件哈希 32ef17722d0732fa…
append: e68 事件哈希 6e48324306837c9d…
append: e69 事件哈希 3f7f1964c2a70d1d…
append: e70 事件哈希 b1390f9c0a3634af…
append: e71 事件哈希 67ff84693fa83e36…
append: e72 事件哈希 8d8e94319fe93a5d…
append: e73 事件哈希 12ebfd004946e8c0…
append: e74 事件哈希 08ab76b52420cd0b…
append: e75 事件哈希 03a7368d9711951d…
append: e76 事件哈希 4aff9ec033e2631e…
append: e77 事件哈希 5673d2ca8c854e44…
append: e78 事件哈希 1463c8717af4ce53…
append: e79 事件哈希 4ac48e17d680cbe4…
append: d15_80 事件哈希 e0970d7d3561d9a9…
append: d15_81 事件哈希 8d29e85f64d4dbe2…
append: d15_82 事件哈希 e2357fda9b3ea651…
append: d15_83 事件哈希 01c444ceafb6568e…
append: d15_84 事件哈希 99b32d0a71ac360d…
append: d15_85 事件哈希 009ad2b5e3da01d2…
append: d15_86 事件哈希 6b4da3b786032209…
append: d15_87 事件哈希 5f6c354fdacffa8c…
append: d15_88 事件哈希 4063a106555d302f…
append: d15_89 事件哈希 f5b12464558ee4cc…
append: d15_90 事件哈希 59822390873858a5…
append: d15_91 事件哈希 ad43d29e3788f929…
append: d15_92 事件哈希 b2afe215f55f541c…
append: d15_93 事件哈希 1627b537061ce654…
append: d15_94 事件哈希 ec0675cd6e36ab32…
append: d15_95 事件哈希 635c6a55117980af…
build: 生成 spec.md / 提示词速查.md / citations.md → D:\临时工作区\大审查-工作包-20260909\衔尾蛇\sandbox\x17-A3-s16（手改生成区=违例）
install: L2 + [] → D:\临时工作区\大审查-工作包-20260909\衔尾蛇\sandbox\x17-A3-s16
  交付内容体 29 个（含 {SLOT} 待填文件 11 个——按 install 指南填槽）
  待填槽文件（示例）: modules/m-core/install.md, modules/m-core/template/ROOT-README.md, modules/m-index/install.md, modules/m-index/template/knowledge/_index.md, modules/m-tools/install.md…
  Merkle 根（排除 state.json）: 56497117b2e6524d349e560ad2ee0c00e2e7b2af19f7d78a7ddc7510d2944825
  请将此根抄录至人侧（公理E）
append: e0 事件哈希 aa6cb4371edac1b5…
append: e1 事件哈希 c18cfad4c15f8340…
append: e2 事件哈希 aaa4cd6b4967640a…
append: e3 事件哈希 20d5c7f471067b22…
append: e4 事件哈希 81ab854a1dd3a430…
append: e5 事件哈希 707cdad842a3dbfc…
append: e6 事件哈希 4c8749c914884c9f…
append: e7 事件哈希 0e24406e39c72d93…
append: e8 事件哈希 5e11a7ecd9698546…
append: e9 事件哈希 7434a783b33a7003…
append: e10 事件哈希 3a39cb33c34c7726…
append: e11 事件哈希 a865cbe05972975d…
append: e12 事件哈希 b65c0d003e5f6285…
append: e13 事件哈希 ab694b7fd68b7bd2…
append: e14 事件哈希 4679233fe12059ca…
append: e15 事件哈希 cb54ebcc6c2e2061…
append: e16 事件哈希 34229c1ab3a870c7…
append: e17 事件哈希 03e773ad8f8003a2…
append: e18 事件哈希 d6bb5014b7ba7ad6…
append: e19 事件哈希 bf72f5395e840079…
append: e20 事件哈希 f808c3812566f245…
append: e21 事件哈希 41703dd553903d3b…
append: e22 事件哈希 d83e84037ba1d1e3…
append: e23 事件哈希 49d6be485e4d046e…
append: e24 事件哈希 37a3c79026b8a2ed…
append: e25 事件哈希 eebdb598daf12351…
append: e26 事件哈希 0f6653412641dbc3…
append: e27 事件哈希 f4404090aa963e2d…
append: e28 事件哈希 a8f900f93b720916…
append: e29 事件哈希 d360022f3dd5aa4f…
append: e30 事件哈希 fb01696eb5d2ad23…
append: e31 事件哈希 3a28afe25b0c030e…
append: e32 事件哈希 29d703a27b36330e…
append: e33 事件哈希 7b09d2e774a01e78…
append: e34 事件哈希 ac7f1735f68ffd64…
append: e35 事件哈希 fb58a5de7fdb284e…
append: e36 事件哈希 f1ce7c396f4de253…
append: e37 事件哈希 c0b65d23aa99a131…
append: e38 事件哈希 488c1ef78918f7c2…
append: e39 事件哈希 e95b41a875f3643e…
append: e40 事件哈希 1fb4589ff5645c90…
append: e41 事件哈希 1c930487674a1d9b…
append: e42 事件哈希 a59553d9ce5cd752…
append: e43 事件哈希 ec93390e4366ab1e…
append: e44 事件哈希 b990d799cf4c6fdf…
append: e45 事件哈希 1b3c700105883971…
append: e46 事件哈希 28ce68dd80effa62…
append: e47 事件哈希 68a3b24b1eba7da5…
append: e48 事件哈希 0dd1e26428d9983a…
append: e49 事件哈希 150c34a5121b9f8f…
append: e50 事件哈希 7bc6c1e140b61b56…
append: e51 事件哈希 2731233a18531907…
append: e52 事件哈希 c6675e1787b90a7b…
append: e53 事件哈希 d6cd684035d3e2f1…
append: e54 事件哈希 d4444b395bccf8d9…
append: e55 事件哈希 324582570f4aff9c…
append: e56 事件哈希 cc05695498fb2052…
append: e57 事件哈希 47268aa491dff3b1…
append: e58 事件哈希 4fe201d99ae0d9bb…
append: e59 事件哈希 7c9dc54ad87efbfe…
append: e60 事件哈希 a872218661d534cb…
append: e61 事件哈希 90a977c139e6cd34…
append: e62 事件哈希 e0bd272ba0256911…
append: e63 事件哈希 d10d95fbdf157aa6…
append: e64 事件哈希 d707f309aedc18c7…
append: e65 事件哈希 ff66fb278887b2d5…
append: e66 事件哈希 70e968537c509e6d…
append: e67 事件哈希 047712d1bee0ffc7…
append: e68 事件哈希 b22c6707430c8f07…
append: e69 事件哈希 20f39957e758e562…
append: e70 事件哈希 d54f089fc58c8f0f…
append: e71 事件哈希 bc51ff80c8f945d5…
append: e72 事件哈希 62cf89be7c6a0e55…
append: e73 事件哈希 8ab4ce7416908c68…
append: e74 事件哈希 41ffeac8a15197c3…
append: e75 事件哈希 ea0fa8a33dd911dc…
append: e76 事件哈希 eb477e10a0bb80d9…
append: e77 事件哈希 4db8650a25710b43…
append: e78 事件哈希 ccb3167051389486…
append: e79 事件哈希 413be8c12fc55726…
append: d16_80 事件哈希 32805c5d58b840c0…
append: d16_81 事件哈希 84ef0ff564bfeb24…
append: d16_82 事件哈希 56c587a003ccfa43…
append: d16_83 事件哈希 1e11d8ebabf4ef50…
append: d16_84 事件哈希 eb267aa3bc1b1561…
append: d16_85 事件哈希 3d7d1e6c98515fb1…
append: d16_86 事件哈希 65e2fc8e7fc4b882…
append: d16_87 事件哈希 34469ff3c8f515cd…
append: d16_88 事件哈希 a8129ac7fdd793d0…
append: d16_89 事件哈希 de2c389309664cc0…
append: d16_90 事件哈希 af3deb223b3c0e38…
append: d16_91 事件哈希 2ae2a5b8064d88de…
append: d16_92 事件哈希 05f3a2ba283f17aa…
append: d16_93 事件哈希 0955e2b7b87bfc4b…
append: d16_94 事件哈希 3c99ba5cc66a6a68…
append: d16_95 事件哈希 840b5711baf27b98…
build: 生成 spec.md / 提示词速查.md / citations.md → D:\临时工作区\大审查-工作包-20260909\衔尾蛇\sandbox\x17-A3-s17（手改生成区=违例）
install: L2 + [] → D:\临时工作区\大审查-工作包-20260909\衔尾蛇\sandbox\x17-A3-s17
  交付内容体 29 个（含 {SLOT} 待填文件 11 个——按 install 指南填槽）
  待填槽文件（示例）: modules/m-core/install.md, modules/m-core/template/ROOT-README.md, modules/m-index/install.md, modules/m-index/template/knowledge/_index.md, modules/m-tools/install.md…
  Merkle 根（排除 state.json）: f24eb864ec6e45319796661ce8d0438dafd6470a348034c44142e22c97b0c03e
  请将此根抄录至人侧（公理E）
append: e0 事件哈希 aa6cb4371edac1b5…
append: e1 事件哈希 c18cfad4c15f8340…
append: e2 事件哈希 aaa4cd6b4967640a…
append: e3 事件哈希 ddaccf7664604fe0…
append: e4 事件哈希 ecb65ca77e1448be…
append: e5 事件哈希 b812ff7de0ace8aa…
append: e6 事件哈希 8eca3a6d950dd9e2…
append: e7 事件哈希 6c3ae8058b7d808d…
append: e8 事件哈希 5131754004481dd7…
append: e9 事件哈希 4900d86de82ada5c…
append: e10 事件哈希 f346b0d2338ee37e…
append: e11 事件哈希 b34f780bdb272425…
append: e12 事件哈希 89af4fcf9af1492e…
append: e13 事件哈希 3ed480cbdc2ce6f3…
append: e14 事件哈希 d98933908db0b79d…
append: e15 事件哈希 a5c048563619a3b8…
append: e16 事件哈希 bd34d662bf5866c2…
append: e17 事件哈希 87851f72218a8412…
append: e18 事件哈希 826bd32fdc8a453b…
append: e19 事件哈希 c3197872befaad47…
append: e20 事件哈希 55d037bd2508a211…
append: e21 事件哈希 6668c118412e0879…
append: e22 事件哈希 427135d54cf1ddfe…
append: e23 事件哈希 2e2914ba51e6ad6c…
append: e24 事件哈希 ef989dca9fa15634…
append: e25 事件哈希 7bb53ec84229eb0c…
append: e26 事件哈希 0e1ab21fbc53a8d8…
append: e27 事件哈希 9a8f40ff800caa81…
append: e28 事件哈希 85a6f9b0c20defd2…
append: e29 事件哈希 69def3b83ff89a79…
append: e30 事件哈希 4ab348b2056c6cc9…
append: e31 事件哈希 dfdcc0b523455e4a…
append: e32 事件哈希 1233eb8b4e1cd7a8…
append: e33 事件哈希 814239d3281b583d…
append: e34 事件哈希 be06510dc101f40f…
append: e35 事件哈希 10a9b165a54c9707…
append: e36 事件哈希 745455a15e40c51c…
append: e37 事件哈希 eef1b0f6549253fc…
append: e38 事件哈希 fe6d558ff29b9c61…
append: e39 事件哈希 aa11ad640c16759d…
append: e40 事件哈希 727419be92ae65c6…
append: e41 事件哈希 8a306354b036b675…
append: e42 事件哈希 ddbf8c66167d12ac…
append: e43 事件哈希 d345f90da43a4acb…
append: e44 事件哈希 eb485fb54c90dbca…
append: e45 事件哈希 b926569a73afe2c1…
append: e46 事件哈希 66240264d5eb31a5…
append: e47 事件哈希 763b92a6228f9375…
append: e48 事件哈希 5f36a01adcbf28b9…
append: e49 事件哈希 ad6deadafe94115d…
append: e50 事件哈希 71ce60bd0ca11579…
append: e51 事件哈希 58fd482e407d99a0…
append: e52 事件哈希 453084e99a057da1…
append: e53 事件哈希 c409f2d5d1ee5230…
append: e54 事件哈希 6435809cde45e583…
append: e55 事件哈希 a31b00007e9c13fc…
append: e56 事件哈希 5616326951a7f046…
append: e57 事件哈希 7979c8ae199d7de0…
append: e58 事件哈希 1c7c60112b7ba4dc…
append: e59 事件哈希 576afbbd9a871138…
append: e60 事件哈希 4c7a21f7072d2e43…
append: e61 事件哈希 5ffe07c31bc01093…
append: e62 事件哈希 1a4e6ef9c1031109…
append: e63 事件哈希 2a02b684cb4e2e61…
append: e64 事件哈希 9ed1ac4c766cf56f…
append: e65 事件哈希 3abf2ad526d1765e…
append: e66 事件哈希 304f4740dbcaf67c…
append: e67 事件哈希 4f5c8fae4079d680…
append: e68 事件哈希 d940c7d608fe9d4e…
append: e69 事件哈希 23185ea84215f979…
append: e70 事件哈希 5a42d8b6ff0de475…
append: e71 事件哈希 12dcd8b767173751…
append: e72 事件哈希 4fe4d3e10ec8f624…
append: e73 事件哈希 b0a2b70125c7d72f…
append: e74 事件哈希 b4cefbb44a87cc2c…
append: e75 事件哈希 767b52ef15f02466…
append: e76 事件哈希 360f8024592888a2…
append: e77 事件哈希 a8b34731be031fbb…
append: e78 事件哈希 5c90dec5ff43413f…
append: e79 事件哈希 678aa0e50ef6751a…
append: d17_80 事件哈希 636765c0ec22fb1e…
append: d17_81 事件哈希 443db3e1513182d4…
append: d17_82 事件哈希 2188555c068dd69b…
append: d17_83 事件哈希 86f3737d3a1c976d…
append: d17_84 事件哈希 a9b575c61558f5dc…
append: d17_85 事件哈希 7fd04cc513962356…
append: d17_86 事件哈希 06271a3701f42de4…
append: d17_87 事件哈希 142e36ac0411b3e6…
append: d17_88 事件哈希 dc4685e154c8a83c…
append: d17_89 事件哈希 058b709b10d26aa5…
append: d17_90 事件哈希 7d0cdd142f72b54c…
append: d17_91 事件哈希 fb2a73933336a5f4…
append: d17_92 事件哈希 11751641f6ea5911…
append: d17_93 事件哈希 80f49019f8671e42…
append: d17_94 事件哈希 5b3670a35ee04203…
append: d17_95 事件哈希 0b150031af4c8413…
build: 生成 spec.md / 提示词速查.md / citations.md → D:\临时工作区\大审查-工作包-20260909\衔尾蛇\sandbox\x17-A3-s18（手改生成区=违例）
install: L2 + [] → D:\临时工作区\大审查-工作包-20260909\衔尾蛇\sandbox\x17-A3-s18
  交付内容体 29 个（含 {SLOT} 待填文件 11 个——按 install 指南填槽）
  待填槽文件（示例）: modules/m-core/install.md, modules/m-core/template/ROOT-README.md, modules/m-index/install.md, modules/m-index/template/knowledge/_index.md, modules/m-tools/install.md…
  Merkle 根（排除 state.json）: bf8ceede493768e4ade582486b904da84fc4dffef61f31200c83c11d3723be32
  请将此根抄录至人侧（公理E）
append: e0 事件哈希 89d2831927d1ae63…
append: e1 事件哈希 3af96412fb37a076…
append: e2 事件哈希 92fa724fb8bd2fe3…
append: e3 事件哈希 c2b729403c046e3f…
append: e4 事件哈希 c06aa8dd72a8a4cd…
append: e5 事件哈希 ee5ed322ea98f2ba…
append: e6 事件哈希 d325ab9569b91704…
append: e7 事件哈希 340085ac26aa520b…
append: e8 事件哈希 3d19c6b90f788a0e…
append: e9 事件哈希 016a0347ee347aa4…
append: e10 事件哈希 a5dd86faa4b7c631…
append: e11 事件哈希 068ce1adbcecc14f…
append: e12 事件哈希 ac54e82977527aba…
append: e13 事件哈希 b283fbe8e6833c9f…
append: e14 事件哈希 cdde7e2abdf867f0…
append: e15 事件哈希 67acb06250893a47…
append: e16 事件哈希 c2800b17562695fa…
append: e17 事件哈希 9db068107456cfce…
append: e18 事件哈希 d4c3fd9f79dd2971…
append: e19 事件哈希 c25d9d937d79b05c…
append: e20 事件哈希 1a5230cc12515702…
append: e21 事件哈希 312af5d99703aba2…
append: e22 事件哈希 df69b5fd40041bc4…
append: e23 事件哈希 a40822d82055fe8b…
append: e24 事件哈希 7f1b8998ef094a91…
append: e25 事件哈希 817294cf87ce30db…
append: e26 事件哈希 360ce4ebac45b623…
append: e27 事件哈希 eed1edce2fe77f1b…
append: e28 事件哈希 db2a51b6bb382f00…
append: e29 事件哈希 2e23c6db49b8de55…
append: e30 事件哈希 f17424ceb3d58f08…
append: e31 事件哈希 27a72645df2a278c…
append: e32 事件哈希 5004a5a05354e42b…
append: e33 事件哈希 ee19772293badb4e…
append: e34 事件哈希 9e66ff3cf9939b4e…
append: e35 事件哈希 d30d9f1e7e3c9f62…
append: e36 事件哈希 72d75e66df9080d4…
append: e37 事件哈希 7c71f0a54548db6d…
append: e38 事件哈希 2c26a816833ea0ed…
append: e39 事件哈希 775ef1f3369bdb74…
append: e40 事件哈希 6f63f0a3b6239d8a…
append: e41 事件哈希 e87ec663d678b80e…
append: e42 事件哈希 853b55f36e7c90a9…
append: e43 事件哈希 205b33b5b666fa84…
append: e44 事件哈希 2614ad6a325d6d60…
append: e45 事件哈希 8c9677b0d662100b…
append: e46 事件哈希 c8595825c4dcb677…
append: e47 事件哈希 4c5ed1be0dc8c016…
append: e48 事件哈希 8794014d858f6be9…
append: e49 事件哈希 82d59fcac5926138…
append: e50 事件哈希 a4ccbd930aa09be8…
append: e51 事件哈希 33146d8c89985354…
append: e52 事件哈希 acbcc0264eb3fbec…
append: e53 事件哈希 7d052c5bf05e5af5…
append: e54 事件哈希 cb4d62dbee7e77f4…
append: e55 事件哈希 3c6eb2f0c8413fee…
append: e56 事件哈希 c37c677fef87e8a0…
append: e57 事件哈希 8e8b37dfc4ec68d9…
append: e58 事件哈希 430c7b391621f1ee…
append: e59 事件哈希 6ab68ffc904e11f5…
append: e60 事件哈希 30c455e7d6a39fae…
append: e61 事件哈希 841a4772fabde7c3…
append: e62 事件哈希 926eb393f0937fdf…
append: e63 事件哈希 9c9a9201e2c20a48…
append: e64 事件哈希 28d2b28dd84b020b…
append: e65 事件哈希 bf2275da6ba6011a…
append: e66 事件哈希 276bed77144424a8…
append: e67 事件哈希 84b059f279d76176…
append: e68 事件哈希 9e8176e90365a6c6…
append: e69 事件哈希 417014fdb34cb7a9…
append: e70 事件哈希 c9b16d8a3df3ad23…
append: e71 事件哈希 9fbd2bf866986f95…
append: e72 事件哈希 d41c445369d1a20c…
append: e73 事件哈希 f6d61a763c8a03ba…
append: e74 事件哈希 2c98b64dced5786a…
append: e75 事件哈希 916a93050ae94ed9…
append: e76 事件哈希 b6ead4dea006a6e1…
append: e77 事件哈希 20090314a07104ee…
append: e78 事件哈希 4a41322cd5cf1ebd…
append: e79 事件哈希 63fa96deee4b7eed…
append: d18_80 事件哈希 7da0a813e2d5da4b…
append: d18_81 事件哈希 637a37e0f1df369d…
append: d18_82 事件哈希 9a36a4e4f93b1841…
append: d18_83 事件哈希 bc7c4374d72e0a97…
append: d18_84 事件哈希 0607cc82cab19bfa…
append: d18_85 事件哈希 fa92eff64276e3f8…
append: d18_86 事件哈希 3093ed733d1ff403…
append: d18_87 事件哈希 3a3e7344fa60bc45…
append: d18_88 事件哈希 d1730298b300bb75…
append: d18_89 事件哈希 088930999bbc779f…
append: d18_90 事件哈希 208153298d282314…
append: d18_91 事件哈希 7af3aa063952730e…
append: d18_92 事件哈希 2cad4d50d636bce5…
append: d18_93 事件哈希 7ad5511d4730980d…
append: d18_94 事件哈希 f72243fee7b49a91…
append: d18_95 事件哈希 d9ad033ad8a2a8bd…
build: 生成 spec.md / 提示词速查.md / citations.md → D:\临时工作区\大审查-工作包-20260909\衔尾蛇\sandbox\x17-A3-s19（手改生成区=违例）
install: L2 + [] → D:\临时工作区\大审查-工作包-20260909\衔尾蛇\sandbox\x17-A3-s19
  交付内容体 29 个（含 {SLOT} 待填文件 11 个——按 install 指南填槽）
  待填槽文件（示例）: modules/m-core/install.md, modules/m-core/template/ROOT-README.md, modules/m-index/install.md, modules/m-index/template/knowledge/_index.md, modules/m-tools/install.md…
  Merkle 根（排除 state.json）: fb596e7258e6b242b65ffd2ab3070cb4c84d031de00726021b720fe161cc0c8e
  请将此根抄录至人侧（公理E）
append: e0 事件哈希 89d2831927d1ae63…
append: e1 事件哈希 31533129e4881262…
append: e2 事件哈希 c67d1737cb0dad4c…
append: e3 事件哈希 49e2d628342b227c…
append: e4 事件哈希 fb80cad99ebd45f7…
append: e5 事件哈希 454e79b77edc4ab9…
append: e6 事件哈希 f583156d35226360…
append: e7 事件哈希 a7a7ae8d04bffc4b…
append: e8 事件哈希 f66b3558cc48e00f…
append: e9 事件哈希 411c4f84db872f28…
append: e10 事件哈希 f81e7388488bc617…
append: e11 事件哈希 c3a04eddfca65b33…
append: e12 事件哈希 e2b48a11585eded8…
append: e13 事件哈希 081cd13daa059274…
append: e14 事件哈希 1d69e0a9d65cb435…
append: e15 事件哈希 2349aece380b7ce3…
append: e16 事件哈希 3ef0eb5a9e76ea18…
append: e17 事件哈希 9773ea334a3eafb9…
append: e18 事件哈希 0b32cb97cb0b758a…
append: e19 事件哈希 53e526eeccfeaf78…
append: e20 事件哈希 a92f284eff8d0ca2…
append: e21 事件哈希 2d43bb00ec06d598…
append: e22 事件哈希 e13c7127d29ff05c…
append: e23 事件哈希 0d4867bb9d641b8e…
append: e24 事件哈希 7f2a359ed31a70db…
append: e25 事件哈希 20420cb5a4f9aeff…
append: e26 事件哈希 0464b03dd4c3f45a…
append: e27 事件哈希 3f00f9b0f4ee345c…
append: e28 事件哈希 59123134742583bc…
append: e29 事件哈希 11609962f52eb645…
append: e30 事件哈希 bd348ccda80f690c…
append: e31 事件哈希 be5170bb9bcd46c3…
append: e32 事件哈希 0ebdadf4d9709d4f…
append: e33 事件哈希 5780857e329198ff…
append: e34 事件哈希 3835eb25dca1e015…
append: e35 事件哈希 6f754e6eb719009b…
append: e36 事件哈希 6c281ae432a518f0…
append: e37 事件哈希 1840ad1d344f3246…
append: e38 事件哈希 60b8548dfb2c1f6a…
append: e39 事件哈希 c79b7d94ced4ae0d…
append: e40 事件哈希 c02ab127fc9388a2…
append: e41 事件哈希 247cc288de9f9b64…
append: e42 事件哈希 0772d0ea2d708516…
append: e43 事件哈希 3f3342caa7e3daec…
append: e44 事件哈希 069e7ea6897abb6b…
append: e45 事件哈希 6dcd064ea5b4a377…
append: e46 事件哈希 27889f334a60ae9d…
append: e47 事件哈希 3e6cbe3625961478…
append: e48 事件哈希 645adab697b76f10…
append: e49 事件哈希 352d841b6723d6f8…
append: e50 事件哈希 c1c5379f90ffae9f…
append: e51 事件哈希 bcfaad7031cb296a…
append: e52 事件哈希 730cb84a8a511179…
append: e53 事件哈希 e22c8bf1aa475d32…
append: e54 事件哈希 e241f267489a77e7…
append: e55 事件哈希 5bc97d06ac774e13…
append: e56 事件哈希 b94283b9bda82b20…
append: e57 事件哈希 a2160e07b625a9d3…
append: e58 事件哈希 9790e2a95ba9907d…
append: e59 事件哈希 e3701a055f02ae32…
append: e60 事件哈希 d5e362ed82249412…
append: e61 事件哈希 9c25992c85f6fefd…
append: e62 事件哈希 6efdc28b86d49aaa…
append: e63 事件哈希 67e14c6b58df5f80…
append: e64 事件哈希 df4a67a2da1c0be3…
append: e65 事件哈希 1ff8f3b764c9214f…
append: e66 事件哈希 ee787adc04980daa…
append: e67 事件哈希 7dbe86fd7980b8da…
append: e68 事件哈希 dafc4975c902cf2f…
append: e69 事件哈希 3469a5e946af752b…
append: e70 事件哈希 cf64e74d83c5e8fe…
append: e71 事件哈希 d81229084c68730e…
append: e72 事件哈希 0b355ae2d647a003…
append: e73 事件哈希 0a47c1c847fb5614…
append: e74 事件哈希 55abf77988140186…
append: e75 事件哈希 49cfc5b38d1ac2d3…
append: e76 事件哈希 32110bec76baf0df…
append: e77 事件哈希 ae015f235adc1419…
append: e78 事件哈希 612984bb7a34fe10…
append: e79 事件哈希 2abc2bfc28f0f32d…
append: d19_80 事件哈希 5ef0e445d5c69325…
append: d19_81 事件哈希 dff942121e852790…
append: d19_82 事件哈希 7be17695c5acde44…
append: d19_83 事件哈希 4b2131a96832f628…
append: d19_84 事件哈希 ec7d69921e52d0fd…
append: d19_85 事件哈希 692193a130433be1…
append: d19_86 事件哈希 2ae9eab9847eea8c…
append: d19_87 事件哈希 6c93357a62c41121…
append: d19_88 事件哈希 3bf9798316be8f78…
append: d19_89 事件哈希 ab943546d4be8a97…
append: d19_90 事件哈希 1de060b64555da7e…
append: d19_91 事件哈希 d8185664a9db9727…
append: d19_92 事件哈希 1e2d7f73f4bd5af6…
append: d19_93 事件哈希 136fb934b6adb8de…
append: d19_94 事件哈希 2af9e51a6c6f3a2f…
append: d19_95 事件哈希 93886631df63a4f4…
build: 生成 spec.md / 提示词速查.md / citations.md → D:\临时工作区\大审查-工作包-20260909\衔尾蛇\sandbox\x17-A3-s20（手改生成区=违例）
install: L2 + [] → D:\临时工作区\大审查-工作包-20260909\衔尾蛇\sandbox\x17-A3-s20
  交付内容体 29 个（含 {SLOT} 待填文件 11 个——按 install 指南填槽）
  待填槽文件（示例）: modules/m-core/install.md, modules/m-core/template/ROOT-README.md, modules/m-index/install.md, modules/m-index/template/knowledge/_index.md, modules/m-tools/install.md…
  Merkle 根（排除 state.json）: 76be6ec3a89fee71d015251948635224fab567e2ecd865bd8035e4eae393fab8
  请将此根抄录至人侧（公理E）
append: e0 事件哈希 89d2831927d1ae63…
append: e1 事件哈希 31533129e4881262…
append: e2 事件哈希 9bd4eaaa2343b73e…
append: e3 事件哈希 badd00fc3ec8ec09…
append: e4 事件哈希 9f9b54d519bce609…
append: e5 事件哈希 2401198be7497de9…
append: e6 事件哈希 37cbb74c52a9dda9…
append: e7 事件哈希 d84aa7a6268670ba…
append: e8 事件哈希 8d1af975b70a2568…
append: e9 事件哈希 8fe70cb70971b247…
append: e10 事件哈希 cb6b973afa111e55…
append: e11 事件哈希 3d4e3bfc584895ee…
append: e12 事件哈希 be732db00f125aa0…
append: e13 事件哈希 ae302df3650359e4…
append: e14 事件哈希 e791f40def4f3339…
append: e15 事件哈希 981834c296d5e0aa…
append: e16 事件哈希 8c184f92cb24662b…
append: e17 事件哈希 52bfba6d93beb6ce…
append: e18 事件哈希 52accd93e5f9dfa3…
append: e19 事件哈希 ccc2abd5dee47938…
append: e20 事件哈希 015b8d9b71793a76…
append: e21 事件哈希 dae1a1e63282d68a…
append: e22 事件哈希 b91dcd83b3600f17…
append: e23 事件哈希 02b937acccf0ef51…
append: e24 事件哈希 ae03e9532f339b66…
append: e25 事件哈希 1a71a5689b5a6f17…
append: e26 事件哈希 f85648152a12cb84…
append: e27 事件哈希 1167b3a2bc315367…
append: e28 事件哈希 48e56b8c51447122…
append: e29 事件哈希 88ae9eee31789d95…
append: e30 事件哈希 751f9a37d65d2c9b…
append: e31 事件哈希 f712474fe61acfa7…
append: e32 事件哈希 e995b3d62de99379…
append: e33 事件哈希 d273ad0a1f269767…
append: e34 事件哈希 786c5f7a7f59cf5b…
append: e35 事件哈希 71229cefc087f4e3…
append: e36 事件哈希 97b36ff1b3ba77a5…
append: e37 事件哈希 a6ad2e87640c6d77…
append: e38 事件哈希 cb52a1ac62c9d099…
append: e39 事件哈希 1701a9a0fb498a9e…
append: e40 事件哈希 e91b561170e2853c…
append: e41 事件哈希 1201000e1b4497ed…
append: e42 事件哈希 aba91e9bb9a9f902…
append: e43 事件哈希 10e070ff93944963…
append: e44 事件哈希 e8bfa3f0beba016b…
append: e45 事件哈希 5d6fd371609090ad…
append: e46 事件哈希 e65af40e71fce135…
append: e47 事件哈希 7081d99fcae3882b…
append: e48 事件哈希 669d45bf5b78b875…
append: e49 事件哈希 d5aad39d5c45b56c…
append: e50 事件哈希 04e1b22a73b22c02…
append: e51 事件哈希 1fed766f1e798f50…
append: e52 事件哈希 724afb93f6af5b7d…
append: e53 事件哈希 9bb0ec1147efd5f2…
append: e54 事件哈希 9899bf8b1dd77618…
append: e55 事件哈希 ec29e8c58c7732d9…
append: e56 事件哈希 bea1caac397a15ad…
append: e57 事件哈希 a914b3ae3373785c…
append: e58 事件哈希 8db21497dc0b8680…
append: e59 事件哈希 a7f0a73cceec444d…
append: e60 事件哈希 6969ef2a73babf2c…
append: e61 事件哈希 695a947433a2b834…
append: e62 事件哈希 30b9377181d61d31…
append: e63 事件哈希 e01469468cb3f4de…
append: e64 事件哈希 8df7e61321cba69a…
append: e65 事件哈希 f7c306005e150921…
append: e66 事件哈希 059bb9b05dc79735…
append: e67 事件哈希 b0a79bfc385abf99…
append: e68 事件哈希 1438de721c6ba1ea…
append: e69 事件哈希 345b3ece35852801…
append: e70 事件哈希 453eeb3fa2f60c5b…
append: e71 事件哈希 02b6cf2e0574a28e…
append: e72 事件哈希 9931f5d6ebc35510…
append: e73 事件哈希 f458a67254f74b41…
append: e74 事件哈希 771ca99899f3da02…
append: e75 事件哈希 937b6d415c1b23ab…
append: e76 事件哈希 7fe8a02c8fd4e73f…
append: e77 事件哈希 1117087ad7e64d06…
append: e78 事件哈希 c5ce9a5d2b42ab1d…
append: e79 事件哈希 817f7b2106493d87…
append: d20_80 事件哈希 d880daf3682aee66…
append: d20_81 事件哈希 782ed7b73dff1e6b…
append: d20_82 事件哈希 33fa94b78fb2e843…
append: d20_83 事件哈希 52334254c216328c…
append: d20_84 事件哈希 8b8b11e8fd8c099d…
append: d20_85 事件哈希 9df4df747f309d79…
append: d20_86 事件哈希 dd1315f1b0c9ad5a…
append: d20_87 事件哈希 c86bef518c6fcc7a…
append: d20_88 事件哈希 db269e8918bb14fa…
append: d20_89 事件哈希 e0786b036685133e…
append: d20_90 事件哈希 01c2f59f19fc140d…
append: d20_91 事件哈希 efcb7ef0d5733cdc…
append: d20_92 事件哈希 5eb350f3f26a7a27…
append: d20_93 事件哈希 f97b1e3a1168b276…
append: d20_94 事件哈希 09e7335f1f5cd09e…
append: d20_95 事件哈希 f6d88d1553160c72…
build: 生成 spec.md / 提示词速查.md / citations.md → D:\临时工作区\大审查-工作包-20260909\衔尾蛇\sandbox\x17-A3-s21（手改生成区=违例）
install: L2 + [] → D:\临时工作区\大审查-工作包-20260909\衔尾蛇\sandbox\x17-A3-s21
  交付内容体 29 个（含 {SLOT} 待填文件 11 个——按 install 指南填槽）
  待填槽文件（示例）: modules/m-core/install.md, modules/m-core/template/ROOT-README.md, modules/m-index/install.md, modules/m-index/template/knowledge/_index.md, modules/m-tools/install.md…
  Merkle 根（排除 state.json）: f7341b3d221621ac4786678f9c9769a47bf48a4bca4cf9bf3fed499fae4b2530
  请将此根抄录至人侧（公理E）
append: e0 事件哈希 aa6cb4371edac1b5…
append: e1 事件哈希 76861be6ec4e59a5…
append: e2 事件哈希 a5a95fba1547d5bd…
append: e3 事件哈希 09931ca89f226336…
append: e4 事件哈希 8353e451be9005d5…
append: e5 事件哈希 8d732668c5f9b25b…
append: e6 事件哈希 407d568f62fa7d6b…
append: e7 事件哈希 d39f3b34a911f803…
append: e8 事件哈希 3141186cfa0bfa53…
append: e9 事件哈希 ae2a1cb0b9f0986e…
append: e10 事件哈希 95f43bbc83271b9f…
append: e11 事件哈希 a83ae0f863ccc868…
append: e12 事件哈希 830f5c72d5162837…
append: e13 事件哈希 4acd17985b125641…
append: e14 事件哈希 0a7e526e4c84c8d6…
append: e15 事件哈希 5c5ae313ec06ffa6…
append: e16 事件哈希 c8531434e85f7966…
append: e17 事件哈希 e0a3fd4efb0e141e…
append: e18 事件哈希 6197c6072631737f…
append: e19 事件哈希 14e50faf3dbb7594…
append: e20 事件哈希 b04ff58484a5ebec…
append: e21 事件哈希 666dda77700d1a30…
append: e22 事件哈希 4c07b10f9fed65fd…
append: e23 事件哈希 7df0a14138046ade…
append: e24 事件哈希 744fbd7169b019db…
append: e25 事件哈希 e665ab244471f560…
append: e26 事件哈希 96ed4db27115faf2…
append: e27 事件哈希 8829ebabffe0d2eb…
append: e28 事件哈希 a6adbd1978670abb…
append: e29 事件哈希 9e09a11bbaf997ae…
append: e30 事件哈希 c49f34ff010f9cb4…
append: e31 事件哈希 f6404fd85177e99c…
append: e32 事件哈希 d7476e88f4f84e1d…
append: e33 事件哈希 2ace9994da03f1e4…
append: e34 事件哈希 27a40259614de3f9…
append: e35 事件哈希 2edaa63ba4064990…
append: e36 事件哈希 3c6b6099abc43bd4…
append: e37 事件哈希 87bf8b765ccf533d…
append: e38 事件哈希 c18b3975ca03fd4f…
append: e39 事件哈希 d8bd7fa4b90afd7c…
append: e40 事件哈希 1725a7c0e65851e4…
append: e41 事件哈希 6400d249d228cd6a…
append: e42 事件哈希 7291765bb8011528…
append: e43 事件哈希 35d748f38088640b…
append: e44 事件哈希 e6f84bafd658279d…
append: e45 事件哈希 2bbd1f9e36d1bb24…
append: e46 事件哈希 88273f850e0f99a2…
append: e47 事件哈希 6890d405ae60021d…
append: e48 事件哈希 9478ffbe5965be05…
append: e49 事件哈希 96ac31753c8aa422…
append: e50 事件哈希 5a5170a587830404…
append: e51 事件哈希 fc54a9a3269fc8c8…
append: e52 事件哈希 6421937b37ed17ff…
append: e53 事件哈希 82c725451e2b7506…
append: e54 事件哈希 bfb1335a499f02cd…
append: e55 事件哈希 7e50537833f6de7a…
append: e56 事件哈希 bf39637e5ea88826…
append: e57 事件哈希 06e2ad0b71241db0…
append: e58 事件哈希 c62f7f8431741702…
append: e59 事件哈希 9dc51ab0894bca08…
append: e60 事件哈希 1d29e934025ac53f…
append: e61 事件哈希 383e53dd0b14b49d…
append: e62 事件哈希 a91ca7c4cc87ba06…
append: e63 事件哈希 0603232489bf8f8b…
append: e64 事件哈希 eacdb9c9b99331b5…
append: e65 事件哈希 4cb6aa4518fad079…
append: e66 事件哈希 07fb215a2a7f145c…
append: e67 事件哈希 e60707b67cf18c9f…
append: e68 事件哈希 1849bc08a6701c78…
append: e69 事件哈希 7896540165b1eb5a…
append: e70 事件哈希 7889ec25530d2415…
append: e71 事件哈希 049d1b14c5608624…
append: e72 事件哈希 4578cb06e06f0b3c…
append: e73 事件哈希 6d9fd4c5dadceefe…
append: e74 事件哈希 4755a8018ff3b676…
append: e75 事件哈希 8cd6deeffb11b9bf…
append: e76 事件哈希 bf265442ca6462a4…
append: e77 事件哈希 cae3780a74378d6a…
append: e78 事件哈希 56c0c74cecbf8ca2…
append: e79 事件哈希 692352bf954f8322…
append: d21_80 事件哈希 1a0c26d31ce5cf28…
append: d21_81 事件哈希 21ab81e1bd0d7761…
append: d21_82 事件哈希 20383945a05cd90d…
append: d21_83 事件哈希 bdfc2141be37187a…
append: d21_84 事件哈希 3c1055e9e0bfc35c…
append: d21_85 事件哈希 3e893b9d43adbaca…
append: d21_86 事件哈希 099c055115b15392…
append: d21_87 事件哈希 350f8c4bbcf28c8e…
append: d21_88 事件哈希 2a8632180a15938f…
append: d21_89 事件哈希 da5ab021f87903af…
append: d21_90 事件哈希 4eed936ecdfa4e3f…
append: d21_91 事件哈希 31c5e1aa50ed7019…
append: d21_92 事件哈希 17a2bfa5e298d226…
append: d21_93 事件哈希 b39bdb083ccb85e4…
append: d21_94 事件哈希 d31432d2893e46ec…
append: d21_95 事件哈希 5015f90c65a24adc…
build: 生成 spec.md / 提示词速查.md / citations.md → D:\临时工作区\大审查-工作包-20260909\衔尾蛇\sandbox\x17-A3-s22（手改生成区=违例）
install: L2 + [] → D:\临时工作区\大审查-工作包-20260909\衔尾蛇\sandbox\x17-A3-s22
  交付内容体 29 个（含 {SLOT} 待填文件 11 个——按 install 指南填槽）
  待填槽文件（示例）: modules/m-core/install.md, modules/m-core/template/ROOT-README.md, modules/m-index/install.md, modules/m-index/template/knowledge/_index.md, modules/m-tools/install.md…
  Merkle 根（排除 state.json）: c76586784a9be1136d4e2551dd5dae5fa3d61ea865c291da3030863ab4fda806
  请将此根抄录至人侧（公理E）
append: e0 事件哈希 89d2831927d1ae63…
append: e1 事件哈希 3af96412fb37a076…
append: e2 事件哈希 92fa724fb8bd2fe3…
append: e3 事件哈希 3614cf50271ed3ff…
append: e4 事件哈希 f83ecbc2b9cb2779…
append: e5 事件哈希 641d3f63428b7a24…
append: e6 事件哈希 c905e2908f77ff4d…
append: e7 事件哈希 ef28504c2cbff456…
append: e8 事件哈希 519c5ec73d21258b…
append: e9 事件哈希 47ee68b250beb464…
append: e10 事件哈希 1c2340a6c0cc36b6…
append: e11 事件哈希 c92c2c871a51b9f8…
append: e12 事件哈希 eb93ae3394c10e04…
append: e13 事件哈希 2205ab6594f75bce…
append: e14 事件哈希 f7dd4ada0382c87d…
append: e15 事件哈希 5f0986728915a979…
append: e16 事件哈希 093acba98df30799…
append: e17 事件哈希 9e2d7f50198fbae0…
append: e18 事件哈希 8844b595a8257ad2…
append: e19 事件哈希 87bc379f22740b03…
append: e20 事件哈希 dd9b58bc1585410e…
append: e21 事件哈希 62b580ee472fe9e7…
append: e22 事件哈希 c23b6e6908e46a5b…
append: e23 事件哈希 343b42cab14c6d08…
append: e24 事件哈希 b19396cc1a307477…
append: e25 事件哈希 6581db76be57a74c…
append: e26 事件哈希 4ff6285082f02a4b…
append: e27 事件哈希 7e4f069c2892f6fa…
append: e28 事件哈希 bd88cb5626e9b403…
append: e29 事件哈希 468ce83e5025b035…
append: e30 事件哈希 725db8d67cce126b…
append: e31 事件哈希 67347a67a2f62799…
append: e32 事件哈希 478c49243153359f…
append: e33 事件哈希 6e15cef5cdaa104a…
append: e34 事件哈希 e5260e6c9a984e0e…
append: e35 事件哈希 dfc39f28396a1028…
append: e36 事件哈希 c324619aa0f0230e…
append: e37 事件哈希 c3a8149e409c77f7…
append: e38 事件哈希 324f9e86297ca963…
append: e39 事件哈希 6928ce09638ed532…
append: e40 事件哈希 8ed5512c8df43371…
append: e41 事件哈希 f3ac8c497115a459…
append: e42 事件哈希 53f701f2f00eca13…
append: e43 事件哈希 017a234e7654aeb9…
append: e44 事件哈希 51b09d421fab5125…
append: e45 事件哈希 4886a9f701cfde57…
append: e46 事件哈希 20500a56d3876bff…
append: e47 事件哈希 e59d5eda4557ab4f…
append: e48 事件哈希 5503402fb3a8f826…
append: e49 事件哈希 d55930216b29df28…
append: e50 事件哈希 0f03717864797285…
append: e51 事件哈希 68e2991ab91784d7…
append: e52 事件哈希 f20dc445870e1e3d…
append: e53 事件哈希 662f377fb5c52aed…
append: e54 事件哈希 d8ed63714c22c915…
append: e55 事件哈希 d4fddf9cb8bddc60…
append: e56 事件哈希 f5569d1ffda54c73…
append: e57 事件哈希 30c46b5ad4efc238…
append: e58 事件哈希 04f4429e6666ed74…
append: e59 事件哈希 ffc7463b04267559…
append: e60 事件哈希 e77a0c3d6e0c4168…
append: e61 事件哈希 816d7fef4000360f…
append: e62 事件哈希 6078af200b1d63b0…
append: e63 事件哈希 33d78a2f95e64759…
append: e64 事件哈希 4e3de2f55e0a65e8…
append: e65 事件哈希 7281afdec33bcb45…
append: e66 事件哈希 962b91bba88419c6…
append: e67 事件哈希 6dd664b968b51f79…
append: e68 事件哈希 0efd36e744871eea…
append: e69 事件哈希 df568fcf70e531b5…
append: e70 事件哈希 30c8ca2f969315a3…
append: e71 事件哈希 528cfee556eb1592…
append: e72 事件哈希 ed401e55adcca477…
append: e73 事件哈希 468c2ef6e7f19d69…
append: e74 事件哈希 8a0627247550b47b…
append: e75 事件哈希 948a7a2de90bc11e…
append: e76 事件哈希 1e4dacd632623aa8…
append: e77 事件哈希 715ad06b1ea322cb…
append: e78 事件哈希 14d0bb17678625b6…
append: e79 事件哈希 a621a5ef1fecbdc6…
append: d22_80 事件哈希 abb9b78b49b74be6…
append: d22_81 事件哈希 df5756088e22b0eb…
append: d22_82 事件哈希 86b4fdca5f8b676c…
append: d22_83 事件哈希 29954729a9a358e7…
append: d22_84 事件哈希 d534965b995909dc…
append: d22_85 事件哈希 7ffc32c8c651c540…
append: d22_86 事件哈希 06ee2896dab01cea…
append: d22_87 事件哈希 4c49d8ea1388debb…
append: d22_88 事件哈希 eab44eedde08ef8c…
append: d22_89 事件哈希 458e548050f2fc81…
append: d22_90 事件哈希 1305a161d96171c8…
append: d22_91 事件哈希 9977157799ce90e9…
append: d22_92 事件哈希 a73b0c783f64ecd2…
append: d22_93 事件哈希 caa4b2d761069f51…
append: d22_94 事件哈希 60db582b9b964fb2…
append: d22_95 事件哈希 6664a2a0828278f1…
build: 生成 spec.md / 提示词速查.md / citations.md → D:\临时工作区\大审查-工作包-20260909\衔尾蛇\sandbox\x17-A3-s23（手改生成区=违例）
install: L2 + [] → D:\临时工作区\大审查-工作包-20260909\衔尾蛇\sandbox\x17-A3-s23
  交付内容体 29 个（含 {SLOT} 待填文件 11 个——按 install 指南填槽）
  待填槽文件（示例）: modules/m-core/install.md, modules/m-core/template/ROOT-README.md, modules/m-index/install.md, modules/m-index/template/knowledge/_index.md, modules/m-tools/install.md…
  Merkle 根（排除 state.json）: 52f101e876b6fb4745527ec41cb859da15dd5ebc69a13f7205a5e1eab2cc54df
  请将此根抄录至人侧（公理E）
append: e0 事件哈希 89d2831927d1ae63…
append: e1 事件哈希 31533129e4881262…
append: e2 事件哈希 c67d1737cb0dad4c…
append: e3 事件哈希 1e135be58c1e9c18…
append: e4 事件哈希 6d2c96e4e7bf0296…
append: e5 事件哈希 14dade9ca05672a8…
append: e6 事件哈希 f9a5cfa27d420827…
append: e7 事件哈希 2afb7abf4cf3c49f…
append: e8 事件哈希 dc8c8a9b14c8ae7b…
append: e9 事件哈希 67b0c150143c4f38…
append: e10 事件哈希 ff296e975ccfe673…
append: e11 事件哈希 81f11f2155d6e3fa…
append: e12 事件哈希 3a1cc5e6a009b417…
append: e13 事件哈希 aaf7bf7f0561f1aa…
append: e14 事件哈希 76b300913ca261c0…
append: e15 事件哈希 bc1ef89a12c87f96…
append: e16 事件哈希 3655dde082d76014…
append: e17 事件哈希 87c180ae16893406…
append: e18 事件哈希 db84fec2b9cac0a5…
append: e19 事件哈希 db1b041dcdebf7ef…
append: e20 事件哈希 879d16c8e75dd0ad…
append: e21 事件哈希 8d9e57a45958b7db…
append: e22 事件哈希 84e8e4bd1cc6e0d1…
append: e23 事件哈希 69270c175cc34026…
append: e24 事件哈希 5b99dbc58fb002d3…
append: e25 事件哈希 030d87196aa74eec…
append: e26 事件哈希 785f05402831ae1c…
append: e27 事件哈希 f46060f1a4d47912…
append: e28 事件哈希 e9610d1271d9d96b…
append: e29 事件哈希 4d9e0f58e4aeb012…
append: e30 事件哈希 37f5b9b44ce17800…
append: e31 事件哈希 28c7e4f2f4c13b22…
append: e32 事件哈希 1320cd2ae0ee25bf…
append: e33 事件哈希 e43e75fd877517e3…
append: e34 事件哈希 2fe3584e5f868610…
append: e35 事件哈希 9b5c91ce1ea2b406…
append: e36 事件哈希 1d6c0d702e2d3c13…
append: e37 事件哈希 2d81da9dfdd1ecbc…
append: e38 事件哈希 9f7272d72b6d3e3d…
append: e39 事件哈希 2aac04a7aff1051c…
append: e40 事件哈希 30f98ddcfafbbf47…
append: e41 事件哈希 635feaef8131a741…
append: e42 事件哈希 66ee8ea2691d27eb…
append: e43 事件哈希 24aeb81cdbc4e51c…
append: e44 事件哈希 328facc27f77a7e1…
append: e45 事件哈希 9057cf25926193bf…
append: e46 事件哈希 3c21c93618f4bed5…
append: e47 事件哈希 5f731f027abb9c3d…
append: e48 事件哈希 d01d5fb642168fd5…
append: e49 事件哈希 01d13ade078b80ad…
append: e50 事件哈希 c43f3d1d190364ca…
append: e51 事件哈希 4ed95acc19cb2cab…
append: e52 事件哈希 e3d4cfd32f0ce288…
append: e53 事件哈希 db6fd4bebc10764d…
append: e54 事件哈希 7b2239095e934317…
append: e55 事件哈希 d99925f5d678b192…
append: e56 事件哈希 3b79a9eecbcfe622…
append: e57 事件哈希 7331c3f9b7f12916…
append: e58 事件哈希 dec84a3e1bd97268…
append: e59 事件哈希 29f4c16a74d90a69…
append: e60 事件哈希 5c8c72dbf722a508…
append: e61 事件哈希 b67d5cb7fe59ed36…
append: e62 事件哈希 00fef5ec66dceec9…
append: e63 事件哈希 dcd49768ffbe8a52…
append: e64 事件哈希 c48bf0421e2a1624…
append: e65 事件哈希 47b324dd7306fea7…
append: e66 事件哈希 dad7c66948ed9c0d…
append: e67 事件哈希 f8c4f6f2593a65c3…
append: e68 事件哈希 bcd671326f8799c1…
append: e69 事件哈希 0c8dbb18c8c14227…
append: e70 事件哈希 c66d86df3d4988fc…
append: e71 事件哈希 c1a1b8e969924073…
append: e72 事件哈希 d2930021b21ca4dc…
append: e73 事件哈希 50a5c8d1c7f00ec5…
append: e74 事件哈希 ce41b875aef32e88…
append: e75 事件哈希 98261a71e11124dc…
append: e76 事件哈希 c64a891886008ada…
append: e77 事件哈希 56a348a51906d181…
append: e78 事件哈希 baa98fd63815c839…
append: e79 事件哈希 271cd29dd5de2c78…
append: d23_80 事件哈希 a2a7443954fb350d…
append: d23_81 事件哈希 74cb9109638953d7…
append: d23_82 事件哈希 e05d8eea9dccf88c…
append: d23_83 事件哈希 99dcb9fde285f087…
append: d23_84 事件哈希 f69ffd7a9f5f612b…
append: d23_85 事件哈希 092e2b8cf8691a06…
append: d23_86 事件哈希 4854875350b067ca…
append: d23_87 事件哈希 33ef6a695eb16e3d…
append: d23_88 事件哈希 d42aee04f9c78a14…
append: d23_89 事件哈希 485de8b849ffaf34…
append: d23_90 事件哈希 3fa19f6d0573f388…
append: d23_91 事件哈希 7785aac58b643136…
append: d23_92 事件哈希 74c5d62cf2f6514e…
append: d23_93 事件哈希 7a58dc880fdbdcea…
append: d23_94 事件哈希 126f10abec78100d…
append: d23_95 事件哈希 1b6a5328882cf0b5…
build: 生成 spec.md / 提示词速查.md / citations.md → D:\临时工作区\大审查-工作包-20260909\衔尾蛇\sandbox\x17-A3-s24（手改生成区=违例）
install: L2 + [] → D:\临时工作区\大审查-工作包-20260909\衔尾蛇\sandbox\x17-A3-s24
  交付内容体 29 个（含 {SLOT} 待填文件 11 个——按 install 指南填槽）
  待填槽文件（示例）: modules/m-core/install.md, modules/m-core/template/ROOT-README.md, modules/m-index/install.md, modules/m-index/template/knowledge/_index.md, modules/m-tools/install.md…
  Merkle 根（排除 state.json）: e8c82b92ac825341e89ce194e715c3f02e7a919cd00266f7e1351acd6844981f
  请将此根抄录至人侧（公理E）
append: e0 事件哈希 aa6cb4371edac1b5…
append: e1 事件哈希 c18cfad4c15f8340…
append: e2 事件哈希 aaa4cd6b4967640a…
append: e3 事件哈希 20d5c7f471067b22…
append: e4 事件哈希 81ab854a1dd3a430…
append: e5 事件哈希 707cdad842a3dbfc…
append: e6 事件哈希 4c8749c914884c9f…
append: e7 事件哈希 0e24406e39c72d93…
append: e8 事件哈希 5849c07f3df29f97…
append: e9 事件哈希 c821c64241004794…
append: e10 事件哈希 28cba30203d5c7a1…
append: e11 事件哈希 94846295d08cb7d6…
append: e12 事件哈希 9ba4992958a380e7…
append: e13 事件哈希 d6c824f90deeaa8f…
append: e14 事件哈希 d796180244295ebc…
append: e15 事件哈希 cca2ef8bc288ce35…
append: e16 事件哈希 10c6b98c6a60c4ae…
append: e17 事件哈希 80ae9157bfbf9d95…
append: e18 事件哈希 23b715c327a50821…
append: e19 事件哈希 8ab2a989c75df830…
append: e20 事件哈希 387e8d79733a03c6…
append: e21 事件哈希 d17b0793105480f7…
append: e22 事件哈希 a9870f469b1f5db6…
append: e23 事件哈希 f1699d1c2b02baa5…
append: e24 事件哈希 8bcaacb1947217ac…
append: e25 事件哈希 2f51243182b9bc8e…
append: e26 事件哈希 bf7176a5d28cc2e1…
append: e27 事件哈希 d9a94d179ab32856…
append: e28 事件哈希 889ac8754c9c924e…
append: e29 事件哈希 149e588a0dbc953f…
append: e30 事件哈希 319adef3be97ddf2…
append: e31 事件哈希 dbdcc2ca0c1e5de1…
append: e32 事件哈希 1ed4d5c1d175ea72…
append: e33 事件哈希 6ecf002e48cde892…
append: e34 事件哈希 77bacec73410c77e…
append: e35 事件哈希 f41942dfe88b5fae…
append: e36 事件哈希 5d1aee74d7931457…
append: e37 事件哈希 3a01b3e00638fb84…
append: e38 事件哈希 cf1a7382304db9e5…
append: e39 事件哈希 05b47df9a761a8d9…
append: e40 事件哈希 fc57d4382f069ef0…
append: e41 事件哈希 3ebc2430d5f6738c…
append: e42 事件哈希 a4328d392e2fd4ab…
append: e43 事件哈希 246bd0915420e036…
append: e44 事件哈希 3ec714f9a27c4bee…
append: e45 事件哈希 a63e1c1ebf3945ba…
append: e46 事件哈希 e3b65d782caf2c0a…
append: e47 事件哈希 d495b12bbcabf905…
append: e48 事件哈希 0e36a32101fab3f4…
append: e49 事件哈希 ad51ba690b1433ca…
append: e50 事件哈希 359930714fe0c9a1…
append: e51 事件哈希 f2f8a579675515e0…
append: e52 事件哈希 25a61ea6237814f8…
append: e53 事件哈希 03018f80ae9dcca4…
append: e54 事件哈希 086def9ec17b7261…
append: e55 事件哈希 835a20e09aa95ded…
append: e56 事件哈希 b3707f3bdd05757c…
append: e57 事件哈希 c1bffbe7e805e406…
append: e58 事件哈希 86f02cf9fcb2caa8…
append: e59 事件哈希 6ee98f750d187318…
append: e60 事件哈希 f82e5a3d029bb7d4…
append: e61 事件哈希 97b53d6f8d39e9d7…
append: e62 事件哈希 75be068fd784fbbc…
append: e63 事件哈希 0ead8958cc9230d2…
append: e64 事件哈希 22b87e7c3c14d34f…
append: e65 事件哈希 0425b9cd7b99b497…
append: e66 事件哈希 f86a69556be48b50…
append: e67 事件哈希 9f84e495cf81a98c…
append: e68 事件哈希 913897c77232c135…
append: e69 事件哈希 28b6b5a78d9647c5…
append: e70 事件哈希 b4b66fd7a3553b95…
append: e71 事件哈希 5a07bc700dd0c906…
append: e72 事件哈希 23a0c0618ff7a782…
append: e73 事件哈希 c7d62d826a1f88d7…
append: e74 事件哈希 70fc63c8e3d9857b…
append: e75 事件哈希 b91fe32b7223f052…
append: e76 事件哈希 a92d4c716d83e1ba…
append: e77 事件哈希 b6796e2ec82f48fb…
append: e78 事件哈希 5691f6380bd472e6…
append: e79 事件哈希 f442688f6079757f…
append: d24_80 事件哈希 3a4f3059cf7fb8b1…
append: d24_81 事件哈希 7e175987ec290cea…
append: d24_82 事件哈希 9246eeb0b063a014…
append: d24_83 事件哈希 5e764aff82c9aed1…
append: d24_84 事件哈希 48dcef2ec6a2d514…
append: d24_85 事件哈希 894ed84989aee38e…
append: d24_86 事件哈希 4154d0be6aa6d7e1…
append: d24_87 事件哈希 81d9895d8fa0c814…
append: d24_88 事件哈希 398c96c8de3fdcb1…
append: d24_89 事件哈希 e4eeb6fba794e13c…
append: d24_90 事件哈希 8f874d3bf287b638…
append: d24_91 事件哈希 4b499df86ab39996…
append: d24_92 事件哈希 ae2e47503d6c57c5…
append: d24_93 事件哈希 029e9c7eadbf84eb…
append: d24_94 事件哈希 31a52ab541fcb661…
append: d24_95 事件哈希 63d6c83ee9ec4a6a…
[A3] recall均值=1.0 受伤=0/24 doctor异常=0
build: 生成 spec.md / 提示词速查.md / citations.md → D:\临时工作区\大审查-工作包-20260909\衔尾蛇\sandbox\x17-A4-s1（手改生成区=违例）
install: L2 + [] → D:\临时工作区\大审查-工作包-20260909\衔尾蛇\sandbox\x17-A4-s1
  交付内容体 29 个（含 {SLOT} 待填文件 11 个——按 install 指南填槽）
  待填槽文件（示例）: modules/m-core/install.md, modules/m-core/template/ROOT-README.md, modules/m-index/install.md, modules/m-index/template/knowledge/_index.md, modules/m-tools/install.md…
  Merkle 根（排除 state.json）: 4c5066a596a3fbb0aae069a07c402f6f56eec942ecd7ec6314932209ca232895
  请将此根抄录至人侧（公理E）
append: e0 事件哈希 aa6cb4371edac1b5…
append: e1 事件哈希 c18cfad4c15f8340…
append: e2 事件哈希 aaa4cd6b4967640a…
append: e3 事件哈希 ddaccf7664604fe0…
append: e4 事件哈希 aab3a730918d3363…
append: e5 事件哈希 f99b753182ec3889…
append: e6 事件哈希 19c647d0cccb40ff…
append: e7 事件哈希 02f02949174227cb…
append: e8 事件哈希 a518ae3f9cb97f5c…
append: e9 事件哈希 c1f1f22ea869744d…
append: e10 事件哈希 91b754ccbf2c2a3b…
append: e11 事件哈希 97eeca2378d4686a…
append: e12 事件哈希 288074c498a9fd65…
append: e13 事件哈希 de380b523ee547b0…
append: e14 事件哈希 1532df26f1239c94…
append: e15 事件哈希 fb1fbd01e6e767b5…
append: e16 事件哈希 df0b17ffdc51ba27…
append: e17 事件哈希 0262f69076755601…
append: e18 事件哈希 ca8515502585e259…
append: e19 事件哈希 b7d386e224e23a7c…
append: e20 事件哈希 3fc2b08a1a9cd114…
append: e21 事件哈希 850ad937a21a7e1e…
append: e22 事件哈希 16c88a58fc5ee021…
append: e23 事件哈希 ea91f99a95503568…
append: e24 事件哈希 15f9d2bb38c12969…
append: e25 事件哈希 d1138f0b5234c5d4…
append: e26 事件哈希 c2f08ddb8b4f3fd6…
append: e27 事件哈希 e94bf4b5060701a6…
append: e28 事件哈希 629107abda97164b…
append: e29 事件哈希 91ad18203efa0703…
append: e30 事件哈希 92326b974b12ed90…
append: e31 事件哈希 a8ca06e03e00c14c…
append: e32 事件哈希 824f2db961a5627a…
append: e33 事件哈希 c881112a572b48b3…
append: e34 事件哈希 be871a34a8b012e3…
append: e35 事件哈希 a77a3436d279ebce…
append: e36 事件哈希 b996fcc1a6f5bb08…
append: e37 事件哈希 0f89de9363d1c34a…
append: e38 事件哈希 afc619d6731ed47a…
append: e39 事件哈希 200aec7b8c7887d0…
append: e40 事件哈希 6e94c90ce79c94cb…
append: e41 事件哈希 484401adf5717210…
append: e42 事件哈希 8c1b5339e9f295f2…
append: e43 事件哈希 6ffe95edd183d68c…
append: e44 事件哈希 b24ddf3c2e3a2889…
append: e45 事件哈希 9b9247979a643542…
append: e46 事件哈希 c1ac493bc4aed0e3…
append: e47 事件哈希 e746c1245cb8385e…
append: e48 事件哈希 2615cb3fa9079df0…
append: e49 事件哈希 5d21835145206d1e…
append: e50 事件哈希 6d0c03ea9f1d2671…
append: e51 事件哈希 ec2961c4cca5765f…
append: e52 事件哈希 2d60e72f9435b612…
append: e53 事件哈希 fc29e9170a1a8717…
append: e54 事件哈希 3714eddeb342ac21…
append: e55 事件哈希 d6e730b5ddbef031…
append: e56 事件哈希 61fe41fd2351cb24…
append: e57 事件哈希 3891033631c34132…
append: e58 事件哈希 334803574fc6120e…
append: e59 事件哈希 bb4f3a2014ee8402…
append: e60 事件哈希 9ba3b21a4a5d8c94…
append: e61 事件哈希 254e09e79d487706…
append: e62 事件哈希 ffbd124e4076408a…
append: e63 事件哈希 f6980fa5942bb188…
append: e64 事件哈希 88f08da46abb1763…
append: e65 事件哈希 9beb835a955eee74…
append: e66 事件哈希 e5d1977bc6138d4e…
append: e67 事件哈希 7fad09143e88bd8b…
append: e68 事件哈希 bf6b94ed2bf44779…
append: e69 事件哈希 3beda583ebcfaef9…
append: e70 事件哈希 84cad9833e2a3961…
append: e71 事件哈希 1cc24c123e045603…
append: e72 事件哈希 84b6247477a7f251…
append: e73 事件哈希 c7547a471fc8e373…
append: e74 事件哈希 8d6fe8e08733427c…
append: e75 事件哈希 ea1d7e2b33b76e13…
append: e76 事件哈希 86b0143d00c0b15f…
append: e77 事件哈希 32d621831c5b3198…
append: e78 事件哈希 f7b9b61b0d68cd2a…
append: e79 事件哈希 c8eb04ae2ee83972…
build: 生成 spec.md / 提示词速查.md / citations.md → D:\临时工作区\大审查-工作包-20260909\衔尾蛇\sandbox\x17-A4-s2（手改生成区=违例）
install: L2 + [] → D:\临时工作区\大审查-工作包-20260909\衔尾蛇\sandbox\x17-A4-s2
  交付内容体 29 个（含 {SLOT} 待填文件 11 个——按 install 指南填槽）
  待填槽文件（示例）: modules/m-core/install.md, modules/m-core/template/ROOT-README.md, modules/m-index/install.md, modules/m-index/template/knowledge/_index.md, modules/m-tools/install.md…
  Merkle 根（排除 state.json）: e59987f5234669d6ebbd2237acdc50be2500b955dd0dc64fefe5bb8c3174f7b8
  请将此根抄录至人侧（公理E）
append: e0 事件哈希 89d2831927d1ae63…
append: e1 事件哈希 31533129e4881262…
append: e2 事件哈希 c67d1737cb0dad4c…
append: e3 事件哈希 1e135be58c1e9c18…
append: e4 事件哈希 bbee30ebc21d6cd0…
append: e5 事件哈希 7c6a2feb9983ba96…
append: e6 事件哈希 b992ebbbe659c718…
append: e7 事件哈希 b0df202dab40ab10…
append: e8 事件哈希 40cac6f0f3df5d05…
append: e9 事件哈希 060ca45d1f9a6781…
append: e10 事件哈希 da3b7188b8609621…
append: e11 事件哈希 49e42819741b009e…
append: e12 事件哈希 83b03d8746745303…
append: e13 事件哈希 34e4879d498f6ef8…
append: e14 事件哈希 1656443f64aa9d01…
append: e15 事件哈希 6ef04a18048b5665…
append: e16 事件哈希 c1b58469f72ef15e…
append: e17 事件哈希 4a177305996d2ca8…
append: e18 事件哈希 d3080c4978b711ce…
append: e19 事件哈希 9bd15872846bf7b1…
append: e20 事件哈希 715f7cc626212c82…
append: e21 事件哈希 874014394e8b3fc7…
append: e22 事件哈希 be2ad484a3c07a39…
append: e23 事件哈希 57a93ae3c41b4a9b…
append: e24 事件哈希 981478df83dda1cc…
append: e25 事件哈希 5ea0ce43d0f0e639…
append: e26 事件哈希 2b72686a2004e251…
append: e27 事件哈希 340182df68af4ea2…
append: e28 事件哈希 0e611c0467b91cd6…
append: e29 事件哈希 5bab0ac5a531fa44…
append: e30 事件哈希 eaef7cac60c88a14…
append: e31 事件哈希 2021c45c0539aa2a…
append: e32 事件哈希 53516beb45b5d516…
append: e33 事件哈希 36b9fdb06b0ceba2…
append: e34 事件哈希 7928e863cb88ed6d…
append: e35 事件哈希 3cf31e2a13b25500…
append: e36 事件哈希 b243fd36b8698c68…
append: e37 事件哈希 585c665416cd9d3e…
append: e38 事件哈希 e3866d9bbf938fff…
append: e39 事件哈希 43b5c4e66bcc4ef8…
append: e40 事件哈希 d8a7ac3df89c4a80…
append: e41 事件哈希 75fe1610bdfc2372…
append: e42 事件哈希 2b7276fe909078aa…
append: e43 事件哈希 788ce4298addeca2…
append: e44 事件哈希 e20622de2b8deb39…
append: e45 事件哈希 f5d995d00facad61…
append: e46 事件哈希 49fe1d7aee4fe352…
append: e47 事件哈希 9ad536759d6107a7…
append: e48 事件哈希 67f598390b42ab2e…
append: e49 事件哈希 2558d2d22f6eee97…
append: e50 事件哈希 c6a93b447c38f30d…
append: e51 事件哈希 c15dd8dfccba25d4…
append: e52 事件哈希 d38fabbb775e3851…
append: e53 事件哈希 e01ba7bfc1a5b4b8…
append: e54 事件哈希 f9b2ca1f011b50aa…
append: e55 事件哈希 bc141bc707e98103…
append: e56 事件哈希 cb9235f6f3a15804…
append: e57 事件哈希 a78ec3f8cf4d6932…
append: e58 事件哈希 d512adfd3f2d1102…
append: e59 事件哈希 827558134025667f…
append: e60 事件哈希 042782de3b63da42…
append: e61 事件哈希 31bf1860f7ff1fad…
append: e62 事件哈希 7e4eb02c03c3677a…
append: e63 事件哈希 f82e8ee281aa6903…
append: e64 事件哈希 d55f04de5bfaf18e…
append: e65 事件哈希 5913a47ae1c51395…
append: e66 事件哈希 1c6ede8ef1788c61…
append: e67 事件哈希 a03370f9bc3dd198…
append: e68 事件哈希 6fc18ace70c92a58…
append: e69 事件哈希 ef3b36d04caa804a…
append: e70 事件哈希 1cffde599fad3dbe…
append: e71 事件哈希 d17b900586d7807d…
append: e72 事件哈希 b7dfb99d426ff5aa…
append: e73 事件哈希 4b7129ec5f7370d9…
append: e74 事件哈希 8c9dcaeb9f22347a…
append: e75 事件哈希 411e7aafe076aa73…
append: e76 事件哈希 04e71541017fd7ef…
append: e77 事件哈希 0746ed0215b4caa7…
append: e78 事件哈希 9e8c4e6ba2fc369c…
append: e79 事件哈希 797eca984f4d550c…
build: 生成 spec.md / 提示词速查.md / citations.md → D:\临时工作区\大审查-工作包-20260909\衔尾蛇\sandbox\x17-A4-s3（手改生成区=违例）
install: L2 + [] → D:\临时工作区\大审查-工作包-20260909\衔尾蛇\sandbox\x17-A4-s3
  交付内容体 29 个（含 {SLOT} 待填文件 11 个——按 install 指南填槽）
  待填槽文件（示例）: modules/m-core/install.md, modules/m-core/template/ROOT-README.md, modules/m-index/install.md, modules/m-index/template/knowledge/_index.md, modules/m-tools/install.md…
  Merkle 根（排除 state.json）: e4ac956bbb5539f4d31679d757c2f098225781bdeb81d9a25acd08ba2432142d
  请将此根抄录至人侧（公理E）
append: e0 事件哈希 aa6cb4371edac1b5…
append: e1 事件哈希 c18cfad4c15f8340…
append: e2 事件哈希 9c284f17d2926f25…
append: e3 事件哈希 2abd4eab15e70ace…
append: e4 事件哈希 794acb7afccdd0ca…
append: e5 事件哈希 5a1176b61c5db1ac…
append: e6 事件哈希 b15b550a281a3882…
append: e7 事件哈希 56e093f46ccf20e6…
append: e8 事件哈希 96cfec16c94964c7…
append: e9 事件哈希 6b486cac4bdce2ab…
append: e10 事件哈希 ee51fe9092d5dceb…
append: e11 事件哈希 bbfd1db1c15fcb68…
append: e12 事件哈希 36fc843e5e79b54a…
append: e13 事件哈希 0c7f21109f179f59…
append: e14 事件哈希 5903e29c2122de59…
append: e15 事件哈希 16e1172d6ed19223…
append: e16 事件哈希 466fbd41893955e9…
append: e17 事件哈希 baa36e24060f3f11…
append: e18 事件哈希 2ff7ad0f002b6b51…
append: e19 事件哈希 b984f5fd021fdaba…
append: e20 事件哈希 1206e3cbb714cef9…
append: e21 事件哈希 297a1d6f22c82adf…
append: e22 事件哈希 a8454a15871bb276…
append: e23 事件哈希 cc2bfc816d2101c1…
append: e24 事件哈希 2f90546f2976b5f1…
append: e25 事件哈希 2814d5da87f58737…
append: e26 事件哈希 f43b45e7136c309c…
append: e27 事件哈希 1c49d22d7355b0f7…
append: e28 事件哈希 5bd60d6697b5c062…
append: e29 事件哈希 5a30796024468d74…
append: e30 事件哈希 827c6823c8d0ec28…
append: e31 事件哈希 3c71e6c3091241e0…
append: e32 事件哈希 9fdf244c81b04ec1…
append: e33 事件哈希 b51321c3f94d53fb…
append: e34 事件哈希 09ce5bdfc032172e…
append: e35 事件哈希 798acca39f9ea2e8…
append: e36 事件哈希 2a3f2faa1e9528a2…
append: e37 事件哈希 31f85a051b8cedae…
append: e38 事件哈希 33b88ffd3198689d…
append: e39 事件哈希 725f0de647be9ff3…
append: e40 事件哈希 823229d22816b1ab…
append: e41 事件哈希 fe68722bf99ca93e…
append: e42 事件哈希 f64b31a44a030f68…
append: e43 事件哈希 bcbdb378111396c6…
append: e44 事件哈希 1248e1560078b9d9…
append: e45 事件哈希 414e63e5c706ce0d…
append: e46 事件哈希 c77c12592933efb5…
append: e47 事件哈希 5bab746f4968de3b…
append: e48 事件哈希 b8135a1c64a59337…
append: e49 事件哈希 2b76e6b0e955b8b6…
append: e50 事件哈希 c3754f93ae60ba53…
append: e51 事件哈希 5f2145240d842403…
append: e52 事件哈希 1b1239c5fe915e4f…
append: e53 事件哈希 35aca024eb7f649a…
append: e54 事件哈希 b647f188f08fab46…
append: e55 事件哈希 50411a934629e665…
append: e56 事件哈希 2f12f6ce437a90f5…
append: e57 事件哈希 36fe5101ca468fda…
append: e58 事件哈希 32c0b9f83bdd8b40…
append: e59 事件哈希 29c973ec5f125e70…
append: e60 事件哈希 ec6b3bcef0760178…
append: e61 事件哈希 0e1968a80922b32c…
append: e62 事件哈希 abe70b20bfa490c7…
append: e63 事件哈希 e5ded66a97351788…
append: e64 事件哈希 ef152906d48c2c91…
append: e65 事件哈希 3253a482791c3f4e…
append: e66 事件哈希 fc213723a7270dd4…
append: e67 事件哈希 aae137e4e2ea4da2…
append: e68 事件哈希 34a6cf852b8d8b0f…
append: e69 事件哈希 0982ab9962a1df44…
append: e70 事件哈希 4612f93d12094aa2…
append: e71 事件哈希 a3ecf5bebdb028fe…
append: e72 事件哈希 2129bde9afdb5bde…
append: e73 事件哈希 e6d215bd406791be…
append: e74 事件哈希 3894023180b9f4bb…
append: e75 事件哈希 299123b887ae7231…
append: e76 事件哈希 7f09fd3a0dc6c481…
append: e77 事件哈希 c84a3ac322c0ce61…
append: e78 事件哈希 40da4a618d16288f…
append: e79 事件哈希 4121ca451043720e…
build: 生成 spec.md / 提示词速查.md / citations.md → D:\临时工作区\大审查-工作包-20260909\衔尾蛇\sandbox\x17-A4-s4（手改生成区=违例）
install: L2 + [] → D:\临时工作区\大审查-工作包-20260909\衔尾蛇\sandbox\x17-A4-s4
  交付内容体 29 个（含 {SLOT} 待填文件 11 个——按 install 指南填槽）
  待填槽文件（示例）: modules/m-core/install.md, modules/m-core/template/ROOT-README.md, modules/m-index/install.md, modules/m-index/template/knowledge/_index.md, modules/m-tools/install.md…
  Merkle 根（排除 state.json）: 907fb6d84fe9c1b6a661abaee43b6e02c065a5db8528ab3543d22b0dcb35f6dc
  请将此根抄录至人侧（公理E）
append: e0 事件哈希 89d2831927d1ae63…
append: e1 事件哈希 3af96412fb37a076…
append: e2 事件哈希 92fa724fb8bd2fe3…
append: e3 事件哈希 3614cf50271ed3ff…
append: e4 事件哈希 77bc3397ac36f0a7…
append: e5 事件哈希 a840bd0a2342724c…
append: e6 事件哈希 ba53d8d42984c41b…
append: e7 事件哈希 c2e88ab8d88a09b5…
append: e8 事件哈希 3a55ab07adc65ea5…
append: e9 事件哈希 5e7a663ea20da340…
append: e10 事件哈希 8701fb590c0f3bf2…
append: e11 事件哈希 88c3e1e646a271c7…
append: e12 事件哈希 b01fd7a26be2001d…
append: e13 事件哈希 ac6fc261be75b4ef…
append: e14 事件哈希 624b56616bea96e9…
append: e15 事件哈希 0ae60e0968684b70…
append: e16 事件哈希 03dfc8087e178742…
append: e17 事件哈希 5132c43b76e8bec9…
append: e18 事件哈希 5bdcac16c418f8f5…
append: e19 事件哈希 01df355c7d05dfa3…
append: e20 事件哈希 cc25219511c918ef…
append: e21 事件哈希 668b4c37ea37fbc3…
append: e22 事件哈希 d1d0f17a841b0b9c…
append: e23 事件哈希 c6b5a8be1de431c4…
append: e24 事件哈希 2d7f968a0e1fd9db…
append: e25 事件哈希 a9fdf9262410dd73…
append: e26 事件哈希 92efdc728f55519f…
append: e27 事件哈希 b090e6de8254c46e…
append: e28 事件哈希 51156dee5399df15…
append: e29 事件哈希 e37ac08fbd6cc11d…
append: e30 事件哈希 abb448e49d2492dd…
append: e31 事件哈希 b2e446ff0f4c6db2…
append: e32 事件哈希 b3443593b3b145a3…
append: e33 事件哈希 551516cda96fc306…
append: e34 事件哈希 9aa43e54abe6383f…
append: e35 事件哈希 67f837d4ad6e6676…
append: e36 事件哈希 db11048beca6eda7…
append: e37 事件哈希 1bfde85b3d8df5a0…
append: e38 事件哈希 76f3cd071bacca1d…
append: e39 事件哈希 f13a530a7f0e7534…
append: e40 事件哈希 abbfda20798ce5b0…
append: e41 事件哈希 10e637e6610fc618…
append: e42 事件哈希 a46d55037d5b554c…
append: e43 事件哈希 b9f2711aa2ebbfbd…
append: e44 事件哈希 b995cdd7acba5dc7…
append: e45 事件哈希 61302478aff01868…
append: e46 事件哈希 0d1678357a0f6bb6…
append: e47 事件哈希 434b8dc1d912106c…
append: e48 事件哈希 6217b952ffe8c01a…
append: e49 事件哈希 ab714f2bc044a3f2…
append: e50 事件哈希 883037e777542d05…
append: e51 事件哈希 98894d501c74728f…
append: e52 事件哈希 9d86d2e6e64ead0c…
append: e53 事件哈希 c199f6ca2c4974d7…
append: e54 事件哈希 1b1f4bebaf46bae6…
append: e55 事件哈希 89567e5e25a6ec40…
append: e56 事件哈希 3a67ffb179beb5f2…
append: e57 事件哈希 fb2a52645614d924…
append: e58 事件哈希 60f2be9bdacf1fea…
append: e59 事件哈希 b34a40f1f4378c80…
append: e60 事件哈希 725116a6b82a489e…
append: e61 事件哈希 14129a430a6b5a01…
append: e62 事件哈希 80fd4a503baa2ce1…
append: e63 事件哈希 41de65919b9e49ff…
append: e64 事件哈希 bd56083f18cce3ba…
append: e65 事件哈希 b393eceed4409a3f…
append: e66 事件哈希 014f4107dd9c9f20…
append: e67 事件哈希 99da741ee164284c…
append: e68 事件哈希 3b63bd69664c3b9a…
append: e69 事件哈希 b3970c88d461ca0f…
append: e70 事件哈希 4d6f8a3c45714abc…
append: e71 事件哈希 47a9aa3afa79a248…
append: e72 事件哈希 ef15b5c05cabbe4a…
append: e73 事件哈希 56022a5a8e1d489b…
append: e74 事件哈希 599ee5d3d4a24a1c…
append: e75 事件哈希 b12c3570f8d646f0…
append: e76 事件哈希 5dcc6f3f3807af11…
append: e77 事件哈希 4b5df1d06d0dc3a4…
append: e78 事件哈希 fa70af68c14f0e0c…
append: e79 事件哈希 6a99d33380f83bdd…
build: 生成 spec.md / 提示词速查.md / citations.md → D:\临时工作区\大审查-工作包-20260909\衔尾蛇\sandbox\x17-A4-s5（手改生成区=违例）
install: L2 + [] → D:\临时工作区\大审查-工作包-20260909\衔尾蛇\sandbox\x17-A4-s5
  交付内容体 29 个（含 {SLOT} 待填文件 11 个——按 install 指南填槽）
  待填槽文件（示例）: modules/m-core/install.md, modules/m-core/template/ROOT-README.md, modules/m-index/install.md, modules/m-index/template/knowledge/_index.md, modules/m-tools/install.md…
  Merkle 根（排除 state.json）: cd6af1a1ad110e80bebfdf926d8ff7a7715fab348269d21084bda4cba7dace50
  请将此根抄录至人侧（公理E）
append: e0 事件哈希 89d2831927d1ae63…
append: e1 事件哈希 31533129e4881262…
append: e2 事件哈希 9bd4eaaa2343b73e…
append: e3 事件哈希 f085e42b6a273b33…
append: e4 事件哈希 10ab689942361797…
append: e5 事件哈希 3e9c1563bccbcdcc…
append: e6 事件哈希 6f278e1c37d8e319…
append: e7 事件哈希 fb7cdf877e895993…
append: e8 事件哈希 c60db8cdf712cdf8…
append: e9 事件哈希 ecf5da20a8ec18dd…
append: e10 事件哈希 469c154497e89f4c…
append: e11 事件哈希 618bd1e5f3b1b3ac…
append: e12 事件哈希 3302e0f333629652…
append: e13 事件哈希 d7d6b0125d4b3676…
append: e14 事件哈希 71805e3dd08d3341…
append: e15 事件哈希 587cc18d8d4c0431…
append: e16 事件哈希 e61db93802983395…
append: e17 事件哈希 47145f9218dce45d…
append: e18 事件哈希 9ea8a230e6ea68ea…
append: e19 事件哈希 9ae805b856c58c70…
append: e20 事件哈希 8ebcda83a9d25eb0…
append: e21 事件哈希 abc392febdc66a5f…
append: e22 事件哈希 992bad668d106faf…
append: e23 事件哈希 cadabee1f793131d…
append: e24 事件哈希 c9852babdaef09f8…
append: e25 事件哈希 dedc4f69d587c01b…
append: e26 事件哈希 ba1e62a038445166…
append: e27 事件哈希 d64d78676f498d3e…
append: e28 事件哈希 690c20238f64aca0…
append: e29 事件哈希 9b35d72d8903674c…
append: e30 事件哈希 8d45c492e75ae8e5…
append: e31 事件哈希 e2593f019d785e52…
append: e32 事件哈希 adbc585a8416b4cf…
append: e33 事件哈希 71520ab0a1942f06…
append: e34 事件哈希 fb21f744805124bb…
append: e35 事件哈希 5dc76ecfa3f9724c…
append: e36 事件哈希 6e4345ebcda20736…
append: e37 事件哈希 92e7db633eb30908…
append: e38 事件哈希 50e775d1b23394f5…
append: e39 事件哈希 44a3055233959338…
append: e40 事件哈希 1db206ead2f0f09a…
append: e41 事件哈希 92caebe002e27384…
append: e42 事件哈希 e06197491e336c6b…
append: e43 事件哈希 9eb66eca560d0643…
append: e44 事件哈希 f42e6204397222ed…
append: e45 事件哈希 25a622a8394c7f36…
append: e46 事件哈希 a2e2c9f5dbf2e32a…
append: e47 事件哈希 406f4eaea6b110a2…
append: e48 事件哈希 7e90512a5f47ee13…
append: e49 事件哈希 804099ceccf1fd76…
append: e50 事件哈希 65e684df687c9f43…
append: e51 事件哈希 6a5613384272e269…
append: e52 事件哈希 4d6c0d9d6db3d21a…
append: e53 事件哈希 8b51e35635acc212…
append: e54 事件哈希 a7c0f5de54ea38d8…
append: e55 事件哈希 966de9e22ef361ac…
append: e56 事件哈希 6485c65ef01086c7…
append: e57 事件哈希 fca23e438cc83a3e…
append: e58 事件哈希 121dde89122040f4…
append: e59 事件哈希 b97568effbb8d0c2…
append: e60 事件哈希 aff9a50a711fc0cf…
append: e61 事件哈希 c1526aa8762f5c83…
append: e62 事件哈希 72ee7e7e81a091f1…
append: e63 事件哈希 f6e6c2eeee179d5b…
append: e64 事件哈希 44e052d99fb57575…
append: e65 事件哈希 cd27a546cff175fa…
append: e66 事件哈希 ee9b7ddbabbd9c65…
append: e67 事件哈希 a057563be8d22298…
append: e68 事件哈希 72baf8d71b7e6f44…
append: e69 事件哈希 93c481154f9beb0f…
append: e70 事件哈希 793ba14495a4952c…
append: e71 事件哈希 f69dc3fcce13df84…
append: e72 事件哈希 92ebd37c4cf46aa0…
append: e73 事件哈希 6609dc6dc4cec3b0…
append: e74 事件哈希 4c9e0ac575d092a0…
append: e75 事件哈希 af1794b7f0f092c7…
append: e76 事件哈希 d528be6465424191…
append: e77 事件哈希 1b037bee550995ab…
append: e78 事件哈希 55398646d8dd4b26…
append: e79 事件哈希 abb16b0bdc2b0701…
build: 生成 spec.md / 提示词速查.md / citations.md → D:\临时工作区\大审查-工作包-20260909\衔尾蛇\sandbox\x17-A4-s6（手改生成区=违例）
install: L2 + [] → D:\临时工作区\大审查-工作包-20260909\衔尾蛇\sandbox\x17-A4-s6
  交付内容体 29 个（含 {SLOT} 待填文件 11 个——按 install 指南填槽）
  待填槽文件（示例）: modules/m-core/install.md, modules/m-core/template/ROOT-README.md, modules/m-index/install.md, modules/m-index/template/knowledge/_index.md, modules/m-tools/install.md…
  Merkle 根（排除 state.json）: 9fca2955195de07475804f556aed2e0869df4c5474455ad18e76c3c30f3d8069
  请将此根抄录至人侧（公理E）
append: e0 事件哈希 89d2831927d1ae63…
append: e1 事件哈希 31533129e4881262…
append: e2 事件哈希 c67d1737cb0dad4c…
append: e3 事件哈希 1e135be58c1e9c18…
append: e4 事件哈希 6d2c96e4e7bf0296…
append: e5 事件哈希 14dade9ca05672a8…
append: e6 事件哈希 f9a5cfa27d420827…
append: e7 事件哈希 f2d3edddeec40b0a…
append: e8 事件哈希 a6b887a5043e596b…
append: e9 事件哈希 7833cfc068108b1e…
append: e10 事件哈希 fa338ae7a3be0d9b…
append: e11 事件哈希 a0f39e6073b3a7fb…
append: e12 事件哈希 e3cda3c8b09054dc…
append: e13 事件哈希 d7587848980c1d5e…
append: e14 事件哈希 2782f6cd8780d7c1…
append: e15 事件哈希 ffbf0051ea04048f…
append: e16 事件哈希 e720fe1dec4731ba…
append: e17 事件哈希 0dc2c0425595a633…
append: e18 事件哈希 1ecbd66ad6fa2c05…
append: e19 事件哈希 8ec0f03b8a6f0472…
append: e20 事件哈希 36e9117d0db7c785…
append: e21 事件哈希 d816ed121c7b0db9…
append: e22 事件哈希 5ce3b276e453adc1…
append: e23 事件哈希 6243fcdb72ad24a9…
append: e24 事件哈希 51a16c3b2bf8c57f…
append: e25 事件哈希 25dc993de1f96b21…
append: e26 事件哈希 d682a525ed7c20b1…
append: e27 事件哈希 750b4d06fdf13105…
append: e28 事件哈希 de3feaf8eebd90b3…
append: e29 事件哈希 eb0a0062e3dc8eb5…
append: e30 事件哈希 21f37c83d14e3f1e…
append: e31 事件哈希 ffda8ff4debafe98…
append: e32 事件哈希 a328c54ace3594b1…
append: e33 事件哈希 fe5f4c249e12f407…
append: e34 事件哈希 dbbdbee78949f965…
append: e35 事件哈希 80843fa1151aa587…
append: e36 事件哈希 afda016e37e5a716…
append: e37 事件哈希 3fd8fb1039acc095…
append: e38 事件哈希 6d2eaba5a74efe85…
append: e39 事件哈希 57ad973ba734853b…
append: e40 事件哈希 dfc9eaf72f1a1f80…
append: e41 事件哈希 157021337ae0e887…
append: e42 事件哈希 ed920ff04b447291…
append: e43 事件哈希 52b79fb942437fea…
append: e44 事件哈希 2220b592903affea…
append: e45 事件哈希 a4b6306a47f477aa…
append: e46 事件哈希 e04c0212673d513c…
append: e47 事件哈希 208cf154d00035a8…
append: e48 事件哈希 40c6d2a41e4582eb…
append: e49 事件哈希 e1586e07c57d3cfd…
append: e50 事件哈希 be00cf48f6779100…
append: e51 事件哈希 dfda3c1df1c4f218…
append: e52 事件哈希 3bf24704dcc11f71…
append: e53 事件哈希 ac63f12330aecccf…
append: e54 事件哈希 32997fdee28e4704…
append: e55 事件哈希 fecc59eee8a33b4f…
append: e56 事件哈希 487158b01260a1ee…
append: e57 事件哈希 dee984da63d6df6a…
append: e58 事件哈希 d1b4771b995200c7…
append: e59 事件哈希 e3ab250cb7e3a920…
append: e60 事件哈希 fd71c41b0ba4a31b…
append: e61 事件哈希 631141cb751bb3be…
append: e62 事件哈希 80b328188562ddab…
append: e63 事件哈希 855c24c9913efa0f…
append: e64 事件哈希 89a7ebb4cce7fee0…
append: e65 事件哈希 f0c1360781d7aeec…
append: e66 事件哈希 e31faf0df02eb6a6…
append: e67 事件哈希 1dda7b424825fd5f…
append: e68 事件哈希 e76b70c6da64efaf…
append: e69 事件哈希 ab899bb16d7a02ac…
append: e70 事件哈希 4bd229e8a29997e0…
append: e71 事件哈希 bbb85bbb389f5856…
append: e72 事件哈希 a5d7332c52d86f5e…
append: e73 事件哈希 2bf8e12eb7c81f89…
append: e74 事件哈希 1f2a7a035fb3bd53…
append: e75 事件哈希 86a99f20c7c91822…
append: e76 事件哈希 29561f56fea0fbf6…
append: e77 事件哈希 7d113835e29d9a97…
append: e78 事件哈希 42689e6f95616587…
append: e79 事件哈希 3e3386a8cb8a987b…
build: 生成 spec.md / 提示词速查.md / citations.md → D:\临时工作区\大审查-工作包-20260909\衔尾蛇\sandbox\x17-A4-s7（手改生成区=违例）
install: L2 + [] → D:\临时工作区\大审查-工作包-20260909\衔尾蛇\sandbox\x17-A4-s7
  交付内容体 29 个（含 {SLOT} 待填文件 11 个——按 install 指南填槽）
  待填槽文件（示例）: modules/m-core/install.md, modules/m-core/template/ROOT-README.md, modules/m-index/install.md, modules/m-index/template/knowledge/_index.md, modules/m-tools/install.md…
  Merkle 根（排除 state.json）: b8e4f2869897ac49432ac7e9851bec18f201c29ff603e1baa4d5c02ee0071042
  请将此根抄录至人侧（公理E）
append: e0 事件哈希 89d2831927d1ae63…
append: e1 事件哈希 31533129e4881262…
append: e2 事件哈希 9bd4eaaa2343b73e…
append: e3 事件哈希 badd00fc3ec8ec09…
append: e4 事件哈希 5704d0136f18c999…
append: e5 事件哈希 ffaa03d2349b1ba4…
append: e6 事件哈希 aeb0220e9a7defea…
append: e7 事件哈希 fafaf08388d2672d…
append: e8 事件哈希 5dbeda3482721dc3…
append: e9 事件哈希 c92aa0ac58ec1162…
append: e10 事件哈希 0021d8002e507b29…
append: e11 事件哈希 9328284f6aa0fa82…
append: e12 事件哈希 e180f8a4de635171…
append: e13 事件哈希 307073ca1fa363bb…
append: e14 事件哈希 7a2afa28788de178…
append: e15 事件哈希 f1d4622b4605046c…
append: e16 事件哈希 ddae788bab539c46…
append: e17 事件哈希 eba9164be903e919…
append: e18 事件哈希 e8faa7d10e7b758b…
append: e19 事件哈希 6678f208f9e9c2ec…
append: e20 事件哈希 50e50674f42e9ebb…
append: e21 事件哈希 379d6f7b14ccafa3…
append: e22 事件哈希 312315eb3295a674…
append: e23 事件哈希 0d6d9059af30e1b4…
append: e24 事件哈希 ce31fc8246dc1f99…
append: e25 事件哈希 9159d880ac095371…
append: e26 事件哈希 faf718e9a3800756…
append: e27 事件哈希 0499bcf641d37e7d…
append: e28 事件哈希 d556555be6fcfed2…
append: e29 事件哈希 f69fe97e95cac275…
append: e30 事件哈希 b15fa741bb98f6be…
append: e31 事件哈希 05f09543a04594d3…
append: e32 事件哈希 6e5d9ec4e12f674b…
append: e33 事件哈希 c3b194d535c513f7…
append: e34 事件哈希 d0cbb8d220f15ab4…
append: e35 事件哈希 5e3e54a74e2b0ff7…
append: e36 事件哈希 63ac9daab6b03cc6…
append: e37 事件哈希 49b27dae5f2772d2…
append: e38 事件哈希 80290c6ac1b7c93f…
append: e39 事件哈希 38835b6006b359b0…
append: e40 事件哈希 56df016154d40a65…
append: e41 事件哈希 5b0aec5b620e3f24…
append: e42 事件哈希 b6b8bc0059e6da09…
append: e43 事件哈希 965dcf2620a1cc8e…
append: e44 事件哈希 303e01763c518fdd…
append: e45 事件哈希 93155f697f1812d3…
append: e46 事件哈希 89ebc0bf3430930d…
append: e47 事件哈希 abcac7e356357bf0…
append: e48 事件哈希 969e85faed97a35a…
append: e49 事件哈希 2d45ff3dff89a82e…
append: e50 事件哈希 2374824dd5093407…
append: e51 事件哈希 ab380188c2b2c995…
append: e52 事件哈希 6ad4232b8466abf6…
append: e53 事件哈希 e0a851cab3ea4804…
append: e54 事件哈希 8f480a374dc74988…
append: e55 事件哈希 08369079a0db17c7…
append: e56 事件哈希 8dd14b7ac67765a3…
append: e57 事件哈希 1a84a496d72470a0…
append: e58 事件哈希 e7107a790c84bca5…
append: e59 事件哈希 d0ccd0eb2a69c0bb…
append: e60 事件哈希 8fdce51c44b41f6a…
append: e61 事件哈希 bd52779a07138abf…
append: e62 事件哈希 d4f27ca3c82171f5…
append: e63 事件哈希 0b8a55331cddb8b3…
append: e64 事件哈希 6a34691e0046a827…
append: e65 事件哈希 d223a593ffbbd4e7…
append: e66 事件哈希 6734c56acc2bfab9…
append: e67 事件哈希 9d1dd6fb0abb2028…
append: e68 事件哈希 30af959f5608607d…
append: e69 事件哈希 62763fb19b36dd68…
append: e70 事件哈希 4a2334a3dfeb057e…
append: e71 事件哈希 4e800715e5ec2591…
append: e72 事件哈希 5324ac79a4d2d077…
append: e73 事件哈希 38797edb559c1b4a…
append: e74 事件哈希 d22602544a966e71…
append: e75 事件哈希 7a7618ec03be9c86…
append: e76 事件哈希 ebd8c0b1ec8f3ccf…
append: e77 事件哈希 a30e93d8393a3a95…
append: e78 事件哈希 c8ce022d0ac08030…
append: e79 事件哈希 151d68dc5dd6c542…
build: 生成 spec.md / 提示词速查.md / citations.md → D:\临时工作区\大审查-工作包-20260909\衔尾蛇\sandbox\x17-A4-s8（手改生成区=违例）
install: L2 + [] → D:\临时工作区\大审查-工作包-20260909\衔尾蛇\sandbox\x17-A4-s8
  交付内容体 29 个（含 {SLOT} 待填文件 11 个——按 install 指南填槽）
  待填槽文件（示例）: modules/m-core/install.md, modules/m-core/template/ROOT-README.md, modules/m-index/install.md, modules/m-index/template/knowledge/_index.md, modules/m-tools/install.md…
  Merkle 根（排除 state.json）: 1198b92298b52afe30a76e5415125b1f6fe852b78b58fb344682d94c677c1659
  请将此根抄录至人侧（公理E）
append: e0 事件哈希 89d2831927d1ae63…
append: e1 事件哈希 31533129e4881262…
append: e2 事件哈希 c67d1737cb0dad4c…
append: e3 事件哈希 49e2d628342b227c…
append: e4 事件哈希 3e4e5f1bcd9aefdd…
append: e5 事件哈希 17334de1c3d66b6d…
append: e6 事件哈希 35ba63e565731fb7…
append: e7 事件哈希 b76654c54a68cff4…
append: e8 事件哈希 5b641178695d1e78…
append: e9 事件哈希 9d4aa085cce40d95…
append: e10 事件哈希 b897ea9ff2a8aa42…
append: e11 事件哈希 f853482131ecafde…
append: e12 事件哈希 a4424c4160c85a83…
append: e13 事件哈希 72f1bcdd7b166066…
append: e14 事件哈希 5bfa4817c9e8b5db…
append: e15 事件哈希 2db4663ed001937c…
append: e16 事件哈希 ead7113f7741bc9f…
append: e17 事件哈希 f45f4a061a2ec5b5…
append: e18 事件哈希 a90bbc30512a9dbb…
append: e19 事件哈希 238c46895e213c03…
append: e20 事件哈希 6c0df11d19ae40be…
append: e21 事件哈希 79726e5461bea588…
append: e22 事件哈希 5e24efef5f19332f…
append: e23 事件哈希 23b3fabb5bd197b2…
append: e24 事件哈希 e19baab13903f922…
append: e25 事件哈希 6b17ba6ae88bfcd6…
append: e26 事件哈希 2e4188ee68fe4b8b…
append: e27 事件哈希 727ee938d1781ae1…
append: e28 事件哈希 d87ad3d6432019ae…
append: e29 事件哈希 db96fe23b2415e38…
append: e30 事件哈希 2f371e90088267b6…
append: e31 事件哈希 2ffcd65145c3d6ca…
append: e32 事件哈希 d5b494946abd3a2c…
append: e33 事件哈希 d616b9ef8d6e4343…
append: e34 事件哈希 3d19bb621fcac1fa…
append: e35 事件哈希 21989ddfe28202d4…
append: e36 事件哈希 899d5cc9966c2291…
append: e37 事件哈希 ae9199c7ee94c0c7…
append: e38 事件哈希 599383c40d9be1e0…
append: e39 事件哈希 895328b1a310afd0…
append: e40 事件哈希 13654f23e680fa8b…
append: e41 事件哈希 e9b36e5d9a50fd16…
append: e42 事件哈希 36e78149ded031ca…
append: e43 事件哈希 79d711b710cffe98…
append: e44 事件哈希 e4b8a9de51cfe668…
append: e45 事件哈希 f0f48944f472a08e…
append: e46 事件哈希 8a8ba54ca278064a…
append: e47 事件哈希 888db1d4699ae55f…
append: e48 事件哈希 ef3d9d1c62cd4a63…
append: e49 事件哈希 e86704d0c4fd99a0…
append: e50 事件哈希 79f0f4a5670f0422…
append: e51 事件哈希 2b58ab6550900f02…
append: e52 事件哈希 cf362594a0f10b86…
append: e53 事件哈希 06234f4802734505…
append: e54 事件哈希 c40bdc5730ff17ee…
append: e55 事件哈希 abdc773f21ed8000…
append: e56 事件哈希 85f9bc98568fe830…
append: e57 事件哈希 f88e7fa528b986d9…
append: e58 事件哈希 9493d31dccdc8a2f…
append: e59 事件哈希 ac4d4e73fdba3d26…
append: e60 事件哈希 f3f2fce8f605cb9b…
append: e61 事件哈希 02f719b4892fe561…
append: e62 事件哈希 ef644c7406be816c…
append: e63 事件哈希 35c772dda784bffc…
append: e64 事件哈希 cf3cacc09fc8e31a…
append: e65 事件哈希 a8ea1fb3741f23cd…
append: e66 事件哈希 7556f52ded99ede9…
append: e67 事件哈希 40ed479a3c2d9784…
append: e68 事件哈希 2d2dc3e3703d47c4…
append: e69 事件哈希 0994ced3c14e233a…
append: e70 事件哈希 1a079c72fef152f2…
append: e71 事件哈希 a20678e19bc1766d…
append: e72 事件哈希 f3dc3a6e60280eef…
append: e73 事件哈希 1c1702b8c84b6729…
append: e74 事件哈希 68e36c86cd15c96b…
append: e75 事件哈希 f8341a33526100e3…
append: e76 事件哈希 4fe1d778a1fca0a1…
append: e77 事件哈希 e827402f1e9dcc9e…
append: e78 事件哈希 d6f763a27f60361c…
append: e79 事件哈希 a55cc6d7a3b83047…
build: 生成 spec.md / 提示词速查.md / citations.md → D:\临时工作区\大审查-工作包-20260909\衔尾蛇\sandbox\x17-A4-s9（手改生成区=违例）
install: L2 + [] → D:\临时工作区\大审查-工作包-20260909\衔尾蛇\sandbox\x17-A4-s9
  交付内容体 29 个（含 {SLOT} 待填文件 11 个——按 install 指南填槽）
  待填槽文件（示例）: modules/m-core/install.md, modules/m-core/template/ROOT-README.md, modules/m-index/install.md, modules/m-index/template/knowledge/_index.md, modules/m-tools/install.md…
  Merkle 根（排除 state.json）: 7db0dd64b3134ff6706edb58e77c0465ee08c213740031150cf9e90d5fcd1205
  请将此根抄录至人侧（公理E）
append: e0 事件哈希 aa6cb4371edac1b5…
append: e1 事件哈希 c18cfad4c15f8340…
append: e2 事件哈希 aaa4cd6b4967640a…
append: e3 事件哈希 20d5c7f471067b22…
append: e4 事件哈希 3b1182316359f936…
append: e5 事件哈希 d2170fa10c18d2c8…
append: e6 事件哈希 bf016a76850d5bd7…
append: e7 事件哈希 23ab2038ae8093bc…
append: e8 事件哈希 e31465e003c448e5…
append: e9 事件哈希 cf388e3b64c97301…
append: e10 事件哈希 5eb6b4bbd6a99c0f…
append: e11 事件哈希 870db7f587a748b2…
append: e12 事件哈希 10e20f79133f3159…
append: e13 事件哈希 276f3e64ea30f117…
append: e14 事件哈希 b18d694c7a7625d4…
append: e15 事件哈希 9883184dfee92d24…
append: e16 事件哈希 f999ac349134f89d…
append: e17 事件哈希 60d9dce3f4e59774…
append: e18 事件哈希 52a0dbb5db0f671f…
append: e19 事件哈希 dd31c37fb672e986…
append: e20 事件哈希 75c9b26fdeb9f88d…
append: e21 事件哈希 384ac26f624e83d6…
append: e22 事件哈希 c5fc59fc897c3553…
append: e23 事件哈希 04419ab69b3e001a…
append: e24 事件哈希 f2f4991e4650258a…
append: e25 事件哈希 2e191fc8e56608e9…
append: e26 事件哈希 95e76298ba45e426…
append: e27 事件哈希 65acc8e672014500…
append: e28 事件哈希 cfe39831d592a264…
append: e29 事件哈希 9a5497269142e938…
append: e30 事件哈希 49ee8b20471cefad…
append: e31 事件哈希 87604bfb9f21675f…
append: e32 事件哈希 11fcd7fcb7f99b9b…
append: e33 事件哈希 cccaac439a45757b…
append: e34 事件哈希 77b392ef2870c75a…
append: e35 事件哈希 ccb759deb353d01a…
append: e36 事件哈希 28711a62a4abc1b7…
append: e37 事件哈希 dda322084a1fbb62…
append: e38 事件哈希 ea9adcde6808dee8…
append: e39 事件哈希 d73d9ef1d24c566a…
append: e40 事件哈希 41adbd42f076c843…
append: e41 事件哈希 2ca64f2d4f5006fb…
append: e42 事件哈希 56e20c9217449d54…
append: e43 事件哈希 8480744c565d606e…
append: e44 事件哈希 2b73de500f064696…
append: e45 事件哈希 9d45c1408d4662e0…
append: e46 事件哈希 d1c5bfd34b7baebc…
append: e47 事件哈希 79df370e2308ce0a…
append: e48 事件哈希 529e082a2a1a92ea…
append: e49 事件哈希 d5cbc41a310676ed…
append: e50 事件哈希 8f815d1c287a8d2c…
append: e51 事件哈希 12012e3f204417c7…
append: e52 事件哈希 01b4161c75f1b9a4…
append: e53 事件哈希 5e10fc98e4680ea2…
append: e54 事件哈希 7ec906c76dcf04f6…
append: e55 事件哈希 1ff8fccbf57d253e…
append: e56 事件哈希 dc4a3855295d85c9…
append: e57 事件哈希 d123268704c22d2a…
append: e58 事件哈希 68071ea2314d54ad…
append: e59 事件哈希 5449bf0114146e92…
append: e60 事件哈希 9b58a111c253177f…
append: e61 事件哈希 36f1fb759b052131…
append: e62 事件哈希 bc467b9c60517c39…
append: e63 事件哈希 2db7a2d252d725ae…
append: e64 事件哈希 10fbcd83f0881ae6…
append: e65 事件哈希 1b49aae035e45d32…
append: e66 事件哈希 e7a47f33ddaae42b…
append: e67 事件哈希 9ef92610ebe6d381…
append: e68 事件哈希 1664e0562d4bf70e…
append: e69 事件哈希 a4e2cb262b767770…
append: e70 事件哈希 268cf45df5bc02a9…
append: e71 事件哈希 eaae742a35016085…
append: e72 事件哈希 0831b102ea2add6c…
append: e73 事件哈希 4efaaf62276988aa…
append: e74 事件哈希 ac4f1fd93db783f9…
append: e75 事件哈希 ef169b21f4965ad6…
append: e76 事件哈希 e8ea6bce7ce54f72…
append: e77 事件哈希 22e6d0bec731a08a…
append: e78 事件哈希 d36958c03c5c64c1…
append: e79 事件哈希 1892d42e3bf182b9…
build: 生成 spec.md / 提示词速查.md / citations.md → D:\临时工作区\大审查-工作包-20260909\衔尾蛇\sandbox\x17-A4-s10（手改生成区=违例）
install: L2 + [] → D:\临时工作区\大审查-工作包-20260909\衔尾蛇\sandbox\x17-A4-s10
  交付内容体 29 个（含 {SLOT} 待填文件 11 个——按 install 指南填槽）
  待填槽文件（示例）: modules/m-core/install.md, modules/m-core/template/ROOT-README.md, modules/m-index/install.md, modules/m-index/template/knowledge/_index.md, modules/m-tools/install.md…
  Merkle 根（排除 state.json）: e44548346ca0104dfbc56cdc8750f4ae279cf35f96f580ee0a08429af57ddff7
  请将此根抄录至人侧（公理E）
append: e0 事件哈希 89d2831927d1ae63…
append: e1 事件哈希 3af96412fb37a076…
append: e2 事件哈希 92fa724fb8bd2fe3…
append: e3 事件哈希 c2b729403c046e3f…
append: e4 事件哈希 438a1a01216bc9b4…
append: e5 事件哈希 7433f996aae44f00…
append: e6 事件哈希 27214f63e5992da8…
append: e7 事件哈希 3d2bac8e06e71130…
append: e8 事件哈希 d0d8c13d35422054…
append: e9 事件哈希 7af0fa7cf1825339…
append: e10 事件哈希 b63b546a31ce2ffb…
append: e11 事件哈希 403d78f93fcd6cfd…
append: e12 事件哈希 f54e9bbe4983b608…
append: e13 事件哈希 3e4835857e1a3d71…
append: e14 事件哈希 d8963f2ada49ef90…
append: e15 事件哈希 26a064d16dace221…
append: e16 事件哈希 2690f6f65a04fc02…
append: e17 事件哈希 b54233c57274d952…
append: e18 事件哈希 50d00fa60daa0a7e…
append: e19 事件哈希 292a03449b3cdb91…
append: e20 事件哈希 89b7458ce3c7bd0c…
append: e21 事件哈希 7e2f86a8c1fee68c…
append: e22 事件哈希 980eea6bc0f4d13c…
append: e23 事件哈希 291d96d735bb5128…
append: e24 事件哈希 1f1bbe05da0ef03d…
append: e25 事件哈希 6dd4f19431f3d5a5…
append: e26 事件哈希 4131719125408206…
append: e27 事件哈希 9a31dd3207001f0e…
append: e28 事件哈希 8b499cc59472e2ca…
append: e29 事件哈希 0f5e5f93eae95922…
append: e30 事件哈希 e953fd51051af29c…
append: e31 事件哈希 22784651f5807721…
append: e32 事件哈希 ca1df49fdb22cef0…
append: e33 事件哈希 978573ed7d19b6fd…
append: e34 事件哈希 603091243fab3e4b…
append: e35 事件哈希 0fb9db7faa511df6…
append: e36 事件哈希 343f81edfb17f78f…
append: e37 事件哈希 f60df01c25b287cd…
append: e38 事件哈希 a2aba6ba83d51f98…
append: e39 事件哈希 0bd543c37e572ebc…
append: e40 事件哈希 7d36511ac5431b8c…
append: e41 事件哈希 2a892a8367f4e2f6…
append: e42 事件哈希 3cfcdf36f75a876e…
append: e43 事件哈希 87934c0562e7e7d8…
append: e44 事件哈希 26da69508f0fc705…
append: e45 事件哈希 3fd0349af821fc97…
append: e46 事件哈希 ea899b3ba06fd8a7…
append: e47 事件哈希 0e19990c321faecf…
append: e48 事件哈希 c1259538534024db…
append: e49 事件哈希 bd276925fc22cc4d…
append: e50 事件哈希 ff48d86f95db24d0…
append: e51 事件哈希 7be36a13eba634b8…
append: e52 事件哈希 d168588f5cd7f33f…
append: e53 事件哈希 0b2f40ef8971c240…
append: e54 事件哈希 81f91e059fbff28d…
append: e55 事件哈希 c40c952a50c37e65…
append: e56 事件哈希 0769a832ebc17232…
append: e57 事件哈希 22258ed2f7027f4f…
append: e58 事件哈希 403a9caaa44c661a…
append: e59 事件哈希 c0c3d5c83078d71f…
append: e60 事件哈希 7c3c34f80daa97c6…
append: e61 事件哈希 e0bf7b27458e74c7…
append: e62 事件哈希 4e84e909b7262c3d…
append: e63 事件哈希 e36cc09182b0c6cb…
append: e64 事件哈希 8311d20172711911…
append: e65 事件哈希 b3311e1e5355939b…
append: e66 事件哈希 a41b5482bea32123…
append: e67 事件哈希 e0096341204ba485…
append: e68 事件哈希 71b3bcd31cefe44f…
append: e69 事件哈希 9447fcaad122af6b…
append: e70 事件哈希 e9e25ac1723ca352…
append: e71 事件哈希 472d745a6062331a…
append: e72 事件哈希 bea88217b595c855…
append: e73 事件哈希 f9b19a81890cc5c1…
append: e74 事件哈希 d3ed97164bcd0a1a…
append: e75 事件哈希 cf694b11e7219994…
append: e76 事件哈希 f02820067a7b782f…
append: e77 事件哈希 482a833c5e4261fd…
append: e78 事件哈希 0dd86aa7779f1c32…
append: e79 事件哈希 68ec9b0b313bb54e…
build: 生成 spec.md / 提示词速查.md / citations.md → D:\临时工作区\大审查-工作包-20260909\衔尾蛇\sandbox\x17-A4-s11（手改生成区=违例）
install: L2 + [] → D:\临时工作区\大审查-工作包-20260909\衔尾蛇\sandbox\x17-A4-s11
  交付内容体 29 个（含 {SLOT} 待填文件 11 个——按 install 指南填槽）
  待填槽文件（示例）: modules/m-core/install.md, modules/m-core/template/ROOT-README.md, modules/m-index/install.md, modules/m-index/template/knowledge/_index.md, modules/m-tools/install.md…
  Merkle 根（排除 state.json）: 95c72eeb351a1cf83187f51caff0737bf2e628f242a13b43599538e4f46a8daa
  请将此根抄录至人侧（公理E）
append: e0 事件哈希 aa6cb4371edac1b5…
append: e1 事件哈希 76861be6ec4e59a5…
append: e2 事件哈希 5ce22f253d6726e2…
append: e3 事件哈希 604afda64a31ffb4…
append: e4 事件哈希 9e82989a7cb9126b…
append: e5 事件哈希 051a05813d085df5…
append: e6 事件哈希 0269e0e0e3918ba0…
append: e7 事件哈希 56a4018c8e9203e9…
append: e8 事件哈希 4a5b8477cfebc0e8…
append: e9 事件哈希 404e51fc6c5c3976…
append: e10 事件哈希 07d97b71656cfe2b…
append: e11 事件哈希 f50eb99a7bafdc5f…
append: e12 事件哈希 e6c97e20201b507e…
append: e13 事件哈希 33c94f575539e40b…
append: e14 事件哈希 114832e6b367bb35…
append: e15 事件哈希 053c70921be2e22f…
append: e16 事件哈希 9e8ea9d189272d6c…
append: e17 事件哈希 48413fd9b251a7c2…
append: e18 事件哈希 691a456eb86cb4f8…
append: e19 事件哈希 0c581759c7b7955c…
append: e20 事件哈希 2af61c19d6b7a09c…
append: e21 事件哈希 97b8220bc1f7db66…
append: e22 事件哈希 0379bdbcfe32e0fb…
append: e23 事件哈希 831b519a2f48d81b…
append: e24 事件哈希 22918f1563766f2f…
append: e25 事件哈希 8ada490e4c30940d…
append: e26 事件哈希 03a5778ffb7ecd6e…
append: e27 事件哈希 d66d65d0ff54fa63…
append: e28 事件哈希 37e76004d0d24e1c…
append: e29 事件哈希 15ff206447001cc9…
append: e30 事件哈希 41bd4d32af0ea22f…
append: e31 事件哈希 0e6ea451dfd5d493…
append: e32 事件哈希 ec96699b39dffc9c…
append: e33 事件哈希 94a09ad6a8c3450d…
append: e34 事件哈希 9a588a044338658e…
append: e35 事件哈希 62eed9f12b60c44d…
append: e36 事件哈希 4ec4e6e520bc01d2…
append: e37 事件哈希 88c481cbe205bb51…
append: e38 事件哈希 435b509927abcbb9…
append: e39 事件哈希 c34cfc62ec1085eb…
append: e40 事件哈希 616820610797dd59…
append: e41 事件哈希 5fd8c3306729ca23…
append: e42 事件哈希 4ae1c847a61cdeba…
append: e43 事件哈希 0f6292233ec8313b…
append: e44 事件哈希 c2a796b880961061…
append: e45 事件哈希 fc0dcf0227f012f7…
append: e46 事件哈希 9777574b46c28add…
append: e47 事件哈希 f89eb4baeecd8b3d…
append: e48 事件哈希 5fec51b39b7c1e45…
append: e49 事件哈希 336dcd9369d6a5e4…
append: e50 事件哈希 52ea654d1590be34…
append: e51 事件哈希 1afaf6db0d480b97…
append: e52 事件哈希 2ab8dc580e9fc2ad…
append: e53 事件哈希 97198f1026e72bf5…
append: e54 事件哈希 034a583011ef6e5c…
append: e55 事件哈希 3acad2e1c7cccb08…
append: e56 事件哈希 2fc2b9b8e4f00088…
append: e57 事件哈希 e10cca095dc210d2…
append: e58 事件哈希 6a93ec0adbbc0ecf…
append: e59 事件哈希 63b8e185b9fa69cf…
append: e60 事件哈希 efb4327ea8e9d8a0…
append: e61 事件哈希 86f80256c974e05d…
append: e62 事件哈希 2625dc5f49a82479…
append: e63 事件哈希 ec6f793799abfb6a…
append: e64 事件哈希 9aacbc6d7a4dcdef…
append: e65 事件哈希 775f2e2b20438fe7…
append: e66 事件哈希 bd9780f1c61cfe99…
append: e67 事件哈希 f605d7da41c95812…
append: e68 事件哈希 84229936d59e4f3a…
append: e69 事件哈希 6523215dff639162…
append: e70 事件哈希 99b595ac031c5ae3…
append: e71 事件哈希 327150a116af0826…
append: e72 事件哈希 8adcf123fa5cd139…
append: e73 事件哈希 ca9cca2fa34860f9…
append: e74 事件哈希 75a662b6be82304b…
append: e75 事件哈希 f6760d7bea4075bb…
append: e76 事件哈希 7c15f8362d95120b…
append: e77 事件哈希 1bb1e9a8c07368da…
append: e78 事件哈希 464f15c52d0b81e4…
append: e79 事件哈希 869d58eed8507625…
build: 生成 spec.md / 提示词速查.md / citations.md → D:\临时工作区\大审查-工作包-20260909\衔尾蛇\sandbox\x17-A4-s12（手改生成区=违例）
install: L2 + [] → D:\临时工作区\大审查-工作包-20260909\衔尾蛇\sandbox\x17-A4-s12
  交付内容体 29 个（含 {SLOT} 待填文件 11 个——按 install 指南填槽）
  待填槽文件（示例）: modules/m-core/install.md, modules/m-core/template/ROOT-README.md, modules/m-index/install.md, modules/m-index/template/knowledge/_index.md, modules/m-tools/install.md…
  Merkle 根（排除 state.json）: eb194d6098ada85cba3449eb48cddf4ac30e765f6ba0b980bc6ff42cc00a31c6
  请将此根抄录至人侧（公理E）
append: e0 事件哈希 89d2831927d1ae63…
append: e1 事件哈希 3af96412fb37a076…
append: e2 事件哈希 92fa724fb8bd2fe3…
append: e3 事件哈希 c2b729403c046e3f…
append: e4 事件哈希 438a1a01216bc9b4…
append: e5 事件哈希 7433f996aae44f00…
append: e6 事件哈希 27214f63e5992da8…
append: e7 事件哈希 9cdaf251941b25c8…
append: e8 事件哈希 85956e45337b82dd…
append: e9 事件哈希 65fa4eed13787f0c…
append: e10 事件哈希 d028f70bfe535ce5…
append: e11 事件哈希 39c2f11a918b53dd…
append: e12 事件哈希 384e14628af9973b…
append: e13 事件哈希 c3ad4be353aef1b7…
append: e14 事件哈希 b50aa46979129caf…
append: e15 事件哈希 0906d9d2d8eff511…
append: e16 事件哈希 24313c35a0cb55bf…
append: e17 事件哈希 4651280c844e6f2c…
append: e18 事件哈希 23d199f069f701ba…
append: e19 事件哈希 5389dbc1cfc99cd8…
append: e20 事件哈希 7bee78a1ed62c756…
append: e21 事件哈希 1626f2451e5017ff…
append: e22 事件哈希 741626344b011076…
append: e23 事件哈希 5ae4dea5548ac4b7…
append: e24 事件哈希 0c0cc00fdedd01e3…
append: e25 事件哈希 7f0ddd08b2f76002…
append: e26 事件哈希 87774e5a1e9243c7…
append: e27 事件哈希 dc9258f2187b4c06…
append: e28 事件哈希 55ea22d519915bd9…
append: e29 事件哈希 99f652a59c90bb68…
append: e30 事件哈希 7f414fa5aaf6d854…
append: e31 事件哈希 38fce14bb037f3dc…
append: e32 事件哈希 287244dce8338043…
append: e33 事件哈希 f3f4c8601fcd8650…
append: e34 事件哈希 b1fe939490344cd8…
append: e35 事件哈希 8fa18f1b981f3618…
append: e36 事件哈希 170d6a7f0e4fea67…
append: e37 事件哈希 be08a67436481558…
append: e38 事件哈希 3cb772989f6fbce5…
append: e39 事件哈希 772ee8e20d842150…
append: e40 事件哈希 4b9bfb03db14cd90…
append: e41 事件哈希 d35571a820668b00…
append: e42 事件哈希 02116dd976912a5e…
append: e43 事件哈希 3e103fa7970020f5…
append: e44 事件哈希 4dcaf1aea573846a…
append: e45 事件哈希 81bcd6e8fa6a629e…
append: e46 事件哈希 1b7e9262ccae5d11…
append: e47 事件哈希 c2c86d60b6cd9796…
append: e48 事件哈希 2d54a2b7b71a684e…
append: e49 事件哈希 7ca98e402c481415…
append: e50 事件哈希 b4f15d6ec3a076e4…
append: e51 事件哈希 c7d1c815a9093993…
append: e52 事件哈希 f4430fce4781f5ae…
append: e53 事件哈希 a84c9b13615b5366…
append: e54 事件哈希 453775439841d25a…
append: e55 事件哈希 bad2f1e9f346b507…
append: e56 事件哈希 6d706ad67f58a745…
append: e57 事件哈希 b2168f09e451392b…
append: e58 事件哈希 72a554d2f5526d57…
append: e59 事件哈希 257aaabe5e52e32c…
append: e60 事件哈希 0793795faf89cc50…
append: e61 事件哈希 274ff5dba9fc31ea…
append: e62 事件哈希 295f479ab04de8d4…
append: e63 事件哈希 803ee0878ec08602…
append: e64 事件哈希 b599251d2493216a…
append: e65 事件哈希 8ee3f91efa7c549b…
append: e66 事件哈希 39e9ac9c18fd35ac…
append: e67 事件哈希 a90b42358feaee1e…
append: e68 事件哈希 d961b131fbd5bbdc…
append: e69 事件哈希 f26370a44d6f6729…
append: e70 事件哈希 63a4e487a66fb596…
append: e71 事件哈希 e8134bdaf569dd57…
append: e72 事件哈希 29f71bd608a852e4…
append: e73 事件哈希 8a132c50842163fa…
append: e74 事件哈希 b858b16ad47e3ded…
append: e75 事件哈希 998164f9d0045eb7…
append: e76 事件哈希 b32a820f5652b370…
append: e77 事件哈希 ed041fd85cbba128…
append: e78 事件哈希 2ee25bda8e77caca…
append: e79 事件哈希 7861b34097419b20…
build: 生成 spec.md / 提示词速查.md / citations.md → D:\临时工作区\大审查-工作包-20260909\衔尾蛇\sandbox\x17-A4-s13（手改生成区=违例）
install: L2 + [] → D:\临时工作区\大审查-工作包-20260909\衔尾蛇\sandbox\x17-A4-s13
  交付内容体 29 个（含 {SLOT} 待填文件 11 个——按 install 指南填槽）
  待填槽文件（示例）: modules/m-core/install.md, modules/m-core/template/ROOT-README.md, modules/m-index/install.md, modules/m-index/template/knowledge/_index.md, modules/m-tools/install.md…
  Merkle 根（排除 state.json）: 4cbe3915dcebfb70e5e4b16f75f740e2e5a4ba247bd21752575369f1709b9549
  请将此根抄录至人侧（公理E）
append: e0 事件哈希 89d2831927d1ae63…
append: e1 事件哈希 31533129e4881262…
append: e2 事件哈希 c67d1737cb0dad4c…
append: e3 事件哈希 49e2d628342b227c…
append: e4 事件哈希 fb80cad99ebd45f7…
append: e5 事件哈希 454e79b77edc4ab9…
append: e6 事件哈希 f583156d35226360…
append: e7 事件哈希 a7a7ae8d04bffc4b…
append: e8 事件哈希 cd3df99e3a77245a…
append: e9 事件哈希 8672d9f83af5715b…
append: e10 事件哈希 b20cedd0cff4780b…
append: e11 事件哈希 d7c9f267056bb8c7…
append: e12 事件哈希 958964c769711388…
append: e13 事件哈希 c54722f82132aced…
append: e14 事件哈希 c42fe3f0a789a99f…
append: e15 事件哈希 89d9d2a6ce703334…
append: e16 事件哈希 997e373b6e7be5a2…
append: e17 事件哈希 c2851b2dcbebc77d…
append: e18 事件哈希 72119420cf2523c6…
append: e19 事件哈希 95dad01f24f5813b…
append: e20 事件哈希 36362b2da3909a03…
append: e21 事件哈希 b4929c14a4c70aa8…
append: e22 事件哈希 89644f509eed27b4…
append: e23 事件哈希 def30b29317a5381…
append: e24 事件哈希 34c41d6cd650f7cf…
append: e25 事件哈希 ac12af5979beb484…
append: e26 事件哈希 be0ed055efcecc4d…
append: e27 事件哈希 c9c31d68e5f7a836…
append: e28 事件哈希 39b5939c44bfd43f…
append: e29 事件哈希 1c27413a3144401c…
append: e30 事件哈希 5f16d0bf8c5d46be…
append: e31 事件哈希 ec94101e43f79c74…
append: e32 事件哈希 13f4075c386215d9…
append: e33 事件哈希 d5dd9e99d60b9ea9…
append: e34 事件哈希 626260aba671a40f…
append: e35 事件哈希 6fdf64c12b699baf…
append: e36 事件哈希 100d38fe2550825f…
append: e37 事件哈希 f89395579952a42d…
append: e38 事件哈希 782b9522c92e696e…
append: e39 事件哈希 d3d1fe39de655ea8…
append: e40 事件哈希 f562a734f4948d86…
append: e41 事件哈希 0b9eb98908081c0f…
append: e42 事件哈希 da0477ea2c341e98…
append: e43 事件哈希 d8f711194d4c609b…
append: e44 事件哈希 df4324f23209a276…
append: e45 事件哈希 2e4e14eda50fab21…
append: e46 事件哈希 739f2a42d316a4b5…
append: e47 事件哈希 b4a6c91f401d0657…
append: e48 事件哈希 1924ebf3e53c513c…
append: e49 事件哈希 a77e44ea0c9b37c5…
append: e50 事件哈希 33f6c8d8c3311336…
append: e51 事件哈希 bf8f40cbe3b3dbb6…
append: e52 事件哈希 9c1056950987647d…
append: e53 事件哈希 adc1e2e4ef3a4484…
append: e54 事件哈希 5e7054f0bdcca80b…
append: e55 事件哈希 ff7f5f80f299ab09…
append: e56 事件哈希 50f1f22d1585a68f…
append: e57 事件哈希 9c0331bba94833f6…
append: e58 事件哈希 5e58e4d2bb0b1e19…
append: e59 事件哈希 111849b780b1c901…
append: e60 事件哈希 3efcdb42e7471a60…
append: e61 事件哈希 c68e6f73d6070205…
append: e62 事件哈希 f9c8788a969db6cf…
append: e63 事件哈希 9e719ac98f2e593f…
append: e64 事件哈希 cab84b4711718a55…
append: e65 事件哈希 7b71d8e87ab76363…
append: e66 事件哈希 4500016942b75253…
append: e67 事件哈希 9fa27d0c9f9e2948…
append: e68 事件哈希 f66663fbaca768a5…
append: e69 事件哈希 a091fc55be04b6ab…
append: e70 事件哈希 d30844b3341a5e87…
append: e71 事件哈希 1bef8f419e1eeb2f…
append: e72 事件哈希 eb12b45bfe6f757a…
append: e73 事件哈希 7d0f91695b35441e…
append: e74 事件哈希 4525ce9d7c6f1dc5…
append: e75 事件哈希 70c6db16ffc6a1d7…
append: e76 事件哈希 e3171cfd549aad93…
append: e77 事件哈希 275dfb41d9e37007…
append: e78 事件哈希 d0bfe89862a19d2d…
append: e79 事件哈希 1839c4d818228977…
build: 生成 spec.md / 提示词速查.md / citations.md → D:\临时工作区\大审查-工作包-20260909\衔尾蛇\sandbox\x17-A4-s14（手改生成区=违例）
install: L2 + [] → D:\临时工作区\大审查-工作包-20260909\衔尾蛇\sandbox\x17-A4-s14
  交付内容体 29 个（含 {SLOT} 待填文件 11 个——按 install 指南填槽）
  待填槽文件（示例）: modules/m-core/install.md, modules/m-core/template/ROOT-README.md, modules/m-index/install.md, modules/m-index/template/knowledge/_index.md, modules/m-tools/install.md…
  Merkle 根（排除 state.json）: 600ae430b559954ffbba286247a2b4ac2e893b41c48fa4b5e560359b50140a8b
  请将此根抄录至人侧（公理E）
append: e0 事件哈希 aa6cb4371edac1b5…
append: e1 事件哈希 76861be6ec4e59a5…
append: e2 事件哈希 a5a95fba1547d5bd…
append: e3 事件哈希 09931ca89f226336…
append: e4 事件哈希 f5fb7627bf814848…
append: e5 事件哈希 662e22d0a45e7048…
append: e6 事件哈希 8de0f0bcb9687fa7…
append: e7 事件哈希 b07b43887dd9f66b…
append: e8 事件哈希 8097f791d5984c46…
append: e9 事件哈希 3b447c96e14fef19…
append: e10 事件哈希 3013e25df6207467…
append: e11 事件哈希 a468f32f47f29ba0…
append: e12 事件哈希 0cb03f477cb5c8bb…
append: e13 事件哈希 2c04d9ac88f1cf85…
append: e14 事件哈希 f7db9c37deda467b…
append: e15 事件哈希 e14f534f84e8380b…
append: e16 事件哈希 644fc94dec189d11…
append: e17 事件哈希 a6fc8a52c481196c…
append: e18 事件哈希 1a14855ad73282c0…
append: e19 事件哈希 9ca29402a988f954…
append: e20 事件哈希 2d38c4f90b9456c8…
append: e21 事件哈希 a5b25d34e8705539…
append: e22 事件哈希 2846367fa8a609c6…
append: e23 事件哈希 7e7aa79fbd7b069c…
append: e24 事件哈希 6c36e49bd38383c6…
append: e25 事件哈希 1f2ceeb947c639c0…
append: e26 事件哈希 c0e71af35fcdb690…
append: e27 事件哈希 267dde1d4e345587…
append: e28 事件哈希 24c57e1fda4250fd…
append: e29 事件哈希 65e78432bbb68d2f…
append: e30 事件哈希 e180b7069e2d4740…
append: e31 事件哈希 4f0905cf1bed3fa7…
append: e32 事件哈希 d3728e13299d226d…
append: e33 事件哈希 0453c5397a9c4953…
append: e34 事件哈希 d389cf1e4a0b57a1…
append: e35 事件哈希 d990dc85b6b24f4f…
append: e36 事件哈希 9f03c7c7dced687d…
append: e37 事件哈希 431baf3889edb844…
append: e38 事件哈希 5ea79c91f64ef82d…
append: e39 事件哈希 ed80bbd14166e0f6…
append: e40 事件哈希 04c055fe411cae46…
append: e41 事件哈希 96d086e4bee294b3…
append: e42 事件哈希 bfcc073d0b355369…
append: e43 事件哈希 64abde77834f321e…
append: e44 事件哈希 2f93cc1db3a3cbce…
append: e45 事件哈希 06d8c102426965a9…
append: e46 事件哈希 fbb99261d826d753…
append: e47 事件哈希 34341892207e1072…
append: e48 事件哈希 07a6b0fb23da725f…
append: e49 事件哈希 cb97f48828dc69e4…
append: e50 事件哈希 8b35fbe2c51eb871…
append: e51 事件哈希 fb70f62d84042ecd…
append: e52 事件哈希 e5309206250e12f4…
append: e53 事件哈希 83d8b0aa0c2ed598…
append: e54 事件哈希 95dc0d5ccae4be42…
append: e55 事件哈希 042552716ee211f0…
append: e56 事件哈希 4342656b616da2e5…
append: e57 事件哈希 9eaefcf67bb6bd64…
append: e58 事件哈希 7160402b52610f5c…
append: e59 事件哈希 a9c73ac08ee91038…
append: e60 事件哈希 9dd7a92a6c550b31…
append: e61 事件哈希 0f2a27e905493381…
append: e62 事件哈希 c9b01c8d65032880…
append: e63 事件哈希 f59b58584655ac48…
append: e64 事件哈希 7dfaf38f08e5ef3b…
append: e65 事件哈希 f1c6cc3e332997e8…
append: e66 事件哈希 0e46163366b43561…
append: e67 事件哈希 eef39393f9b20bd6…
append: e68 事件哈希 851e8ba4ac373a94…
append: e69 事件哈希 2c9fd997c85073f3…
append: e70 事件哈希 8416268977c3d7ce…
append: e71 事件哈希 a87e8815647a7cda…
append: e72 事件哈希 26cfa65488a145ce…
append: e73 事件哈希 9ad509e516b1f31e…
append: e74 事件哈希 b949eb9959ca9e82…
append: e75 事件哈希 9ebbea18542cbf76…
append: e76 事件哈希 f79fc5e35e50ce6f…
append: e77 事件哈希 5f176bf1c0df3af8…
append: e78 事件哈希 d27f452bdad48dc6…
append: e79 事件哈希 ed1641c869c24b16…
build: 生成 spec.md / 提示词速查.md / citations.md → D:\临时工作区\大审查-工作包-20260909\衔尾蛇\sandbox\x17-A4-s15（手改生成区=违例）
install: L2 + [] → D:\临时工作区\大审查-工作包-20260909\衔尾蛇\sandbox\x17-A4-s15
  交付内容体 29 个（含 {SLOT} 待填文件 11 个——按 install 指南填槽）
  待填槽文件（示例）: modules/m-core/install.md, modules/m-core/template/ROOT-README.md, modules/m-index/install.md, modules/m-index/template/knowledge/_index.md, modules/m-tools/install.md…
  Merkle 根（排除 state.json）: 9ba4d0c2319351bd282c939c67b8dd43578e83a55199108c1b4f05693606673c
  请将此根抄录至人侧（公理E）
append: e0 事件哈希 89d2831927d1ae63…
append: e1 事件哈希 31533129e4881262…
append: e2 事件哈希 c67d1737cb0dad4c…
append: e3 事件哈希 49e2d628342b227c…
append: e4 事件哈希 fb80cad99ebd45f7…
append: e5 事件哈希 454e79b77edc4ab9…
append: e6 事件哈希 f583156d35226360…
append: e7 事件哈希 7d9eee37ad833a1c…
append: e8 事件哈希 6271cf902a3b6842…
append: e9 事件哈希 b86051171c5d6078…
append: e10 事件哈希 984642759d9dd683…
append: e11 事件哈希 082d4dfd6754f3bc…
append: e12 事件哈希 f2f21ce5ca1ec146…
append: e13 事件哈希 55d0c6e9d8e3c410…
append: e14 事件哈希 c4c856229eca0b5d…
append: e15 事件哈希 cba4fb6093a35fc9…
append: e16 事件哈希 0a8728af2294886e…
append: e17 事件哈希 d94c0afa3bff2e59…
append: e18 事件哈希 3aeef553c081051f…
append: e19 事件哈希 2eb1ec09ef413028…
append: e20 事件哈希 042504682b0bf3da…
append: e21 事件哈希 f502214a556eac34…
append: e22 事件哈希 146c630404c73a65…
append: e23 事件哈希 b49b7c52f0cbf551…
append: e24 事件哈希 7e14faf23db9bba7…
append: e25 事件哈希 be01d0b4b786fafc…
append: e26 事件哈希 e514e180e77da1a7…
append: e27 事件哈希 c961910c5b55688c…
append: e28 事件哈希 d1de84cc77724a5d…
append: e29 事件哈希 a0b4ee4870c0107c…
append: e30 事件哈希 f238a238eacd0ef8…
append: e31 事件哈希 61996080e750cc06…
append: e32 事件哈希 54a9726ebf23a422…
append: e33 事件哈希 885469a39219adb1…
append: e34 事件哈希 61a9a152082afd54…
append: e35 事件哈希 57f0fc9f46b4328b…
append: e36 事件哈希 842d5551db85727b…
append: e37 事件哈希 2338d81927702676…
append: e38 事件哈希 7dc23ba28205a6c1…
append: e39 事件哈希 748a2956734e8c2e…
append: e40 事件哈希 f54daef22ddf2ba9…
append: e41 事件哈希 c646655b7a717854…
append: e42 事件哈希 4730a5e74fd3b341…
append: e43 事件哈希 d0d11b4dd2f03214…
append: e44 事件哈希 e72b00c4b1bfcb8e…
append: e45 事件哈希 e5d209b64da7a76a…
append: e46 事件哈希 b4c55d7001721699…
append: e47 事件哈希 fda5c06d2ff9cea9…
append: e48 事件哈希 21cff21d8db68866…
append: e49 事件哈希 d5c225dae0abe2d3…
append: e50 事件哈希 b4c3fc2bd7202b66…
append: e51 事件哈希 b58679ca0a9136fd…
append: e52 事件哈希 6633ccc6b6c413a6…
append: e53 事件哈希 4c01989ef57f17d7…
append: e54 事件哈希 3a83d300bfb36759…
append: e55 事件哈希 335ff8b9e59e7d06…
append: e56 事件哈希 5aa88f32d889b864…
append: e57 事件哈希 b75dbd0d434db92d…
append: e58 事件哈希 bf1f27807a4e0bb4…
append: e59 事件哈希 341b939e95e2431e…
append: e60 事件哈希 7e8bc279c9cab1ed…
append: e61 事件哈希 7c88039347414d96…
append: e62 事件哈希 3897b60e74f9f3ec…
append: e63 事件哈希 4ff283c799a75abf…
append: e64 事件哈希 113bb479ab919622…
append: e65 事件哈希 0bdd019ca40c0600…
append: e66 事件哈希 cdfbb227dfd3c0c8…
append: e67 事件哈希 32ef17722d0732fa…
append: e68 事件哈希 6e48324306837c9d…
append: e69 事件哈希 3f7f1964c2a70d1d…
append: e70 事件哈希 b1390f9c0a3634af…
append: e71 事件哈希 67ff84693fa83e36…
append: e72 事件哈希 8d8e94319fe93a5d…
append: e73 事件哈希 12ebfd004946e8c0…
append: e74 事件哈希 08ab76b52420cd0b…
append: e75 事件哈希 03a7368d9711951d…
append: e76 事件哈希 4aff9ec033e2631e…
append: e77 事件哈希 5673d2ca8c854e44…
append: e78 事件哈希 1463c8717af4ce53…
append: e79 事件哈希 4ac48e17d680cbe4…
build: 生成 spec.md / 提示词速查.md / citations.md → D:\临时工作区\大审查-工作包-20260909\衔尾蛇\sandbox\x17-A4-s16（手改生成区=违例）
install: L2 + [] → D:\临时工作区\大审查-工作包-20260909\衔尾蛇\sandbox\x17-A4-s16
  交付内容体 29 个（含 {SLOT} 待填文件 11 个——按 install 指南填槽）
  待填槽文件（示例）: modules/m-core/install.md, modules/m-core/template/ROOT-README.md, modules/m-index/install.md, modules/m-index/template/knowledge/_index.md, modules/m-tools/install.md…
  Merkle 根（排除 state.json）: 74c2877efb8e745102cb62f2e6892d8d56583c27d174df07d890276fa2cd95e7
  请将此根抄录至人侧（公理E）
append: e0 事件哈希 aa6cb4371edac1b5…
append: e1 事件哈希 c18cfad4c15f8340…
append: e2 事件哈希 aaa4cd6b4967640a…
append: e3 事件哈希 20d5c7f471067b22…
append: e4 事件哈希 81ab854a1dd3a430…
append: e5 事件哈希 707cdad842a3dbfc…
append: e6 事件哈希 4c8749c914884c9f…
append: e7 事件哈希 0e24406e39c72d93…
append: e8 事件哈希 5e11a7ecd9698546…
append: e9 事件哈希 7434a783b33a7003…
append: e10 事件哈希 3a39cb33c34c7726…
append: e11 事件哈希 a865cbe05972975d…
append: e12 事件哈希 b65c0d003e5f6285…
append: e13 事件哈希 ab694b7fd68b7bd2…
append: e14 事件哈希 4679233fe12059ca…
append: e15 事件哈希 cb54ebcc6c2e2061…
append: e16 事件哈希 34229c1ab3a870c7…
append: e17 事件哈希 03e773ad8f8003a2…
append: e18 事件哈希 d6bb5014b7ba7ad6…
append: e19 事件哈希 bf72f5395e840079…
append: e20 事件哈希 f808c3812566f245…
append: e21 事件哈希 41703dd553903d3b…
append: e22 事件哈希 d83e84037ba1d1e3…
append: e23 事件哈希 49d6be485e4d046e…
append: e24 事件哈希 37a3c79026b8a2ed…
append: e25 事件哈希 eebdb598daf12351…
append: e26 事件哈希 0f6653412641dbc3…
append: e27 事件哈希 f4404090aa963e2d…
append: e28 事件哈希 a8f900f93b720916…
append: e29 事件哈希 d360022f3dd5aa4f…
append: e30 事件哈希 fb01696eb5d2ad23…
append: e31 事件哈希 3a28afe25b0c030e…
append: e32 事件哈希 29d703a27b36330e…
append: e33 事件哈希 7b09d2e774a01e78…
append: e34 事件哈希 ac7f1735f68ffd64…
append: e35 事件哈希 fb58a5de7fdb284e…
append: e36 事件哈希 f1ce7c396f4de253…
append: e37 事件哈希 c0b65d23aa99a131…
append: e38 事件哈希 488c1ef78918f7c2…
append: e39 事件哈希 e95b41a875f3643e…
append: e40 事件哈希 1fb4589ff5645c90…
append: e41 事件哈希 1c930487674a1d9b…
append: e42 事件哈希 a59553d9ce5cd752…
append: e43 事件哈希 ec93390e4366ab1e…
append: e44 事件哈希 b990d799cf4c6fdf…
append: e45 事件哈希 1b3c700105883971…
append: e46 事件哈希 28ce68dd80effa62…
append: e47 事件哈希 68a3b24b1eba7da5…
append: e48 事件哈希 0dd1e26428d9983a…
append: e49 事件哈希 150c34a5121b9f8f…
append: e50 事件哈希 7bc6c1e140b61b56…
append: e51 事件哈希 2731233a18531907…
append: e52 事件哈希 c6675e1787b90a7b…
append: e53 事件哈希 d6cd684035d3e2f1…
append: e54 事件哈希 d4444b395bccf8d9…
append: e55 事件哈希 324582570f4aff9c…
append: e56 事件哈希 cc05695498fb2052…
append: e57 事件哈希 47268aa491dff3b1…
append: e58 事件哈希 4fe201d99ae0d9bb…
append: e59 事件哈希 7c9dc54ad87efbfe…
append: e60 事件哈希 a872218661d534cb…
append: e61 事件哈希 90a977c139e6cd34…
append: e62 事件哈希 e0bd272ba0256911…
append: e63 事件哈希 d10d95fbdf157aa6…
append: e64 事件哈希 d707f309aedc18c7…
append: e65 事件哈希 ff66fb278887b2d5…
append: e66 事件哈希 70e968537c509e6d…
append: e67 事件哈希 047712d1bee0ffc7…
append: e68 事件哈希 b22c6707430c8f07…
append: e69 事件哈希 20f39957e758e562…
append: e70 事件哈希 d54f089fc58c8f0f…
append: e71 事件哈希 bc51ff80c8f945d5…
append: e72 事件哈希 62cf89be7c6a0e55…
append: e73 事件哈希 8ab4ce7416908c68…
append: e74 事件哈希 41ffeac8a15197c3…
append: e75 事件哈希 ea0fa8a33dd911dc…
append: e76 事件哈希 eb477e10a0bb80d9…
append: e77 事件哈希 4db8650a25710b43…
append: e78 事件哈希 ccb3167051389486…
append: e79 事件哈希 413be8c12fc55726…
build: 生成 spec.md / 提示词速查.md / citations.md → D:\临时工作区\大审查-工作包-20260909\衔尾蛇\sandbox\x17-A4-s17（手改生成区=违例）
install: L2 + [] → D:\临时工作区\大审查-工作包-20260909\衔尾蛇\sandbox\x17-A4-s17
  交付内容体 29 个（含 {SLOT} 待填文件 11 个——按 install 指南填槽）
  待填槽文件（示例）: modules/m-core/install.md, modules/m-core/template/ROOT-README.md, modules/m-index/install.md, modules/m-index/template/knowledge/_index.md, modules/m-tools/install.md…
  Merkle 根（排除 state.json）: 9adff0670328b0f1de333aa53a5d739198d190a6152bb15c8d7512b8dfbd5164
  请将此根抄录至人侧（公理E）
append: e0 事件哈希 aa6cb4371edac1b5…
append: e1 事件哈希 c18cfad4c15f8340…
append: e2 事件哈希 aaa4cd6b4967640a…
append: e3 事件哈希 ddaccf7664604fe0…
append: e4 事件哈希 ecb65ca77e1448be…
append: e5 事件哈希 b812ff7de0ace8aa…
append: e6 事件哈希 8eca3a6d950dd9e2…
append: e7 事件哈希 6c3ae8058b7d808d…
append: e8 事件哈希 5131754004481dd7…
append: e9 事件哈希 4900d86de82ada5c…
append: e10 事件哈希 f346b0d2338ee37e…
append: e11 事件哈希 b34f780bdb272425…
append: e12 事件哈希 89af4fcf9af1492e…
append: e13 事件哈希 3ed480cbdc2ce6f3…
append: e14 事件哈希 d98933908db0b79d…
append: e15 事件哈希 a5c048563619a3b8…
append: e16 事件哈希 bd34d662bf5866c2…
append: e17 事件哈希 87851f72218a8412…
append: e18 事件哈希 826bd32fdc8a453b…
append: e19 事件哈希 c3197872befaad47…
append: e20 事件哈希 55d037bd2508a211…
append: e21 事件哈希 6668c118412e0879…
append: e22 事件哈希 427135d54cf1ddfe…
append: e23 事件哈希 2e2914ba51e6ad6c…
append: e24 事件哈希 ef989dca9fa15634…
append: e25 事件哈希 7bb53ec84229eb0c…
append: e26 事件哈希 0e1ab21fbc53a8d8…
append: e27 事件哈希 9a8f40ff800caa81…
append: e28 事件哈希 85a6f9b0c20defd2…
append: e29 事件哈希 69def3b83ff89a79…
append: e30 事件哈希 4ab348b2056c6cc9…
append: e31 事件哈希 dfdcc0b523455e4a…
append: e32 事件哈希 1233eb8b4e1cd7a8…
append: e33 事件哈希 814239d3281b583d…
append: e34 事件哈希 be06510dc101f40f…
append: e35 事件哈希 10a9b165a54c9707…
append: e36 事件哈希 745455a15e40c51c…
append: e37 事件哈希 eef1b0f6549253fc…
append: e38 事件哈希 fe6d558ff29b9c61…
append: e39 事件哈希 aa11ad640c16759d…
append: e40 事件哈希 727419be92ae65c6…
append: e41 事件哈希 8a306354b036b675…
append: e42 事件哈希 ddbf8c66167d12ac…
append: e43 事件哈希 d345f90da43a4acb…
append: e44 事件哈希 eb485fb54c90dbca…
append: e45 事件哈希 b926569a73afe2c1…
append: e46 事件哈希 66240264d5eb31a5…
append: e47 事件哈希 763b92a6228f9375…
append: e48 事件哈希 5f36a01adcbf28b9…
append: e49 事件哈希 ad6deadafe94115d…
append: e50 事件哈希 71ce60bd0ca11579…
append: e51 事件哈希 58fd482e407d99a0…
append: e52 事件哈希 453084e99a057da1…
append: e53 事件哈希 c409f2d5d1ee5230…
append: e54 事件哈希 6435809cde45e583…
append: e55 事件哈希 a31b00007e9c13fc…
append: e56 事件哈希 5616326951a7f046…
append: e57 事件哈希 7979c8ae199d7de0…
append: e58 事件哈希 1c7c60112b7ba4dc…
append: e59 事件哈希 576afbbd9a871138…
append: e60 事件哈希 4c7a21f7072d2e43…
append: e61 事件哈希 5ffe07c31bc01093…
append: e62 事件哈希 1a4e6ef9c1031109…
append: e63 事件哈希 2a02b684cb4e2e61…
append: e64 事件哈希 9ed1ac4c766cf56f…
append: e65 事件哈希 3abf2ad526d1765e…
append: e66 事件哈希 304f4740dbcaf67c…
append: e67 事件哈希 4f5c8fae4079d680…
append: e68 事件哈希 d940c7d608fe9d4e…
append: e69 事件哈希 23185ea84215f979…
append: e70 事件哈希 5a42d8b6ff0de475…
append: e71 事件哈希 12dcd8b767173751…
append: e72 事件哈希 4fe4d3e10ec8f624…
append: e73 事件哈希 b0a2b70125c7d72f…
append: e74 事件哈希 b4cefbb44a87cc2c…
append: e75 事件哈希 767b52ef15f02466…
append: e76 事件哈希 360f8024592888a2…
append: e77 事件哈希 a8b34731be031fbb…
append: e78 事件哈希 5c90dec5ff43413f…
append: e79 事件哈希 678aa0e50ef6751a…
build: 生成 spec.md / 提示词速查.md / citations.md → D:\临时工作区\大审查-工作包-20260909\衔尾蛇\sandbox\x17-A4-s18（手改生成区=违例）
install: L2 + [] → D:\临时工作区\大审查-工作包-20260909\衔尾蛇\sandbox\x17-A4-s18
  交付内容体 29 个（含 {SLOT} 待填文件 11 个——按 install 指南填槽）
  待填槽文件（示例）: modules/m-core/install.md, modules/m-core/template/ROOT-README.md, modules/m-index/install.md, modules/m-index/template/knowledge/_index.md, modules/m-tools/install.md…
  Merkle 根（排除 state.json）: 1d1b837f6ddfdfbff16a38590b94a60bae28282f53484c63932fb1be29d68fcb
  请将此根抄录至人侧（公理E）
append: e0 事件哈希 89d2831927d1ae63…
append: e1 事件哈希 3af96412fb37a076…
append: e2 事件哈希 92fa724fb8bd2fe3…
append: e3 事件哈希 c2b729403c046e3f…
append: e4 事件哈希 c06aa8dd72a8a4cd…
append: e5 事件哈希 ee5ed322ea98f2ba…
append: e6 事件哈希 d325ab9569b91704…
append: e7 事件哈希 340085ac26aa520b…
append: e8 事件哈希 3d19c6b90f788a0e…
append: e9 事件哈希 016a0347ee347aa4…
append: e10 事件哈希 a5dd86faa4b7c631…
append: e11 事件哈希 068ce1adbcecc14f…
append: e12 事件哈希 ac54e82977527aba…
append: e13 事件哈希 b283fbe8e6833c9f…
append: e14 事件哈希 cdde7e2abdf867f0…
append: e15 事件哈希 67acb06250893a47…
append: e16 事件哈希 c2800b17562695fa…
append: e17 事件哈希 9db068107456cfce…
append: e18 事件哈希 d4c3fd9f79dd2971…
append: e19 事件哈希 c25d9d937d79b05c…
append: e20 事件哈希 1a5230cc12515702…
append: e21 事件哈希 312af5d99703aba2…
append: e22 事件哈希 df69b5fd40041bc4…
append: e23 事件哈希 a40822d82055fe8b…
append: e24 事件哈希 7f1b8998ef094a91…
append: e25 事件哈希 817294cf87ce30db…
append: e26 事件哈希 360ce4ebac45b623…
append: e27 事件哈希 eed1edce2fe77f1b…
append: e28 事件哈希 db2a51b6bb382f00…
append: e29 事件哈希 2e23c6db49b8de55…
append: e30 事件哈希 f17424ceb3d58f08…
append: e31 事件哈希 27a72645df2a278c…
append: e32 事件哈希 5004a5a05354e42b…
append: e33 事件哈希 ee19772293badb4e…
append: e34 事件哈希 9e66ff3cf9939b4e…
append: e35 事件哈希 d30d9f1e7e3c9f62…
append: e36 事件哈希 72d75e66df9080d4…
append: e37 事件哈希 7c71f0a54548db6d…
append: e38 事件哈希 2c26a816833ea0ed…
append: e39 事件哈希 775ef1f3369bdb74…
append: e40 事件哈希 6f63f0a3b6239d8a…
append: e41 事件哈希 e87ec663d678b80e…
append: e42 事件哈希 853b55f36e7c90a9…
append: e43 事件哈希 205b33b5b666fa84…
append: e44 事件哈希 2614ad6a325d6d60…
append: e45 事件哈希 8c9677b0d662100b…
append: e46 事件哈希 c8595825c4dcb677…
append: e47 事件哈希 4c5ed1be0dc8c016…
append: e48 事件哈希 8794014d858f6be9…
append: e49 事件哈希 82d59fcac5926138…
append: e50 事件哈希 a4ccbd930aa09be8…
append: e51 事件哈希 33146d8c89985354…
append: e52 事件哈希 acbcc0264eb3fbec…
append: e53 事件哈希 7d052c5bf05e5af5…
append: e54 事件哈希 cb4d62dbee7e77f4…
append: e55 事件哈希 3c6eb2f0c8413fee…
append: e56 事件哈希 c37c677fef87e8a0…
append: e57 事件哈希 8e8b37dfc4ec68d9…
append: e58 事件哈希 430c7b391621f1ee…
append: e59 事件哈希 6ab68ffc904e11f5…
append: e60 事件哈希 30c455e7d6a39fae…
append: e61 事件哈希 841a4772fabde7c3…
append: e62 事件哈希 926eb393f0937fdf…
append: e63 事件哈希 9c9a9201e2c20a48…
append: e64 事件哈希 28d2b28dd84b020b…
append: e65 事件哈希 bf2275da6ba6011a…
append: e66 事件哈希 276bed77144424a8…
append: e67 事件哈希 84b059f279d76176…
append: e68 事件哈希 9e8176e90365a6c6…
append: e69 事件哈希 417014fdb34cb7a9…
append: e70 事件哈希 c9b16d8a3df3ad23…
append: e71 事件哈希 9fbd2bf866986f95…
append: e72 事件哈希 d41c445369d1a20c…
append: e73 事件哈希 f6d61a763c8a03ba…
append: e74 事件哈希 2c98b64dced5786a…
append: e75 事件哈希 916a93050ae94ed9…
append: e76 事件哈希 b6ead4dea006a6e1…
append: e77 事件哈希 20090314a07104ee…
append: e78 事件哈希 4a41322cd5cf1ebd…
append: e79 事件哈希 63fa96deee4b7eed…
build: 生成 spec.md / 提示词速查.md / citations.md → D:\临时工作区\大审查-工作包-20260909\衔尾蛇\sandbox\x17-A4-s19（手改生成区=违例）
install: L2 + [] → D:\临时工作区\大审查-工作包-20260909\衔尾蛇\sandbox\x17-A4-s19
  交付内容体 29 个（含 {SLOT} 待填文件 11 个——按 install 指南填槽）
  待填槽文件（示例）: modules/m-core/install.md, modules/m-core/template/ROOT-README.md, modules/m-index/install.md, modules/m-index/template/knowledge/_index.md, modules/m-tools/install.md…
  Merkle 根（排除 state.json）: 2679caed7c4301932632cd0a4ec3d48f48d78147d98fe02882e7cebcb83da3e9
  请将此根抄录至人侧（公理E）
append: e0 事件哈希 89d2831927d1ae63…
append: e1 事件哈希 31533129e4881262…
append: e2 事件哈希 c67d1737cb0dad4c…
append: e3 事件哈希 49e2d628342b227c…
append: e4 事件哈希 fb80cad99ebd45f7…
append: e5 事件哈希 454e79b77edc4ab9…
append: e6 事件哈希 f583156d35226360…
append: e7 事件哈希 a7a7ae8d04bffc4b…
append: e8 事件哈希 f66b3558cc48e00f…
append: e9 事件哈希 411c4f84db872f28…
append: e10 事件哈希 f81e7388488bc617…
append: e11 事件哈希 c3a04eddfca65b33…
append: e12 事件哈希 e2b48a11585eded8…
append: e13 事件哈希 081cd13daa059274…
append: e14 事件哈希 1d69e0a9d65cb435…
append: e15 事件哈希 2349aece380b7ce3…
append: e16 事件哈希 3ef0eb5a9e76ea18…
append: e17 事件哈希 9773ea334a3eafb9…
append: e18 事件哈希 0b32cb97cb0b758a…
append: e19 事件哈希 53e526eeccfeaf78…
append: e20 事件哈希 a92f284eff8d0ca2…
append: e21 事件哈希 2d43bb00ec06d598…
append: e22 事件哈希 e13c7127d29ff05c…
append: e23 事件哈希 0d4867bb9d641b8e…
append: e24 事件哈希 7f2a359ed31a70db…
append: e25 事件哈希 20420cb5a4f9aeff…
append: e26 事件哈希 0464b03dd4c3f45a…
append: e27 事件哈希 3f00f9b0f4ee345c…
append: e28 事件哈希 59123134742583bc…
append: e29 事件哈希 11609962f52eb645…
append: e30 事件哈希 bd348ccda80f690c…
append: e31 事件哈希 be5170bb9bcd46c3…
append: e32 事件哈希 0ebdadf4d9709d4f…
append: e33 事件哈希 5780857e329198ff…
append: e34 事件哈希 3835eb25dca1e015…
append: e35 事件哈希 6f754e6eb719009b…
append: e36 事件哈希 6c281ae432a518f0…
append: e37 事件哈希 1840ad1d344f3246…
append: e38 事件哈希 60b8548dfb2c1f6a…
append: e39 事件哈希 c79b7d94ced4ae0d…
append: e40 事件哈希 c02ab127fc9388a2…
append: e41 事件哈希 247cc288de9f9b64…
append: e42 事件哈希 0772d0ea2d708516…
append: e43 事件哈希 3f3342caa7e3daec…
append: e44 事件哈希 069e7ea6897abb6b…
append: e45 事件哈希 6dcd064ea5b4a377…
append: e46 事件哈希 27889f334a60ae9d…
append: e47 事件哈希 3e6cbe3625961478…
append: e48 事件哈希 645adab697b76f10…
append: e49 事件哈希 352d841b6723d6f8…
append: e50 事件哈希 c1c5379f90ffae9f…
append: e51 事件哈希 bcfaad7031cb296a…
append: e52 事件哈希 730cb84a8a511179…
append: e53 事件哈希 e22c8bf1aa475d32…
append: e54 事件哈希 e241f267489a77e7…
append: e55 事件哈希 5bc97d06ac774e13…
append: e56 事件哈希 b94283b9bda82b20…
append: e57 事件哈希 a2160e07b625a9d3…
append: e58 事件哈希 9790e2a95ba9907d…
append: e59 事件哈希 e3701a055f02ae32…
append: e60 事件哈希 d5e362ed82249412…
append: e61 事件哈希 9c25992c85f6fefd…
append: e62 事件哈希 6efdc28b86d49aaa…
append: e63 事件哈希 67e14c6b58df5f80…
append: e64 事件哈希 df4a67a2da1c0be3…
append: e65 事件哈希 1ff8f3b764c9214f…
append: e66 事件哈希 ee787adc04980daa…
append: e67 事件哈希 7dbe86fd7980b8da…
append: e68 事件哈希 dafc4975c902cf2f…
append: e69 事件哈希 3469a5e946af752b…
append: e70 事件哈希 cf64e74d83c5e8fe…
append: e71 事件哈希 d81229084c68730e…
append: e72 事件哈希 0b355ae2d647a003…
append: e73 事件哈希 0a47c1c847fb5614…
append: e74 事件哈希 55abf77988140186…
append: e75 事件哈希 49cfc5b38d1ac2d3…
append: e76 事件哈希 32110bec76baf0df…
append: e77 事件哈希 ae015f235adc1419…
append: e78 事件哈希 612984bb7a34fe10…
append: e79 事件哈希 2abc2bfc28f0f32d…
build: 生成 spec.md / 提示词速查.md / citations.md → D:\临时工作区\大审查-工作包-20260909\衔尾蛇\sandbox\x17-A4-s20（手改生成区=违例）
install: L2 + [] → D:\临时工作区\大审查-工作包-20260909\衔尾蛇\sandbox\x17-A4-s20
  交付内容体 29 个（含 {SLOT} 待填文件 11 个——按 install 指南填槽）
  待填槽文件（示例）: modules/m-core/install.md, modules/m-core/template/ROOT-README.md, modules/m-index/install.md, modules/m-index/template/knowledge/_index.md, modules/m-tools/install.md…
  Merkle 根（排除 state.json）: 9e99a157f84a1de9f6350bee892b651a644d1b217949c8f651107005ef98dad8
  请将此根抄录至人侧（公理E）
append: e0 事件哈希 89d2831927d1ae63…
append: e1 事件哈希 31533129e4881262…
append: e2 事件哈希 9bd4eaaa2343b73e…
append: e3 事件哈希 badd00fc3ec8ec09…
append: e4 事件哈希 9f9b54d519bce609…
append: e5 事件哈希 2401198be7497de9…
append: e6 事件哈希 37cbb74c52a9dda9…
append: e7 事件哈希 d84aa7a6268670ba…
append: e8 事件哈希 8d1af975b70a2568…
append: e9 事件哈希 8fe70cb70971b247…
append: e10 事件哈希 cb6b973afa111e55…
append: e11 事件哈希 3d4e3bfc584895ee…
append: e12 事件哈希 be732db00f125aa0…
append: e13 事件哈希 ae302df3650359e4…
append: e14 事件哈希 e791f40def4f3339…
append: e15 事件哈希 981834c296d5e0aa…
append: e16 事件哈希 8c184f92cb24662b…
append: e17 事件哈希 52bfba6d93beb6ce…
append: e18 事件哈希 52accd93e5f9dfa3…
append: e19 事件哈希 ccc2abd5dee47938…
append: e20 事件哈希 015b8d9b71793a76…
append: e21 事件哈希 dae1a1e63282d68a…
append: e22 事件哈希 b91dcd83b3600f17…
append: e23 事件哈希 02b937acccf0ef51…
append: e24 事件哈希 ae03e9532f339b66…
append: e25 事件哈希 1a71a5689b5a6f17…
append: e26 事件哈希 f85648152a12cb84…
append: e27 事件哈希 1167b3a2bc315367…
append: e28 事件哈希 48e56b8c51447122…
append: e29 事件哈希 88ae9eee31789d95…
append: e30 事件哈希 751f9a37d65d2c9b…
append: e31 事件哈希 f712474fe61acfa7…
append: e32 事件哈希 e995b3d62de99379…
append: e33 事件哈希 d273ad0a1f269767…
append: e34 事件哈希 786c5f7a7f59cf5b…
append: e35 事件哈希 71229cefc087f4e3…
append: e36 事件哈希 97b36ff1b3ba77a5…
append: e37 事件哈希 a6ad2e87640c6d77…
append: e38 事件哈希 cb52a1ac62c9d099…
append: e39 事件哈希 1701a9a0fb498a9e…
append: e40 事件哈希 e91b561170e2853c…
append: e41 事件哈希 1201000e1b4497ed…
append: e42 事件哈希 aba91e9bb9a9f902…
append: e43 事件哈希 10e070ff93944963…
append: e44 事件哈希 e8bfa3f0beba016b…
append: e45 事件哈希 5d6fd371609090ad…
append: e46 事件哈希 e65af40e71fce135…
append: e47 事件哈希 7081d99fcae3882b…
append: e48 事件哈希 669d45bf5b78b875…
append: e49 事件哈希 d5aad39d5c45b56c…
append: e50 事件哈希 04e1b22a73b22c02…
append: e51 事件哈希 1fed766f1e798f50…
append: e52 事件哈希 724afb93f6af5b7d…
append: e53 事件哈希 9bb0ec1147efd5f2…
append: e54 事件哈希 9899bf8b1dd77618…
append: e55 事件哈希 ec29e8c58c7732d9…
append: e56 事件哈希 bea1caac397a15ad…
append: e57 事件哈希 a914b3ae3373785c…
append: e58 事件哈希 8db21497dc0b8680…
append: e59 事件哈希 a7f0a73cceec444d…
append: e60 事件哈希 6969ef2a73babf2c…
append: e61 事件哈希 695a947433a2b834…
append: e62 事件哈希 30b9377181d61d31…
append: e63 事件哈希 e01469468cb3f4de…
append: e64 事件哈希 8df7e61321cba69a…
append: e65 事件哈希 f7c306005e150921…
append: e66 事件哈希 059bb9b05dc79735…
append: e67 事件哈希 b0a79bfc385abf99…
append: e68 事件哈希 1438de721c6ba1ea…
append: e69 事件哈希 345b3ece35852801…
append: e70 事件哈希 453eeb3fa2f60c5b…
append: e71 事件哈希 02b6cf2e0574a28e…
append: e72 事件哈希 9931f5d6ebc35510…
append: e73 事件哈希 f458a67254f74b41…
append: e74 事件哈希 771ca99899f3da02…
append: e75 事件哈希 937b6d415c1b23ab…
append: e76 事件哈希 7fe8a02c8fd4e73f…
append: e77 事件哈希 1117087ad7e64d06…
append: e78 事件哈希 c5ce9a5d2b42ab1d…
append: e79 事件哈希 817f7b2106493d87…
build: 生成 spec.md / 提示词速查.md / citations.md → D:\临时工作区\大审查-工作包-20260909\衔尾蛇\sandbox\x17-A4-s21（手改生成区=违例）
install: L2 + [] → D:\临时工作区\大审查-工作包-20260909\衔尾蛇\sandbox\x17-A4-s21
  交付内容体 29 个（含 {SLOT} 待填文件 11 个——按 install 指南填槽）
  待填槽文件（示例）: modules/m-core/install.md, modules/m-core/template/ROOT-README.md, modules/m-index/install.md, modules/m-index/template/knowledge/_index.md, modules/m-tools/install.md…
  Merkle 根（排除 state.json）: fd71469ffab8873b3da8ed3180476ed18dc51fc9e926cc28f42a7b92f599f05b
  请将此根抄录至人侧（公理E）
append: e0 事件哈希 aa6cb4371edac1b5…
append: e1 事件哈希 76861be6ec4e59a5…
append: e2 事件哈希 a5a95fba1547d5bd…
append: e3 事件哈希 09931ca89f226336…
append: e4 事件哈希 8353e451be9005d5…
append: e5 事件哈希 8d732668c5f9b25b…
append: e6 事件哈希 407d568f62fa7d6b…
append: e7 事件哈希 d39f3b34a911f803…
append: e8 事件哈希 3141186cfa0bfa53…
append: e9 事件哈希 ae2a1cb0b9f0986e…
append: e10 事件哈希 95f43bbc83271b9f…
append: e11 事件哈希 a83ae0f863ccc868…
append: e12 事件哈希 830f5c72d5162837…
append: e13 事件哈希 4acd17985b125641…
append: e14 事件哈希 0a7e526e4c84c8d6…
append: e15 事件哈希 5c5ae313ec06ffa6…
append: e16 事件哈希 c8531434e85f7966…
append: e17 事件哈希 e0a3fd4efb0e141e…
append: e18 事件哈希 6197c6072631737f…
append: e19 事件哈希 14e50faf3dbb7594…
append: e20 事件哈希 b04ff58484a5ebec…
append: e21 事件哈希 666dda77700d1a30…
append: e22 事件哈希 4c07b10f9fed65fd…
append: e23 事件哈希 7df0a14138046ade…
append: e24 事件哈希 744fbd7169b019db…
append: e25 事件哈希 e665ab244471f560…
append: e26 事件哈希 96ed4db27115faf2…
append: e27 事件哈希 8829ebabffe0d2eb…
append: e28 事件哈希 a6adbd1978670abb…
append: e29 事件哈希 9e09a11bbaf997ae…
append: e30 事件哈希 c49f34ff010f9cb4…
append: e31 事件哈希 f6404fd85177e99c…
append: e32 事件哈希 d7476e88f4f84e1d…
append: e33 事件哈希 2ace9994da03f1e4…
append: e34 事件哈希 27a40259614de3f9…
append: e35 事件哈希 2edaa63ba4064990…
append: e36 事件哈希 3c6b6099abc43bd4…
append: e37 事件哈希 87bf8b765ccf533d…
append: e38 事件哈希 c18b3975ca03fd4f…
append: e39 事件哈希 d8bd7fa4b90afd7c…
append: e40 事件哈希 1725a7c0e65851e4…
append: e41 事件哈希 6400d249d228cd6a…
append: e42 事件哈希 7291765bb8011528…
append: e43 事件哈希 35d748f38088640b…
append: e44 事件哈希 e6f84bafd658279d…
append: e45 事件哈希 2bbd1f9e36d1bb24…
append: e46 事件哈希 88273f850e0f99a2…
append: e47 事件哈希 6890d405ae60021d…
append: e48 事件哈希 9478ffbe5965be05…
append: e49 事件哈希 96ac31753c8aa422…
append: e50 事件哈希 5a5170a587830404…
append: e51 事件哈希 fc54a9a3269fc8c8…
append: e52 事件哈希 6421937b37ed17ff…
append: e53 事件哈希 82c725451e2b7506…
append: e54 事件哈希 bfb1335a499f02cd…
append: e55 事件哈希 7e50537833f6de7a…
append: e56 事件哈希 bf39637e5ea88826…
append: e57 事件哈希 06e2ad0b71241db0…
append: e58 事件哈希 c62f7f8431741702…
append: e59 事件哈希 9dc51ab0894bca08…
append: e60 事件哈希 1d29e934025ac53f…
append: e61 事件哈希 383e53dd0b14b49d…
append: e62 事件哈希 a91ca7c4cc87ba06…
append: e63 事件哈希 0603232489bf8f8b…
append: e64 事件哈希 eacdb9c9b99331b5…
append: e65 事件哈希 4cb6aa4518fad079…
append: e66 事件哈希 07fb215a2a7f145c…
append: e67 事件哈希 e60707b67cf18c9f…
append: e68 事件哈希 1849bc08a6701c78…
append: e69 事件哈希 7896540165b1eb5a…
append: e70 事件哈希 7889ec25530d2415…
append: e71 事件哈希 049d1b14c5608624…
append: e72 事件哈希 4578cb06e06f0b3c…
append: e73 事件哈希 6d9fd4c5dadceefe…
append: e74 事件哈希 4755a8018ff3b676…
append: e75 事件哈希 8cd6deeffb11b9bf…
append: e76 事件哈希 bf265442ca6462a4…
append: e77 事件哈希 cae3780a74378d6a…
append: e78 事件哈希 56c0c74cecbf8ca2…
append: e79 事件哈希 692352bf954f8322…
build: 生成 spec.md / 提示词速查.md / citations.md → D:\临时工作区\大审查-工作包-20260909\衔尾蛇\sandbox\x17-A4-s22（手改生成区=违例）
install: L2 + [] → D:\临时工作区\大审查-工作包-20260909\衔尾蛇\sandbox\x17-A4-s22
  交付内容体 29 个（含 {SLOT} 待填文件 11 个——按 install 指南填槽）
  待填槽文件（示例）: modules/m-core/install.md, modules/m-core/template/ROOT-README.md, modules/m-index/install.md, modules/m-index/template/knowledge/_index.md, modules/m-tools/install.md…
  Merkle 根（排除 state.json）: 72ca0129259141bda4637d4ebf2d154a0e677e4e4b3523d1e384356c34d75836
  请将此根抄录至人侧（公理E）
append: e0 事件哈希 89d2831927d1ae63…
append: e1 事件哈希 3af96412fb37a076…
append: e2 事件哈希 92fa724fb8bd2fe3…
append: e3 事件哈希 3614cf50271ed3ff…
append: e4 事件哈希 f83ecbc2b9cb2779…
append: e5 事件哈希 641d3f63428b7a24…
append: e6 事件哈希 c905e2908f77ff4d…
append: e7 事件哈希 ef28504c2cbff456…
append: e8 事件哈希 519c5ec73d21258b…
append: e9 事件哈希 47ee68b250beb464…
append: e10 事件哈希 1c2340a6c0cc36b6…
append: e11 事件哈希 c92c2c871a51b9f8…
append: e12 事件哈希 eb93ae3394c10e04…
append: e13 事件哈希 2205ab6594f75bce…
append: e14 事件哈希 f7dd4ada0382c87d…
append: e15 事件哈希 5f0986728915a979…
append: e16 事件哈希 093acba98df30799…
append: e17 事件哈希 9e2d7f50198fbae0…
append: e18 事件哈希 8844b595a8257ad2…
append: e19 事件哈希 87bc379f22740b03…
append: e20 事件哈希 dd9b58bc1585410e…
append: e21 事件哈希 62b580ee472fe9e7…
append: e22 事件哈希 c23b6e6908e46a5b…
append: e23 事件哈希 343b42cab14c6d08…
append: e24 事件哈希 b19396cc1a307477…
append: e25 事件哈希 6581db76be57a74c…
append: e26 事件哈希 4ff6285082f02a4b…
append: e27 事件哈希 7e4f069c2892f6fa…
append: e28 事件哈希 bd88cb5626e9b403…
append: e29 事件哈希 468ce83e5025b035…
append: e30 事件哈希 725db8d67cce126b…
append: e31 事件哈希 67347a67a2f62799…
append: e32 事件哈希 478c49243153359f…
append: e33 事件哈希 6e15cef5cdaa104a…
append: e34 事件哈希 e5260e6c9a984e0e…
append: e35 事件哈希 dfc39f28396a1028…
append: e36 事件哈希 c324619aa0f0230e…
append: e37 事件哈希 c3a8149e409c77f7…
append: e38 事件哈希 324f9e86297ca963…
append: e39 事件哈希 6928ce09638ed532…
append: e40 事件哈希 8ed5512c8df43371…
append: e41 事件哈希 f3ac8c497115a459…
append: e42 事件哈希 53f701f2f00eca13…
append: e43 事件哈希 017a234e7654aeb9…
append: e44 事件哈希 51b09d421fab5125…
append: e45 事件哈希 4886a9f701cfde57…
append: e46 事件哈希 20500a56d3876bff…
append: e47 事件哈希 e59d5eda4557ab4f…
append: e48 事件哈希 5503402fb3a8f826…
append: e49 事件哈希 d55930216b29df28…
append: e50 事件哈希 0f03717864797285…
append: e51 事件哈希 68e2991ab91784d7…
append: e52 事件哈希 f20dc445870e1e3d…
append: e53 事件哈希 662f377fb5c52aed…
append: e54 事件哈希 d8ed63714c22c915…
append: e55 事件哈希 d4fddf9cb8bddc60…
append: e56 事件哈希 f5569d1ffda54c73…
append: e57 事件哈希 30c46b5ad4efc238…
append: e58 事件哈希 04f4429e6666ed74…
append: e59 事件哈希 ffc7463b04267559…
append: e60 事件哈希 e77a0c3d6e0c4168…
append: e61 事件哈希 816d7fef4000360f…
append: e62 事件哈希 6078af200b1d63b0…
append: e63 事件哈希 33d78a2f95e64759…
append: e64 事件哈希 4e3de2f55e0a65e8…
append: e65 事件哈希 7281afdec33bcb45…
append: e66 事件哈希 962b91bba88419c6…
append: e67 事件哈希 6dd664b968b51f79…
append: e68 事件哈希 0efd36e744871eea…
append: e69 事件哈希 df568fcf70e531b5…
append: e70 事件哈希 30c8ca2f969315a3…
append: e71 事件哈希 528cfee556eb1592…
append: e72 事件哈希 ed401e55adcca477…
append: e73 事件哈希 468c2ef6e7f19d69…
append: e74 事件哈希 8a0627247550b47b…
append: e75 事件哈希 948a7a2de90bc11e…
append: e76 事件哈希 1e4dacd632623aa8…
append: e77 事件哈希 715ad06b1ea322cb…
append: e78 事件哈希 14d0bb17678625b6…
append: e79 事件哈希 a621a5ef1fecbdc6…
build: 生成 spec.md / 提示词速查.md / citations.md → D:\临时工作区\大审查-工作包-20260909\衔尾蛇\sandbox\x17-A4-s23（手改生成区=违例）
install: L2 + [] → D:\临时工作区\大审查-工作包-20260909\衔尾蛇\sandbox\x17-A4-s23
  交付内容体 29 个（含 {SLOT} 待填文件 11 个——按 install 指南填槽）
  待填槽文件（示例）: modules/m-core/install.md, modules/m-core/template/ROOT-README.md, modules/m-index/install.md, modules/m-index/template/knowledge/_index.md, modules/m-tools/install.md…
  Merkle 根（排除 state.json）: 551b32316ece97a915cad80f9217d86c74c41ddbab5ebfeed8086d5311784a29
  请将此根抄录至人侧（公理E）
append: e0 事件哈希 89d2831927d1ae63…
append: e1 事件哈希 31533129e4881262…
append: e2 事件哈希 c67d1737cb0dad4c…
append: e3 事件哈希 1e135be58c1e9c18…
append: e4 事件哈希 6d2c96e4e7bf0296…
append: e5 事件哈希 14dade9ca05672a8…
append: e6 事件哈希 f9a5cfa27d420827…
append: e7 事件哈希 2afb7abf4cf3c49f…
append: e8 事件哈希 dc8c8a9b14c8ae7b…
append: e9 事件哈希 67b0c150143c4f38…
append: e10 事件哈希 ff296e975ccfe673…
append: e11 事件哈希 81f11f2155d6e3fa…
append: e12 事件哈希 3a1cc5e6a009b417…
append: e13 事件哈希 aaf7bf7f0561f1aa…
append: e14 事件哈希 76b300913ca261c0…
append: e15 事件哈希 bc1ef89a12c87f96…
append: e16 事件哈希 3655dde082d76014…
append: e17 事件哈希 87c180ae16893406…
append: e18 事件哈希 db84fec2b9cac0a5…
append: e19 事件哈希 db1b041dcdebf7ef…
append: e20 事件哈希 879d16c8e75dd0ad…
append: e21 事件哈希 8d9e57a45958b7db…
append: e22 事件哈希 84e8e4bd1cc6e0d1…
append: e23 事件哈希 69270c175cc34026…
append: e24 事件哈希 5b99dbc58fb002d3…
append: e25 事件哈希 030d87196aa74eec…
append: e26 事件哈希 785f05402831ae1c…
append: e27 事件哈希 f46060f1a4d47912…
append: e28 事件哈希 e9610d1271d9d96b…
append: e29 事件哈希 4d9e0f58e4aeb012…
append: e30 事件哈希 37f5b9b44ce17800…
append: e31 事件哈希 28c7e4f2f4c13b22…
append: e32 事件哈希 1320cd2ae0ee25bf…
append: e33 事件哈希 e43e75fd877517e3…
append: e34 事件哈希 2fe3584e5f868610…
append: e35 事件哈希 9b5c91ce1ea2b406…
append: e36 事件哈希 1d6c0d702e2d3c13…
append: e37 事件哈希 2d81da9dfdd1ecbc…
append: e38 事件哈希 9f7272d72b6d3e3d…
append: e39 事件哈希 2aac04a7aff1051c…
append: e40 事件哈希 30f98ddcfafbbf47…
append: e41 事件哈希 635feaef8131a741…
append: e42 事件哈希 66ee8ea2691d27eb…
append: e43 事件哈希 24aeb81cdbc4e51c…
append: e44 事件哈希 328facc27f77a7e1…
append: e45 事件哈希 9057cf25926193bf…
append: e46 事件哈希 3c21c93618f4bed5…
append: e47 事件哈希 5f731f027abb9c3d…
append: e48 事件哈希 d01d5fb642168fd5…
append: e49 事件哈希 01d13ade078b80ad…
append: e50 事件哈希 c43f3d1d190364ca…
append: e51 事件哈希 4ed95acc19cb2cab…
append: e52 事件哈希 e3d4cfd32f0ce288…
append: e53 事件哈希 db6fd4bebc10764d…
append: e54 事件哈希 7b2239095e934317…
append: e55 事件哈希 d99925f5d678b192…
append: e56 事件哈希 3b79a9eecbcfe622…
append: e57 事件哈希 7331c3f9b7f12916…
append: e58 事件哈希 dec84a3e1bd97268…
append: e59 事件哈希 29f4c16a74d90a69…
append: e60 事件哈希 5c8c72dbf722a508…
append: e61 事件哈希 b67d5cb7fe59ed36…
append: e62 事件哈希 00fef5ec66dceec9…
append: e63 事件哈希 dcd49768ffbe8a52…
append: e64 事件哈希 c48bf0421e2a1624…
append: e65 事件哈希 47b324dd7306fea7…
append: e66 事件哈希 dad7c66948ed9c0d…
append: e67 事件哈希 f8c4f6f2593a65c3…
append: e68 事件哈希 bcd671326f8799c1…
append: e69 事件哈希 0c8dbb18c8c14227…
append: e70 事件哈希 c66d86df3d4988fc…
append: e71 事件哈希 c1a1b8e969924073…
append: e72 事件哈希 d2930021b21ca4dc…
append: e73 事件哈希 50a5c8d1c7f00ec5…
append: e74 事件哈希 ce41b875aef32e88…
append: e75 事件哈希 98261a71e11124dc…
append: e76 事件哈希 c64a891886008ada…
append: e77 事件哈希 56a348a51906d181…
append: e78 事件哈希 baa98fd63815c839…
append: e79 事件哈希 271cd29dd5de2c78…
build: 生成 spec.md / 提示词速查.md / citations.md → D:\临时工作区\大审查-工作包-20260909\衔尾蛇\sandbox\x17-A4-s24（手改生成区=违例）
install: L2 + [] → D:\临时工作区\大审查-工作包-20260909\衔尾蛇\sandbox\x17-A4-s24
  交付内容体 29 个（含 {SLOT} 待填文件 11 个——按 install 指南填槽）
  待填槽文件（示例）: modules/m-core/install.md, modules/m-core/template/ROOT-README.md, modules/m-index/install.md, modules/m-index/template/knowledge/_index.md, modules/m-tools/install.md…
  Merkle 根（排除 state.json）: 10ae606b0d5b2e08e7fa2e8cca2d8048dc4ce18f5166a0020b5b8615dbf5394f
  请将此根抄录至人侧（公理E）
append: e0 事件哈希 aa6cb4371edac1b5…
append: e1 事件哈希 c18cfad4c15f8340…
append: e2 事件哈希 aaa4cd6b4967640a…
append: e3 事件哈希 20d5c7f471067b22…
append: e4 事件哈希 81ab854a1dd3a430…
append: e5 事件哈希 707cdad842a3dbfc…
append: e6 事件哈希 4c8749c914884c9f…
append: e7 事件哈希 0e24406e39c72d93…
append: e8 事件哈希 5849c07f3df29f97…
append: e9 事件哈希 c821c64241004794…
append: e10 事件哈希 28cba30203d5c7a1…
append: e11 事件哈希 94846295d08cb7d6…
append: e12 事件哈希 9ba4992958a380e7…
append: e13 事件哈希 d6c824f90deeaa8f…
append: e14 事件哈希 d796180244295ebc…
append: e15 事件哈希 cca2ef8bc288ce35…
append: e16 事件哈希 10c6b98c6a60c4ae…
append: e17 事件哈希 80ae9157bfbf9d95…
append: e18 事件哈希 23b715c327a50821…
append: e19 事件哈希 8ab2a989c75df830…
append: e20 事件哈希 387e8d79733a03c6…
append: e21 事件哈希 d17b0793105480f7…
append: e22 事件哈希 a9870f469b1f5db6…
append: e23 事件哈希 f1699d1c2b02baa5…
append: e24 事件哈希 8bcaacb1947217ac…
append: e25 事件哈希 2f51243182b9bc8e…
append: e26 事件哈希 bf7176a5d28cc2e1…
append: e27 事件哈希 d9a94d179ab32856…
append: e28 事件哈希 889ac8754c9c924e…
append: e29 事件哈希 149e588a0dbc953f…
append: e30 事件哈希 319adef3be97ddf2…
append: e31 事件哈希 dbdcc2ca0c1e5de1…
append: e32 事件哈希 1ed4d5c1d175ea72…
append: e33 事件哈希 6ecf002e48cde892…
append: e34 事件哈希 77bacec73410c77e…
append: e35 事件哈希 f41942dfe88b5fae…
append: e36 事件哈希 5d1aee74d7931457…
append: e37 事件哈希 3a01b3e00638fb84…
append: e38 事件哈希 cf1a7382304db9e5…
append: e39 事件哈希 05b47df9a761a8d9…
append: e40 事件哈希 fc57d4382f069ef0…
append: e41 事件哈希 3ebc2430d5f6738c…
append: e42 事件哈希 a4328d392e2fd4ab…
append: e43 事件哈希 246bd0915420e036…
append: e44 事件哈希 3ec714f9a27c4bee…
append: e45 事件哈希 a63e1c1ebf3945ba…
append: e46 事件哈希 e3b65d782caf2c0a…
append: e47 事件哈希 d495b12bbcabf905…
append: e48 事件哈希 0e36a32101fab3f4…
append: e49 事件哈希 ad51ba690b1433ca…
append: e50 事件哈希 359930714fe0c9a1…
append: e51 事件哈希 f2f8a579675515e0…
append: e52 事件哈希 25a61ea6237814f8…
append: e53 事件哈希 03018f80ae9dcca4…
append: e54 事件哈希 086def9ec17b7261…
append: e55 事件哈希 835a20e09aa95ded…
append: e56 事件哈希 b3707f3bdd05757c…
append: e57 事件哈希 c1bffbe7e805e406…
append: e58 事件哈希 86f02cf9fcb2caa8…
append: e59 事件哈希 6ee98f750d187318…
append: e60 事件哈希 f82e5a3d029bb7d4…
append: e61 事件哈希 97b53d6f8d39e9d7…
append: e62 事件哈希 75be068fd784fbbc…
append: e63 事件哈希 0ead8958cc9230d2…
append: e64 事件哈希 22b87e7c3c14d34f…
append: e65 事件哈希 0425b9cd7b99b497…
append: e66 事件哈希 f86a69556be48b50…
append: e67 事件哈希 9f84e495cf81a98c…
append: e68 事件哈希 913897c77232c135…
append: e69 事件哈希 28b6b5a78d9647c5…
append: e70 事件哈希 b4b66fd7a3553b95…
append: e71 事件哈希 5a07bc700dd0c906…
append: e72 事件哈希 23a0c0618ff7a782…
append: e73 事件哈希 c7d62d826a1f88d7…
append: e74 事件哈希 70fc63c8e3d9857b…
append: e75 事件哈希 b91fe32b7223f052…
append: e76 事件哈希 a92d4c716d83e1ba…
append: e77 事件哈希 b6796e2ec82f48fb…
append: e78 事件哈希 5691f6380bd472e6…
append: e79 事件哈希 f442688f6079757f…
[A4] recall均值=1.0 受伤=0/24 doctor异常=0
边际 A1−A0: +0.0000 (t=0.0)
边际 A2−A1: +0.0000 (t=0.0)
边际 A3−A2: +0.0000 (t=0.0)
边际 A4−A3: +0.0000 (t=0.0)
判定：INCONCLUSIVE（本世界危险梯度不足以产生断崖——边界登记）
X17 完成 1387.4s
exit=0
