===== 本体库 =====
迷深实战-本体库/aliases.jsonl
迷深实战-本体库/appearances.jsonl
迷深实战-本体库/evidence-graph-edges.jsonl
迷深实战-本体库/ledger.jsonl
迷深实战-本体库/libraries/character/provisional/cand-entity-0013930c15ba.json
迷深实战-本体库/libraries/character/provisional/cand-entity-011514d20d70.json
迷深实战-本体库/libraries/character/provisional/cand-entity-01b74756783b.json
迷深实战-本体库/libraries/character/provisional/cand-entity-01df50125682.json
迷深实战-本体库/libraries/character/provisional/cand-entity-0201415c3317.json
迷深实战-本体库/libraries/character/provisional/cand-entity-02de44b48ff2.json
迷深实战-本体库/libraries/character/provisional/cand-entity-039d7ac18b00-m.json
迷深实战-本体库/libraries/character/provisional/cand-entity-039d7ac18b00-m3.json
迷深实战-本体库/libraries/character/provisional/cand-entity-039d7ac18b00.json
迷深实战-本体库/libraries/character/provisional/cand-entity-03bacab1e54a.json
迷深实战-本体库/libraries/character/provisional/cand-entity-03f7e01f933a-m2.json
迷深实战-本体库/libraries/character/provisional/cand-entity-03f7e01f933a.json
迷深实战-本体库/libraries/character/provisional/cand-entity-056f6f081f86.json
迷深实战-本体库/libraries/character/provisional/cand-entity-064d3153b4f9.json
迷深实战-本体库/libraries/character/provisional/cand-entity-06d403f16c76.json
迷深实战-本体库/libraries/character/provisional/cand-entity-08c366cd22c7.json
迷深实战-本体库/libraries/character/provisional/cand-entity-098a0f2ac488.json
迷深实战-本体库/libraries/character/provisional/cand-entity-0ae5575ed143-m-m-m.json
迷深实战-本体库/libraries/character/provisional/cand-entity-0ae5575ed143-m-m.json
迷深实战-本体库/libraries/character/provisional/cand-entity-0ae5575ed143-m.json
迷深实战-本体库/libraries/character/provisional/cand-entity-0ae5575ed143-m5.json
迷深实战-本体库/libraries/character/provisional/cand-entity-0ae5575ed143.json
迷深实战-本体库/libraries/character/provisional/cand-entity-0b07c5658ab3-m.json
迷深实战-本体库/libraries/character/provisional/cand-entity-0b07c5658ab3.json
迷深实战-本体库/libraries/character/provisional/cand-entity-0c5f1fe34912.json
迷深实战-本体库/libraries/character/provisional/cand-entity-0c9ca61ca7c8.json
迷深实战-本体库/libraries/character/provisional/cand-entity-0cd494fd698f-m-m-m.json
迷深实战-本体库/libraries/character/provisional/cand-entity-0cd494fd698f-m-m.json
迷深实战-本体库/libraries/character/provisional/cand-entity-0cd494fd698f-m.json
迷深实战-本体库/libraries/character/provisional/cand-entity-0cd494fd698f.json
迷深实战-本体库/libraries/character/provisional/cand-entity-0d4a95768a85.json
迷深实战-本体库/libraries/character/provisional/cand-entity-0d8256fc5051.json
迷深实战-本体库/libraries/character/provisional/cand-entity-0daf6c41b10c.json
迷深实战-本体库/libraries/character/provisional/cand-entity-0dbb678b07b4.json
迷深实战-本体库/libraries/character/provisional/cand-entity-0e98f42838c6.json
迷深实战-本体库/libraries/character/provisional/cand-entity-0ec63b2cb56d.json
迷深实战-本体库/libraries/character/provisional/cand-entity-0f0405a8285b-m-m-m-m-m-m-m-m-m-m-m-m-m-m-m-m-m-m-m-m-m-m-m-m-m-m-m-m-m-m-m-m-m-m-m-m-m-m-m.json
迷深实战-本体库/libraries/character/provisional/cand-entity-0f0405a8285b-m-m-m-m-m-m-m-m-m-m-m-m-m-m-m-m-m-m-m-m-m-m-m-m-m-m-m-m-m-m-m-m-m-m-m-m-m-m.json
迷深实战-本体库/libraries/character/provisional/cand-entity-0f0405a8285b-m-m-m-m-m-m-m-m-m-m-m-m-m-m-m-m-m-m-m-m-m-m-m-m-m-m-m-m-m-m-m-m-m-m-m-m-m.json
迷深实战-本体库/libraries/character/provisional/cand-entity-0f0405a8285b-m-m-m-m-m-m-m-m-m-m-m-m-m-m-m-m-m-m-m-m-m-m-m-m-m-m-m-m-m-m-m-m-m-m-m-m.json
迷深实战-本体库/libraries/character/provisional/cand-entity-0f0405a8285b-m-m-m-m-m-m-m-m-m-m-m-m-m-m-m-m-m-m-m-m-m-m-m-m-m-m-m-m-m-m-m-m-m-m-m.json
迷深实战-本体库/libraries/character/provisional/cand-entity-0f0405a8285b-m-m-m-m-m-m-m-m-m-m-m-m-m-m-m-m-m-m-m-m-m-m-m-m-m-m-m-m-m-m-m-m-m-m.json
迷深实战-本体库/libraries/character/provisional/cand-entity-0f0405a8285b-m-m-m-m-m-m-m-m-m-m-m-m-m-m-m-m-m-m-m-m-m-m-m-m-m-m-m-m-m-m-m-m-m.json
迷深实战-本体库/libraries/character/provisional/cand-entity-0f0405a8285b-m-m-m-m-m-m-m-m-m-m-m-m-m-m-m-m-m-m-m-m-m-m-m-m-m-m-m-m-m-m-m-m.json
迷深实战-本体库/libraries/character/provisional/cand-entity-0f0405a8285b-m-m-m-m-m-m-m-m-m-m-m-m-m-m-m-m-m-m-m-m-m-m-m-m-m-m-m-m-m-m-m.json
迷深实战-本体库/libraries/character/provisional/cand-entity-0f0405a8285b-m-m-m-m-m-m-m-m-m-m-m-m-m-m-m-m-m-m-m-m-m-m-m-m-m-m-m-m-m-m.json
迷深实战-本体库/libraries/character/provisional/cand-entity-0f0405a8285b-m-m-m-m-m-m-m-m-m-m-m-m-m-m-m-m-m-m-m-m-m-m-m-m-m-m-m-m-m.json
迷深实战-本体库/libraries/character/provisional/cand-entity-0f0405a8285b-m-m-m-m-m-m-m-m-m-m-m-m-m-m-m-m-m-m-m-m-m-m-m-m-m-m-m-m.json
迷深实战-本体库/libraries/character/provisional/cand-entity-0f0405a8285b-m-m-m-m-m-m-m-m-m-m-m-m-m-m-m-m-m-m-m-m-m-m-m-m-m-m-m.json
迷深实战-本体库/libraries/character/provisional/cand-entity-0f0405a8285b-m-m-m-m-m-m-m-m-m-m-m-m-m-m-m-m-m-m-m-m-m-m-m-m-m-m.json
迷深实战-本体库/libraries/character/provisional/cand-entity-0f0405a8285b-m-m-m-m-m-m-m-m-m-m-m-m-m-m-m-m-m-m-m-m-m-m-m-m-m.json
迷深实战-本体库/libraries/character/provisional/cand-entity-0f0405a8285b-m-m-m-m-m-m-m-m-m-m-m-m-m-m-m-m-m-m-m-m-m-m-m-m.json
迷深实战-本体库/libraries/character/provisional/cand-entity-0f0405a8285b-m-m-m-m-m-m-m-m-m-m-m-m-m-m-m-m-m-m-m-m-m-m-m.json
迷深实战-本体库/libraries/character/provisional/cand-entity-0f0405a8285b-m-m-m-m-m-m-m-m-m-m-m-m-m-m-m-m-m-m-m-m-m-m.json
迷深实战-本体库/libraries/character/provisional/cand-entity-0f0405a8285b-m-m-m-m-m-m-m-m-m-m-m-m-m-m-m-m-m-m-m-m-m.json
迷深实战-本体库/libraries/character/provisional/cand-entity-0f0405a8285b-m-m-m-m-m-m-m-m-m-m-m-m-m-m-m-m-m-m-m-m.json
迷深实战-本体库/libraries/character/provisional/cand-entity-0f0405a8285b-m-m-m-m-m-m-m-m-m-m-m-m-m-m-m-m-m-m-m.json
迷深实战-本体库/libraries/character/provisional/cand-entity-0f0405a8285b-m-m-m-m-m-m-m-m-m-m-m-m-m-m-m-m-m-m.json
迷深实战-本体库/libraries/character/provisional/cand-entity-0f0405a8285b-m-m-m-m-m-m-m-m-m-m-m-m-m-m-m-m-m.json
迷深实战-本体库/libraries/character/provisional/cand-entity-0f0405a8285b-m-m-m-m-m-m-m-m-m-m-m-m-m-m-m-m.json
迷深实战-本体库/libraries/character/provisional/cand-entity-0f0405a8285b-m-m-m-m-m-m-m-m-m-m-m-m-m-m-m.json
迷深实战-本体库/libraries/character/provisional/cand-entity-0f0405a8285b-m-m-m-m-m-m-m-m-m-m-m-m-m-m.json
迷深实战-本体库/libraries/character/provisional/cand-entity-0f0405a8285b-m-m-m-m-m-m-m-m-m-m-m-m-m.json
迷深实战-本体库/libraries/character/provisional/cand-entity-0f0405a8285b-m-m-m-m-m-m-m-m-m-m-m-m.json
迷深实战-本体库/libraries/character/provisional/cand-entity-0f0405a8285b-m-m-m-m-m-m-m-m-m-m-m.json
迷深实战-本体库/libraries/character/provisional/cand-entity-0f0405a8285b-m-m-m-m-m-m-m-m-m-m.json
迷深实战-本体库/libraries/character/provisional/cand-entity-0f0405a8285b-m-m-m-m-m-m-m-m-m.json
迷深实战-本体库/libraries/character/provisional/cand-entity-0f0405a8285b-m-m-m-m-m-m-m-m.json
迷深实战-本体库/libraries/character/provisional/cand-entity-0f0405a8285b-m-m-m-m-m-m-m.json
迷深实战-本体库/libraries/character/provisional/cand-entity-0f0405a8285b-m-m-m-m-m-m.json
迷深实战-本体库/libraries/character/provisional/cand-entity-0f0405a8285b-m-m-m-m-m.json
迷深实战-本体库/libraries/character/provisional/cand-entity-0f0405a8285b-m-m-m-m.json
迷深实战-本体库/libraries/character/provisional/cand-entity-0f0405a8285b-m-m-m.json
迷深实战-本体库/libraries/character/provisional/cand-entity-0f0405a8285b-m-m.json
迷深实战-本体库/libraries/character/provisional/cand-entity-0f0405a8285b-m.json
迷深实战-本体库/libraries/character/provisional/cand-entity-0f0405a8285b-m41.json
迷深实战-本体库/libraries/character/provisional/cand-entity-0f0405a8285b-m42.json
迷深实战-本体库/libraries/character/provisional/cand-entity-0f0405a8285b-m43.json
迷深实战-本体库/libraries/character/provisional/cand-entity-0f0405a8285b-m44.json
迷深实战-本体库/libraries/character/provisional/cand-entity-0f0405a8285b-m45.json
迷深实战-本体库/libraries/character/provisional/cand-entity-0f0405a8285b-m46.json
迷深实战-本体库/libraries/character/provisional/cand-entity-0f0405a8285b-m47.json
迷深实战-本体库/libraries/character/provisional/cand-entity-0f0405a8285b-m48.json
迷深实战-本体库/libraries/character/provisional/cand-entity-0f0405a8285b-m49.json
迷深实战-本体库/libraries/character/provisional/cand-entity-0f0405a8285b-m50.json
迷深实战-本体库/libraries/character/provisional/cand-entity-0f0405a8285b-m51.json
迷深实战-本体库/libraries/character/provisional/cand-entity-0f0405a8285b.json
迷深实战-本体库/libraries/character/provisional/cand-entity-0f1bf13a6466.json
迷深实战-本体库/libraries/character/provisional/cand-entity-0f92a1314f71.json
迷深实战-本体库/libraries/character/provisional/cand-entity-0fd57f50c857.json
迷深实战-本体库/libraries/character/provisional/cand-entity-100f02f006c5.json
迷深实战-本体库/libraries/character/provisional/cand-entity-103470e2eb81.json
迷深实战-本体库/libraries/character/provisional/cand-entity-104fe9609289.json
迷深实战-本体库/libraries/character/provisional/cand-entity-106ade3052f4-m.json
迷深实战-本体库/libraries/character/provisional/cand-entity-106ade3052f4-m3.json
迷深实战-本体库/libraries/character/provisional/cand-entity-106ade3052f4.json
迷深实战-本体库/libraries/character/provisional/cand-entity-11458368a1d6.json
迷深实战-本体库/libraries/character/provisional/cand-entity-119e846c9de4.json
迷深实战-本体库/libraries/character/provisional/cand-entity-121b4652fa68-m.json
迷深实战-本体库/libraries/character/provisional/cand-entity-121b4652fa68-m3.json
迷深实战-本体库/libraries/character/provisional/cand-entity-121b4652fa68-m4.json
迷深实战-本体库/libraries/character/provisional/cand-entity-121b4652fa68-m5.json
迷深实战-本体库/libraries/character/provisional/cand-entity-121b4652fa68.json
迷深实战-本体库/libraries/character/provisional/cand-entity-13974ba88dee-m.json
迷深实战-本体库/libraries/character/provisional/cand-entity-13974ba88dee.json
迷深实战-本体库/libraries/character/provisional/cand-entity-147c2bc1a772-m.json
迷深实战-本体库/libraries/character/provisional/cand-entity-147c2bc1a772.json
迷深实战-本体库/libraries/character/provisional/cand-entity-14bcf15cf50d-m2.json
迷深实战-本体库/libraries/character/provisional/cand-entity-14bcf15cf50d.json
迷深实战-本体库/libraries/character/provisional/cand-entity-15241c091be5.json
迷深实战-本体库/libraries/character/provisional/cand-entity-164a09052ecf-m2.json
迷深实战-本体库/libraries/character/provisional/cand-entity-164a09052ecf.json
迷深实战-本体库/libraries/character/provisional/cand-entity-167296b57eb5.json
迷深实战-本体库/libraries/character/provisional/cand-entity-16db8c35eeb2-m-m-m.json
迷深实战-本体库/libraries/character/provisional/cand-entity-16db8c35eeb2-m-m.json
迷深实战-本体库/libraries/character/provisional/cand-entity-16db8c35eeb2-m.json
迷深实战-本体库/libraries/character/provisional/cand-entity-16db8c35eeb2.json
迷深实战-本体库/libraries/character/provisional/cand-entity-17b0896801e2-m.json
迷深实战-本体库/libraries/character/provisional/cand-entity-17b0896801e2-m3.json
迷深实战-本体库/libraries/character/provisional/cand-entity-17b0896801e2-m4.json
迷深实战-本体库/libraries/character/provisional/cand-entity-17b0896801e2.json
迷深实战-本体库/libraries/character/provisional/cand-entity-1849ebb23bf9.json
迷深实战-本体库/libraries/character/provisional/cand-entity-1865ea21a99a.json
迷深实战-本体库/libraries/character/provisional/cand-entity-18f4f055e0e5.json
迷深实战-本体库/libraries/character/provisional/cand-entity-19f341955628-m-m-m-m-m-m-m-m-m-m-m.json
迷深实战-本体库/libraries/character/provisional/cand-entity-19f341955628-m-m-m-m-m-m-m-m-m-m.json
迷深实战-本体库/libraries/character/provisional/cand-entity-19f341955628-m-m-m-m-m-m-m-m-m.json
迷深实战-本体库/libraries/character/provisional/cand-entity-19f341955628-m-m-m-m-m-m-m-m.json
迷深实战-本体库/libraries/character/provisional/cand-entity-19f341955628-m-m-m-m-m-m-m.json
迷深实战-本体库/libraries/character/provisional/cand-entity-19f341955628-m-m-m-m-m-m.json
迷深实战-本体库/libraries/character/provisional/cand-entity-19f341955628-m-m-m-m-m.json
迷深实战-本体库/libraries/character/provisional/cand-entity-19f341955628-m-m-m-m.json
迷深实战-本体库/libraries/character/provisional/cand-entity-19f341955628-m-m-m.json
迷深实战-本体库/libraries/character/provisional/cand-entity-19f341955628-m-m.json
迷深实战-本体库/libraries/character/provisional/cand-entity-19f341955628-m.json
迷深实战-本体库/libraries/character/provisional/cand-entity-19f341955628-m13.json
迷深实战-本体库/libraries/character/provisional/cand-entity-19f341955628-m14.json
迷深实战-本体库/libraries/character/provisional/cand-entity-19f341955628-m15.json
迷深实战-本体库/libraries/character/provisional/cand-entity-19f341955628-m16.json
迷深实战-本体库/libraries/character/provisional/cand-entity-19f341955628-m17.json
迷深实战-本体库/libraries/character/provisional/cand-entity-19f341955628-m18.json
迷深实战-本体库/libraries/character/provisional/cand-entity-19f341955628-m19.json
迷深实战-本体库/libraries/character/provisional/cand-entity-19f341955628-m20.json
迷深实战-本体库/libraries/character/provisional/cand-entity-19f341955628-m21.json
迷深实战-本体库/libraries/character/provisional/cand-entity-19f341955628-m22.json
迷深实战-本体库/libraries/character/provisional/cand-entity-19f341955628-m23.json
迷深实战-本体库/libraries/character/provisional/cand-entity-19f341955628-m24.json
迷深实战-本体库/libraries/character/provisional/cand-entity-19f341955628-m25.json
迷深实战-本体库/libraries/character/provisional/cand-entity-19f341955628-m26.json
迷深实战-本体库/libraries/character/provisional/cand-entity-19f341955628-m27.json
迷深实战-本体库/libraries/character/provisional/cand-entity-19f341955628-m28.json
迷深实战-本体库/libraries/character/provisional/cand-entity-19f341955628-m29.json
迷深实战-本体库/libraries/character/provisional/cand-entity-19f341955628-m30.json
迷深实战-本体库/libraries/character/provisional/cand-entity-19f341955628-m31.json
迷深实战-本体库/libraries/character/provisional/cand-entity-19f341955628-m32.json
迷深实战-本体库/libraries/character/provisional/cand-entity-19f341955628.json
迷深实战-本体库/libraries/character/provisional/cand-entity-1afc3a78553d.json
迷深实战-本体库/libraries/character/provisional/cand-entity-1b3fc9035d23.json
迷深实战-本体库/libraries/character/provisional/cand-entity-1b4096d568dc.json
迷深实战-本体库/libraries/character/provisional/cand-entity-1b6f00db33a4.json
迷深实战-本体库/libraries/character/provisional/cand-entity-1b9c6aca9efc-m2.json
迷深实战-本体库/libraries/character/provisional/cand-entity-1b9c6aca9efc.json
迷深实战-本体库/libraries/character/provisional/cand-entity-1c5cf8850f40.json
迷深实战-本体库/libraries/character/provisional/cand-entity-1c9fd60bf924.json
迷深实战-本体库/libraries/character/provisional/cand-entity-1d00fdf763aa.json
迷深实战-本体库/libraries/character/provisional/cand-entity-1d152f25c90b.json
迷深实战-本体库/libraries/character/provisional/cand-entity-1e5ff0127231-m2.json
迷深实战-本体库/libraries/character/provisional/cand-entity-1e5ff0127231-m3.json
迷深实战-本体库/libraries/character/provisional/cand-entity-1e5ff0127231-m4.json
迷深实战-本体库/libraries/character/provisional/cand-entity-1e5ff0127231.json
迷深实战-本体库/libraries/character/provisional/cand-entity-1f4926be69cc-m-m-m-m-m-m.json
迷深实战-本体库/libraries/character/provisional/cand-entity-1f4926be69cc-m-m-m-m-m.json
迷深实战-本体库/libraries/character/provisional/cand-entity-1f4926be69cc-m-m-m-m.json
迷深实战-本体库/libraries/character/provisional/cand-entity-1f4926be69cc-m-m-m.json
迷深实战-本体库/libraries/character/provisional/cand-entity-1f4926be69cc-m-m.json
迷深实战-本体库/libraries/character/provisional/cand-entity-1f4926be69cc-m.json
迷深实战-本体库/libraries/character/provisional/cand-entity-1f4926be69cc.json
迷深实战-本体库/libraries/character/provisional/cand-entity-1fb28fe7c0d9.json
迷深实战-本体库/libraries/character/provisional/cand-entity-20724c6ab558.json
迷深实战-本体库/libraries/character/provisional/cand-entity-214d136cf2e6.json
迷深实战-本体库/libraries/character/provisional/cand-entity-2243563f1a1e.json
迷深实战-本体库/libraries/character/provisional/cand-entity-237563cfdd18.json
迷深实战-本体库/libraries/character/provisional/cand-entity-23a927488e25.json
迷深实战-本体库/libraries/character/provisional/cand-entity-23ef103d5db4-m.json
迷深实战-本体库/libraries/character/provisional/cand-entity-23ef103d5db4-m10.json
迷深实战-本体库/libraries/character/provisional/cand-entity-23ef103d5db4-m11.json
迷深实战-本体库/libraries/character/provisional/cand-entity-23ef103d5db4-m12.json
迷深实战-本体库/libraries/character/provisional/cand-entity-23ef103d5db4-m13.json
迷深实战-本体库/libraries/character/provisional/cand-entity-23ef103d5db4-m14.json
迷深实战-本体库/libraries/character/provisional/cand-entity-23ef103d5db4-m15.json
迷深实战-本体库/libraries/character/provisional/cand-entity-23ef103d5db4-m16.json
迷深实战-本体库/libraries/character/provisional/cand-entity-23ef103d5db4-m17.json
迷深实战-本体库/libraries/character/provisional/cand-entity-23ef103d5db4-m18.json
迷深实战-本体库/libraries/character/provisional/cand-entity-23ef103d5db4-m3.json
迷深实战-本体库/libraries/character/provisional/cand-entity-23ef103d5db4-m4.json
迷深实战-本体库/libraries/character/provisional/cand-entity-23ef103d5db4-m5.json
迷深实战-本体库/libraries/character/provisional/cand-entity-23ef103d5db4-m6.json
迷深实战-本体库/libraries/character/provisional/cand-entity-23ef103d5db4-m7.json
迷深实战-本体库/libraries/character/provisional/cand-entity-23ef103d5db4-m8.json
迷深实战-本体库/libraries/character/provisional/cand-entity-23ef103d5db4-m9.json
迷深实战-本体库/libraries/character/provisional/cand-entity-23ef103d5db4.json
迷深实战-本体库/libraries/character/provisional/cand-entity-255e7700c612.json
迷深实战-本体库/libraries/character/provisional/cand-entity-25ce3a56a9ba.json
迷深实战-本体库/libraries/character/provisional/cand-entity-25f0e160744b.json
迷深实战-本体库/libraries/character/provisional/cand-entity-27ba4e8ea602-m.json
迷深实战-本体库/libraries/character/provisional/cand-entity-27ba4e8ea602-m3.json
迷深实战-本体库/libraries/character/provisional/cand-entity-27ba4e8ea602-m4.json
迷深实战-本体库/libraries/character/provisional/cand-entity-27ba4e8ea602.json
迷深实战-本体库/libraries/character/provisional/cand-entity-27c49ddf5cb5-m10.json
迷深实战-本体库/libraries/character/provisional/cand-entity-27c49ddf5cb5-m2.json
迷深实战-本体库/libraries/character/provisional/cand-entity-27c49ddf5cb5-m3.json
迷深实战-本体库/libraries/character/provisional/cand-entity-27c49ddf5cb5-m4.json
迷深实战-本体库/libraries/character/provisional/cand-entity-27c49ddf5cb5-m5.json
迷深实战-本体库/libraries/character/provisional/cand-entity-27c49ddf5cb5-m6.json
迷深实战-本体库/libraries/character/provisional/cand-entity-27c49ddf5cb5-m7.json
迷深实战-本体库/libraries/character/provisional/cand-entity-27c49ddf5cb5-m8.json
迷深实战-本体库/libraries/character/provisional/cand-entity-27c49ddf5cb5-m9.json
迷深实战-本体库/libraries/character/provisional/cand-entity-27c49ddf5cb5.json
迷深实战-本体库/libraries/character/provisional/cand-entity-28c3cd8aab22-m.json
迷深实战-本体库/libraries/character/provisional/cand-entity-28c3cd8aab22-m3.json
迷深实战-本体库/libraries/character/provisional/cand-entity-28c3cd8aab22-m4.json
迷深实战-本体库/libraries/character/provisional/cand-entity-28c3cd8aab22.json
迷深实战-本体库/libraries/character/provisional/cand-entity-28ea7f2630b1-m.json
迷深实战-本体库/libraries/character/provisional/cand-entity-28ea7f2630b1-m10.json
迷深实战-本体库/libraries/character/provisional/cand-entity-28ea7f2630b1-m11.json
迷深实战-本体库/libraries/character/provisional/cand-entity-28ea7f2630b1-m12.json
迷深实战-本体库/libraries/character/provisional/cand-entity-28ea7f2630b1-m13.json
迷深实战-本体库/libraries/character/provisional/cand-entity-28ea7f2630b1-m14.json
迷深实战-本体库/libraries/character/provisional/cand-entity-28ea7f2630b1-m15.json
迷深实战-本体库/libraries/character/provisional/cand-entity-28ea7f2630b1-m16.json
迷深实战-本体库/libraries/character/provisional/cand-entity-28ea7f2630b1-m17.json
迷深实战-本体库/libraries/character/provisional/cand-entity-28ea7f2630b1-m18.json
迷深实战-本体库/libraries/character/provisional/cand-entity-28ea7f2630b1-m19.json
迷深实战-本体库/libraries/character/provisional/cand-entity-28ea7f2630b1-m3.json
迷深实战-本体库/libraries/character/provisional/cand-entity-28ea7f2630b1-m4.json
迷深实战-本体库/libraries/character/provisional/cand-entity-28ea7f2630b1-m5.json
迷深实战-本体库/libraries/character/provisional/cand-entity-28ea7f2630b1-m6.json
迷深实战-本体库/libraries/character/provisional/cand-entity-28ea7f2630b1-m7.json
迷深实战-本体库/libraries/character/provisional/cand-entity-28ea7f2630b1-m8.json
迷深实战-本体库/libraries/character/provisional/cand-entity-28ea7f2630b1-m9.json
迷深实战-本体库/libraries/character/provisional/cand-entity-28ea7f2630b1.json
迷深实战-本体库/libraries/character/provisional/cand-entity-293b13557b0a.json
迷深实战-本体库/libraries/character/provisional/cand-entity-295e5130b284-m2.json
迷深实战-本体库/libraries/character/provisional/cand-entity-295e5130b284.json
迷深实战-本体库/libraries/character/provisional/cand-entity-2a4234c3ec00.json
迷深实战-本体库/libraries/character/provisional/cand-entity-2a52facd1f0f.json
迷深实战-本体库/libraries/character/provisional/cand-entity-2a7e2bdde4fe-m-m.json
迷深实战-本体库/libraries/character/provisional/cand-entity-2a7e2bdde4fe-m.json
迷深实战-本体库/libraries/character/provisional/cand-entity-2a7e2bdde4fe-m4.json
迷深实战-本体库/libraries/character/provisional/cand-entity-2a7e2bdde4fe.json
迷深实战-本体库/libraries/character/provisional/cand-entity-2aec7f62bf5b.json
迷深实战-本体库/libraries/character/provisional/cand-entity-2b0d2b1a0571-m-m-m-m-m-m-m-m.json
迷深实战-本体库/libraries/character/provisional/cand-entity-2b0d2b1a0571-m-m-m-m-m-m-m.json
迷深实战-本体库/libraries/character/provisional/cand-entity-2b0d2b1a0571-m-m-m-m-m-m.json
迷深实战-本体库/libraries/character/provisional/cand-entity-2b0d2b1a0571-m-m-m-m-m.json
迷深实战-本体库/libraries/character/provisional/cand-entity-2b0d2b1a0571-m-m-m-m.json
迷深实战-本体库/libraries/character/provisional/cand-entity-2b0d2b1a0571-m-m-m.json
迷深实战-本体库/libraries/character/provisional/cand-entity-2b0d2b1a0571-m-m.json
迷深实战-本体库/libraries/character/provisional/cand-entity-2b0d2b1a0571-m.json
迷深实战-本体库/libraries/character/provisional/cand-entity-2b0d2b1a0571-m10.json
迷深实战-本体库/libraries/character/provisional/cand-entity-2b0d2b1a0571-m11.json
迷深实战-本体库/libraries/character/provisional/cand-entity-2b0d2b1a0571-m12.json
迷深实战-本体库/libraries/character/provisional/cand-entity-2b0d2b1a0571-m13.json
迷深实战-本体库/libraries/character/provisional/cand-entity-2b0d2b1a0571.json
迷深实战-本体库/libraries/character/provisional/cand-entity-2b740f6abe23-m2.json
迷深实战-本体库/libraries/character/provisional/cand-entity-2b740f6abe23.json
迷深实战-本体库/libraries/character/provisional/cand-entity-2ba188efe57b.json
迷深实战-本体库/libraries/character/provisional/cand-entity-2c92cdf931e4.json
迷深实战-本体库/libraries/character/provisional/cand-entity-2ce5c41d52e6.json
迷深实战-本体库/libraries/character/provisional/cand-entity-2ecb0ee6d28f.json
迷深实战-本体库/libraries/character/provisional/cand-entity-2eceb027c88f.json
迷深实战-本体库/libraries/character/provisional/cand-entity-300830d3b6b8.json
迷深实战-本体库/libraries/character/provisional/cand-entity-329250d1416f-m2.json
迷深实战-本体库/libraries/character/provisional/cand-entity-329250d1416f.json
迷深实战-本体库/libraries/character/provisional/cand-entity-33219640fb27.json
迷深实战-本体库/libraries/character/provisional/cand-entity-38652c7eb839.json
迷深实战-本体库/libraries/character/provisional/cand-entity-38664d360d49-m-m-m-m-m-m-m-m-m-m-m-m-m-m-m-m-m-m-m-m-m-m.json
迷深实战-本体库/libraries/character/provisional/cand-entity-38664d360d49-m-m-m-m-m-m-m-m-m-m-m-m-m-m-m-m-m-m-m-m-m.json
迷深实战-本体库/libraries/character/provisional/cand-entity-38664d360d49-m-m-m-m-m-m-m-m-m-m-m-m-m-m-m-m-m-m-m-m.json
迷深实战-本体库/libraries/character/provisional/cand-entity-38664d360d49-m-m-m-m-m-m-m-m-m-m-m-m-m-m-m-m-m-m-m.json
迷深实战-本体库/libraries/character/provisional/cand-entity-38664d360d49-m-m-m-m-m-m-m-m-m-m-m-m-m-m-m-m-m-m.json
迷深实战-本体库/libraries/character/provisional/cand-entity-38664d360d49-m-m-m-m-m-m-m-m-m-m-m-m-m-m-m-m-m.json
迷深实战-本体库/libraries/character/provisional/cand-entity-38664d360d49-m-m-m-m-m-m-m-m-m-m-m-m-m-m-m-m.json
迷深实战-本体库/libraries/character/provisional/cand-entity-38664d360d49-m-m-m-m-m-m-m-m-m-m-m-m-m-m-m.json
迷深实战-本体库/libraries/character/provisional/cand-entity-38664d360d49-m-m-m-m-m-m-m-m-m-m-m-m-m-m.json
迷深实战-本体库/libraries/character/provisional/cand-entity-38664d360d49-m-m-m-m-m-m-m-m-m-m-m-m-m.json
迷深实战-本体库/libraries/character/provisional/cand-entity-38664d360d49-m-m-m-m-m-m-m-m-m-m-m-m.json
迷深实战-本体库/libraries/character/provisional/cand-entity-38664d360d49-m-m-m-m-m-m-m-m-m-m-m.json
迷深实战-本体库/libraries/character/provisional/cand-entity-38664d360d49-m-m-m-m-m-m-m-m-m-m.json
迷深实战-本体库/libraries/character/provisional/cand-entity-38664d360d49-m-m-m-m-m-m-m-m-m.json
迷深实战-本体库/libraries/character/provisional/cand-entity-38664d360d49-m-m-m-m-m-m-m-m.json
迷深实战-本体库/libraries/character/provisional/cand-entity-38664d360d49-m-m-m-m-m-m-m.json
迷深实战-本体库/libraries/character/provisional/cand-entity-38664d360d49-m-m-m-m-m-m.json
迷深实战-本体库/libraries/character/provisional/cand-entity-38664d360d49-m-m-m-m-m.json
迷深实战-本体库/libraries/character/provisional/cand-entity-38664d360d49-m-m-m-m.json
迷深实战-本体库/libraries/character/provisional/cand-entity-38664d360d49-m-m-m.json
迷深实战-本体库/libraries/character/provisional/cand-entity-38664d360d49-m-m.json
迷深实战-本体库/libraries/character/provisional/cand-entity-38664d360d49-m.json
迷深实战-本体库/libraries/character/provisional/cand-entity-38664d360d49-m24.json
迷深实战-本体库/libraries/character/provisional/cand-entity-38664d360d49-m25.json
迷深实战-本体库/libraries/character/provisional/cand-entity-38664d360d49.json
迷深实战-本体库/libraries/character/provisional/cand-entity-388525fee507.json
迷深实战-本体库/libraries/character/provisional/cand-entity-3982f65529a8-m-m-m-m-m-m-m-m-m-m-m-m-m-m.json
迷深实战-本体库/libraries/character/provisional/cand-entity-3982f65529a8-m-m-m-m-m-m-m-m-m-m-m-m-m.json
迷深实战-本体库/libraries/character/provisional/cand-entity-3982f65529a8-m-m-m-m-m-m-m-m-m-m-m-m.json
迷深实战-本体库/libraries/character/provisional/cand-entity-3982f65529a8-m-m-m-m-m-m-m-m-m-m-m.json
迷深实战-本体库/libraries/character/provisional/cand-entity-3982f65529a8-m-m-m-m-m-m-m-m-m-m.json
迷深实战-本体库/libraries/character/provisional/cand-entity-3982f65529a8-m-m-m-m-m-m-m-m-m.json
迷深实战-本体库/libraries/character/provisional/cand-entity-3982f65529a8-m-m-m-m-m-m-m-m.json
迷深实战-本体库/libraries/character/provisional/cand-entity-3982f65529a8-m-m-m-m-m-m-m.json
迷深实战-本体库/libraries/character/provisional/cand-entity-3982f65529a8-m-m-m-m-m-m.json
迷深实战-本体库/libraries/character/provisional/cand-entity-3982f65529a8-m-m-m-m-m.json
迷深实战-本体库/libraries/character/provisional/cand-entity-3982f65529a8-m-m-m-m.json
迷深实战-本体库/libraries/character/provisional/cand-entity-3982f65529a8-m-m-m.json
迷深实战-本体库/libraries/character/provisional/cand-entity-3982f65529a8-m-m.json
迷深实战-本体库/libraries/character/provisional/cand-entity-3982f65529a8-m.json
迷深实战-本体库/libraries/character/provisional/cand-entity-3982f65529a8-m16.json
迷深实战-本体库/libraries/character/provisional/cand-entity-3982f65529a8-m17.json
迷深实战-本体库/libraries/character/provisional/cand-entity-3982f65529a8-m18.json
迷深实战-本体库/libraries/character/provisional/cand-entity-3982f65529a8-m19.json
迷深实战-本体库/libraries/character/provisional/cand-entity-3982f65529a8-m20.json
迷深实战-本体库/libraries/character/provisional/cand-entity-3982f65529a8-m21.json
迷深实战-本体库/libraries/character/provisional/cand-entity-3982f65529a8-m22.json
迷深实战-本体库/libraries/character/provisional/cand-entity-3982f65529a8-m23.json
迷深实战-本体库/libraries/character/provisional/cand-entity-3982f65529a8-m24.json
迷深实战-本体库/libraries/character/provisional/cand-entity-3982f65529a8-m25.json
迷深实战-本体库/libraries/character/provisional/cand-entity-3982f65529a8-m26.json
迷深实战-本体库/libraries/character/provisional/cand-entity-3982f65529a8-m27.json
迷深实战-本体库/libraries/character/provisional/cand-entity-3982f65529a8-m28.json
迷深实战-本体库/libraries/character/provisional/cand-entity-3982f65529a8-m29.json
迷深实战-本体库/libraries/character/provisional/cand-entity-3982f65529a8-m30.json
迷深实战-本体库/libraries/character/provisional/cand-entity-3982f65529a8-m31.json
迷深实战-本体库/libraries/character/provisional/cand-entity-3982f65529a8-m32.json
迷深实战-本体库/libraries/character/provisional/cand-entity-3982f65529a8-m33.json
迷深实战-本体库/libraries/character/provisional/cand-entity-3982f65529a8-m34.json
迷深实战-本体库/libraries/character/provisional/cand-entity-3982f65529a8-m35.json
迷深实战-本体库/libraries/character/provisional/cand-entity-3982f65529a8-m36.json
迷深实战-本体库/libraries/character/provisional/cand-entity-3982f65529a8-m37.json
迷深实战-本体库/libraries/character/provisional/cand-entity-3982f65529a8-m38.json
迷深实战-本体库/libraries/character/provisional/cand-entity-3982f65529a8-m39.json
迷深实战-本体库/libraries/character/provisional/cand-entity-3982f65529a8-m40.json
迷深实战-本体库/libraries/character/provisional/cand-entity-3982f65529a8-m41.json
迷深实战-本体库/libraries/character/provisional/cand-entity-3982f65529a8-m42.json
迷深实战-本体库/libraries/character/provisional/cand-entity-3982f65529a8-m43.json
迷深实战-本体库/libraries/character/provisional/cand-entity-3982f65529a8-m44.json
迷深实战-本体库/libraries/character/provisional/cand-entity-3982f65529a8-m45.json
迷深实战-本体库/libraries/character/provisional/cand-entity-3982f65529a8-m46.json
迷深实战-本体库/libraries/character/provisional/cand-entity-3982f65529a8-m47.json
迷深实战-本体库/libraries/character/provisional/cand-entity-3982f65529a8-m48.json
迷深实战-本体库/libraries/character/provisional/cand-entity-3982f65529a8-m49.json
迷深实战-本体库/libraries/character/provisional/cand-entity-3982f65529a8-m50.json
迷深实战-本体库/libraries/character/provisional/cand-entity-3982f65529a8-m51.json
迷深实战-本体库/libraries/character/provisional/cand-entity-3982f65529a8-m52.json
迷深实战-本体库/libraries/character/provisional/cand-entity-3982f65529a8-m53.json
迷深实战-本体库/libraries/character/provisional/cand-entity-3982f65529a8-m54.json
迷深实战-本体库/libraries/character/provisional/cand-entity-3982f65529a8-m55.json
迷深实战-本体库/libraries/character/provisional/cand-entity-3982f65529a8-m56.json
迷深实战-本体库/libraries/character/provisional/cand-entity-3982f65529a8-m57.json
迷深实战-本体库/libraries/character/provisional/cand-entity-3982f65529a8-m58.json
迷深实战-本体库/libraries/character/provisional/cand-entity-3982f65529a8-m59.json
迷深实战-本体库/libraries/character/provisional/cand-entity-3982f65529a8-m60.json
迷深实战-本体库/libraries/character/provisional/cand-entity-3982f65529a8.json
迷深实战-本体库/libraries/character/provisional/cand-entity-398e4d4707c4.json
迷深实战-本体库/libraries/character/provisional/cand-entity-39beebbd913b.json
迷深实战-本体库/libraries/character/provisional/cand-entity-3a123cec0974.json
迷深实战-本体库/libraries/character/provisional/cand-entity-3b28bcc065d6-m2.json
迷深实战-本体库/libraries/character/provisional/cand-entity-3b28bcc065d6-m3.json
迷深实战-本体库/libraries/character/provisional/cand-entity-3b28bcc065d6.json
迷深实战-本体库/libraries/character/provisional/cand-entity-3b2df984aa78.json
迷深实战-本体库/libraries/character/provisional/cand-entity-3b4fa5845f5d.json
迷深实战-本体库/libraries/character/provisional/cand-entity-3bcc38c5650e.json
迷深实战-本体库/libraries/character/provisional/cand-entity-3be971ec494c-m-m-m-m-m-m-m-m-m-m-m-m-m-m-m-m-m-m-m-m-m-m-m-m-m-m-m-m-m-m-m-m-m-m-m-m-m-m-m-m-m-m-m-m-m-m-m-m-m-m.json
迷深实战-本体库/libraries/character/provisional/cand-entity-3be971ec494c-m-m-m-m-m-m-m-m-m-m-m-m-m-m-m-m-m-m-m-m-m-m-m-m-m-m-m-m-m-m-m-m-m-m-m-m-m-m-m-m-m-m-m-m-m-m-m-m-m.json
迷深实战-本体库/libraries/character/provisional/cand-entity-3be971ec494c-m-m-m-m-m-m-m-m-m-m-m-m-m-m-m-m-m-m-m-m-m-m-m-m-m-m-m-m-m-m-m-m-m-m-m-m-m-m-m-m-m-m-m-m-m-m-m-m.json
迷深实战-本体库/libraries/character/provisional/cand-entity-3be971ec494c-m-m-m-m-m-m-m-m-m-m-m-m-m-m-m-m-m-m-m-m-m-m-m-m-m-m-m-m-m-m-m-m-m-m-m-m-m-m-m-m-m-m-m-m-m-m-m.json
迷深实战-本体库/libraries/character/provisional/cand-entity-3be971ec494c-m-m-m-m-m-m-m-m-m-m-m-m-m-m-m-m-m-m-m-m-m-m-m-m-m-m-m-m-m-m-m-m-m-m-m-m-m-m-m-m-m-m-m-m-m-m.json
迷深实战-本体库/libraries/character/provisional/cand-entity-3be971ec494c-m-m-m-m-m-m-m-m-m-m-m-m-m-m-m-m-m-m-m-m-m-m-m-m-m-m-m-m-m-m-m-m-m-m-m-m-m-m-m-m-m-m-m-m-m.json
迷深实战-本体库/libraries/character/provisional/cand-entity-3be971ec494c-m-m-m-m-m-m-m-m-m-m-m-m-m-m-m-m-m-m-m-m-m-m-m-m-m-m-m-m-m-m-m-m-m-m-m-m-m-m-m-m-m-m-m-m.json
迷深实战-本体库/libraries/character/provisional/cand-entity-3be971ec494c-m-m-m-m-m-m-m-m-m-m-m-m-m-m-m-m-m-m-m-m-m-m-m-m-m-m-m-m-m-m-m-m-m-m-m-m-m-m-m-m-m-m-m.json
迷深实战-本体库/libraries/character/provisional/cand-entity-3be971ec494c-m-m-m-m-m-m-m-m-m-m-m-m-m-m-m-m-m-m-m-m-m-m-m-m-m-m-m-m-m-m-m-m-m-m-m-m-m-m-m-m-m-m.json
迷深实战-本体库/libraries/character/provisional/cand-entity-3be971ec494c-m-m-m-m-m-m-m-m-m-m-m-m-m-m-m-m-m-m-m-m-m-m-m-m-m-m-m-m-m-m-m-m-m-m-m-m-m-m-m-m-m.json
迷深实战-本体库/libraries/character/provisional/cand-entity-3be971ec494c-m-m-m-m-m-m-m-m-m-m-m-m-m-m-m-m-m-m-m-m-m-m-m-m-m-m-m-m-m-m-m-m-m-m-m-m-m-m-m-m.json
迷深实战-本体库/libraries/character/provisional/cand-entity-3be971ec494c-m-m-m-m-m-m-m-m-m-m-m-m-m-m-m-m-m-m-m-m-m-m-m-m-m-m-m-m-m-m-m-m-m-m-m-m-m-m-m.json
迷深实战-本体库/libraries/character/provisional/cand-entity-3be971ec494c-m-m-m-m-m-m-m-m-m-m-m-m-m-m-m-m-m-m-m-m-m-m-m-m-m-m-m-m-m-m-m-m-m-m-m-m-m-m.json
迷深实战-本体库/libraries/character/provisional/cand-entity-3be971ec494c-m-m-m-m-m-m-m-m-m-m-m-m-m-m-m-m-m-m-m-m-m-m-m-m-m-m-m-m-m-m-m-m-m-m-m-m-m.json
迷深实战-本体库/libraries/character/provisional/cand-entity-3be971ec494c-m-m-m-m-m-m-m-m-m-m-m-m-m-m-m-m-m-m-m-m-m-m-m-m-m-m-m-m-m-m-m-m-m-m-m-m.json
迷深实战-本体库/libraries/character/provisional/cand-entity-3be971ec494c-m-m-m-m-m-m-m-m-m-m-m-m-m-m-m-m-m-m-m-m-m-m-m-m-m-m-m-m-m-m-m-m-m-m-m.json
迷深实战-本体库/libraries/character/provisional/cand-entity-3be971ec494c-m-m-m-m-m-m-m-m-m-m-m-m-m-m-m-m-m-m-m-m-m-m-m-m-m-m-m-m-m-m-m-m-m-m.json
迷深实战-本体库/libraries/character/provisional/cand-entity-3be971ec494c-m-m-m-m-m-m-m-m-m-m-m-m-m-m-m-m-m-m-m-m-m-m-m-m-m-m-m-m-m-m-m-m-m.json
迷深实战-本体库/libraries/character/provisional/cand-entity-3be971ec494c-m-m-m-m-m-m-m-m-m-m-m-m-m-m-m-m-m-m-m-m-m-m-m-m-m-m-m-m-m-m-m-m.json
迷深实战-本体库/libraries/character/provisional/cand-entity-3be971ec494c-m-m-m-m-m-m-m-m-m-m-m-m-m-m-m-m-m-m-m-m-m-m-m-m-m-m-m-m-m-m-m.json
迷深实战-本体库/libraries/character/provisional/cand-entity-3be971ec494c-m-m-m-m-m-m-m-m-m-m-m-m-m-m-m-m-m-m-m-m-m-m-m-m-m-m-m-m-m-m.json
迷深实战-本体库/libraries/character/provisional/cand-entity-3be971ec494c-m-m-m-m-m-m-m-m-m-m-m-m-m-m-m-m-m-m-m-m-m-m-m-m-m-m-m-m-m.json
迷深实战-本体库/libraries/character/provisional/cand-entity-3be971ec494c-m-m-m-m-m-m-m-m-m-m-m-m-m-m-m-m-m-m-m-m-m-m-m-m-m-m-m-m.json
迷深实战-本体库/libraries/character/provisional/cand-entity-3be971ec494c-m-m-m-m-m-m-m-m-m-m-m-m-m-m-m-m-m-m-m-m-m-m-m-m-m-m-m.json
迷深实战-本体库/libraries/character/provisional/cand-entity-3be971ec494c-m-m-m-m-m-m-m-m-m-m-m-m-m-m-m-m-m-m-m-m-m-m-m-m-m-m.json
迷深实战-本体库/libraries/character/provisional/cand-entity-3be971ec494c-m-m-m-m-m-m-m-m-m-m-m-m-m-m-m-m-m-m-m-m-m-m-m-m-m.json
迷深实战-本体库/libraries/character/provisional/cand-entity-3be971ec494c-m-m-m-m-m-m-m-m-m-m-m-m-m-m-m-m-m-m-m-m-m-m-m-m.json
迷深实战-本体库/libraries/character/provisional/cand-entity-3be971ec494c-m-m-m-m-m-m-m-m-m-m-m-m-m-m-m-m-m-m-m-m-m-m-m.json
迷深实战-本体库/libraries/character/provisional/cand-entity-3be971ec494c-m-m-m-m-m-m-m-m-m-m-m-m-m-m-m-m-m-m-m-m-m-m.json
迷深实战-本体库/libraries/character/provisional/cand-entity-3be971ec494c-m-m-m-m-m-m-m-m-m-m-m-m-m-m-m-m-m-m-m-m-m.json
迷深实战-本体库/libraries/character/provisional/cand-entity-3be971ec494c-m-m-m-m-m-m-m-m-m-m-m-m-m-m-m-m-m-m-m-m.json
迷深实战-本体库/libraries/character/provisional/cand-entity-3be971ec494c-m-m-m-m-m-m-m-m-m-m-m-m-m-m-m-m-m-m-m.json
迷深实战-本体库/libraries/character/provisional/cand-entity-3be971ec494c-m-m-m-m-m-m-m-m-m-m-m-m-m-m-m-m-m-m.json
迷深实战-本体库/libraries/character/provisional/cand-entity-3be971ec494c-m-m-m-m-m-m-m-m-m-m-m-m-m-m-m-m-m.json
迷深实战-本体库/libraries/character/provisional/cand-entity-3be971ec494c-m-m-m-m-m-m-m-m-m-m-m-m-m-m-m-m.json
迷深实战-本体库/libraries/character/provisional/cand-entity-3be971ec494c-m-m-m-m-m-m-m-m-m-m-m-m-m-m-m.json
迷深实战-本体库/libraries/character/provisional/cand-entity-3be971ec494c-m-m-m-m-m-m-m-m-m-m-m-m-m-m.json
迷深实战-本体库/libraries/character/provisional/cand-entity-3be971ec494c-m-m-m-m-m-m-m-m-m-m-m-m-m.json
迷深实战-本体库/libraries/character/provisional/cand-entity-3be971ec494c-m-m-m-m-m-m-m-m-m-m-m-m.json
迷深实战-本体库/libraries/character/provisional/cand-entity-3be971ec494c-m-m-m-m-m-m-m-m-m-m-m.json
迷深实战-本体库/libraries/character/provisional/cand-entity-3be971ec494c-m-m-m-m-m-m-m-m-m-m.json
迷深实战-本体库/libraries/character/provisional/cand-entity-3be971ec494c-m-m-m-m-m-m-m-m-m.json
迷深实战-本体库/libraries/character/provisional/cand-entity-3be971ec494c-m-m-m-m-m-m-m-m.json
迷深实战-本体库/libraries/character/provisional/cand-entity-3be971ec494c-m-m-m-m-m-m-m.json
迷深实战-本体库/libraries/character/provisional/cand-entity-3be971ec494c-m-m-m-m-m-m.json
迷深实战-本体库/libraries/character/provisional/cand-entity-3be971ec494c-m-m-m-m-m.json
迷深实战-本体库/libraries/character/provisional/cand-entity-3be971ec494c-m-m-m-m.json
迷深实战-本体库/libraries/character/provisional/cand-entity-3be971ec494c-m-m-m.json
迷深实战-本体库/libraries/character/provisional/cand-entity-3be971ec494c-m-m.json
迷深实战-本体库/libraries/character/provisional/cand-entity-3be971ec494c-m.json
迷深实战-本体库/libraries/character/provisional/cand-entity-3be971ec494c-m52.json
迷深实战-本体库/libraries/character/provisional/cand-entity-3be971ec494c-m53.json
迷深实战-本体库/libraries/character/provisional/cand-entity-3be971ec494c-m54.json
迷深实战-本体库/libraries/character/provisional/cand-entity-3be971ec494c-m55.json
迷深实战-本体库/libraries/character/provisional/cand-entity-3be971ec494c-m56.json
迷深实战-本体库/libraries/character/provisional/cand-entity-3be971ec494c-m57.json
迷深实战-本体库/libraries/character/provisional/cand-entity-3be971ec494c-m58.json
迷深实战-本体库/libraries/character/provisional/cand-entity-3be971ec494c-m59.json
迷深实战-本体库/libraries/character/provisional/cand-entity-3be971ec494c-m60.json
迷深实战-本体库/libraries/character/provisional/cand-entity-3be971ec494c-m61.json
迷深实战-本体库/libraries/character/provisional/cand-entity-3be971ec494c-m62.json
迷深实战-本体库/libraries/character/provisional/cand-entity-3be971ec494c-m63.json
迷深实战-本体库/libraries/character/provisional/cand-entity-3be971ec494c-m64.json
迷深实战-本体库/libraries/character/provisional/cand-entity-3be971ec494c-m65.json
迷深实战-本体库/libraries/character/provisional/cand-entity-3be971ec494c-m66.json
迷深实战-本体库/libraries/character/provisional/cand-entity-3be971ec494c-m67.json
迷深实战-本体库/libraries/character/provisional/cand-entity-3be971ec494c-m68.json
迷深实战-本体库/libraries/character/provisional/cand-entity-3be971ec494c-m69.json
迷深实战-本体库/libraries/character/provisional/cand-entity-3be971ec494c-m70.json
迷深实战-本体库/libraries/character/provisional/cand-entity-3be971ec494c.json
迷深实战-本体库/libraries/character/provisional/cand-entity-3d467b91ce6c-m2.json
迷深实战-本体库/libraries/character/provisional/cand-entity-3d467b91ce6c.json
迷深实战-本体库/libraries/character/provisional/cand-entity-3dae2ff694ea.json
迷深实战-本体库/libraries/character/provisional/cand-entity-3e7247ac21f2.json
迷深实战-本体库/libraries/character/provisional/cand-entity-3e7cf53cea26.json
迷深实战-本体库/libraries/character/provisional/cand-entity-3ee856ee4181-m-m.json
迷深实战-本体库/libraries/character/provisional/cand-entity-3ee856ee4181-m.json
迷深实战-本体库/libraries/character/provisional/cand-entity-3ee856ee4181-m4.json
迷深实战-本体库/libraries/character/provisional/cand-entity-3ee856ee4181.json
迷深实战-本体库/libraries/character/provisional/cand-entity-3f7e90aecf98.json
迷深实战-本体库/libraries/character/provisional/cand-entity-3fd2a308bfea.json
迷深实战-本体库/libraries/character/provisional/cand-entity-4071b2fd451b.json
迷深实战-本体库/libraries/character/provisional/cand-entity-41c82e970a4a.json
迷深实战-本体库/libraries/character/provisional/cand-entity-4202e5eb423e.json
迷深实战-本体库/libraries/character/provisional/cand-entity-423b89ddcf48.json
迷深实战-本体库/libraries/character/provisional/cand-entity-43499aac051c.json
迷深实战-本体库/libraries/character/provisional/cand-entity-43aa55ba3673-m-m-m-m-m-m.json
迷深实战-本体库/libraries/character/provisional/cand-entity-43aa55ba3673-m-m-m-m-m.json
迷深实战-本体库/libraries/character/provisional/cand-entity-43aa55ba3673-m-m-m-m.json
迷深实战-本体库/libraries/character/provisional/cand-entity-43aa55ba3673-m-m-m.json
迷深实战-本体库/libraries/character/provisional/cand-entity-43aa55ba3673-m-m.json
迷深实战-本体库/libraries/character/provisional/cand-entity-43aa55ba3673-m.json
迷深实战-本体库/libraries/character/provisional/cand-entity-43aa55ba3673.json
迷深实战-本体库/libraries/character/provisional/cand-entity-43aa892f43d2-m-m-m-m-m.json
迷深实战-本体库/libraries/character/provisional/cand-entity-43aa892f43d2-m-m-m-m.json
迷深实战-本体库/libraries/character/provisional/cand-entity-43aa892f43d2-m-m-m.json
迷深实战-本体库/libraries/character/provisional/cand-entity-43aa892f43d2-m-m.json
迷深实战-本体库/libraries/character/provisional/cand-entity-43aa892f43d2-m.json
迷深实战-本体库/libraries/character/provisional/cand-entity-43aa892f43d2-m10.json
迷深实战-本体库/libraries/character/provisional/cand-entity-43aa892f43d2-m11.json
迷深实战-本体库/libraries/character/provisional/cand-entity-43aa892f43d2-m12.json
迷深实战-本体库/libraries/character/provisional/cand-entity-43aa892f43d2-m13.json
迷深实战-本体库/libraries/character/provisional/cand-entity-43aa892f43d2-m14.json
迷深实战-本体库/libraries/character/provisional/cand-entity-43aa892f43d2-m15.json
迷深实战-本体库/libraries/character/provisional/cand-entity-43aa892f43d2-m16.json
迷深实战-本体库/libraries/character/provisional/cand-entity-43aa892f43d2-m17.json
迷深实战-本体库/libraries/character/provisional/cand-entity-43aa892f43d2-m18.json
迷深实战-本体库/libraries/character/provisional/cand-entity-43aa892f43d2-m19.json
迷深实战-本体库/libraries/character/provisional/cand-entity-43aa892f43d2-m20.json
迷深实战-本体库/libraries/character/provisional/cand-entity-43aa892f43d2-m21.json
迷深实战-本体库/libraries/character/provisional/cand-entity-43aa892f43d2-m22.json
迷深实战-本体库/libraries/character/provisional/cand-entity-43aa892f43d2-m23.json
迷深实战-本体库/libraries/character/provisional/cand-entity-43aa892f43d2-m24.json
迷深实战-本体库/libraries/character/provisional/cand-entity-43aa892f43d2-m25.json
迷深实战-本体库/libraries/character/provisional/cand-entity-43aa892f43d2-m26.json
迷深实战-本体库/libraries/character/provisional/cand-entity-43aa892f43d2-m27.json
迷深实战-本体库/libraries/character/provisional/cand-entity-43aa892f43d2-m28.json
迷深实战-本体库/libraries/character/provisional/cand-entity-43aa892f43d2-m29.json
迷深实战-本体库/libraries/character/provisional/cand-entity-43aa892f43d2-m30.json
迷深实战-本体库/libraries/character/provisional/cand-entity-43aa892f43d2-m7.json
迷深实战-本体库/libraries/character/provisional/cand-entity-43aa892f43d2-m8.json
迷深实战-本体库/libraries/character/provisional/cand-entity-43aa892f43d2-m9.json
迷深实战-本体库/libraries/character/provisional/cand-entity-43aa892f43d2.json
迷深实战-本体库/libraries/character/provisional/cand-entity-46ad6ee07709.json
迷深实战-本体库/libraries/character/provisional/cand-entity-478e406e6664.json
迷深实战-本体库/libraries/character/provisional/cand-entity-47c00b9763d7.json
迷深实战-本体库/libraries/character/provisional/cand-entity-49145827627e-m-m.json
迷深实战-本体库/libraries/character/provisional/cand-entity-49145827627e-m.json
迷深实战-本体库/libraries/character/provisional/cand-entity-49145827627e.json
迷深实战-本体库/libraries/character/provisional/cand-entity-495bc6080034.json
迷深实战-本体库/libraries/character/provisional/cand-entity-49e7deea20b9.json
迷深实战-本体库/libraries/character/provisional/cand-entity-4ab9827996b7.json
迷深实战-本体库/libraries/character/provisional/cand-entity-4b051e4e02c5.json
迷深实战-本体库/libraries/character/provisional/cand-entity-4cd68e1d3308-m-m.json
迷深实战-本体库/libraries/character/provisional/cand-entity-4cd68e1d3308-m.json
迷深实战-本体库/libraries/character/provisional/cand-entity-4cd68e1d3308-m4.json
迷深实战-本体库/libraries/character/provisional/cand-entity-4cd68e1d3308-m5.json
迷深实战-本体库/libraries/character/provisional/cand-entity-4cd68e1d3308.json
迷深实战-本体库/libraries/character/provisional/cand-entity-4d04f519b15c-m2.json
迷深实战-本体库/libraries/character/provisional/cand-entity-4d04f519b15c.json
迷深实战-本体库/libraries/character/provisional/cand-entity-4d649382f5e1.json
迷深实战-本体库/libraries/character/provisional/cand-entity-4e6abd571844-m-m.json
迷深实战-本体库/libraries/character/provisional/cand-entity-4e6abd571844-m.json
迷深实战-本体库/libraries/character/provisional/cand-entity-4e6abd571844.json
迷深实战-本体库/libraries/character/provisional/cand-entity-50dd664ea8ea.json
迷深实战-本体库/libraries/character/provisional/cand-entity-5143b61e4ee8.json
迷深实战-本体库/libraries/character/provisional/cand-entity-519cf7123097.json
迷深实战-本体库/libraries/character/provisional/cand-entity-5355e22e1cee.json
迷深实战-本体库/libraries/character/provisional/cand-entity-538afa03c7e6.json
迷深实战-本体库/libraries/character/provisional/cand-entity-5504183a54d7.json
迷深实战-本体库/libraries/character/provisional/cand-entity-5665520f5751-m2.json
迷深实战-本体库/libraries/character/provisional/cand-entity-5665520f5751.json
迷深实战-本体库/libraries/character/provisional/cand-entity-57c9b2e9dd6e.json
迷深实战-本体库/libraries/character/provisional/cand-entity-587f91748a16.json
迷深实战-本体库/libraries/character/provisional/cand-entity-58d777b73662.json
迷深实战-本体库/libraries/character/provisional/cand-entity-597c6230ab8d.json
迷深实战-本体库/libraries/character/provisional/cand-entity-59bcff7ad15a.json
迷深实战-本体库/libraries/character/provisional/cand-entity-5aa4bff0ad51.json
迷深实战-本体库/libraries/character/provisional/cand-entity-5adc784f40f7-m2-m-m.json
迷深实战-本体库/libraries/character/provisional/cand-entity-5adc784f40f7-m2-m.json
迷深实战-本体库/libraries/character/provisional/cand-entity-5adc784f40f7-m2.json
迷深实战-本体库/libraries/character/provisional/cand-entity-5adc784f40f7.json
迷深实战-本体库/libraries/character/provisional/cand-entity-5c4f15d04381.json
迷深实战-本体库/libraries/character/provisional/cand-entity-5c81f43fd2ed.json
迷深实战-本体库/libraries/character/provisional/cand-entity-5ca6dea0a170-m.json
迷深实战-本体库/libraries/character/provisional/cand-entity-5ca6dea0a170.json
迷深实战-本体库/libraries/character/provisional/cand-entity-5e5c88a0c3e4-m2.json
迷深实战-本体库/libraries/character/provisional/cand-entity-5e5c88a0c3e4-m3.json
迷深实战-本体库/libraries/character/provisional/cand-entity-5e5c88a0c3e4-m4.json
迷深实战-本体库/libraries/character/provisional/cand-entity-5e5c88a0c3e4-m5.json
迷深实战-本体库/libraries/character/provisional/cand-entity-5e5c88a0c3e4.json
迷深实战-本体库/libraries/character/provisional/cand-entity-5e5f0c9a66ef-m2.json
迷深实战-本体库/libraries/character/provisional/cand-entity-5e5f0c9a66ef.json
迷深实战-本体库/libraries/character/provisional/cand-entity-5f0db4a6c2a9.json
迷深实战-本体库/libraries/character/provisional/cand-entity-5f5ce14ce6b0-m2.json
迷深实战-本体库/libraries/character/provisional/cand-entity-5f5ce14ce6b0.json
迷深实战-本体库/libraries/character/provisional/cand-entity-6010c4590776-m-m.json
迷深实战-本体库/libraries/character/provisional/cand-entity-6010c4590776-m.json
迷深实战-本体库/libraries/character/provisional/cand-entity-6010c4590776-m4.json
迷深实战-本体库/libraries/character/provisional/cand-entity-6010c4590776-m5.json
迷深实战-本体库/libraries/character/provisional/cand-entity-6010c4590776-m6.json
迷深实战-本体库/libraries/character/provisional/cand-entity-6010c4590776.json
迷深实战-本体库/libraries/character/provisional/cand-entity-6038ed1432f1.json
迷深实战-本体库/libraries/character/provisional/cand-entity-60f4ff1b3b55.json
迷深实战-本体库/libraries/character/provisional/cand-entity-612a3445abc5.json
迷深实战-本体库/libraries/character/provisional/cand-entity-6182138522a7-m2.json
迷深实战-本体库/libraries/character/provisional/cand-entity-6182138522a7.json
迷深实战-本体库/libraries/character/provisional/cand-entity-62207c592d51.json
迷深实战-本体库/libraries/character/provisional/cand-entity-62211c4ac0fd-m-m-m-m-m-m-m-m-m-m-m-m-m-m-m-m-m-m-m-m-m-m-m-m-m-m-m-m-m-m-m-m-m-m.json
迷深实战-本体库/libraries/character/provisional/cand-entity-62211c4ac0fd-m-m-m-m-m-m-m-m-m-m-m-m-m-m-m-m-m-m-m-m-m-m-m-m-m-m-m-m-m-m-m-m-m.json
迷深实战-本体库/libraries/character/provisional/cand-entity-62211c4ac0fd-m-m-m-m-m-m-m-m-m-m-m-m-m-m-m-m-m-m-m-m-m-m-m-m-m-m-m-m-m-m-m-m.json
迷深实战-本体库/libraries/character/provisional/cand-entity-62211c4ac0fd-m-m-m-m-m-m-m-m-m-m-m-m-m-m-m-m-m-m-m-m-m-m-m-m-m-m-m-m-m-m-m.json
迷深实战-本体库/libraries/character/provisional/cand-entity-62211c4ac0fd-m-m-m-m-m-m-m-m-m-m-m-m-m-m-m-m-m-m-m-m-m-m-m-m-m-m-m-m-m-m.json
迷深实战-本体库/libraries/character/provisional/cand-entity-62211c4ac0fd-m-m-m-m-m-m-m-m-m-m-m-m-m-m-m-m-m-m-m-m-m-m-m-m-m-m-m-m-m.json
迷深实战-本体库/libraries/character/provisional/cand-entity-62211c4ac0fd-m-m-m-m-m-m-m-m-m-m-m-m-m-m-m-m-m-m-m-m-m-m-m-m-m-m-m-m.json
迷深实战-本体库/libraries/character/provisional/cand-entity-62211c4ac0fd-m-m-m-m-m-m-m-m-m-m-m-m-m-m-m-m-m-m-m-m-m-m-m-m-m-m-m.json
迷深实战-本体库/libraries/character/provisional/cand-entity-62211c4ac0fd-m-m-m-m-m-m-m-m-m-m-m-m-m-m-m-m-m-m-m-m-m-m-m-m-m-m.json
迷深实战-本体库/libraries/character/provisional/cand-entity-62211c4ac0fd-m-m-m-m-m-m-m-m-m-m-m-m-m-m-m-m-m-m-m-m-m-m-m-m-m.json
迷深实战-本体库/libraries/character/provisional/cand-entity-62211c4ac0fd-m-m-m-m-m-m-m-m-m-m-m-m-m-m-m-m-m-m-m-m-m-m-m-m.json
迷深实战-本体库/libraries/character/provisional/cand-entity-62211c4ac0fd-m-m-m-m-m-m-m-m-m-m-m-m-m-m-m-m-m-m-m-m-m-m-m.json
迷深实战-本体库/libraries/character/provisional/cand-entity-62211c4ac0fd-m-m-m-m-m-m-m-m-m-m-m-m-m-m-m-m-m-m-m-m-m-m.json
迷深实战-本体库/libraries/character/provisional/cand-entity-62211c4ac0fd-m-m-m-m-m-m-m-m-m-m-m-m-m-m-m-m-m-m-m-m-m.json
迷深实战-本体库/libraries/character/provisional/cand-entity-62211c4ac0fd-m-m-m-m-m-m-m-m-m-m-m-m-m-m-m-m-m-m-m-m.json
迷深实战-本体库/libraries/character/provisional/cand-entity-62211c4ac0fd-m-m-m-m-m-m-m-m-m-m-m-m-m-m-m-m-m-m-m.json
迷深实战-本体库/libraries/character/provisional/cand-entity-62211c4ac0fd-m-m-m-m-m-m-m-m-m-m-m-m-m-m-m-m-m-m.json
迷深实战-本体库/libraries/character/provisional/cand-entity-62211c4ac0fd-m-m-m-m-m-m-m-m-m-m-m-m-m-m-m-m-m.json
迷深实战-本体库/libraries/character/provisional/cand-entity-62211c4ac0fd-m-m-m-m-m-m-m-m-m-m-m-m-m-m-m-m.json
迷深实战-本体库/libraries/character/provisional/cand-entity-62211c4ac0fd-m-m-m-m-m-m-m-m-m-m-m-m-m-m-m.json
迷深实战-本体库/libraries/character/provisional/cand-entity-62211c4ac0fd-m-m-m-m-m-m-m-m-m-m-m-m-m-m.json
迷深实战-本体库/libraries/character/provisional/cand-entity-62211c4ac0fd-m-m-m-m-m-m-m-m-m-m-m-m-m.json
迷深实战-本体库/libraries/character/provisional/cand-entity-62211c4ac0fd-m-m-m-m-m-m-m-m-m-m-m-m.json
迷深实战-本体库/libraries/character/provisional/cand-entity-62211c4ac0fd-m-m-m-m-m-m-m-m-m-m-m.json
迷深实战-本体库/libraries/character/provisional/cand-entity-62211c4ac0fd-m-m-m-m-m-m-m-m-m-m.json
迷深实战-本体库/libraries/character/provisional/cand-entity-62211c4ac0fd-m-m-m-m-m-m-m-m-m.json
迷深实战-本体库/libraries/character/provisional/cand-entity-62211c4ac0fd-m-m-m-m-m-m-m-m.json
迷深实战-本体库/libraries/character/provisional/cand-entity-62211c4ac0fd-m-m-m-m-m-m-m.json
迷深实战-本体库/libraries/character/provisional/cand-entity-62211c4ac0fd-m-m-m-m-m-m.json
迷深实战-本体库/libraries/character/provisional/cand-entity-62211c4ac0fd-m-m-m-m-m.json
迷深实战-本体库/libraries/character/provisional/cand-entity-62211c4ac0fd-m-m-m-m.json
迷深实战-本体库/libraries/character/provisional/cand-entity-62211c4ac0fd-m-m-m.json
迷深实战-本体库/libraries/character/provisional/cand-entity-62211c4ac0fd-m-m.json
迷深实战-本体库/libraries/character/provisional/cand-entity-62211c4ac0fd-m.json
迷深实战-本体库/libraries/character/provisional/cand-entity-62211c4ac0fd-m36.json
迷深实战-本体库/libraries/character/provisional/cand-entity-62211c4ac0fd-m37.json
迷深实战-本体库/libraries/character/provisional/cand-entity-62211c4ac0fd-m38.json
迷深实战-本体库/libraries/character/provisional/cand-entity-62211c4ac0fd-m39.json
迷深实战-本体库/libraries/character/provisional/cand-entity-62211c4ac0fd-m40.json
迷深实战-本体库/libraries/character/provisional/cand-entity-62211c4ac0fd-m41.json
迷深实战-本体库/libraries/character/provisional/cand-entity-62211c4ac0fd-m42.json
迷深实战-本体库/libraries/character/provisional/cand-entity-62211c4ac0fd.json
迷深实战-本体库/libraries/character/provisional/cand-entity-637e12c0b615.json
迷深实战-本体库/libraries/character/provisional/cand-entity-638fa26005f8.json
迷深实战-本体库/libraries/character/provisional/cand-entity-6510d4bfa2ab.json
迷深实战-本体库/libraries/character/provisional/cand-entity-65145986fb5c-m2.json
迷深实战-本体库/libraries/character/provisional/cand-entity-65145986fb5c-m3.json
迷深实战-本体库/libraries/character/provisional/cand-entity-65145986fb5c.json
迷深实战-本体库/libraries/character/provisional/cand-entity-65787929a6fb-m2.json
迷深实战-本体库/libraries/character/provisional/cand-entity-65787929a6fb-m3.json
迷深实战-本体库/libraries/character/provisional/cand-entity-65787929a6fb-m4.json
迷深实战-本体库/libraries/character/provisional/cand-entity-65787929a6fb-m5.json
迷深实战-本体库/libraries/character/provisional/cand-entity-65787929a6fb.json
迷深实战-本体库/libraries/character/provisional/cand-entity-66bb0b98524f.json
迷深实战-本体库/libraries/character/provisional/cand-entity-682605d3d648.json
迷深实战-本体库/libraries/character/provisional/cand-entity-69f11af2c7d3-m2.json
迷深实战-本体库/libraries/character/provisional/cand-entity-69f11af2c7d3.json
迷深实战-本体库/libraries/character/provisional/cand-entity-6aca64481a1a.json
迷深实战-本体库/libraries/character/provisional/cand-entity-6b1909449578.json
迷深实战-本体库/libraries/character/provisional/cand-entity-6c930aff2557-m-m.json
迷深实战-本体库/libraries/character/provisional/cand-entity-6c930aff2557-m.json
迷深实战-本体库/libraries/character/provisional/cand-entity-6c930aff2557-m4.json
迷深实战-本体库/libraries/character/provisional/cand-entity-6c930aff2557-m5.json
迷深实战-本体库/libraries/character/provisional/cand-entity-6c930aff2557-m6.json
迷深实战-本体库/libraries/character/provisional/cand-entity-6c930aff2557-m7.json
迷深实战-本体库/libraries/character/provisional/cand-entity-6c930aff2557.json
迷深实战-本体库/libraries/character/provisional/cand-entity-6d0652b452f9.json
迷深实战-本体库/libraries/character/provisional/cand-entity-6e8fff3333e1.json
迷深实战-本体库/libraries/character/provisional/cand-entity-6ebb61f605db-m2.json
迷深实战-本体库/libraries/character/provisional/cand-entity-6ebb61f605db-m3.json
迷深实战-本体库/libraries/character/provisional/cand-entity-6ebb61f605db.json
迷深实战-本体库/libraries/character/provisional/cand-entity-6ec55f218d59-m-m-m-m-m-m-m-m-m-m-m-m-m-m-m-m-m-m-m-m-m-m-m-m-m-m-m-m-m-m-m-m-m-m-m-m-m-m-m-m.json
迷深实战-本体库/libraries/character/provisional/cand-entity-6ec55f218d59-m-m-m-m-m-m-m-m-m-m-m-m-m-m-m-m-m-m-m-m-m-m-m-m-m-m-m-m-m-m-m-m-m-m-m-m-m-m-m.json
迷深实战-本体库/libraries/character/provisional/cand-entity-6ec55f218d59-m-m-m-m-m-m-m-m-m-m-m-m-m-m-m-m-m-m-m-m-m-m-m-m-m-m-m-m-m-m-m-m-m-m-m-m-m-m.json
迷深实战-本体库/libraries/character/provisional/cand-entity-6ec55f218d59-m-m-m-m-m-m-m-m-m-m-m-m-m-m-m-m-m-m-m-m-m-m-m-m-m-m-m-m-m-m-m-m-m-m-m-m-m.json
迷深实战-本体库/libraries/character/provisional/cand-entity-6ec55f218d59-m-m-m-m-m-m-m-m-m-m-m-m-m-m-m-m-m-m-m-m-m-m-m-m-m-m-m-m-m-m-m-m-m-m-m-m.json
迷深实战-本体库/libraries/character/provisional/cand-entity-6ec55f218d59-m-m-m-m-m-m-m-m-m-m-m-m-m-m-m-m-m-m-m-m-m-m-m-m-m-m-m-m-m-m-m-m-m-m-m.json
迷深实战-本体库/libraries/character/provisional/cand-entity-6ec55f218d59-m-m-m-m-m-m-m-m-m-m-m-m-m-m-m-m-m-m-m-m-m-m-m-m-m-m-m-m-m-m-m-m-m-m.json
迷深实战-本体库/libraries/character/provisional/cand-entity-6ec55f218d59-m-m-m-m-m-m-m-m-m-m-m-m-m-m-m-m-m-m-m-m-m-m-m-m-m-m-m-m-m-m-m-m-m.json
迷深实战-本体库/libraries/character/provisional/cand-entity-6ec55f218d59-m-m-m-m-m-m-m-m-m-m-m-m-m-m-m-m-m-m-m-m-m-m-m-m-m-m-m-m-m-m-m-m.json
迷深实战-本体库/libraries/character/provisional/cand-entity-6ec55f218d59-m-m-m-m-m-m-m-m-m-m-m-m-m-m-m-m-m-m-m-m-m-m-m-m-m-m-m-m-m-m-m.json
迷深实战-本体库/libraries/character/provisional/cand-entity-6ec55f218d59-m-m-m-m-m-m-m-m-m-m-m-m-m-m-m-m-m-m-m-m-m-m-m-m-m-m-m-m-m-m.json
迷深实战-本体库/libraries/character/provisional/cand-entity-6ec55f218d59-m-m-m-m-m-m-m-m-m-m-m-m-m-m-m-m-m-m-m-m-m-m-m-m-m-m-m-m-m.json
迷深实战-本体库/libraries/character/provisional/cand-entity-6ec55f218d59-m-m-m-m-m-m-m-m-m-m-m-m-m-m-m-m-m-m-m-m-m-m-m-m-m-m-m-m.json
迷深实战-本体库/libraries/character/provisional/cand-entity-6ec55f218d59-m-m-m-m-m-m-m-m-m-m-m-m-m-m-m-m-m-m-m-m-m-m-m-m-m-m-m.json
迷深实战-本体库/libraries/character/provisional/cand-entity-6ec55f218d59-m-m-m-m-m-m-m-m-m-m-m-m-m-m-m-m-m-m-m-m-m-m-m-m-m-m.json
迷深实战-本体库/libraries/character/provisional/cand-entity-6ec55f218d59-m-m-m-m-m-m-m-m-m-m-m-m-m-m-m-m-m-m-m-m-m-m-m-m-m.json
迷深实战-本体库/libraries/character/provisional/cand-entity-6ec55f218d59-m-m-m-m-m-m-m-m-m-m-m-m-m-m-m-m-m-m-m-m-m-m-m-m.json
迷深实战-本体库/libraries/character/provisional/cand-entity-6ec55f218d59-m-m-m-m-m-m-m-m-m-m-m-m-m-m-m-m-m-m-m-m-m-m-m.json
迷深实战-本体库/libraries/character/provisional/cand-entity-6ec55f218d59-m-m-m-m-m-m-m-m-m-m-m-m-m-m-m-m-m-m-m-m-m-m.json
迷深实战-本体库/libraries/character/provisional/cand-entity-6ec55f218d59-m-m-m-m-m-m-m-m-m-m-m-m-m-m-m-m-m-m-m-m-m.json
迷深实战-本体库/libraries/character/provisional/cand-entity-6ec55f218d59-m-m-m-m-m-m-m-m-m-m-m-m-m-m-m-m-m-m-m-m.json
迷深实战-本体库/libraries/character/provisional/cand-entity-6ec55f218d59-m-m-m-m-m-m-m-m-m-m-m-m-m-m-m-m-m-m-m.json
迷深实战-本体库/libraries/character/provisional/cand-entity-6ec55f218d59-m-m-m-m-m-m-m-m-m-m-m-m-m-m-m-m-m-m.json
迷深实战-本体库/libraries/character/provisional/cand-entity-6ec55f218d59-m-m-m-m-m-m-m-m-m-m-m-m-m-m-m-m-m.json
迷深实战-本体库/libraries/character/provisional/cand-entity-6ec55f218d59-m-m-m-m-m-m-m-m-m-m-m-m-m-m-m-m.json
迷深实战-本体库/libraries/character/provisional/cand-entity-6ec55f218d59-m-m-m-m-m-m-m-m-m-m-m-m-m-m-m.json
迷深实战-本体库/libraries/character/provisional/cand-entity-6ec55f218d59-m-m-m-m-m-m-m-m-m-m-m-m-m-m.json
迷深实战-本体库/libraries/character/provisional/cand-entity-6ec55f218d59-m-m-m-m-m-m-m-m-m-m-m-m-m.json
迷深实战-本体库/libraries/character/provisional/cand-entity-6ec55f218d59-m-m-m-m-m-m-m-m-m-m-m-m.json
迷深实战-本体库/libraries/character/provisional/cand-entity-6ec55f218d59-m-m-m-m-m-m-m-m-m-m-m.json
迷深实战-本体库/libraries/character/provisional/cand-entity-6ec55f218d59-m-m-m-m-m-m-m-m-m-m.json
迷深实战-本体库/libraries/character/provisional/cand-entity-6ec55f218d59-m-m-m-m-m-m-m-m-m.json
迷深实战-本体库/libraries/character/provisional/cand-entity-6ec55f218d59-m-m-m-m-m-m-m-m.json
迷深实战-本体库/libraries/character/provisional/cand-entity-6ec55f218d59-m-m-m-m-m-m-m.json
迷深实战-本体库/libraries/character/provisional/cand-entity-6ec55f218d59-m-m-m-m-m-m.json
迷深实战-本体库/libraries/character/provisional/cand-entity-6ec55f218d59-m-m-m-m-m.json
迷深实战-本体库/libraries/character/provisional/cand-entity-6ec55f218d59-m-m-m-m.json
迷深实战-本体库/libraries/character/provisional/cand-entity-6ec55f218d59-m-m-m.json
迷深实战-本体库/libraries/character/provisional/cand-entity-6ec55f218d59-m-m.json
迷深实战-本体库/libraries/character/provisional/cand-entity-6ec55f218d59-m.json
迷深实战-本体库/libraries/character/provisional/cand-entity-6ec55f218d59-m42.json
迷深实战-本体库/libraries/character/provisional/cand-entity-6ec55f218d59-m43.json
迷深实战-本体库/libraries/character/provisional/cand-entity-6ec55f218d59-m44.json
迷深实战-本体库/libraries/character/provisional/cand-entity-6ec55f218d59-m45.json
迷深实战-本体库/libraries/character/provisional/cand-entity-6ec55f218d59-m46.json
迷深实战-本体库/libraries/character/provisional/cand-entity-6ec55f218d59-m47.json
迷深实战-本体库/libraries/character/provisional/cand-entity-6ec55f218d59-m48.json
迷深实战-本体库/libraries/character/provisional/cand-entity-6ec55f218d59-m49.json
迷深实战-本体库/libraries/character/provisional/cand-entity-6ec55f218d59-m50.json
迷深实战-本体库/libraries/character/provisional/cand-entity-6ec55f218d59-m51.json
迷深实战-本体库/libraries/character/provisional/cand-entity-6ec55f218d59-m52.json
迷深实战-本体库/libraries/character/provisional/cand-entity-6ec55f218d59-m53.json
迷深实战-本体库/libraries/character/provisional/cand-entity-6ec55f218d59-m54.json
迷深实战-本体库/libraries/character/provisional/cand-entity-6ec55f218d59-m55.json
迷深实战-本体库/libraries/character/provisional/cand-entity-6ec55f218d59-m56.json
迷深实战-本体库/libraries/character/provisional/cand-entity-6ec55f218d59-m57.json
迷深实战-本体库/libraries/character/provisional/cand-entity-6ec55f218d59-m58.json
迷深实战-本体库/libraries/character/provisional/cand-entity-6ec55f218d59-m59.json
迷深实战-本体库/libraries/character/provisional/cand-entity-6ec55f218d59-m60.json
迷深实战-本体库/libraries/character/provisional/cand-entity-6ec55f218d59-m61.json
迷深实战-本体库/libraries/character/provisional/cand-entity-6ec55f218d59-m62.json
迷深实战-本体库/libraries/character/provisional/cand-entity-6ec55f218d59-m63.json
迷深实战-本体库/libraries/character/provisional/cand-entity-6ec55f218d59-m64.json
迷深实战-本体库/libraries/character/provisional/cand-entity-6ec55f218d59.json
迷深实战-本体库/libraries/character/provisional/cand-entity-6f2c719d438b-m2.json
迷深实战-本体库/libraries/character/provisional/cand-entity-6f2c719d438b.json
迷深实战-本体库/libraries/character/provisional/cand-entity-6f931966575f.json
迷深实战-本体库/libraries/character/provisional/cand-entity-6fff57f86e5c.json
迷深实战-本体库/libraries/character/provisional/cand-entity-7034d2eae60f.json
迷深实战-本体库/libraries/character/provisional/cand-entity-7126b1b9aabc.json
迷深实战-本体库/libraries/character/provisional/cand-entity-71e69da729d4-m.json
迷深实战-本体库/libraries/character/provisional/cand-entity-71e69da729d4.json
迷深实战-本体库/libraries/character/provisional/cand-entity-73714c449cd3.json
迷深实战-本体库/libraries/character/provisional/cand-entity-742fe8b4b934.json
迷深实战-本体库/libraries/character/provisional/cand-entity-75b8d316350b-m2.json
迷深实战-本体库/libraries/character/provisional/cand-entity-75b8d316350b.json
迷深实战-本体库/libraries/character/provisional/cand-entity-76ce27f980e6.json
迷深实战-本体库/libraries/character/provisional/cand-entity-76fa133cc906.json
迷深实战-本体库/libraries/character/provisional/cand-entity-77f870bd4cf1.json
迷深实战-本体库/libraries/character/provisional/cand-entity-7932c6090c1e.json
迷深实战-本体库/libraries/character/provisional/cand-entity-79f3a664b39c.json
迷深实战-本体库/libraries/character/provisional/cand-entity-7bfeec89472b-m-m-m-m-m-m-m-m-m-m-m-m-m-m-m-m-m-m-m-m-m-m-m-m-m-m-m-m-m-m-m-m-m-m-m-m-m-m-m-m-m-m-m-m-m-m-m-m-m-m-m-m-m-m-m-m-m-m-m-m-m-m-m-m-m-m-m-m-m-m-m-m-m-m-m-m-m.json
迷深实战-本体库/libraries/character/provisional/cand-entity-7bfeec89472b-m-m-m-m-m-m-m-m-m-m-m-m-m-m-m-m-m-m-m-m-m-m-m-m-m-m-m-m-m-m-m-m-m-m-m-m-m-m-m-m-m-m-m-m-m-m-m-m-m-m-m-m-m-m-m-m-m-m-m-m-m-m-m-m-m-m-m-m-m-m-m-m-m-m-m-m.json
迷深实战-本体库/libraries/character/provisional/cand-entity-7bfeec89472b-m-m-m-m-m-m-m-m-m-m-m-m-m-m-m-m-m-m-m-m-m-m-m-m-m-m-m-m-m-m-m-m-m-m-m-m-m-m-m-m-m-m-m-m-m-m-m-m-m-m-m-m-m-m-m-m-m-m-m-m-m-m-m-m-m-m-m-m-m-m-m-m-m-m-m.json
迷深实战-本体库/libraries/character/provisional/cand-entity-7bfeec89472b-m-m-m-m-m-m-m-m-m-m-m-m-m-m-m-m-m-m-m-m-m-m-m-m-m-m-m-m-m-m-m-m-m-m-m-m-m-m-m-m-m-m-m-m-m-m-m-m-m-m-m-m-m-m-m-m-m-m-m-m-m-m-m-m-m-m-m-m-m-m-m-m-m-m.json
迷深实战-本体库/libraries/character/provisional/cand-entity-7bfeec89472b-m-m-m-m-m-m-m-m-m-m-m-m-m-m-m-m-m-m-m-m-m-m-m-m-m-m-m-m-m-m-m-m-m-m-m-m-m-m-m-m-m-m-m-m-m-m-m-m-m-m-m-m-m-m-m-m-m-m-m-m-m-m-m-m-m-m-m-m-m-m-m-m-m.json
迷深实战-本体库/libraries/character/provisional/cand-entity-7bfeec89472b-m-m-m-m-m-m-m-m-m-m-m-m-m-m-m-m-m-m-m-m-m-m-m-m-m-m-m-m-m-m-m-m-m-m-m-m-m-m-m-m-m-m-m-m-m-m-m-m-m-m-m-m-m-m-m-m-m-m-m-m-m-m-m-m-m-m-m-m-m-m-m-m.json
迷深实战-本体库/libraries/character/provisional/cand-entity-7bfeec89472b-m-m-m-m-m-m-m-m-m-m-m-m-m-m-m-m-m-m-m-m-m-m-m-m-m-m-m-m-m-m-m-m-m-m-m-m-m-m-m-m-m-m-m-m-m-m-m-m-m-m-m-m-m-m-m-m-m-m-m-m-m-m-m-m-m-m-m-m-m-m-m.json
迷深实战-本体库/libraries/character/provisional/cand-entity-7bfeec89472b-m-m-m-m-m-m-m-m-m-m-m-m-m-m-m-m-m-m-m-m-m-m-m-m-m-m-m-m-m-m-m-m-m-m-m-m-m-m-m-m-m-m-m-m-m-m-m-m-m-m-m-m-m-m-m-m-m-m-m-m-m-m-m-m-m-m-m-m-m-m.json
迷深实战-本体库/libraries/character/provisional/cand-entity-7bfeec89472b-m-m-m-m-m-m-m-m-m-m-m-m-m-m-m-m-m-m-m-m-m-m-m-m-m-m-m-m-m-m-m-m-m-m-m-m-m-m-m-m-m-m-m-m-m-m-m-m-m-m-m-m-m-m-m-m-m-m-m-m-m-m-m-m-m-m-m-m-m.json
迷深实战-本体库/libraries/character/provisional/cand-entity-7bfeec89472b-m-m-m-m-m-m-m-m-m-m-m-m-m-m-m-m-m-m-m-m-m-m-m-m-m-m-m-m-m-m-m-m-m-m-m-m-m-m-m-m-m-m-m-m-m-m-m-m-m-m-m-m-m-m-m-m-m-m-m-m-m-m-m-m-m-m-m-m.json
迷深实战-本体库/libraries/character/provisional/cand-entity-7bfeec89472b-m-m-m-m-m-m-m-m-m-m-m-m-m-m-m-m-m-m-m-m-m-m-m-m-m-m-m-m-m-m-m-m-m-m-m-m-m-m-m-m-m-m-m-m-m-m-m-m-m-m-m-m-m-m-m-m-m-m-m-m-m-m-m-m-m-m-m.json
迷深实战-本体库/libraries/character/provisional/cand-entity-7bfeec89472b-m-m-m-m-m-m-m-m-m-m-m-m-m-m-m-m-m-m-m-m-m-m-m-m-m-m-m-m-m-m-m-m-m-m-m-m-m-m-m-m-m-m-m-m-m-m-m-m-m-m-m-m-m-m-m-m-m-m-m-m-m-m-m-m-m-m.json
迷深实战-本体库/libraries/character/provisional/cand-entity-7bfeec89472b-m-m-m-m-m-m-m-m-m-m-m-m-m-m-m-m-m-m-m-m-m-m-m-m-m-m-m-m-m-m-m-m-m-m-m-m-m-m-m-m-m-m-m-m-m-m-m-m-m-m-m-m-m-m-m-m-m-m-m-m-m-m-m-m-m.json
迷深实战-本体库/libraries/character/provisional/cand-entity-7bfeec89472b-m-m-m-m-m-m-m-m-m-m-m-m-m-m-m-m-m-m-m-m-m-m-m-m-m-m-m-m-m-m-m-m-m-m-m-m-m-m-m-m-m-m-m-m-m-m-m-m-m-m-m-m-m-m-m-m-m-m-m-m-m-m-m-m.json
迷深实战-本体库/libraries/character/provisional/cand-entity-7bfeec89472b-m-m-m-m-m-m-m-m-m-m-m-m-m-m-m-m-m-m-m-m-m-m-m-m-m-m-m-m-m-m-m-m-m-m-m-m-m-m-m-m-m-m-m-m-m-m-m-m-m-m-m-m-m-m-m-m-m-m-m-m-m-m-m.json
迷深实战-本体库/libraries/character/provisional/cand-entity-7bfeec89472b-m-m-m-m-m-m-m-m-m-m-m-m-m-m-m-m-m-m-m-m-m-m-m-m-m-m-m-m-m-m-m-m-m-m-m-m-m-m-m-m-m-m-m-m-m-m-m-m-m-m-m-m-m-m-m-m-m-m-m-m-m-m.json
迷深实战-本体库/libraries/character/provisional/cand-entity-7bfeec89472b-m-m-m-m-m-m-m-m-m-m-m-m-m-m-m-m-m-m-m-m-m-m-m-m-m-m-m-m-m-m-m-m-m-m-m-m-m-m-m-m-m-m-m-m-m-m-m-m-m-m-m-m-m-m-m-m-m-m-m-m-m.json
迷深实战-本体库/libraries/character/provisional/cand-entity-7bfeec89472b-m-m-m-m-m-m-m-m-m-m-m-m-m-m-m-m-m-m-m-m-m-m-m-m-m-m-m-m-m-m-m-m-m-m-m-m-m-m-m-m-m-m-m-m-m-m-m-m-m-m-m-m-m-m-m-m-m-m-m-m.json
迷深实战-本体库/libraries/character/provisional/cand-entity-7bfeec89472b-m-m-m-m-m-m-m-m-m-m-m-m-m-m-m-m-m-m-m-m-m-m-m-m-m-m-m-m-m-m-m-m-m-m-m-m-m-m-m-m-m-m-m-m-m-m-m-m-m-m-m-m-m-m-m-m-m-m-m.json
迷深实战-本体库/libraries/character/provisional/cand-entity-7bfeec89472b-m-m-m-m-m-m-m-m-m-m-m-m-m-m-m-m-m-m-m-m-m-m-m-m-m-m-m-m-m-m-m-m-m-m-m-m-m-m-m-m-m-m-m-m-m-m-m-m-m-m-m-m-m-m-m-m-m-m.json
迷深实战-本体库/libraries/character/provisional/cand-entity-7bfeec89472b-m-m-m-m-m-m-m-m-m-m-m-m-m-m-m-m-m-m-m-m-m-m-m-m-m-m-m-m-m-m-m-m-m-m-m-m-m-m-m-m-m-m-m-m-m-m-m-m-m-m-m-m-m-m-m-m-m.json
迷深实战-本体库/libraries/character/provisional/cand-entity-7bfeec89472b-m-m-m-m-m-m-m-m-m-m-m-m-m-m-m-m-m-m-m-m-m-m-m-m-m-m-m-m-m-m-m-m-m-m-m-m-m-m-m-m-m-m-m-m-m-m-m-m-m-m-m-m-m-m-m-m.json
迷深实战-本体库/libraries/character/provisional/cand-entity-7bfeec89472b-m-m-m-m-m-m-m-m-m-m-m-m-m-m-m-m-m-m-m-m-m-m-m-m-m-m-m-m-m-m-m-m-m-m-m-m-m-m-m-m-m-m-m-m-m-m-m-m-m-m-m-m-m-m-m.json
迷深实战-本体库/libraries/character/provisional/cand-entity-7bfeec89472b-m-m-m-m-m-m-m-m-m-m-m-m-m-m-m-m-m-m-m-m-m-m-m-m-m-m-m-m-m-m-m-m-m-m-m-m-m-m-m-m-m-m-m-m-m-m-m-m-m-m-m-m-m-m.json
迷深实战-本体库/libraries/character/provisional/cand-entity-7bfeec89472b-m-m-m-m-m-m-m-m-m-m-m-m-m-m-m-m-m-m-m-m-m-m-m-m-m-m-m-m-m-m-m-m-m-m-m-m-m-m-m-m-m-m-m-m-m-m-m-m-m-m-m-m-m.json
迷深实战-本体库/libraries/character/provisional/cand-entity-7bfeec89472b-m-m-m-m-m-m-m-m-m-m-m-m-m-m-m-m-m-m-m-m-m-m-m-m-m-m-m-m-m-m-m-m-m-m-m-m-m-m-m-m-m-m-m-m-m-m-m-m-m-m-m-m.json
迷深实战-本体库/libraries/character/provisional/cand-entity-7bfeec89472b-m-m-m-m-m-m-m-m-m-m-m-m-m-m-m-m-m-m-m-m-m-m-m-m-m-m-m-m-m-m-m-m-m-m-m-m-m-m-m-m-m-m-m-m-m-m-m-m-m-m-m.json
迷深实战-本体库/libraries/character/provisional/cand-entity-7bfeec89472b-m-m-m-m-m-m-m-m-m-m-m-m-m-m-m-m-m-m-m-m-m-m-m-m-m-m-m-m-m-m-m-m-m-m-m-m-m-m-m-m-m-m-m-m-m-m-m-m-m-m.json
迷深实战-本体库/libraries/character/provisional/cand-entity-7bfeec89472b-m-m-m-m-m-m-m-m-m-m-m-m-m-m-m-m-m-m-m-m-m-m-m-m-m-m-m-m-m-m-m-m-m-m-m-m-m-m-m-m-m-m-m-m-m-m-m-m-m.json
迷深实战-本体库/libraries/character/provisional/cand-entity-7bfeec89472b-m-m-m-m-m-m-m-m-m-m-m-m-m-m-m-m-m-m-m-m-m-m-m-m-m-m-m-m-m-m-m-m-m-m-m-m-m-m-m-m-m-m-m-m-m-m-m-m.json
迷深实战-本体库/libraries/character/provisional/cand-entity-7bfeec89472b-m-m-m-m-m-m-m-m-m-m-m-m-m-m-m-m-m-m-m-m-m-m-m-m-m-m-m-m-m-m-m-m-m-m-m-m-m-m-m-m-m-m-m-m-m-m-m.json
迷深实战-本体库/libraries/character/provisional/cand-entity-7bfeec89472b-m-m-m-m-m-m-m-m-m-m-m-m-m-m-m-m-m-m-m-m-m-m-m-m-m-m-m-m-m-m-m-m-m-m-m-m-m-m-m-m-m-m-m-m-m-m.json
迷深实战-本体库/libraries/character/provisional/cand-entity-7bfeec89472b-m-m-m-m-m-m-m-m-m-m-m-m-m-m-m-m-m-m-m-m-m-m-m-m-m-m-m-m-m-m-m-m-m-m-m-m-m-m-m-m-m-m-m-m-m.json
迷深实战-本体库/libraries/character/provisional/cand-entity-7bfeec89472b-m-m-m-m-m-m-m-m-m-m-m-m-m-m-m-m-m-m-m-m-m-m-m-m-m-m-m-m-m-m-m-m-m-m-m-m-m-m-m-m-m-m-m-m.json
迷深实战-本体库/libraries/character/provisional/cand-entity-7bfeec89472b-m-m-m-m-m-m-m-m-m-m-m-m-m-m-m-m-m-m-m-m-m-m-m-m-m-m-m-m-m-m-m-m-m-m-m-m-m-m-m-m-m-m-m.json
迷深实战-本体库/libraries/character/provisional/cand-entity-7bfeec89472b-m-m-m-m-m-m-m-m-m-m-m-m-m-m-m-m-m-m-m-m-m-m-m-m-m-m-m-m-m-m-m-m-m-m-m-m-m-m-m-m-m-m.json
迷深实战-本体库/libraries/character/provisional/cand-entity-7bfeec89472b-m-m-m-m-m-m-m-m-m-m-m-m-m-m-m-m-m-m-m-m-m-m-m-m-m-m-m-m-m-m-m-m-m-m-m-m-m-m-m-m-m.json
迷深实战-本体库/libraries/character/provisional/cand-entity-7bfeec89472b-m-m-m-m-m-m-m-m-m-m-m-m-m-m-m-m-m-m-m-m-m-m-m-m-m-m-m-m-m-m-m-m-m-m-m-m-m-m-m-m.json
迷深实战-本体库/libraries/character/provisional/cand-entity-7bfeec89472b-m-m-m-m-m-m-m-m-m-m-m-m-m-m-m-m-m-m-m-m-m-m-m-m-m-m-m-m-m-m-m-m-m-m-m-m-m-m-m.json
迷深实战-本体库/libraries/character/provisional/cand-entity-7bfeec89472b-m-m-m-m-m-m-m-m-m-m-m-m-m-m-m-m-m-m-m-m-m-m-m-m-m-m-m-m-m-m-m-m-m-m-m-m-m-m.json
迷深实战-本体库/libraries/character/provisional/cand-entity-7bfeec89472b-m-m-m-m-m-m-m-m-m-m-m-m-m-m-m-m-m-m-m-m-m-m-m-m-m-m-m-m-m-m-m-m-m-m-m-m-m.json
迷深实战-本体库/libraries/character/provisional/cand-entity-7bfeec89472b-m-m-m-m-m-m-m-m-m-m-m-m-m-m-m-m-m-m-m-m-m-m-m-m-m-m-m-m-m-m-m-m-m-m-m-m.json
迷深实战-本体库/libraries/character/provisional/cand-entity-7bfeec89472b-m-m-m-m-m-m-m-m-m-m-m-m-m-m-m-m-m-m-m-m-m-m-m-m-m-m-m-m-m-m-m-m-m-m-m.json
迷深实战-本体库/libraries/character/provisional/cand-entity-7bfeec89472b-m-m-m-m-m-m-m-m-m-m-m-m-m-m-m-m-m-m-m-m-m-m-m-m-m-m-m-m-m-m-m-m-m-m.json
迷深实战-本体库/libraries/character/provisional/cand-entity-7bfeec89472b-m-m-m-m-m-m-m-m-m-m-m-m-m-m-m-m-m-m-m-m-m-m-m-m-m-m-m-m-m-m-m-m-m.json
迷深实战-本体库/libraries/character/provisional/cand-entity-7bfeec89472b-m-m-m-m-m-m-m-m-m-m-m-m-m-m-m-m-m-m-m-m-m-m-m-m-m-m-m-m-m-m-m-m.json
迷深实战-本体库/libraries/character/provisional/cand-entity-7bfeec89472b-m-m-m-m-m-m-m-m-m-m-m-m-m-m-m-m-m-m-m-m-m-m-m-m-m-m-m-m-m-m-m.json
迷深实战-本体库/libraries/character/provisional/cand-entity-7bfeec89472b-m-m-m-m-m-m-m-m-m-m-m-m-m-m-m-m-m-m-m-m-m-m-m-m-m-m-m-m-m-m.json
迷深实战-本体库/libraries/character/provisional/cand-entity-7bfeec89472b-m-m-m-m-m-m-m-m-m-m-m-m-m-m-m-m-m-m-m-m-m-m-m-m-m-m-m-m-m.json
迷深实战-本体库/libraries/character/provisional/cand-entity-7bfeec89472b-m-m-m-m-m-m-m-m-m-m-m-m-m-m-m-m-m-m-m-m-m-m-m-m-m-m-m-m.json
迷深实战-本体库/libraries/character/provisional/cand-entity-7bfeec89472b-m-m-m-m-m-m-m-m-m-m-m-m-m-m-m-m-m-m-m-m-m-m-m-m-m-m-m.json
迷深实战-本体库/libraries/character/provisional/cand-entity-7bfeec89472b-m-m-m-m-m-m-m-m-m-m-m-m-m-m-m-m-m-m-m-m-m-m-m-m-m-m.json
迷深实战-本体库/libraries/character/provisional/cand-entity-7bfeec89472b-m-m-m-m-m-m-m-m-m-m-m-m-m-m-m-m-m-m-m-m-m-m-m-m-m.json
迷深实战-本体库/libraries/character/provisional/cand-entity-7bfeec89472b-m-m-m-m-m-m-m-m-m-m-m-m-m-m-m-m-m-m-m-m-m-m-m-m.json
迷深实战-本体库/libraries/character/provisional/cand-entity-7bfeec89472b-m-m-m-m-m-m-m-m-m-m-m-m-m-m-m-m-m-m-m-m-m-m-m.json
迷深实战-本体库/libraries/character/provisional/cand-entity-7bfeec89472b-m-m-m-m-m-m-m-m-m-m-m-m-m-m-m-m-m-m-m-m-m-m.json
迷深实战-本体库/libraries/character/provisional/cand-entity-7bfeec89472b-m-m-m-m-m-m-m-m-m-m-m-m-m-m-m-m-m-m-m-m-m.json
迷深实战-本体库/libraries/character/provisional/cand-entity-7bfeec89472b-m-m-m-m-m-m-m-m-m-m-m-m-m-m-m-m-m-m-m-m.json
迷深实战-本体库/libraries/character/provisional/cand-entity-7bfeec89472b-m-m-m-m-m-m-m-m-m-m-m-m-m-m-m-m-m-m-m.json
迷深实战-本体库/libraries/character/provisional/cand-entity-7bfeec89472b-m-m-m-m-m-m-m-m-m-m-m-m-m-m-m-m-m-m.json
迷深实战-本体库/libraries/character/provisional/cand-entity-7bfeec89472b-m-m-m-m-m-m-m-m-m-m-m-m-m-m-m-m-m.json
迷深实战-本体库/libraries/character/provisional/cand-entity-7bfeec89472b-m-m-m-m-m-m-m-m-m-m-m-m-m-m-m-m.json
迷深实战-本体库/libraries/character/provisional/cand-entity-7bfeec89472b-m-m-m-m-m-m-m-m-m-m-m-m-m-m-m.json
迷深实战-本体库/libraries/character/provisional/cand-entity-7bfeec89472b-m-m-m-m-m-m-m-m-m-m-m-m-m-m.json
迷深实战-本体库/libraries/character/provisional/cand-entity-7bfeec89472b-m-m-m-m-m-m-m-m-m-m-m-m-m.json
迷深实战-本体库/libraries/character/provisional/cand-entity-7bfeec89472b-m-m-m-m-m-m-m-m-m-m-m-m.json
迷深实战-本体库/libraries/character/provisional/cand-entity-7bfeec89472b-m-m-m-m-m-m-m-m-m-m-m.json
迷深实战-本体库/libraries/character/provisional/cand-entity-7bfeec89472b-m-m-m-m-m-m-m-m-m-m.json
迷深实战-本体库/libraries/character/provisional/cand-entity-7bfeec89472b-m-m-m-m-m-m-m-m-m.json
迷深实战-本体库/libraries/character/provisional/cand-entity-7bfeec89472b-m-m-m-m-m-m-m-m.json
迷深实战-本体库/libraries/character/provisional/cand-entity-7bfeec89472b-m-m-m-m-m-m-m.json
迷深实战-本体库/libraries/character/provisional/cand-entity-7bfeec89472b-m-m-m-m-m-m.json
迷深实战-本体库/libraries/character/provisional/cand-entity-7bfeec89472b-m-m-m-m-m.json
迷深实战-本体库/libraries/character/provisional/cand-entity-7bfeec89472b-m-m-m-m.json
迷深实战-本体库/libraries/character/provisional/cand-entity-7bfeec89472b-m-m-m.json
迷深实战-本体库/libraries/character/provisional/cand-entity-7bfeec89472b-m-m.json
迷深实战-本体库/libraries/character/provisional/cand-entity-7bfeec89472b-m.json
迷深实战-本体库/libraries/character/provisional/cand-entity-7bfeec89472b-m100.json
迷深实战-本体库/libraries/character/provisional/cand-entity-7bfeec89472b-m101.json
迷深实战-本体库/libraries/character/provisional/cand-entity-7bfeec89472b-m102.json
迷深实战-本体库/libraries/character/provisional/cand-entity-7bfeec89472b-m103.json
迷深实战-本体库/libraries/character/provisional/cand-entity-7bfeec89472b-m104.json
迷深实战-本体库/libraries/character/provisional/cand-entity-7bfeec89472b-m105.json
迷深实战-本体库/libraries/character/provisional/cand-entity-7bfeec89472b-m106.json
迷深实战-本体库/libraries/character/provisional/cand-entity-7bfeec89472b-m107.json
迷深实战-本体库/libraries/character/provisional/cand-entity-7bfeec89472b-m108.json
迷深实战-本体库/libraries/character/provisional/cand-entity-7bfeec89472b-m109.json
迷深实战-本体库/libraries/character/provisional/cand-entity-7bfeec89472b-m110.json
迷深实战-本体库/libraries/character/provisional/cand-entity-7bfeec89472b-m111.json
迷深实战-本体库/libraries/character/provisional/cand-entity-7bfeec89472b-m112.json
迷深实战-本体库/libraries/character/provisional/cand-entity-7bfeec89472b-m113.json
迷深实战-本体库/libraries/character/provisional/cand-entity-7bfeec89472b-m114.json
迷深实战-本体库/libraries/character/provisional/cand-entity-7bfeec89472b-m115.json
迷深实战-本体库/libraries/character/provisional/cand-entity-7bfeec89472b-m116.json
迷深实战-本体库/libraries/character/provisional/cand-entity-7bfeec89472b-m117.json
迷深实战-本体库/libraries/character/provisional/cand-entity-7bfeec89472b-m118.json
迷深实战-本体库/libraries/character/provisional/cand-entity-7bfeec89472b-m119.json
迷深实战-本体库/libraries/character/provisional/cand-entity-7bfeec89472b-m120.json
迷深实战-本体库/libraries/character/provisional/cand-entity-7bfeec89472b-m121.json
迷深实战-本体库/libraries/character/provisional/cand-entity-7bfeec89472b-m122.json
迷深实战-本体库/libraries/character/provisional/cand-entity-7bfeec89472b-m123.json
迷深实战-本体库/libraries/character/provisional/cand-entity-7bfeec89472b-m124.json
迷深实战-本体库/libraries/character/provisional/cand-entity-7bfeec89472b-m125.json
迷深实战-本体库/libraries/character/provisional/cand-entity-7bfeec89472b-m126.json
迷深实战-本体库/libraries/character/provisional/cand-entity-7bfeec89472b-m127.json
迷深实战-本体库/libraries/character/provisional/cand-entity-7bfeec89472b-m128.json
迷深实战-本体库/libraries/character/provisional/cand-entity-7bfeec89472b-m129.json
迷深实战-本体库/libraries/character/provisional/cand-entity-7bfeec89472b-m130.json
迷深实战-本体库/libraries/character/provisional/cand-entity-7bfeec89472b-m131.json
迷深实战-本体库/libraries/character/provisional/cand-entity-7bfeec89472b-m132.json
迷深实战-本体库/libraries/character/provisional/cand-entity-7bfeec89472b-m133.json
迷深实战-本体库/libraries/character/provisional/cand-entity-7bfeec89472b-m134.json
迷深实战-本体库/libraries/character/provisional/cand-entity-7bfeec89472b-m135.json
迷深实战-本体库/libraries/character/provisional/cand-entity-7bfeec89472b-m136.json
迷深实战-本体库/libraries/character/provisional/cand-entity-7bfeec89472b-m137.json
迷深实战-本体库/libraries/character/provisional/cand-entity-7bfeec89472b-m138.json
迷深实战-本体库/libraries/character/provisional/cand-entity-7bfeec89472b-m139.json
迷深实战-本体库/libraries/character/provisional/cand-entity-7bfeec89472b-m140.json
迷深实战-本体库/libraries/character/provisional/cand-entity-7bfeec89472b-m141.json
迷深实战-本体库/libraries/character/provisional/cand-entity-7bfeec89472b-m142.json
迷深实战-本体库/libraries/character/provisional/cand-entity-7bfeec89472b-m143.json
迷深实战-本体库/libraries/character/provisional/cand-entity-7bfeec89472b-m144.json
迷深实战-本体库/libraries/character/provisional/cand-entity-7bfeec89472b-m145.json
迷深实战-本体库/libraries/character/provisional/cand-entity-7bfeec89472b-m146.json
迷深实战-本体库/libraries/character/provisional/cand-entity-7bfeec89472b-m147.json
迷深实战-本体库/libraries/character/provisional/cand-entity-7bfeec89472b-m148.json
迷深实战-本体库/libraries/character/provisional/cand-entity-7bfeec89472b-m149.json
迷深实战-本体库/libraries/character/provisional/cand-entity-7bfeec89472b-m150.json
迷深实战-本体库/libraries/character/provisional/cand-entity-7bfeec89472b-m151.json
迷深实战-本体库/libraries/character/provisional/cand-entity-7bfeec89472b-m152.json
迷深实战-本体库/libraries/character/provisional/cand-entity-7bfeec89472b-m153.json
迷深实战-本体库/libraries/character/provisional/cand-entity-7bfeec89472b-m154.json
迷深实战-本体库/libraries/character/provisional/cand-entity-7bfeec89472b-m155.json
迷深实战-本体库/libraries/character/provisional/cand-entity-7bfeec89472b-m156.json
迷深实战-本体库/libraries/character/provisional/cand-entity-7bfeec89472b-m157.json
迷深实战-本体库/libraries/character/provisional/cand-entity-7bfeec89472b-m158.json
迷深实战-本体库/libraries/character/provisional/cand-entity-7bfeec89472b-m79.json
迷深实战-本体库/libraries/character/provisional/cand-entity-7bfeec89472b-m80.json
迷深实战-本体库/libraries/character/provisional/cand-entity-7bfeec89472b-m81.json
迷深实战-本体库/libraries/character/provisional/cand-entity-7bfeec89472b-m82.json
迷深实战-本体库/libraries/character/provisional/cand-entity-7bfeec89472b-m83.json
迷深实战-本体库/libraries/character/provisional/cand-entity-7bfeec89472b-m84.json
迷深实战-本体库/libraries/character/provisional/cand-entity-7bfeec89472b-m85.json
迷深实战-本体库/libraries/character/provisional/cand-entity-7bfeec89472b-m86.json
迷深实战-本体库/libraries/character/provisional/cand-entity-7bfeec89472b-m87.json
迷深实战-本体库/libraries/character/provisional/cand-entity-7bfeec89472b-m88.json
迷深实战-本体库/libraries/character/provisional/cand-entity-7bfeec89472b-m89.json
迷深实战-本体库/libraries/character/provisional/cand-entity-7bfeec89472b-m90.json
迷深实战-本体库/libraries/character/provisional/cand-entity-7bfeec89472b-m91.json
迷深实战-本体库/libraries/character/provisional/cand-entity-7bfeec89472b-m92.json
迷深实战-本体库/libraries/character/provisional/cand-entity-7bfeec89472b-m93.json
迷深实战-本体库/libraries/character/provisional/cand-entity-7bfeec89472b-m94.json
迷深实战-本体库/libraries/character/provisional/cand-entity-7bfeec89472b-m95.json
迷深实战-本体库/libraries/character/provisional/cand-entity-7bfeec89472b-m96.json
迷深实战-本体库/libraries/character/provisional/cand-entity-7bfeec89472b-m97.json
迷深实战-本体库/libraries/character/provisional/cand-entity-7bfeec89472b-m98.json
迷深实战-本体库/libraries/character/provisional/cand-entity-7bfeec89472b-m99.json
迷深实战-本体库/libraries/character/provisional/cand-entity-7bfeec89472b.json
迷深实战-本体库/libraries/character/provisional/cand-entity-7d1164642642.json
迷深实战-本体库/libraries/character/provisional/cand-entity-7d29d91c920f.json
迷深实战-本体库/libraries/character/provisional/cand-entity-7d375a26a456-m-m-m-m-m-m-m-m-m-m-m-m-m.json
迷深实战-本体库/libraries/character/provisional/cand-entity-7d375a26a456-m-m-m-m-m-m-m-m-m-m-m-m.json
迷深实战-本体库/libraries/character/provisional/cand-entity-7d375a26a456-m-m-m-m-m-m-m-m-m-m-m.json
迷深实战-本体库/libraries/character/provisional/cand-entity-7d375a26a456-m-m-m-m-m-m-m-m-m-m.json
迷深实战-本体库/libraries/character/provisional/cand-entity-7d375a26a456-m-m-m-m-m-m-m-m-m.json
迷深实战-本体库/libraries/character/provisional/cand-entity-7d375a26a456-m-m-m-m-m-m-m-m.json
迷深实战-本体库/libraries/character/provisional/cand-entity-7d375a26a456-m-m-m-m-m-m-m.json
迷深实战-本体库/libraries/character/provisional/cand-entity-7d375a26a456-m-m-m-m-m-m.json
迷深实战-本体库/libraries/character/provisional/cand-entity-7d375a26a456-m-m-m-m-m.json
迷深实战-本体库/libraries/character/provisional/cand-entity-7d375a26a456-m-m-m-m.json
迷深实战-本体库/libraries/character/provisional/cand-entity-7d375a26a456-m-m-m.json
迷深实战-本体库/libraries/character/provisional/cand-entity-7d375a26a456-m-m.json
迷深实战-本体库/libraries/character/provisional/cand-entity-7d375a26a456-m.json
迷深实战-本体库/libraries/character/provisional/cand-entity-7d375a26a456-m15.json
迷深实战-本体库/libraries/character/provisional/cand-entity-7d375a26a456-m16.json
迷深实战-本体库/libraries/character/provisional/cand-entity-7d375a26a456.json
迷深实战-本体库/libraries/character/provisional/cand-entity-7d583ae8a966.json
迷深实战-本体库/libraries/character/provisional/cand-entity-7d8070f21df8.json
迷深实战-本体库/libraries/character/provisional/cand-entity-7f6f64b99c29.json
迷深实战-本体库/libraries/character/provisional/cand-entity-7f748ea0f202-m.json
迷深实战-本体库/libraries/character/provisional/cand-entity-7f748ea0f202-m3.json
迷深实战-本体库/libraries/character/provisional/cand-entity-7f748ea0f202.json
迷深实战-本体库/libraries/character/provisional/cand-entity-7f8b9a643e41.json
迷深实战-本体库/libraries/character/provisional/cand-entity-7fa2f3b60624.json
迷深实战-本体库/libraries/character/provisional/cand-entity-7fb670cf4c09.json
迷深实战-本体库/libraries/character/provisional/cand-entity-800cfce79589-m2.json
迷深实战-本体库/libraries/character/provisional/cand-entity-800cfce79589.json
迷深实战-本体库/libraries/character/provisional/cand-entity-80856e1326c0-m.json
迷深实战-本体库/libraries/character/provisional/cand-entity-80856e1326c0.json
迷深实战-本体库/libraries/character/provisional/cand-entity-81fa10b10f53.json
迷深实战-本体库/libraries/character/provisional/cand-entity-82695df93408.json
迷深实战-本体库/libraries/character/provisional/cand-entity-82b7f152625e.json
迷深实战-本体库/libraries/character/provisional/cand-entity-82f940188466-m-m-m-m.json
迷深实战-本体库/libraries/character/provisional/cand-entity-82f940188466-m-m-m.json
迷深实战-本体库/libraries/character/provisional/cand-entity-82f940188466-m-m.json
迷深实战-本体库/libraries/character/provisional/cand-entity-82f940188466-m.json
迷深实战-本体库/libraries/character/provisional/cand-entity-82f940188466-m10.json
迷深实战-本体库/libraries/character/provisional/cand-entity-82f940188466-m11.json
迷深实战-本体库/libraries/character/provisional/cand-entity-82f940188466-m6.json
迷深实战-本体库/libraries/character/provisional/cand-entity-82f940188466-m7.json
迷深实战-本体库/libraries/character/provisional/cand-entity-82f940188466-m8.json
迷深实战-本体库/libraries/character/provisional/cand-entity-82f940188466-m9.json
迷深实战-本体库/libraries/character/provisional/cand-entity-82f940188466.json
迷深实战-本体库/libraries/character/provisional/cand-entity-854b51c044fe.json
迷深实战-本体库/libraries/character/provisional/cand-entity-85655052e486-m2.json
迷深实战-本体库/libraries/character/provisional/cand-entity-85655052e486.json
迷深实战-本体库/libraries/character/provisional/cand-entity-86a5a3cb5257-m2.json
迷深实战-本体库/libraries/character/provisional/cand-entity-86a5a3cb5257.json
迷深实战-本体库/libraries/character/provisional/cand-entity-86bb166a7190.json
迷深实战-本体库/libraries/character/provisional/cand-entity-87208bc222ba.json
迷深实战-本体库/libraries/character/provisional/cand-entity-887598333732.json
迷深实战-本体库/libraries/character/provisional/cand-entity-8a8a62a276a2.json
迷深实战-本体库/libraries/character/provisional/cand-entity-8ad06884171f.json
迷深实战-本体库/libraries/character/provisional/cand-entity-8ae9c655dfbf-m-m-m-m-m-m.json
迷深实战-本体库/libraries/character/provisional/cand-entity-8ae9c655dfbf-m-m-m-m-m.json
迷深实战-本体库/libraries/character/provisional/cand-entity-8ae9c655dfbf-m-m-m-m.json
迷深实战-本体库/libraries/character/provisional/cand-entity-8ae9c655dfbf-m-m-m.json
迷深实战-本体库/libraries/character/provisional/cand-entity-8ae9c655dfbf-m-m.json
迷深实战-本体库/libraries/character/provisional/cand-entity-8ae9c655dfbf-m.json
迷深实战-本体库/libraries/character/provisional/cand-entity-8ae9c655dfbf.json
迷深实战-本体库/libraries/character/provisional/cand-entity-8c98631a92ca-m2.json
迷深实战-本体库/libraries/character/provisional/cand-entity-8c98631a92ca.json
迷深实战-本体库/libraries/character/provisional/cand-entity-8d1549ae46d1.json
迷深实战-本体库/libraries/character/provisional/cand-entity-8daa690fc77a.json
迷深实战-本体库/libraries/character/provisional/cand-entity-8e0743a0106e-m.json
迷深实战-本体库/libraries/character/provisional/cand-entity-8e0743a0106e.json
迷深实战-本体库/libraries/character/provisional/cand-entity-8e710c2f6232-m2.json
迷深实战-本体库/libraries/character/provisional/cand-entity-8e710c2f6232.json
迷深实战-本体库/libraries/character/provisional/cand-entity-8ebe05424b14.json
迷深实战-本体库/libraries/character/provisional/cand-entity-8f516f269fc4.json
迷深实战-本体库/libraries/character/provisional/cand-entity-913913082231-m2.json
迷深实战-本体库/libraries/character/provisional/cand-entity-913913082231-m3.json
迷深实战-本体库/libraries/character/provisional/cand-entity-913913082231.json
迷深实战-本体库/libraries/character/provisional/cand-entity-923d6b54539e.json
迷深实战-本体库/libraries/character/provisional/cand-entity-92698096ef1b.json
迷深实战-本体库/libraries/character/provisional/cand-entity-927a22e234a0.json
迷深实战-本体库/libraries/character/provisional/cand-entity-9331291c5daf.json
迷深实战-本体库/libraries/character/provisional/cand-entity-941bd223de1e.json
迷深实战-本体库/libraries/character/provisional/cand-entity-9451dee0db68.json
迷深实战-本体库/libraries/character/provisional/cand-entity-95728e75ff0b.json
迷深实战-本体库/libraries/character/provisional/cand-entity-9612d472e801.json
迷深实战-本体库/libraries/character/provisional/cand-entity-963d05df3789.json
迷深实战-本体库/libraries/character/provisional/cand-entity-9723e7fa8df9.json
迷深实战-本体库/libraries/character/provisional/cand-entity-977c935699b4.json
迷深实战-本体库/libraries/character/provisional/cand-entity-9a1dd180f288-m2.json
迷深实战-本体库/libraries/character/provisional/cand-entity-9a1dd180f288.json
迷深实战-本体库/libraries/character/provisional/cand-entity-9ae559226b4d-m-m-m.json
迷深实战-本体库/libraries/character/provisional/cand-entity-9ae559226b4d-m-m.json
迷深实战-本体库/libraries/character/provisional/cand-entity-9ae559226b4d-m.json
迷深实战-本体库/libraries/character/provisional/cand-entity-9ae559226b4d.json
迷深实战-本体库/libraries/character/provisional/cand-entity-9afd84e21410.json
迷深实战-本体库/libraries/character/provisional/cand-entity-9ba66ba77725.json
迷深实战-本体库/libraries/character/provisional/cand-entity-9be8c9eaeef6.json
迷深实战-本体库/libraries/character/provisional/cand-entity-9c73381b866c.json
迷深实战-本体库/libraries/character/provisional/cand-entity-9d7eed15735d.json
迷深实战-本体库/libraries/character/provisional/cand-entity-9e563d5cd78c.json
迷深实战-本体库/libraries/character/provisional/cand-entity-9ee8797613f1.json
迷深实战-本体库/libraries/character/provisional/cand-entity-9f06e87af0cf.json
迷深实战-本体库/libraries/character/provisional/cand-entity-9f2e523cc01a-m-m.json
迷深实战-本体库/libraries/character/provisional/cand-entity-9f2e523cc01a-m.json
迷深实战-本体库/libraries/character/provisional/cand-entity-9f2e523cc01a.json
迷深实战-本体库/libraries/character/provisional/cand-entity-9f96b4e6599e.json
迷深实战-本体库/libraries/character/provisional/cand-entity-9f9ff3d7f976.json
迷深实战-本体库/libraries/character/provisional/cand-entity-9ffd768303b4.json
迷深实战-本体库/libraries/character/provisional/cand-entity-a007e52948e3-m2.json
迷深实战-本体库/libraries/character/provisional/cand-entity-a007e52948e3.json
迷深实战-本体库/libraries/character/provisional/cand-entity-a020d413d21c-m.json
迷深实战-本体库/libraries/character/provisional/cand-entity-a020d413d21c-m3.json
迷深实战-本体库/libraries/character/provisional/cand-entity-a020d413d21c.json
迷深实战-本体库/libraries/character/provisional/cand-entity-a146efe7d573.json
迷深实战-本体库/libraries/character/provisional/cand-entity-a17dcbe7ea55.json
迷深实战-本体库/libraries/character/provisional/cand-entity-a268cfc94763.json
迷深实战-本体库/libraries/character/provisional/cand-entity-a29d16db9478-m-m-m-m-m.json
迷深实战-本体库/libraries/character/provisional/cand-entity-a29d16db9478-m-m-m-m.json
迷深实战-本体库/libraries/character/provisional/cand-entity-a29d16db9478-m-m-m.json
迷深实战-本体库/libraries/character/provisional/cand-entity-a29d16db9478-m-m.json
迷深实战-本体库/libraries/character/provisional/cand-entity-a29d16db9478-m.json
迷深实战-本体库/libraries/character/provisional/cand-entity-a29d16db9478-m7.json
迷深实战-本体库/libraries/character/provisional/cand-entity-a29d16db9478-m8.json
迷深实战-本体库/libraries/character/provisional/cand-entity-a29d16db9478-m9.json
迷深实战-本体库/libraries/character/provisional/cand-entity-a29d16db9478.json
迷深实战-本体库/libraries/character/provisional/cand-entity-a319d57ed115.json
迷深实战-本体库/libraries/character/provisional/cand-entity-a32681b6e0a0-m.json
迷深实战-本体库/libraries/character/provisional/cand-entity-a32681b6e0a0-m3.json
迷深实战-本体库/libraries/character/provisional/cand-entity-a32681b6e0a0.json
迷深实战-本体库/libraries/character/provisional/cand-entity-a45477df03e7.json
迷深实战-本体库/libraries/character/provisional/cand-entity-a47566e989a5-m.json
迷深实战-本体库/libraries/character/provisional/cand-entity-a47566e989a5.json
迷深实战-本体库/libraries/character/provisional/cand-entity-a49f35d766c4.json
迷深实战-本体库/libraries/character/provisional/cand-entity-a4d6452a12ad.json
迷深实战-本体库/libraries/character/provisional/cand-entity-a4d66dc7c2ae.json
迷深实战-本体库/libraries/character/provisional/cand-entity-a52d4e92e13c.json
迷深实战-本体库/libraries/character/provisional/cand-entity-a54aa73502a8-m2.json
迷深实战-本体库/libraries/character/provisional/cand-entity-a54aa73502a8.json
迷深实战-本体库/libraries/character/provisional/cand-entity-a60676eba631.json
迷深实战-本体库/libraries/character/provisional/cand-entity-a6a608bc2643-m-m-m.json
迷深实战-本体库/libraries/character/provisional/cand-entity-a6a608bc2643-m-m.json
迷深实战-本体库/libraries/character/provisional/cand-entity-a6a608bc2643-m.json
迷深实战-本体库/libraries/character/provisional/cand-entity-a6a608bc2643-m5.json
迷深实战-本体库/libraries/character/provisional/cand-entity-a6a608bc2643.json
迷深实战-本体库/libraries/character/provisional/cand-entity-a71ae1c03063.json
迷深实战-本体库/libraries/character/provisional/cand-entity-a95cf925c348.json
迷深实战-本体库/libraries/character/provisional/cand-entity-a9996400b867.json
迷深实战-本体库/libraries/character/provisional/cand-entity-a9ae3b4b1927.json
迷深实战-本体库/libraries/character/provisional/cand-entity-ab1bd91746a8-m2.json
迷深实战-本体库/libraries/character/provisional/cand-entity-ab1bd91746a8.json
迷深实战-本体库/libraries/character/provisional/cand-entity-ab2719634011-m-m-m.json
迷深实战-本体库/libraries/character/provisional/cand-entity-ab2719634011-m-m.json
迷深实战-本体库/libraries/character/provisional/cand-entity-ab2719634011-m.json
迷深实战-本体库/libraries/character/provisional/cand-entity-ab2719634011-m10.json
迷深实战-本体库/libraries/character/provisional/cand-entity-ab2719634011-m11.json
迷深实战-本体库/libraries/character/provisional/cand-entity-ab2719634011-m12.json
迷深实战-本体库/libraries/character/provisional/cand-entity-ab2719634011-m13.json
迷深实战-本体库/libraries/character/provisional/cand-entity-ab2719634011-m14.json
迷深实战-本体库/libraries/character/provisional/cand-entity-ab2719634011-m15.json
迷深实战-本体库/libraries/character/provisional/cand-entity-ab2719634011-m5.json
迷深实战-本体库/libraries/character/provisional/cand-entity-ab2719634011-m6.json
迷深实战-本体库/libraries/character/provisional/cand-entity-ab2719634011-m7.json
迷深实战-本体库/libraries/character/provisional/cand-entity-ab2719634011-m8.json
迷深实战-本体库/libraries/character/provisional/cand-entity-ab2719634011-m9.json
迷深实战-本体库/libraries/character/provisional/cand-entity-ab2719634011.json
迷深实战-本体库/libraries/character/provisional/cand-entity-ab2c6486ab38-m-m-m-m.json
迷深实战-本体库/libraries/character/provisional/cand-entity-ab2c6486ab38-m-m-m.json
迷深实战-本体库/libraries/character/provisional/cand-entity-ab2c6486ab38-m-m.json
迷深实战-本体库/libraries/character/provisional/cand-entity-ab2c6486ab38-m.json
迷深实战-本体库/libraries/character/provisional/cand-entity-ab2c6486ab38-m10.json
迷深实战-本体库/libraries/character/provisional/cand-entity-ab2c6486ab38-m11.json
迷深实战-本体库/libraries/character/provisional/cand-entity-ab2c6486ab38-m12.json
迷深实战-本体库/libraries/character/provisional/cand-entity-ab2c6486ab38-m13.json
迷深实战-本体库/libraries/character/provisional/cand-entity-ab2c6486ab38-m6.json
迷深实战-本体库/libraries/character/provisional/cand-entity-ab2c6486ab38-m7.json
迷深实战-本体库/libraries/character/provisional/cand-entity-ab2c6486ab38-m8.json
迷深实战-本体库/libraries/character/provisional/cand-entity-ab2c6486ab38-m9.json
迷深实战-本体库/libraries/character/provisional/cand-entity-ab2c6486ab38.json
迷深实战-本体库/libraries/character/provisional/cand-entity-ac0880edb63e-m-m-m-m-m-m-m-m-m-m-m-m-m-m-m-m-m-m-m-m-m-m-m-m-m-m-m-m-m-m.json
迷深实战-本体库/libraries/character/provisional/cand-entity-ac0880edb63e-m-m-m-m-m-m-m-m-m-m-m-m-m-m-m-m-m-m-m-m-m-m-m-m-m-m-m-m-m.json
迷深实战-本体库/libraries/character/provisional/cand-entity-ac0880edb63e-m-m-m-m-m-m-m-m-m-m-m-m-m-m-m-m-m-m-m-m-m-m-m-m-m-m-m-m.json
迷深实战-本体库/libraries/character/provisional/cand-entity-ac0880edb63e-m-m-m-m-m-m-m-m-m-m-m-m-m-m-m-m-m-m-m-m-m-m-m-m-m-m-m.json
迷深实战-本体库/libraries/character/provisional/cand-entity-ac0880edb63e-m-m-m-m-m-m-m-m-m-m-m-m-m-m-m-m-m-m-m-m-m-m-m-m-m-m.json
迷深实战-本体库/libraries/character/provisional/cand-entity-ac0880edb63e-m-m-m-m-m-m-m-m-m-m-m-m-m-m-m-m-m-m-m-m-m-m-m-m-m.json
迷深实战-本体库/libraries/character/provisional/cand-entity-ac0880edb63e-m-m-m-m-m-m-m-m-m-m-m-m-m-m-m-m-m-m-m-m-m-m-m-m.json
迷深实战-本体库/libraries/character/provisional/cand-entity-ac0880edb63e-m-m-m-m-m-m-m-m-m-m-m-m-m-m-m-m-m-m-m-m-m-m-m.json
迷深实战-本体库/libraries/character/provisional/cand-entity-ac0880edb63e-m-m-m-m-m-m-m-m-m-m-m-m-m-m-m-m-m-m-m-m-m-m.json
迷深实战-本体库/libraries/character/provisional/cand-entity-ac0880edb63e-m-m-m-m-m-m-m-m-m-m-m-m-m-m-m-m-m-m-m-m-m.json
迷深实战-本体库/libraries/character/provisional/cand-entity-ac0880edb63e-m-m-m-m-m-m-m-m-m-m-m-m-m-m-m-m-m-m-m-m.json
迷深实战-本体库/libraries/character/provisional/cand-entity-ac0880edb63e-m-m-m-m-m-m-m-m-m-m-m-m-m-m-m-m-m-m-m.json
迷深实战-本体库/libraries/character/provisional/cand-entity-ac0880edb63e-m-m-m-m-m-m-m-m-m-m-m-m-m-m-m-m-m-m.json
迷深实战-本体库/libraries/character/provisional/cand-entity-ac0880edb63e-m-m-m-m-m-m-m-m-m-m-m-m-m-m-m-m-m.json
迷深实战-本体库/libraries/character/provisional/cand-entity-ac0880edb63e-m-m-m-m-m-m-m-m-m-m-m-m-m-m-m-m.json
迷深实战-本体库/libraries/character/provisional/cand-entity-ac0880edb63e-m-m-m-m-m-m-m-m-m-m-m-m-m-m-m.json
迷深实战-本体库/libraries/character/provisional/cand-entity-ac0880edb63e-m-m-m-m-m-m-m-m-m-m-m-m-m-m.json
迷深实战-本体库/libraries/character/provisional/cand-entity-ac0880edb63e-m-m-m-m-m-m-m-m-m-m-m-m-m.json
迷深实战-本体库/libraries/character/provisional/cand-entity-ac0880edb63e-m-m-m-m-m-m-m-m-m-m-m-m.json
迷深实战-本体库/libraries/character/provisional/cand-entity-ac0880edb63e-m-m-m-m-m-m-m-m-m-m-m.json
迷深实战-本体库/libraries/character/provisional/cand-entity-ac0880edb63e-m-m-m-m-m-m-m-m-m-m.json
迷深实战-本体库/libraries/character/provisional/cand-entity-ac0880edb63e-m-m-m-m-m-m-m-m-m.json
迷深实战-本体库/libraries/character/provisional/cand-entity-ac0880edb63e-m-m-m-m-m-m-m-m.json
迷深实战-本体库/libraries/character/provisional/cand-entity-ac0880edb63e-m-m-m-m-m-m-m.json
迷深实战-本体库/libraries/character/provisional/cand-entity-ac0880edb63e-m-m-m-m-m-m.json
迷深实战-本体库/libraries/character/provisional/cand-entity-ac0880edb63e-m-m-m-m-m.json
迷深实战-本体库/libraries/character/provisional/cand-entity-ac0880edb63e-m-m-m-m.json
迷深实战-本体库/libraries/character/provisional/cand-entity-ac0880edb63e-m-m-m.json
迷深实战-本体库/libraries/character/provisional/cand-entity-ac0880edb63e-m-m.json
迷深实战-本体库/libraries/character/provisional/cand-entity-ac0880edb63e-m.json
迷深实战-本体库/libraries/character/provisional/cand-entity-ac0880edb63e-m32.json
迷深实战-本体库/libraries/character/provisional/cand-entity-ac0880edb63e-m33.json
迷深实战-本体库/libraries/character/provisional/cand-entity-ac0880edb63e-m34.json
迷深实战-本体库/libraries/character/provisional/cand-entity-ac0880edb63e-m35.json
迷深实战-本体库/libraries/character/provisional/cand-entity-ac0880edb63e-m36.json
迷深实战-本体库/libraries/character/provisional/cand-entity-ac0880edb63e-m37.json
迷深实战-本体库/libraries/character/provisional/cand-entity-ac0880edb63e-m38.json
迷深实战-本体库/libraries/character/provisional/cand-entity-ac0880edb63e-m39.json
迷深实战-本体库/libraries/character/provisional/cand-entity-ac0880edb63e-m40.json
迷深实战-本体库/libraries/character/provisional/cand-entity-ac0880edb63e-m41.json
迷深实战-本体库/libraries/character/provisional/cand-entity-ac0880edb63e-m42.json
迷深实战-本体库/libraries/character/provisional/cand-entity-ac0880edb63e-m43.json
迷深实战-本体库/libraries/character/provisional/cand-entity-ac0880edb63e-m44.json
迷深实战-本体库/libraries/character/provisional/cand-entity-ac0880edb63e-m45.json
迷深实战-本体库/libraries/character/provisional/cand-entity-ac0880edb63e.json
迷深实战-本体库/libraries/character/provisional/cand-entity-ac6b8b09574d.json
迷深实战-本体库/libraries/character/provisional/cand-entity-ac6ff84baba2.json
迷深实战-本体库/libraries/character/provisional/cand-entity-ad2f8c722335.json
迷深实战-本体库/libraries/character/provisional/cand-entity-adc9018769c4.json
迷深实战-本体库/libraries/character/provisional/cand-entity-b08a34f3cfb6-m.json
迷深实战-本体库/libraries/character/provisional/cand-entity-b08a34f3cfb6-m3.json
迷深实战-本体库/libraries/character/provisional/cand-entity-b08a34f3cfb6-m4.json
迷深实战-本体库/libraries/character/provisional/cand-entity-b08a34f3cfb6-m5.json
迷深实战-本体库/libraries/character/provisional/cand-entity-b08a34f3cfb6.json
迷深实战-本体库/libraries/character/provisional/cand-entity-b2021cc76f6d.json
迷深实战-本体库/libraries/character/provisional/cand-entity-b3cf15cddc2f.json
迷深实战-本体库/libraries/character/provisional/cand-entity-b4394e77be2d.json
迷深实战-本体库/libraries/character/provisional/cand-entity-b4432172ec5c.json
迷深实战-本体库/libraries/character/provisional/cand-entity-b6c57d95931f-m.json
迷深实战-本体库/libraries/character/provisional/cand-entity-b6c57d95931f.json
迷深实战-本体库/libraries/character/provisional/cand-entity-b730f718c9a6.json
迷深实战-本体库/libraries/character/provisional/cand-entity-b820f14acd75.json
迷深实战-本体库/libraries/character/provisional/cand-entity-b983b55ef886.json
迷深实战-本体库/libraries/character/provisional/cand-entity-b9891da097d6.json
迷深实战-本体库/libraries/character/provisional/cand-entity-bad242c2cd25.json
迷深实战-本体库/libraries/character/provisional/cand-entity-bba083f94a9f-m.json
迷深实战-本体库/libraries/character/provisional/cand-entity-bba083f94a9f.json
迷深实战-本体库/libraries/character/provisional/cand-entity-bbb79c5d25f7.json
迷深实战-本体库/libraries/character/provisional/cand-entity-bfce868afa91.json
迷深实战-本体库/libraries/character/provisional/cand-entity-c0346943ff86.json
迷深实战-本体库/libraries/character/provisional/cand-entity-c1642a259321.json
迷深实战-本体库/libraries/character/provisional/cand-entity-c1c6456934cd.json
迷深实战-本体库/libraries/character/provisional/cand-entity-c1f75bc70c07.json
迷深实战-本体库/libraries/character/provisional/cand-entity-c26f783d4813-m.json
迷深实战-本体库/libraries/character/provisional/cand-entity-c26f783d4813-m3.json
迷深实战-本体库/libraries/character/provisional/cand-entity-c26f783d4813.json
迷深实战-本体库/libraries/character/provisional/cand-entity-c4d221e71ea0-m-m-m-m-m-m-m-m-m-m-m-m-m-m-m-m.json
迷深实战-本体库/libraries/character/provisional/cand-entity-c4d221e71ea0-m-m-m-m-m-m-m-m-m-m-m-m-m-m-m.json
迷深实战-本体库/libraries/character/provisional/cand-entity-c4d221e71ea0-m-m-m-m-m-m-m-m-m-m-m-m-m-m.json
迷深实战-本体库/libraries/character/provisional/cand-entity-c4d221e71ea0-m-m-m-m-m-m-m-m-m-m-m-m-m.json
迷深实战-本体库/libraries/character/provisional/cand-entity-c4d221e71ea0-m-m-m-m-m-m-m-m-m-m-m-m.json
迷深实战-本体库/libraries/character/provisional/cand-entity-c4d221e71ea0-m-m-m-m-m-m-m-m-m-m-m.json
迷深实战-本体库/libraries/character/provisional/cand-entity-c4d221e71ea0-m-m-m-m-m-m-m-m-m-m.json
迷深实战-本体库/libraries/character/provisional/cand-entity-c4d221e71ea0-m-m-m-m-m-m-m-m-m.json
迷深实战-本体库/libraries/character/provisional/cand-entity-c4d221e71ea0-m-m-m-m-m-m-m-m.json
迷深实战-本体库/libraries/character/provisional/cand-entity-c4d221e71ea0-m-m-m-m-m-m-m.json
迷深实战-本体库/libraries/character/provisional/cand-entity-c4d221e71ea0-m-m-m-m-m-m.json
迷深实战-本体库/libraries/character/provisional/cand-entity-c4d221e71ea0-m-m-m-m-m.json
迷深实战-本体库/libraries/character/provisional/cand-entity-c4d221e71ea0-m-m-m-m.json
迷深实战-本体库/libraries/character/provisional/cand-entity-c4d221e71ea0-m-m-m.json
迷深实战-本体库/libraries/character/provisional/cand-entity-c4d221e71ea0-m-m.json
迷深实战-本体库/libraries/character/provisional/cand-entity-c4d221e71ea0-m.json
迷深实战-本体库/libraries/character/provisional/cand-entity-c4d221e71ea0-m18.json
迷深实战-本体库/libraries/character/provisional/cand-entity-c4d221e71ea0-m19.json
迷深实战-本体库/libraries/character/provisional/cand-entity-c4d221e71ea0-m20.json
迷深实战-本体库/libraries/character/provisional/cand-entity-c4d221e71ea0-m21.json
迷深实战-本体库/libraries/character/provisional/cand-entity-c4d221e71ea0-m22.json
迷深实战-本体库/libraries/character/provisional/cand-entity-c4d221e71ea0-m23.json
迷深实战-本体库/libraries/character/provisional/cand-entity-c4d221e71ea0-m24.json
迷深实战-本体库/libraries/character/provisional/cand-entity-c4d221e71ea0-m25.json
迷深实战-本体库/libraries/character/provisional/cand-entity-c4d221e71ea0-m26.json
迷深实战-本体库/libraries/character/provisional/cand-entity-c4d221e71ea0.json
迷深实战-本体库/libraries/character/provisional/cand-entity-c53d96d14bbd.json
迷深实战-本体库/libraries/character/provisional/cand-entity-c54a387793ee.json
迷深实战-本体库/libraries/character/provisional/cand-entity-c550ec4d23af-m.json
迷深实战-本体库/libraries/character/provisional/cand-entity-c550ec4d23af.json
迷深实战-本体库/libraries/character/provisional/cand-entity-c5b7b200adf7.json
迷深实战-本体库/libraries/character/provisional/cand-entity-c5f8db1423b7.json
迷深实战-本体库/libraries/character/provisional/cand-entity-c784a9b808c9.json
迷深实战-本体库/libraries/character/provisional/cand-entity-c86a35fed1d4.json
迷深实战-本体库/libraries/character/provisional/cand-entity-c8e47d826536-m-m-m.json
迷深实战-本体库/libraries/character/provisional/cand-entity-c8e47d826536-m-m.json
迷深实战-本体库/libraries/character/provisional/cand-entity-c8e47d826536-m.json
迷深实战-本体库/libraries/character/provisional/cand-entity-c8e47d826536-m5.json
迷深实战-本体库/libraries/character/provisional/cand-entity-c8e47d826536.json
迷深实战-本体库/libraries/character/provisional/cand-entity-c99e4044ff46.json
迷深实战-本体库/libraries/character/provisional/cand-entity-c9a06c49bbf8-m.json
迷深实战-本体库/libraries/character/provisional/cand-entity-c9a06c49bbf8-m3.json
迷深实战-本体库/libraries/character/provisional/cand-entity-c9a06c49bbf8.json
迷深实战-本体库/libraries/character/provisional/cand-entity-c9cb1df09d5f.json
迷深实战-本体库/libraries/character/provisional/cand-entity-ca32d6fd1e61-m-m.json
迷深实战-本体库/libraries/character/provisional/cand-entity-ca32d6fd1e61-m.json
迷深实战-本体库/libraries/character/provisional/cand-entity-ca32d6fd1e61-m4.json
迷深实战-本体库/libraries/character/provisional/cand-entity-ca32d6fd1e61.json
迷深实战-本体库/libraries/character/provisional/cand-entity-cb57e6e5c644.json
迷深实战-本体库/libraries/character/provisional/cand-entity-cc889c886111.json
迷深实战-本体库/libraries/character/provisional/cand-entity-ccd0d3ece575-m-m-m-m-m-m-m-m-m-m-m-m-m-m-m-m-m-m-m-m-m-m-m-m-m.json
迷深实战-本体库/libraries/character/provisional/cand-entity-ccd0d3ece575-m-m-m-m-m-m-m-m-m-m-m-m-m-m-m-m-m-m-m-m-m-m-m-m.json
迷深实战-本体库/libraries/character/provisional/cand-entity-ccd0d3ece575-m-m-m-m-m-m-m-m-m-m-m-m-m-m-m-m-m-m-m-m-m-m-m.json
迷深实战-本体库/libraries/character/provisional/cand-entity-ccd0d3ece575-m-m-m-m-m-m-m-m-m-m-m-m-m-m-m-m-m-m-m-m-m-m.json
迷深实战-本体库/libraries/character/provisional/cand-entity-ccd0d3ece575-m-m-m-m-m-m-m-m-m-m-m-m-m-m-m-m-m-m-m-m-m.json
迷深实战-本体库/libraries/character/provisional/cand-entity-ccd0d3ece575-m-m-m-m-m-m-m-m-m-m-m-m-m-m-m-m-m-m-m-m.json
迷深实战-本体库/libraries/character/provisional/cand-entity-ccd0d3ece575-m-m-m-m-m-m-m-m-m-m-m-m-m-m-m-m-m-m-m.json
迷深实战-本体库/libraries/character/provisional/cand-entity-ccd0d3ece575-m-m-m-m-m-m-m-m-m-m-m-m-m-m-m-m-m-m.json
迷深实战-本体库/libraries/character/provisional/cand-entity-ccd0d3ece575-m-m-m-m-m-m-m-m-m-m-m-m-m-m-m-m-m.json
迷深实战-本体库/libraries/character/provisional/cand-entity-ccd0d3ece575-m-m-m-m-m-m-m-m-m-m-m-m-m-m-m-m.json
迷深实战-本体库/libraries/character/provisional/cand-entity-ccd0d3ece575-m-m-m-m-m-m-m-m-m-m-m-m-m-m-m.json
迷深实战-本体库/libraries/character/provisional/cand-entity-ccd0d3ece575-m-m-m-m-m-m-m-m-m-m-m-m-m-m.json
迷深实战-本体库/libraries/character/provisional/cand-entity-ccd0d3ece575-m-m-m-m-m-m-m-m-m-m-m-m-m.json
迷深实战-本体库/libraries/character/provisional/cand-entity-ccd0d3ece575-m-m-m-m-m-m-m-m-m-m-m-m.json
迷深实战-本体库/libraries/character/provisional/cand-entity-ccd0d3ece575-m-m-m-m-m-m-m-m-m-m-m.json
迷深实战-本体库/libraries/character/provisional/cand-entity-ccd0d3ece575-m-m-m-m-m-m-m-m-m-m.json
迷深实战-本体库/libraries/character/provisional/cand-entity-ccd0d3ece575-m-m-m-m-m-m-m-m-m.json
迷深实战-本体库/libraries/character/provisional/cand-entity-ccd0d3ece575-m-m-m-m-m-m-m-m.json
迷深实战-本体库/libraries/character/provisional/cand-entity-ccd0d3ece575-m-m-m-m-m-m-m.json
迷深实战-本体库/libraries/character/provisional/cand-entity-ccd0d3ece575-m-m-m-m-m-m.json
迷深实战-本体库/libraries/character/provisional/cand-entity-ccd0d3ece575-m-m-m-m-m.json
迷深实战-本体库/libraries/character/provisional/cand-entity-ccd0d3ece575-m-m-m-m.json
迷深实战-本体库/libraries/character/provisional/cand-entity-ccd0d3ece575-m-m-m.json
迷深实战-本体库/libraries/character/provisional/cand-entity-ccd0d3ece575-m-m.json
迷深实战-本体库/libraries/character/provisional/cand-entity-ccd0d3ece575-m.json
迷深实战-本体库/libraries/character/provisional/cand-entity-ccd0d3ece575-m27.json
迷深实战-本体库/libraries/character/provisional/cand-entity-ccd0d3ece575-m28.json
迷深实战-本体库/libraries/character/provisional/cand-entity-ccd0d3ece575-m29.json
迷深实战-本体库/libraries/character/provisional/cand-entity-ccd0d3ece575-m30.json
迷深实战-本体库/libraries/character/provisional/cand-entity-ccd0d3ece575-m31.json
迷深实战-本体库/libraries/character/provisional/cand-entity-ccd0d3ece575-m32.json
迷深实战-本体库/libraries/character/provisional/cand-entity-ccd0d3ece575-m33.json
迷深实战-本体库/libraries/character/provisional/cand-entity-ccd0d3ece575-m34.json
迷深实战-本体库/libraries/character/provisional/cand-entity-ccd0d3ece575-m35.json
迷深实战-本体库/libraries/character/provisional/cand-entity-ccd0d3ece575-m36.json
迷深实战-本体库/libraries/character/provisional/cand-entity-ccd0d3ece575-m37.json
迷深实战-本体库/libraries/character/provisional/cand-entity-ccd0d3ece575-m38.json
迷深实战-本体库/libraries/character/provisional/cand-entity-ccd0d3ece575-m39.json
迷深实战-本体库/libraries/character/provisional/cand-entity-ccd0d3ece575-m40.json
迷深实战-本体库/libraries/character/provisional/cand-entity-ccd0d3ece575-m41.json
迷深实战-本体库/libraries/character/provisional/cand-entity-ccd0d3ece575-m42.json
迷深实战-本体库/libraries/character/provisional/cand-entity-ccd0d3ece575-m43.json
迷深实战-本体库/libraries/character/provisional/cand-entity-ccd0d3ece575-m44.json
迷深实战-本体库/libraries/character/provisional/cand-entity-ccd0d3ece575-m45.json
迷深实战-本体库/libraries/character/provisional/cand-entity-ccd0d3ece575-m46.json
迷深实战-本体库/libraries/character/provisional/cand-entity-ccd0d3ece575-m47.json
迷深实战-本体库/libraries/character/provisional/cand-entity-ccd0d3ece575-m48.json
迷深实战-本体库/libraries/character/provisional/cand-entity-ccd0d3ece575-m49.json
迷深实战-本体库/libraries/character/provisional/cand-entity-ccd0d3ece575-m50.json
迷深实战-本体库/libraries/character/provisional/cand-entity-ccd0d3ece575-m51.json
迷深实战-本体库/libraries/character/provisional/cand-entity-ccd0d3ece575-m52.json
迷深实战-本体库/libraries/character/provisional/cand-entity-ccd0d3ece575-m53.json
迷深实战-本体库/libraries/character/provisional/cand-entity-ccd0d3ece575.json
迷深实战-本体库/libraries/character/provisional/cand-entity-ccf8aff2f0c3.json
迷深实战-本体库/libraries/character/provisional/cand-entity-cd0220ee9444-m.json
迷深实战-本体库/libraries/character/provisional/cand-entity-cd0220ee9444.json
迷深实战-本体库/libraries/character/provisional/cand-entity-cdf48a94b45b.json
迷深实战-本体库/libraries/character/provisional/cand-entity-ce9d63dd8ff6.json
迷深实战-本体库/libraries/character/provisional/cand-entity-cea7365c31a9.json
迷深实战-本体库/libraries/character/provisional/cand-entity-cf424c2d1f29-m12.json
迷深实战-本体库/libraries/character/provisional/cand-entity-cf424c2d1f29-m2-m-m-m-m-m-m-m-m-m.json
迷深实战-本体库/libraries/character/provisional/cand-entity-cf424c2d1f29-m2-m-m-m-m-m-m-m-m.json
迷深实战-本体库/libraries/character/provisional/cand-entity-cf424c2d1f29-m2-m-m-m-m-m-m-m.json
迷深实战-本体库/libraries/character/provisional/cand-entity-cf424c2d1f29-m2-m-m-m-m-m-m.json
迷深实战-本体库/libraries/character/provisional/cand-entity-cf424c2d1f29-m2-m-m-m-m-m.json
迷深实战-本体库/libraries/character/provisional/cand-entity-cf424c2d1f29-m2-m-m-m-m.json
迷深实战-本体库/libraries/character/provisional/cand-entity-cf424c2d1f29-m2-m-m-m.json
迷深实战-本体库/libraries/character/provisional/cand-entity-cf424c2d1f29-m2-m-m.json
迷深实战-本体库/libraries/character/provisional/cand-entity-cf424c2d1f29-m2-m.json
迷深实战-本体库/libraries/character/provisional/cand-entity-cf424c2d1f29-m2.json
迷深实战-本体库/libraries/character/provisional/cand-entity-cf424c2d1f29.json
迷深实战-本体库/libraries/character/provisional/cand-entity-cfb942a0971c.json
迷深实战-本体库/libraries/character/provisional/cand-entity-d05e19c20f23.json
迷深实战-本体库/libraries/character/provisional/cand-entity-d0d8c52afe8e-m2.json
迷深实战-本体库/libraries/character/provisional/cand-entity-d0d8c52afe8e-m3.json
迷深实战-本体库/libraries/character/provisional/cand-entity-d0d8c52afe8e-m4.json
迷深实战-本体库/libraries/character/provisional/cand-entity-d0d8c52afe8e.json
迷深实战-本体库/libraries/character/provisional/cand-entity-d12cc6927f3c.json
迷深实战-本体库/libraries/character/provisional/cand-entity-d1ad4d081ff1.json
迷深实战-本体库/libraries/character/provisional/cand-entity-d1f1a3b7e062.json
迷深实战-本体库/libraries/character/provisional/cand-entity-d235fa2bd1ce.json
迷深实战-本体库/libraries/character/provisional/cand-entity-d32008e36fa0.json
迷深实战-本体库/libraries/character/provisional/cand-entity-d3f6e5f45b86.json
迷深实战-本体库/libraries/character/provisional/cand-entity-d468b9cf2e32.json
迷深实战-本体库/libraries/character/provisional/cand-entity-d504e9b93ce5.json
迷深实战-本体库/libraries/character/provisional/cand-entity-d5638eefff93.json
迷深实战-本体库/libraries/character/provisional/cand-entity-d653015aee5e.json
迷深实战-本体库/libraries/character/provisional/cand-entity-d749c3066a3b-m2.json
迷深实战-本体库/libraries/character/provisional/cand-entity-d749c3066a3b-m3.json
迷深实战-本体库/libraries/character/provisional/cand-entity-d749c3066a3b-m4.json
迷深实战-本体库/libraries/character/provisional/cand-entity-d749c3066a3b-m5.json
迷深实战-本体库/libraries/character/provisional/cand-entity-d749c3066a3b-m6.json
迷深实战-本体库/libraries/character/provisional/cand-entity-d749c3066a3b.json
迷深实战-本体库/libraries/character/provisional/cand-entity-d858d243496c-m2.json
迷深实战-本体库/libraries/character/provisional/cand-entity-d858d243496c.json
迷深实战-本体库/libraries/character/provisional/cand-entity-d8df99c75c0e-m2.json
迷深实战-本体库/libraries/character/provisional/cand-entity-d8df99c75c0e.json
迷深实战-本体库/libraries/character/provisional/cand-entity-d94c8874269f.json
迷深实战-本体库/libraries/character/provisional/cand-entity-da591604ef55-m2.json
迷深实战-本体库/libraries/character/provisional/cand-entity-da591604ef55.json
迷深实战-本体库/libraries/character/provisional/cand-entity-da941ca3ae90.json
迷深实战-本体库/libraries/character/provisional/cand-entity-db25a39d533b.json
迷深实战-本体库/libraries/character/provisional/cand-entity-db6de89c7476.json
迷深实战-本体库/libraries/character/provisional/cand-entity-db7241e77490-m2.json
迷深实战-本体库/libraries/character/provisional/cand-entity-db7241e77490-m3.json
迷深实战-本体库/libraries/character/provisional/cand-entity-db7241e77490.json
迷深实战-本体库/libraries/character/provisional/cand-entity-dc3f7d135f8a.json
迷深实战-本体库/libraries/character/provisional/cand-entity-dcd964d993df-m.json
迷深实战-本体库/libraries/character/provisional/cand-entity-dcd964d993df-m3.json
迷深实战-本体库/libraries/character/provisional/cand-entity-dcd964d993df-m4.json
迷深实战-本体库/libraries/character/provisional/cand-entity-dcd964d993df-m5.json
迷深实战-本体库/libraries/character/provisional/cand-entity-dcd964d993df.json
迷深实战-本体库/libraries/character/provisional/cand-entity-debc1f7a65a8.json
迷深实战-本体库/libraries/character/provisional/cand-entity-e08e23b97d3a.json
迷深实战-本体库/libraries/character/provisional/cand-entity-e2beb9cb5d2d.json
迷深实战-本体库/libraries/character/provisional/cand-entity-e3050c529dc3.json
迷深实战-本体库/libraries/character/provisional/cand-entity-e7a8c560c323.json
迷深实战-本体库/libraries/character/provisional/cand-entity-e871d9408ce8-m2.json
迷深实战-本体库/libraries/character/provisional/cand-entity-e871d9408ce8.json
迷深实战-本体库/libraries/character/provisional/cand-entity-e8c988c69936-m.json
迷深实战-本体库/libraries/character/provisional/cand-entity-e8c988c69936.json
迷深实战-本体库/libraries/character/provisional/cand-entity-e8d3a504ef3a-m2.json
迷深实战-本体库/libraries/character/provisional/cand-entity-e8d3a504ef3a.json
迷深实战-本体库/libraries/character/provisional/cand-entity-e8f572c7edcc.json
迷深实战-本体库/libraries/character/provisional/cand-entity-e9a454b6cb96.json
迷深实战-本体库/libraries/character/provisional/cand-entity-eac97e1b94fd.json
迷深实战-本体库/libraries/character/provisional/cand-entity-ee50317cc38b-m2.json
迷深实战-本体库/libraries/character/provisional/cand-entity-ee50317cc38b.json
迷深实战-本体库/libraries/character/provisional/cand-entity-ef2aab4af5fc-m.json
迷深实战-本体库/libraries/character/provisional/cand-entity-ef2aab4af5fc.json
迷深实战-本体库/libraries/character/provisional/cand-entity-ef7d509a23e6-m2.json
迷深实战-本体库/libraries/character/provisional/cand-entity-ef7d509a23e6.json
迷深实战-本体库/libraries/character/provisional/cand-entity-ef8af1a51eb1.json
迷深实战-本体库/libraries/character/provisional/cand-entity-f0270e649527.json
迷深实战-本体库/libraries/character/provisional/cand-entity-f1bd6ddf448e.json
迷深实战-本体库/libraries/character/provisional/cand-entity-f2db58ef763a.json
迷深实战-本体库/libraries/character/provisional/cand-entity-f3db724f1cf9.json
迷深实战-本体库/libraries/character/provisional/cand-entity-f3edd9496870.json
迷深实战-本体库/libraries/character/provisional/cand-entity-f40781b2ad95-m-m-m.json
迷深实战-本体库/libraries/character/provisional/cand-entity-f40781b2ad95-m-m.json
迷深实战-本体库/libraries/character/provisional/cand-entity-f40781b2ad95-m.json
迷深实战-本体库/libraries/character/provisional/cand-entity-f40781b2ad95-m5.json
迷深实战-本体库/libraries/character/provisional/cand-entity-f40781b2ad95.json
迷深实战-本体库/libraries/character/provisional/cand-entity-f4f9bce35458.json
迷深实战-本体库/libraries/character/provisional/cand-entity-f67acb71127e.json
迷深实战-本体库/libraries/character/provisional/cand-entity-f74320ac9140-m-m.json
迷深实战-本体库/libraries/character/provisional/cand-entity-f74320ac9140-m.json
迷深实战-本体库/libraries/character/provisional/cand-entity-f74320ac9140.json
迷深实战-本体库/libraries/character/provisional/cand-entity-f7643cee43c9-m2.json
迷深实战-本体库/libraries/character/provisional/cand-entity-f7643cee43c9-m3.json
迷深实战-本体库/libraries/character/provisional/cand-entity-f7643cee43c9.json
迷深实战-本体库/libraries/character/provisional/cand-entity-f7883ca23d65.json
迷深实战-本体库/libraries/character/provisional/cand-entity-f845dfd624b9.json
迷深实战-本体库/libraries/character/provisional/cand-entity-f87c256e44e2.json
迷深实战-本体库/libraries/character/provisional/cand-entity-f87e47356b9e.json
迷深实战-本体库/libraries/character/provisional/cand-entity-f8f42aa120d9-m-m.json
迷深实战-本体库/libraries/character/provisional/cand-entity-f8f42aa120d9-m.json
迷深实战-本体库/libraries/character/provisional/cand-entity-f8f42aa120d9-m4.json
迷深实战-本体库/libraries/character/provisional/cand-entity-f8f42aa120d9-m5.json
迷深实战-本体库/libraries/character/provisional/cand-entity-f8f42aa120d9.json
迷深实战-本体库/libraries/character/provisional/cand-entity-fa1c8c8f2656.json
迷深实战-本体库/libraries/character/provisional/cand-entity-fbc3ed090d31.json
迷深实战-本体库/libraries/character/provisional/cand-entity-fd7ccc7f4f3a.json
迷深实战-本体库/libraries/character/provisional/cand-entity-fe334889b519.json
迷深实战-本体库/libraries/character/provisional/cand-entity-ff62470b318b.json
迷深实战-本体库/libraries/event/provisional/cand-event-00323187975d.json
迷深实战-本体库/libraries/event/provisional/cand-event-0070bd7c157b.json
迷深实战-本体库/libraries/event/provisional/cand-event-00791b5e8999.json
迷深实战-本体库/libraries/event/provisional/cand-event-009292c728f5.json
迷深实战-本体库/libraries/event/provisional/cand-event-00a0e052bb8e.json
迷深实战-本体库/libraries/event/provisional/cand-event-00bc81320fdd.json
迷深实战-本体库/libraries/event/provisional/cand-event-011d8f4be699.json
迷深实战-本体库/libraries/event/provisional/cand-event-014e95d4fc49.json
迷深实战-本体库/libraries/event/provisional/cand-event-01bb3291cebd.json
迷深实战-本体库/libraries/event/provisional/cand-event-01d14fd1810e.json
迷深实战-本体库/libraries/event/provisional/cand-event-01d9cbe47ce6.json
迷深实战-本体库/libraries/event/provisional/cand-event-01da70994cfe.json
迷深实战-本体库/libraries/event/provisional/cand-event-0266cedfb298.json
迷深实战-本体库/libraries/event/provisional/cand-event-028916a1759a.json
迷深实战-本体库/libraries/event/provisional/cand-event-02d0303f7ba4.json
迷深实战-本体库/libraries/event/provisional/cand-event-02e2d7319ebd.json
迷深实战-本体库/libraries/event/provisional/cand-event-02f29d9482a9.json
迷深实战-本体库/libraries/event/provisional/cand-event-02f3346da4cf.json
迷深实战-本体库/libraries/event/provisional/cand-event-031748880ab6.json
迷深实战-本体库/libraries/event/provisional/cand-event-031e9ac61274.json
迷深实战-本体库/libraries/event/provisional/cand-event-0386f15fafb7.json
迷深实战-本体库/libraries/event/provisional/cand-event-03a7cab93827.json
迷深实战-本体库/libraries/event/provisional/cand-event-03b759b97c4e.json
迷深实战-本体库/libraries/event/provisional/cand-event-03c18524d614.json
迷深实战-本体库/libraries/event/provisional/cand-event-03e0b8724f8e.json
迷深实战-本体库/libraries/event/provisional/cand-event-03ed6ec5337e.json
迷深实战-本体库/libraries/event/provisional/cand-event-03edfdba138b.json
迷深实战-本体库/libraries/event/provisional/cand-event-03f0d2ab4bd5.json
迷深实战-本体库/libraries/event/provisional/cand-event-041165842450.json
迷深实战-本体库/libraries/event/provisional/cand-event-04282a0c289e.json
迷深实战-本体库/libraries/event/provisional/cand-event-0440d2e03260.json
迷深实战-本体库/libraries/event/provisional/cand-event-0472ce26e804.json
迷深实战-本体库/libraries/event/provisional/cand-event-04b702c6804b.json
迷深实战-本体库/libraries/event/provisional/cand-event-04beaf9614a4.json
迷深实战-本体库/libraries/event/provisional/cand-event-04cfd6f544a2.json
迷深实战-本体库/libraries/event/provisional/cand-event-04d5345cc781.json
迷深实战-本体库/libraries/event/provisional/cand-event-04e2bb5aa366.json
迷深实战-本体库/libraries/event/provisional/cand-event-0506e6c49e1c.json
迷深实战-本体库/libraries/event/provisional/cand-event-051f6471087e.json
迷深实战-本体库/libraries/event/provisional/cand-event-053ed2143000.json
迷深实战-本体库/libraries/event/provisional/cand-event-05738f9e6e19.json
迷深实战-本体库/libraries/event/provisional/cand-event-05a92ed3d58e.json
迷深实战-本体库/libraries/event/provisional/cand-event-06b4eb6be2b9.json
迷深实战-本体库/libraries/event/provisional/cand-event-06fe6eaeef7e.json
迷深实战-本体库/libraries/event/provisional/cand-event-07406249f621.json
迷深实战-本体库/libraries/event/provisional/cand-event-07671f093b19.json
迷深实战-本体库/libraries/event/provisional/cand-event-0797666fd3e5.json
迷深实战-本体库/libraries/event/provisional/cand-event-07a9e6a3b23d.json
迷深实战-本体库/libraries/event/provisional/cand-event-07c459c2634e.json
迷深实战-本体库/libraries/event/provisional/cand-event-07dca361e6ca.json
迷深实战-本体库/libraries/event/provisional/cand-event-080adac4effe.json
迷深实战-本体库/libraries/event/provisional/cand-event-08404a9fc694.json
迷深实战-本体库/libraries/event/provisional/cand-event-08919fb42316.json
迷深实战-本体库/libraries/event/provisional/cand-event-089a19cc444a.json
迷深实战-本体库/libraries/event/provisional/cand-event-08bb87631c22.json
迷深实战-本体库/libraries/event/provisional/cand-event-095a5018cc42.json
迷深实战-本体库/libraries/event/provisional/cand-event-09fd81651e4d.json
迷深实战-本体库/libraries/event/provisional/cand-event-0a0fd655d385.json
迷深实战-本体库/libraries/event/provisional/cand-event-0a17024f61ac.json
迷深实战-本体库/libraries/event/provisional/cand-event-0a29e24bc365.json
迷深实战-本体库/libraries/event/provisional/cand-event-0aca3c09c6d6.json
迷深实战-本体库/libraries/event/provisional/cand-event-0ae7d9d1f0b4.json
迷深实战-本体库/libraries/event/provisional/cand-event-0ae7fcd355a3.json
迷深实战-本体库/libraries/event/provisional/cand-event-0b3a18a29d47.json
迷深实战-本体库/libraries/event/provisional/cand-event-0b3b449e96e2.json
迷深实战-本体库/libraries/event/provisional/cand-event-0b71fbf5a7c4.json
迷深实战-本体库/libraries/event/provisional/cand-event-0bd63c2aada5.json
迷深实战-本体库/libraries/event/provisional/cand-event-0c0cb624d6dc.json
迷深实战-本体库/libraries/event/provisional/cand-event-0c262badc113.json
迷深实战-本体库/libraries/event/provisional/cand-event-0c40c341c3bb.json
迷深实战-本体库/libraries/event/provisional/cand-event-0c4104f247e7.json
迷深实战-本体库/libraries/event/provisional/cand-event-0c4c628ae901.json
迷深实战-本体库/libraries/event/provisional/cand-event-0c66e4fe1293.json
迷深实战-本体库/libraries/event/provisional/cand-event-0ce3e897071c.json
迷深实战-本体库/libraries/event/provisional/cand-event-0d05e996de7e.json
迷深实战-本体库/libraries/event/provisional/cand-event-0d13ae124135.json
迷深实战-本体库/libraries/event/provisional/cand-event-0d5912501c93.json
迷深实战-本体库/libraries/event/provisional/cand-event-0dd7db85c4f7.json
迷深实战-本体库/libraries/event/provisional/cand-event-0ddf5681453f.json
迷深实战-本体库/libraries/event/provisional/cand-event-0e27eaf73613.json
迷深实战-本体库/libraries/event/provisional/cand-event-0e5202c8985b.json
迷深实战-本体库/libraries/event/provisional/cand-event-0e5f834e0f36.json
迷深实战-本体库/libraries/event/provisional/cand-event-0e85f9ab9ebd.json
迷深实战-本体库/libraries/event/provisional/cand-event-0e94ff9a2cf2.json
迷深实战-本体库/libraries/event/provisional/cand-event-0f353945197d.json
迷深实战-本体库/libraries/event/provisional/cand-event-0f5c61f000b0.json
迷深实战-本体库/libraries/event/provisional/cand-event-0f7db2a3c93d.json
迷深实战-本体库/libraries/event/provisional/cand-event-0ffc4834b3b4.json
迷深实战-本体库/libraries/event/provisional/cand-event-10033a65da3d.json
迷深实战-本体库/libraries/event/provisional/cand-event-1014bef25778.json
迷深实战-本体库/libraries/event/provisional/cand-event-102e5c9afdf9.json
迷深实战-本体库/libraries/event/provisional/cand-event-10343d8d18cc.json
迷深实战-本体库/libraries/event/provisional/cand-event-103cc5b24537.json
迷深实战-本体库/libraries/event/provisional/cand-event-10c4ce45f0aa.json
迷深实战-本体库/libraries/event/provisional/cand-event-10c94290bc4e.json
迷深实战-本体库/libraries/event/provisional/cand-event-10fe339bc042.json
迷深实战-本体库/libraries/event/provisional/cand-event-1119722d58af.json
迷深实战-本体库/libraries/event/provisional/cand-event-11df286176d8.json
迷深实战-本体库/libraries/event/provisional/cand-event-12ffd28d4e19.json
迷深实战-本体库/libraries/event/provisional/cand-event-1339b5aa67c9.json
迷深实战-本体库/libraries/event/provisional/cand-event-13548583d95c.json
迷深实战-本体库/libraries/event/provisional/cand-event-13a7b8344aa7.json
迷深实战-本体库/libraries/event/provisional/cand-event-13b5511caa3c.json
迷深实战-本体库/libraries/event/provisional/cand-event-13e5bbb054be.json
迷深实战-本体库/libraries/event/provisional/cand-event-13f45d510fd5.json
迷深实战-本体库/libraries/event/provisional/cand-event-1429b0a4b7e6.json
迷深实战-本体库/libraries/event/provisional/cand-event-148c0611cda9.json
迷深实战-本体库/libraries/event/provisional/cand-event-14d920d0c544.json
迷深实战-本体库/libraries/event/provisional/cand-event-1537e1e4d33a.json
迷深实战-本体库/libraries/event/provisional/cand-event-1544764fa46e.json
迷深实战-本体库/libraries/event/provisional/cand-event-15e36bb3aa94.json
迷深实战-本体库/libraries/event/provisional/cand-event-163500534a43.json
迷深实战-本体库/libraries/event/provisional/cand-event-1671a9d10dc0.json
迷深实战-本体库/libraries/event/provisional/cand-event-16cc6be64c9a.json
迷深实战-本体库/libraries/event/provisional/cand-event-16ef7b6c7662.json
迷深实战-本体库/libraries/event/provisional/cand-event-17745a67f122.json
迷深实战-本体库/libraries/event/provisional/cand-event-177acd204f31.json
迷深实战-本体库/libraries/event/provisional/cand-event-17af23d26be3.json
迷深实战-本体库/libraries/event/provisional/cand-event-17ba1e5a3d47.json
迷深实战-本体库/libraries/event/provisional/cand-event-1916acc925c2.json
迷深实战-本体库/libraries/event/provisional/cand-event-193b16084ef6.json
迷深实战-本体库/libraries/event/provisional/cand-event-1958fdaaf0e8.json
迷深实战-本体库/libraries/event/provisional/cand-event-196c5d1e3ade.json
迷深实战-本体库/libraries/event/provisional/cand-event-1978ff40adbb.json
迷深实战-本体库/libraries/event/provisional/cand-event-19a01ee069e3.json
迷深实战-本体库/libraries/event/provisional/cand-event-19d7e7dc71aa.json
迷深实战-本体库/libraries/event/provisional/cand-event-19f3b9892c5d.json
迷深实战-本体库/libraries/event/provisional/cand-event-19fd7810c02a.json
迷深实战-本体库/libraries/event/provisional/cand-event-1b0f08d4af64.json
迷深实战-本体库/libraries/event/provisional/cand-event-1b8ba38f7c8d.json
迷深实战-本体库/libraries/event/provisional/cand-event-1bde23a9be68.json
迷深实战-本体库/libraries/event/provisional/cand-event-1bf28e2bac79.json
迷深实战-本体库/libraries/event/provisional/cand-event-1c02593d25f0.json
迷深实战-本体库/libraries/event/provisional/cand-event-1d2e9a6c4761.json
迷深实战-本体库/libraries/event/provisional/cand-event-1d4d5962774d.json
迷深实战-本体库/libraries/event/provisional/cand-event-1dbee581dc12.json
迷深实战-本体库/libraries/event/provisional/cand-event-1de209d9794d.json
迷深实战-本体库/libraries/event/provisional/cand-event-1e1d2a40d24d.json
迷深实战-本体库/libraries/event/provisional/cand-event-1e2255a99c0c.json
迷深实战-本体库/libraries/event/provisional/cand-event-1e30cce269d1.json
迷深实战-本体库/libraries/event/provisional/cand-event-1eaf34ccde7f.json
迷深实战-本体库/libraries/event/provisional/cand-event-1f6ebcfb0483.json
迷深实战-本体库/libraries/event/provisional/cand-event-1f854df056c3.json
迷深实战-本体库/libraries/event/provisional/cand-event-205019e5d7b1.json
迷深实战-本体库/libraries/event/provisional/cand-event-20c556fe9382.json
迷深实战-本体库/libraries/event/provisional/cand-event-20ededac97ed.json
迷深实战-本体库/libraries/event/provisional/cand-event-2115f927f643.json
迷深实战-本体库/libraries/event/provisional/cand-event-212af6a67faa.json
迷深实战-本体库/libraries/event/provisional/cand-event-2131546162ac.json
迷深实战-本体库/libraries/event/provisional/cand-event-21c0eb8bb070.json
迷深实战-本体库/libraries/event/provisional/cand-event-21e7efc9fe4e.json
迷深实战-本体库/libraries/event/provisional/cand-event-222f465db02e.json
迷深实战-本体库/libraries/event/provisional/cand-event-223273d1ec20.json
迷深实战-本体库/libraries/event/provisional/cand-event-225d158317d6.json
迷深实战-本体库/libraries/event/provisional/cand-event-22d76dc5a7e9.json
迷深实战-本体库/libraries/event/provisional/cand-event-22fda485848f.json
迷深实战-本体库/libraries/event/provisional/cand-event-2328b419e21c.json
迷深实战-本体库/libraries/event/provisional/cand-event-234bec8ea691.json
迷深实战-本体库/libraries/event/provisional/cand-event-239f4cead47d.json
迷深实战-本体库/libraries/event/provisional/cand-event-23a177cf06bc.json
迷深实战-本体库/libraries/event/provisional/cand-event-23ef0be66b06.json
迷深实战-本体库/libraries/event/provisional/cand-event-243f6708311f.json
迷深实战-本体库/libraries/event/provisional/cand-event-247a12e467b3.json
迷深实战-本体库/libraries/event/provisional/cand-event-24e2b1a56ceb.json
迷深实战-本体库/libraries/event/provisional/cand-event-2509cf642d97.json
迷深实战-本体库/libraries/event/provisional/cand-event-25453703c33e.json
迷深实战-本体库/libraries/event/provisional/cand-event-25af2049a6ac.json
迷深实战-本体库/libraries/event/provisional/cand-event-2611fb3de8f1.json
迷深实战-本体库/libraries/event/provisional/cand-event-2618b66466a1.json
迷深实战-本体库/libraries/event/provisional/cand-event-262f1e395b38.json
迷深实战-本体库/libraries/event/provisional/cand-event-26cd5415dc6e.json
迷深实战-本体库/libraries/event/provisional/cand-event-270d17ac58dc.json
迷深实战-本体库/libraries/event/provisional/cand-event-28bc55e52911.json
迷深实战-本体库/libraries/event/provisional/cand-event-28f67ec28ab7.json
迷深实战-本体库/libraries/event/provisional/cand-event-28fcde95dbad.json
迷深实战-本体库/libraries/event/provisional/cand-event-290364c81a57.json
迷深实战-本体库/libraries/event/provisional/cand-event-293f7c2be3b5.json
迷深实战-本体库/libraries/event/provisional/cand-event-2956ab066a76.json
迷深实战-本体库/libraries/event/provisional/cand-event-2957bc820ab8.json
迷深实战-本体库/libraries/event/provisional/cand-event-296026338f40.json
迷深实战-本体库/libraries/event/provisional/cand-event-29729aa4566e.json
迷深实战-本体库/libraries/event/provisional/cand-event-2998a929a0f1.json
迷深实战-本体库/libraries/event/provisional/cand-event-29d75b57d92a.json
迷深实战-本体库/libraries/event/provisional/cand-event-2a3d93e29357.json
迷深实战-本体库/libraries/event/provisional/cand-event-2b9518fddf33.json
迷深实战-本体库/libraries/event/provisional/cand-event-2bc9d5259745.json
迷深实战-本体库/libraries/event/provisional/cand-event-2c227943eeac.json
迷深实战-本体库/libraries/event/provisional/cand-event-2ce9f39a2fab.json
迷深实战-本体库/libraries/event/provisional/cand-event-2cfab4a8cf77.json
迷深实战-本体库/libraries/event/provisional/cand-event-2d0ba62423a8.json
迷深实战-本体库/libraries/event/provisional/cand-event-2d26690069c9.json
迷深实战-本体库/libraries/event/provisional/cand-event-2d5575ecc096.json
迷深实战-本体库/libraries/event/provisional/cand-event-2d82211840e6.json
迷深实战-本体库/libraries/event/provisional/cand-event-2e1cf9d69ee9.json
迷深实战-本体库/libraries/event/provisional/cand-event-2e1faea26f0c.json
迷深实战-本体库/libraries/event/provisional/cand-event-2e7e0447995a.json
迷深实战-本体库/libraries/event/provisional/cand-event-2edeaf500350.json
迷深实战-本体库/libraries/event/provisional/cand-event-2ee798d74a11.json
迷深实战-本体库/libraries/event/provisional/cand-event-2efa044a94ac.json
迷深实战-本体库/libraries/event/provisional/cand-event-2f5553585759.json
迷深实战-本体库/libraries/event/provisional/cand-event-2f571dde2183.json
迷深实战-本体库/libraries/event/provisional/cand-event-2fd65287e277.json
迷深实战-本体库/libraries/event/provisional/cand-event-2feaba9f3f28.json
迷深实战-本体库/libraries/event/provisional/cand-event-2ffd5ee9c6dc.json
迷深实战-本体库/libraries/event/provisional/cand-event-3015a0738128.json
迷深实战-本体库/libraries/event/provisional/cand-event-308ef1715f83.json
迷深实战-本体库/libraries/event/provisional/cand-event-31ad5b424659.json
迷深实战-本体库/libraries/event/provisional/cand-event-31e980470a68.json
迷深实战-本体库/libraries/event/provisional/cand-event-3294e794e244.json
迷深实战-本体库/libraries/event/provisional/cand-event-329d7b8e12ac.json
迷深实战-本体库/libraries/event/provisional/cand-event-3349b2dba453.json
迷深实战-本体库/libraries/event/provisional/cand-event-3364a732db36.json
迷深实战-本体库/libraries/event/provisional/cand-event-337185e8e019.json
迷深实战-本体库/libraries/event/provisional/cand-event-3379e893d2d6.json
迷深实战-本体库/libraries/event/provisional/cand-event-337e94890ecd.json
迷深实战-本体库/libraries/event/provisional/cand-event-33871a71353c.json
迷深实战-本体库/libraries/event/provisional/cand-event-338cb4211dd3.json
迷深实战-本体库/libraries/event/provisional/cand-event-33b8d6244d61.json
迷深实战-本体库/libraries/event/provisional/cand-event-33c3c16006bf.json
迷深实战-本体库/libraries/event/provisional/cand-event-33d41421b624.json
迷深实战-本体库/libraries/event/provisional/cand-event-33db636cb698.json
迷深实战-本体库/libraries/event/provisional/cand-event-340565f06e0b.json
迷深实战-本体库/libraries/event/provisional/cand-event-342b9b9bdfea.json
迷深实战-本体库/libraries/event/provisional/cand-event-3448992303b0.json
迷深实战-本体库/libraries/event/provisional/cand-event-344d515f4823.json
迷深实战-本体库/libraries/event/provisional/cand-event-344ea0a0716f.json
迷深实战-本体库/libraries/event/provisional/cand-event-347a7899d853.json
迷深实战-本体库/libraries/event/provisional/cand-event-351cdc1dd067.json
迷深实战-本体库/libraries/event/provisional/cand-event-353b37544ca4.json
迷深实战-本体库/libraries/event/provisional/cand-event-354f3dd8ba11.json
迷深实战-本体库/libraries/event/provisional/cand-event-35dd50cd8aeb.json
迷深实战-本体库/libraries/event/provisional/cand-event-35fa7572d1c2.json
迷深实战-本体库/libraries/event/provisional/cand-event-364ffceca53d.json
迷深实战-本体库/libraries/event/provisional/cand-event-36974ce2b6f4.json
迷深实战-本体库/libraries/event/provisional/cand-event-36e4943d786b.json
迷深实战-本体库/libraries/event/provisional/cand-event-36f0339dee1e.json
迷深实战-本体库/libraries/event/provisional/cand-event-36f7b6407774.json
迷深实战-本体库/libraries/event/provisional/cand-event-3715c7506c37.json
迷深实战-本体库/libraries/event/provisional/cand-event-3729437e2f93.json
迷深实战-本体库/libraries/event/provisional/cand-event-377023ae4e03.json
迷深实战-本体库/libraries/event/provisional/cand-event-37782f39b57a.json
迷深实战-本体库/libraries/event/provisional/cand-event-37b0ad03d1dd.json
迷深实战-本体库/libraries/event/provisional/cand-event-37de81cfbf9f.json
迷深实战-本体库/libraries/event/provisional/cand-event-38037fcae84a.json
迷深实战-本体库/libraries/event/provisional/cand-event-3822eb947d6c.json
迷深实战-本体库/libraries/event/provisional/cand-event-383cb5211b11.json
迷深实战-本体库/libraries/event/provisional/cand-event-394e4b1666d6.json
迷深实战-本体库/libraries/event/provisional/cand-event-399664f096c0.json
迷深实战-本体库/libraries/event/provisional/cand-event-39e70c65ff1e.json
迷深实战-本体库/libraries/event/provisional/cand-event-39fc184c27bd.json
迷深实战-本体库/libraries/event/provisional/cand-event-3a3ad9d9c50b.json
迷深实战-本体库/libraries/event/provisional/cand-event-3a4a1c1f7be2.json
迷深实战-本体库/libraries/event/provisional/cand-event-3a61d4534b09.json
迷深实战-本体库/libraries/event/provisional/cand-event-3a6d42fc43cb.json
迷深实战-本体库/libraries/event/provisional/cand-event-3a9bd62c2cda.json
迷深实战-本体库/libraries/event/provisional/cand-event-3aa85ce7af5c.json
迷深实战-本体库/libraries/event/provisional/cand-event-3aaac28382ac.json
迷深实战-本体库/libraries/event/provisional/cand-event-3b1ffdf2e1f0.json
迷深实战-本体库/libraries/event/provisional/cand-event-3b7043f9f6e8.json
迷深实战-本体库/libraries/event/provisional/cand-event-3bd9d379282a.json
迷深实战-本体库/libraries/event/provisional/cand-event-3c17d0b2c8e0.json
迷深实战-本体库/libraries/event/provisional/cand-event-3c7d7c11ab6c.json
迷深实战-本体库/libraries/event/provisional/cand-event-3cb3b5866243.json
迷深实战-本体库/libraries/event/provisional/cand-event-3cb8fb56e628.json
迷深实战-本体库/libraries/event/provisional/cand-event-3ccfb3e2de68.json
迷深实战-本体库/libraries/event/provisional/cand-event-3cd1e371be79.json
迷深实战-本体库/libraries/event/provisional/cand-event-3ce60048f4d4.json
迷深实战-本体库/libraries/event/provisional/cand-event-3d161483697a.json
迷深实战-本体库/libraries/event/provisional/cand-event-3d1b878853b8.json
迷深实战-本体库/libraries/event/provisional/cand-event-3d894a238771.json
迷深实战-本体库/libraries/event/provisional/cand-event-3dbd06b9f2cb.json
迷深实战-本体库/libraries/event/provisional/cand-event-3e579195de75.json
迷深实战-本体库/libraries/event/provisional/cand-event-3eb1bc03ac71.json
迷深实战-本体库/libraries/event/provisional/cand-event-3efedc400b32.json
迷深实战-本体库/libraries/event/provisional/cand-event-3f0b952599bf.json
迷深实战-本体库/libraries/event/provisional/cand-event-3f0cafb463fb.json
迷深实战-本体库/libraries/event/provisional/cand-event-3f2c18f3e5bf.json
迷深实战-本体库/libraries/event/provisional/cand-event-3f4cd4a26dad.json
迷深实战-本体库/libraries/event/provisional/cand-event-3f524e678f8d.json
迷深实战-本体库/libraries/event/provisional/cand-event-3f69ba007af1.json
迷深实战-本体库/libraries/event/provisional/cand-event-3f860b06080d.json
迷深实战-本体库/libraries/event/provisional/cand-event-401944def65d.json
迷深实战-本体库/libraries/event/provisional/cand-event-403aa5a0a6f4.json
迷深实战-本体库/libraries/event/provisional/cand-event-4049113dcd8b.json
迷深实战-本体库/libraries/event/provisional/cand-event-404f555741b2.json
迷深实战-本体库/libraries/event/provisional/cand-event-406e7425caf6.json
迷深实战-本体库/libraries/event/provisional/cand-event-40835d3455a8.json
迷深实战-本体库/libraries/event/provisional/cand-event-40e6551c90fc.json
迷深实战-本体库/libraries/event/provisional/cand-event-40f159157754.json
迷深实战-本体库/libraries/event/provisional/cand-event-40f2bcd35968.json
迷深实战-本体库/libraries/event/provisional/cand-event-41240fb2244a.json
迷深实战-本体库/libraries/event/provisional/cand-event-41bc123a71cc.json
迷深实战-本体库/libraries/event/provisional/cand-event-41cd45025ff2.json
迷深实战-本体库/libraries/event/provisional/cand-event-420a8ba5412b.json
迷深实战-本体库/libraries/event/provisional/cand-event-423fe245f3f9.json
迷深实战-本体库/libraries/event/provisional/cand-event-4261e83dfea1.json
迷深实战-本体库/libraries/event/provisional/cand-event-42871d326756.json
迷深实战-本体库/libraries/event/provisional/cand-event-42a6b35a41fc.json
迷深实战-本体库/libraries/event/provisional/cand-event-431c685ab8c0.json
迷深实战-本体库/libraries/event/provisional/cand-event-432d74a3638e.json
迷深实战-本体库/libraries/event/provisional/cand-event-432ef99c0539.json
迷深实战-本体库/libraries/event/provisional/cand-event-4367306a4f98.json
迷深实战-本体库/libraries/event/provisional/cand-event-456d6e74553d.json
迷深实战-本体库/libraries/event/provisional/cand-event-4590df1bccbd.json
迷深实战-本体库/libraries/event/provisional/cand-event-459320524db1.json
迷深实战-本体库/libraries/event/provisional/cand-event-462e0d55909d.json
迷深实战-本体库/libraries/event/provisional/cand-event-466741dcb33f.json
迷深实战-本体库/libraries/event/provisional/cand-event-46d125f61794.json
迷深实战-本体库/libraries/event/provisional/cand-event-46e149f3a503.json
迷深实战-本体库/libraries/event/provisional/cand-event-46e85a91ba8f.json
迷深实战-本体库/libraries/event/provisional/cand-event-47b2624f7cb9.json
迷深实战-本体库/libraries/event/provisional/cand-event-483b05142813.json
迷深实战-本体库/libraries/event/provisional/cand-event-48873ccd4b62.json
迷深实战-本体库/libraries/event/provisional/cand-event-48dc94e9290f.json
迷深实战-本体库/libraries/event/provisional/cand-event-48e423a52c08.json
迷深实战-本体库/libraries/event/provisional/cand-event-497d0fae3273.json
迷深实战-本体库/libraries/event/provisional/cand-event-499f94a9785c.json
迷深实战-本体库/libraries/event/provisional/cand-event-4b514297ddf3.json
迷深实战-本体库/libraries/event/provisional/cand-event-4b786a954dfa.json
迷深实战-本体库/libraries/event/provisional/cand-event-4b86e1cc5251.json
迷深实战-本体库/libraries/event/provisional/cand-event-4bf5c6c95fb0.json
迷深实战-本体库/libraries/event/provisional/cand-event-4c5f31e1c3e4.json
迷深实战-本体库/libraries/event/provisional/cand-event-4c7a81164888.json
迷深实战-本体库/libraries/event/provisional/cand-event-4c8e8ab45184.json
迷深实战-本体库/libraries/event/provisional/cand-event-4cc88cf7e0ac.json
迷深实战-本体库/libraries/event/provisional/cand-event-4d0ec9e979d9.json
迷深实战-本体库/libraries/event/provisional/cand-event-4d6d78c4e9ec.json
迷深实战-本体库/libraries/event/provisional/cand-event-4db5174e29a3.json
迷深实战-本体库/libraries/event/provisional/cand-event-4dfe4d975fce.json
迷深实战-本体库/libraries/event/provisional/cand-event-4e1015b918c2.json
迷深实战-本体库/libraries/event/provisional/cand-event-4e22cf5a75d5.json
迷深实战-本体库/libraries/event/provisional/cand-event-4e6628ec2e67.json
迷深实战-本体库/libraries/event/provisional/cand-event-4e8764f88314.json
迷深实战-本体库/libraries/event/provisional/cand-event-4eebbb86d8f4.json
迷深实战-本体库/libraries/event/provisional/cand-event-4f4b5b8f431a.json
迷深实战-本体库/libraries/event/provisional/cand-event-4f5b7006dee8.json
迷深实战-本体库/libraries/event/provisional/cand-event-4f85b3e0c133.json
迷深实战-本体库/libraries/event/provisional/cand-event-4f8a7afacfef.json
迷深实战-本体库/libraries/event/provisional/cand-event-4fdc8c025e5b.json
迷深实战-本体库/libraries/event/provisional/cand-event-502a72a4d0b4.json
迷深实战-本体库/libraries/event/provisional/cand-event-50654797fece.json
迷深实战-本体库/libraries/event/provisional/cand-event-50b0d78ad7de.json
迷深实战-本体库/libraries/event/provisional/cand-event-50fbb45e1b19.json
迷深实战-本体库/libraries/event/provisional/cand-event-5121e2134f9e.json
迷深实战-本体库/libraries/event/provisional/cand-event-51443795e101.json
迷深实战-本体库/libraries/event/provisional/cand-event-518336b859a5.json
迷深实战-本体库/libraries/event/provisional/cand-event-51877ab6343f.json
迷深实战-本体库/libraries/event/provisional/cand-event-51afca5c65a6.json
迷深实战-本体库/libraries/event/provisional/cand-event-5285b22d2131.json
迷深实战-本体库/libraries/event/provisional/cand-event-529f040dff23.json
迷深实战-本体库/libraries/event/provisional/cand-event-52f14b872148.json
迷深实战-本体库/libraries/event/provisional/cand-event-5320113c9693.json
迷深实战-本体库/libraries/event/provisional/cand-event-535532bf8f20.json
迷深实战-本体库/libraries/event/provisional/cand-event-53671be1b290.json
迷深实战-本体库/libraries/event/provisional/cand-event-537cff88a25a.json
迷深实战-本体库/libraries/event/provisional/cand-event-539996824f37.json
迷深实战-本体库/libraries/event/provisional/cand-event-539b297a7554.json
迷深实战-本体库/libraries/event/provisional/cand-event-53c51e9a1409.json
迷深实战-本体库/libraries/event/provisional/cand-event-53cb2c01688f.json
迷深实战-本体库/libraries/event/provisional/cand-event-53e05e770631.json
迷深实战-本体库/libraries/event/provisional/cand-event-54f2636a498e.json
迷深实战-本体库/libraries/event/provisional/cand-event-5513f59da13c.json
迷深实战-本体库/libraries/event/provisional/cand-event-55203e1b7092.json
迷深实战-本体库/libraries/event/provisional/cand-event-554350c52f88.json
迷深实战-本体库/libraries/event/provisional/cand-event-554794d37316.json
迷深实战-本体库/libraries/event/provisional/cand-event-554d0887bbae.json
迷深实战-本体库/libraries/event/provisional/cand-event-561525d9e9b2.json
迷深实战-本体库/libraries/event/provisional/cand-event-569c687a346a.json
迷深实战-本体库/libraries/event/provisional/cand-event-56c731a5223a.json
迷深实战-本体库/libraries/event/provisional/cand-event-5711ee925bf9.json
迷深实战-本体库/libraries/event/provisional/cand-event-571df30cd576.json
迷深实战-本体库/libraries/event/provisional/cand-event-579074c07a03.json
迷深实战-本体库/libraries/event/provisional/cand-event-57aa8a7ce6b8.json
迷深实战-本体库/libraries/event/provisional/cand-event-57b3ff99ea3c.json
迷深实战-本体库/libraries/event/provisional/cand-event-57e3e3df65bc.json
迷深实战-本体库/libraries/event/provisional/cand-event-57ef1539803e.json
迷深实战-本体库/libraries/event/provisional/cand-event-5822939d5352.json
迷深实战-本体库/libraries/event/provisional/cand-event-5870322a779c.json
迷深实战-本体库/libraries/event/provisional/cand-event-58b500f6c7ca.json
迷深实战-本体库/libraries/event/provisional/cand-event-59021ab4c2bc.json
迷深实战-本体库/libraries/event/provisional/cand-event-595d935e9fc4.json
迷深实战-本体库/libraries/event/provisional/cand-event-59c30e8ebe3f.json
迷深实战-本体库/libraries/event/provisional/cand-event-5a4c69b0d7f7.json
迷深实战-本体库/libraries/event/provisional/cand-event-5ad9ef2cd222.json
迷深实战-本体库/libraries/event/provisional/cand-event-5b058b46d35f.json
迷深实战-本体库/libraries/event/provisional/cand-event-5bb8d0fbbef4.json
迷深实战-本体库/libraries/event/provisional/cand-event-5c92cbc34a78.json
迷深实战-本体库/libraries/event/provisional/cand-event-5ca02f5b13f4.json
迷深实战-本体库/libraries/event/provisional/cand-event-5cb098b29c15.json
迷深实战-本体库/libraries/event/provisional/cand-event-5cb88cf82ea9.json
迷深实战-本体库/libraries/event/provisional/cand-event-5d05732405ee.json
迷深实战-本体库/libraries/event/provisional/cand-event-5d2b3f42bd0a.json
迷深实战-本体库/libraries/event/provisional/cand-event-5d2bf24debcb.json
迷深实战-本体库/libraries/event/provisional/cand-event-5d2e49d041d1.json
迷深实战-本体库/libraries/event/provisional/cand-event-5d66d0461d4a.json
迷深实战-本体库/libraries/event/provisional/cand-event-5da2e7a36e4c.json
迷深实战-本体库/libraries/event/provisional/cand-event-5e2849d8f856.json
迷深实战-本体库/libraries/event/provisional/cand-event-5e2cac0ef833.json
迷深实战-本体库/libraries/event/provisional/cand-event-5e56ec709180.json
迷深实战-本体库/libraries/event/provisional/cand-event-5eef36cb9449.json
迷深实战-本体库/libraries/event/provisional/cand-event-5f508f50172b.json
迷深实战-本体库/libraries/event/provisional/cand-event-5f865a1a3169.json
迷深实战-本体库/libraries/event/provisional/cand-event-5f9f2e04d086.json
迷深实战-本体库/libraries/event/provisional/cand-event-5fda55060b09.json
迷深实战-本体库/libraries/event/provisional/cand-event-601f17c746cf.json
迷深实战-本体库/libraries/event/provisional/cand-event-605a9b2db95c.json
迷深实战-本体库/libraries/event/provisional/cand-event-605b760829df.json
迷深实战-本体库/libraries/event/provisional/cand-event-60853dd286b9.json
迷深实战-本体库/libraries/event/provisional/cand-event-6087a76d2d17.json
迷深实战-本体库/libraries/event/provisional/cand-event-60a13331f37a.json
迷深实战-本体库/libraries/event/provisional/cand-event-60d15eab5510.json
迷深实战-本体库/libraries/event/provisional/cand-event-611fd985cd56.json
迷深实战-本体库/libraries/event/provisional/cand-event-6144fc9a213a.json
迷深实战-本体库/libraries/event/provisional/cand-event-6185d960e45c.json
迷深实战-本体库/libraries/event/provisional/cand-event-61b152b05908.json
迷深实战-本体库/libraries/event/provisional/cand-event-61c73c11cbf6.json
迷深实战-本体库/libraries/event/provisional/cand-event-61fc33a11dc4.json
迷深实战-本体库/libraries/event/provisional/cand-event-620c33c95eb7.json
迷深实战-本体库/libraries/event/provisional/cand-event-623b4782fd4f.json
迷深实战-本体库/libraries/event/provisional/cand-event-62e682095e8c.json
迷深实战-本体库/libraries/event/provisional/cand-event-6312128aaa73.json
迷深实战-本体库/libraries/event/provisional/cand-event-633ac9adbd44.json
迷深实战-本体库/libraries/event/provisional/cand-event-6377856b5449.json
迷深实战-本体库/libraries/event/provisional/cand-event-63a9e224d1be.json
迷深实战-本体库/libraries/event/provisional/cand-event-63e4ae0e5054.json
迷深实战-本体库/libraries/event/provisional/cand-event-644778779724.json
迷深实战-本体库/libraries/event/provisional/cand-event-64f9a60f044f.json
迷深实战-本体库/libraries/event/provisional/cand-event-6551f1e96b67.json
迷深实战-本体库/libraries/event/provisional/cand-event-657fcf35f495.json
迷深实战-本体库/libraries/event/provisional/cand-event-65ab1b0b2f17.json
迷深实战-本体库/libraries/event/provisional/cand-event-65d43d297b2a.json
迷深实战-本体库/libraries/event/provisional/cand-event-660b1b67562a.json
迷深实战-本体库/libraries/event/provisional/cand-event-6615f5eb0eb0.json
迷深实战-本体库/libraries/event/provisional/cand-event-664cd5f3e98e.json
迷深实战-本体库/libraries/event/provisional/cand-event-6652cf79239d.json
迷深实战-本体库/libraries/event/provisional/cand-event-665857dc1206.json
迷深实战-本体库/libraries/event/provisional/cand-event-6690cb3a9526.json
迷深实战-本体库/libraries/event/provisional/cand-event-66b4f821a4b7.json
迷深实战-本体库/libraries/event/provisional/cand-event-66e8ffb05986.json
迷深实战-本体库/libraries/event/provisional/cand-event-671e3777d2d3.json
迷深实战-本体库/libraries/event/provisional/cand-event-6884e135b71b.json
迷深实战-本体库/libraries/event/provisional/cand-event-688a77fbf080.json
迷深实战-本体库/libraries/event/provisional/cand-event-68aa9da5e03c.json
迷深实战-本体库/libraries/event/provisional/cand-event-68cb3d58c0ab.json
迷深实战-本体库/libraries/event/provisional/cand-event-690de7f3a366.json
迷深实战-本体库/libraries/event/provisional/cand-event-694097e4a0e6.json
迷深实战-本体库/libraries/event/provisional/cand-event-6ac92af68573.json
迷深实战-本体库/libraries/event/provisional/cand-event-6ae3ef9bc16f.json
迷深实战-本体库/libraries/event/provisional/cand-event-6af1f4940cce.json
迷深实战-本体库/libraries/event/provisional/cand-event-6b4d8a4905f3.json
迷深实战-本体库/libraries/event/provisional/cand-event-6b82cbeb8133.json
迷深实战-本体库/libraries/event/provisional/cand-event-6b8ef28316f7.json
迷深实战-本体库/libraries/event/provisional/cand-event-6bb3e2da9538.json
迷深实战-本体库/libraries/event/provisional/cand-event-6c7283e43672.json
迷深实战-本体库/libraries/event/provisional/cand-event-6cb50eafad04.json
迷深实战-本体库/libraries/event/provisional/cand-event-6d546754d57e.json
迷深实战-本体库/libraries/event/provisional/cand-event-6d55f5300779.json
迷深实战-本体库/libraries/event/provisional/cand-event-6d944c70c170.json
迷深实战-本体库/libraries/event/provisional/cand-event-6e0397dd3602.json
迷深实战-本体库/libraries/event/provisional/cand-event-6e4a6a637f36.json
迷深实战-本体库/libraries/event/provisional/cand-event-6f3254f85d80.json
迷深实战-本体库/libraries/event/provisional/cand-event-6fe174d508fb.json
迷深实战-本体库/libraries/event/provisional/cand-event-6fed9c3e575f.json
迷深实战-本体库/libraries/event/provisional/cand-event-703a06bbc8d7.json
迷深实战-本体库/libraries/event/provisional/cand-event-704552aa5daf.json
迷深实战-本体库/libraries/event/provisional/cand-event-708423f186b0.json
迷深实战-本体库/libraries/event/provisional/cand-event-70ba758f9097.json
迷深实战-本体库/libraries/event/provisional/cand-event-70ca17c9b743.json
迷深实战-本体库/libraries/event/provisional/cand-event-7174ac9e5e82.json
迷深实战-本体库/libraries/event/provisional/cand-event-720ee2c00a9a.json
迷深实战-本体库/libraries/event/provisional/cand-event-723280a9662d.json
迷深实战-本体库/libraries/event/provisional/cand-event-73248263fbf3.json
迷深实战-本体库/libraries/event/provisional/cand-event-7325e3b35d1c.json
迷深实战-本体库/libraries/event/provisional/cand-event-73b86faa0d6a.json
迷深实战-本体库/libraries/event/provisional/cand-event-73f6c675beaf.json
迷深实战-本体库/libraries/event/provisional/cand-event-747ae10b8c0e.json
迷深实战-本体库/libraries/event/provisional/cand-event-748396107a63.json
迷深实战-本体库/libraries/event/provisional/cand-event-749b42182be1.json
迷深实战-本体库/libraries/event/provisional/cand-event-74ed3795fae9.json
迷深实战-本体库/libraries/event/provisional/cand-event-74f460c13beb.json
迷深实战-本体库/libraries/event/provisional/cand-event-7504cb78fdb8.json
迷深实战-本体库/libraries/event/provisional/cand-event-75ae0b224dba.json
迷深实战-本体库/libraries/event/provisional/cand-event-760c0d9d485b.json
迷深实战-本体库/libraries/event/provisional/cand-event-76165d7eded5.json
迷深实战-本体库/libraries/event/provisional/cand-event-767fee6d8810.json
迷深实战-本体库/libraries/event/provisional/cand-event-76b5c96570c0.json
迷深实战-本体库/libraries/event/provisional/cand-event-76ea82ca36e1.json
迷深实战-本体库/libraries/event/provisional/cand-event-772c1f5069c7.json
迷深实战-本体库/libraries/event/provisional/cand-event-7741a4e24615.json
迷深实战-本体库/libraries/event/provisional/cand-event-776e4db1e4ab.json
迷深实战-本体库/libraries/event/provisional/cand-event-77701257a871.json
迷深实战-本体库/libraries/event/provisional/cand-event-7773db79f179.json
迷深实战-本体库/libraries/event/provisional/cand-event-77dc191f7358.json
迷深实战-本体库/libraries/event/provisional/cand-event-781a676914f5.json
迷深实战-本体库/libraries/event/provisional/cand-event-7838667ba79f.json
迷深实战-本体库/libraries/event/provisional/cand-event-786ab5e10e91.json
迷深实战-本体库/libraries/event/provisional/cand-event-78a051442c94.json
迷深实战-本体库/libraries/event/provisional/cand-event-78f3a7dda4b7.json
迷深实战-本体库/libraries/event/provisional/cand-event-79ddeb0c3ad7.json
迷深实战-本体库/libraries/event/provisional/cand-event-79f2234486d3.json
迷深实战-本体库/libraries/event/provisional/cand-event-7a2bb3394fb6.json
迷深实战-本体库/libraries/event/provisional/cand-event-7add177ef6f6.json
迷深实战-本体库/libraries/event/provisional/cand-event-7b59e88f740e.json
迷深实战-本体库/libraries/event/provisional/cand-event-7b6e12b5b397.json
迷深实战-本体库/libraries/event/provisional/cand-event-7b7832b4461d.json
迷深实战-本体库/libraries/event/provisional/cand-event-7c10afce273c.json
迷深实战-本体库/libraries/event/provisional/cand-event-7d12f3a7b1c7.json
迷深实战-本体库/libraries/event/provisional/cand-event-7da1bdb2c2ff.json
迷深实战-本体库/libraries/event/provisional/cand-event-7e4827340aa9.json
迷深实战-本体库/libraries/event/provisional/cand-event-7e5bc323dd83.json
迷深实战-本体库/libraries/event/provisional/cand-event-7e8363ddd87b.json
迷深实战-本体库/libraries/event/provisional/cand-event-7e9d7baade74.json
迷深实战-本体库/libraries/event/provisional/cand-event-7eefa8b515fb.json
迷深实战-本体库/libraries/event/provisional/cand-event-7f646ea78749.json
迷深实战-本体库/libraries/event/provisional/cand-event-7fc60f037a1b.json
迷深实战-本体库/libraries/event/provisional/cand-event-800376715fd4.json
迷深实战-本体库/libraries/event/provisional/cand-event-801d936a7395.json
迷深实战-本体库/libraries/event/provisional/cand-event-8023c397b121.json
迷深实战-本体库/libraries/event/provisional/cand-event-806c8916b871.json
迷深实战-本体库/libraries/event/provisional/cand-event-80862ecdc539.json
迷深实战-本体库/libraries/event/provisional/cand-event-8095d3ef56b2.json
迷深实战-本体库/libraries/event/provisional/cand-event-8149386b82a2.json
迷深实战-本体库/libraries/event/provisional/cand-event-81a1a108fa04.json
迷深实战-本体库/libraries/event/provisional/cand-event-81e5e5134d1e.json
迷深实战-本体库/libraries/event/provisional/cand-event-81e82fd7a568.json
迷深实战-本体库/libraries/event/provisional/cand-event-820af367fa70.json
迷深实战-本体库/libraries/event/provisional/cand-event-822cc04fbb1a.json
迷深实战-本体库/libraries/event/provisional/cand-event-8251ae82d555.json
迷深实战-本体库/libraries/event/provisional/cand-event-82bd002ed3cf.json
迷深实战-本体库/libraries/event/provisional/cand-event-82ebaaecdddd.json
迷深实战-本体库/libraries/event/provisional/cand-event-83074d90bec0.json
迷深实战-本体库/libraries/event/provisional/cand-event-83138f884fa1.json
迷深实战-本体库/libraries/event/provisional/cand-event-833ede5493aa.json
迷深实战-本体库/libraries/event/provisional/cand-event-83dd9272d0d7.json
迷深实战-本体库/libraries/event/provisional/cand-event-843547df7775.json
迷深实战-本体库/libraries/event/provisional/cand-event-8500eaee8537.json
迷深实战-本体库/libraries/event/provisional/cand-event-851dc725aad3.json
迷深实战-本体库/libraries/event/provisional/cand-event-85c2ceb25aca.json
迷深实战-本体库/libraries/event/provisional/cand-event-85d5b0cb1e71.json
迷深实战-本体库/libraries/event/provisional/cand-event-862812e29179.json
迷深实战-本体库/libraries/event/provisional/cand-event-866348a1b1da.json
迷深实战-本体库/libraries/event/provisional/cand-event-86692f513889.json
迷深实战-本体库/libraries/event/provisional/cand-event-86761c707af8.json
迷深实战-本体库/libraries/event/provisional/cand-event-86a406d934bc.json
迷深实战-本体库/libraries/event/provisional/cand-event-872601fc37be.json
迷深实战-本体库/libraries/event/provisional/cand-event-878288aebb5d.json
迷深实战-本体库/libraries/event/provisional/cand-event-878ad1a017f0.json
迷深实战-本体库/libraries/event/provisional/cand-event-87a7606ee0c7.json
迷深实战-本体库/libraries/event/provisional/cand-event-87b6c176d06e.json
迷深实战-本体库/libraries/event/provisional/cand-event-8854f8a12f39.json
迷深实战-本体库/libraries/event/provisional/cand-event-88a4b2f01398.json
迷深实战-本体库/libraries/event/provisional/cand-event-88d0a0a269c8.json
迷深实战-本体库/libraries/event/provisional/cand-event-891c7bd29be1.json
迷深实战-本体库/libraries/event/provisional/cand-event-8984b54f43bb.json
迷深实战-本体库/libraries/event/provisional/cand-event-8998a2b1ec47.json
迷深实战-本体库/libraries/event/provisional/cand-event-89a43959b31d.json
迷深实战-本体库/libraries/event/provisional/cand-event-89ac6c0e8672.json
迷深实战-本体库/libraries/event/provisional/cand-event-89c6804a9294.json
迷深实战-本体库/libraries/event/provisional/cand-event-89e17c8dfdf6.json
迷深实战-本体库/libraries/event/provisional/cand-event-8a75129be954.json
迷深实战-本体库/libraries/event/provisional/cand-event-8b0cc1be5b90.json
迷深实战-本体库/libraries/event/provisional/cand-event-8b22b34f7133.json
迷深实战-本体库/libraries/event/provisional/cand-event-8b4d37b8c8ac.json
迷深实战-本体库/libraries/event/provisional/cand-event-8b649b73a672.json
迷深实战-本体库/libraries/event/provisional/cand-event-8bc8a0b2a4a3.json
迷深实战-本体库/libraries/event/provisional/cand-event-8bc9a1cee33a.json
迷深实战-本体库/libraries/event/provisional/cand-event-8c8a62e6a82c.json
迷深实战-本体库/libraries/event/provisional/cand-event-8cd4caa79f90.json
迷深实战-本体库/libraries/event/provisional/cand-event-8d34bea19802.json
迷深实战-本体库/libraries/event/provisional/cand-event-8d8267ce8449.json
迷深实战-本体库/libraries/event/provisional/cand-event-8dc5a3ba4e8d.json
迷深实战-本体库/libraries/event/provisional/cand-event-8e166c88a0d2.json
迷深实战-本体库/libraries/event/provisional/cand-event-8e296a02ff14.json
迷深实战-本体库/libraries/event/provisional/cand-event-8e609f53725e.json
迷深实战-本体库/libraries/event/provisional/cand-event-8e72f5ac63bc.json
迷深实战-本体库/libraries/event/provisional/cand-event-8e8a790f72ba.json
迷深实战-本体库/libraries/event/provisional/cand-event-8eaae80834cc.json
迷深实战-本体库/libraries/event/provisional/cand-event-8ecbe3e3855e.json
迷深实战-本体库/libraries/event/provisional/cand-event-8ed32a917b59.json
迷深实战-本体库/libraries/event/provisional/cand-event-8f09a76e268f.json
迷深实战-本体库/libraries/event/provisional/cand-event-8f4a6f680e66.json
迷深实战-本体库/libraries/event/provisional/cand-event-8f7558490f70.json
迷深实战-本体库/libraries/event/provisional/cand-event-8f7f60b02956.json
迷深实战-本体库/libraries/event/provisional/cand-event-8febeea3cadf.json
迷深实战-本体库/libraries/event/provisional/cand-event-9019349b6502.json
迷深实战-本体库/libraries/event/provisional/cand-event-908c96ab7f00.json
迷深实战-本体库/libraries/event/provisional/cand-event-909418e723d0.json
迷深实战-本体库/libraries/event/provisional/cand-event-90cd9f43e74c.json
迷深实战-本体库/libraries/event/provisional/cand-event-914b382fee6d.json
迷深实战-本体库/libraries/event/provisional/cand-event-914d159faead.json
迷深实战-本体库/libraries/event/provisional/cand-event-91753295d47d.json
迷深实战-本体库/libraries/event/provisional/cand-event-91e1ba28d6d7.json
迷深实战-本体库/libraries/event/provisional/cand-event-9254c4992d0c.json
迷深实战-本体库/libraries/event/provisional/cand-event-925939ee8d0f.json
迷深实战-本体库/libraries/event/provisional/cand-event-92aec5136560.json
迷深实战-本体库/libraries/event/provisional/cand-event-92bdeb0b161e.json
迷深实战-本体库/libraries/event/provisional/cand-event-93237d25f6ab.json
迷深实战-本体库/libraries/event/provisional/cand-event-935ffeeb5a87.json
迷深实战-本体库/libraries/event/provisional/cand-event-93c33cb432bf.json
迷深实战-本体库/libraries/event/provisional/cand-event-93c8170290c6.json
迷深实战-本体库/libraries/event/provisional/cand-event-940134a5e5c4.json
迷深实战-本体库/libraries/event/provisional/cand-event-9426caadb027.json
迷深实战-本体库/libraries/event/provisional/cand-event-9452ddf93e45.json
迷深实战-本体库/libraries/event/provisional/cand-event-945cd5f36d51.json
迷深实战-本体库/libraries/event/provisional/cand-event-94b5d650378b.json
迷深实战-本体库/libraries/event/provisional/cand-event-953a3c21236f.json
迷深实战-本体库/libraries/event/provisional/cand-event-9571cc6d2eae.json
迷深实战-本体库/libraries/event/provisional/cand-event-9595bb0d2a82.json
迷深实战-本体库/libraries/event/provisional/cand-event-95b4ea066b54.json
迷深实战-本体库/libraries/event/provisional/cand-event-96521e17c9d1.json
迷深实战-本体库/libraries/event/provisional/cand-event-9669b01a0a57.json
迷深实战-本体库/libraries/event/provisional/cand-event-9682eb0a0a85.json
迷深实战-本体库/libraries/event/provisional/cand-event-9685fb2d25b2.json
迷深实战-本体库/libraries/event/provisional/cand-event-96c3068eb7ef.json
迷深实战-本体库/libraries/event/provisional/cand-event-96da932056b5.json
迷深实战-本体库/libraries/event/provisional/cand-event-9721f8376d6b.json
迷深实战-本体库/libraries/event/provisional/cand-event-974c86411bad.json
迷深实战-本体库/libraries/event/provisional/cand-event-9776992dcbe7.json
迷深实战-本体库/libraries/event/provisional/cand-event-978d8715a21c.json
迷深实战-本体库/libraries/event/provisional/cand-event-979c66dbeb96.json
迷深实战-本体库/libraries/event/provisional/cand-event-97a2ec379fcd.json
迷深实战-本体库/libraries/event/provisional/cand-event-97b6638f97d8.json
迷深实战-本体库/libraries/event/provisional/cand-event-97bd53d0eff9.json
迷深实战-本体库/libraries/event/provisional/cand-event-97beabcbf7b0.json
迷深实战-本体库/libraries/event/provisional/cand-event-98207e14dd89.json
迷深实战-本体库/libraries/event/provisional/cand-event-9828eabd8773.json
迷深实战-本体库/libraries/event/provisional/cand-event-98504c1eb1c7.json
迷深实战-本体库/libraries/event/provisional/cand-event-9877230010bb.json
迷深实战-本体库/libraries/event/provisional/cand-event-9881a8d3627f.json
迷深实战-本体库/libraries/event/provisional/cand-event-98d435053962.json
迷深实战-本体库/libraries/event/provisional/cand-event-98d57a4a5ec2.json
迷深实战-本体库/libraries/event/provisional/cand-event-98d85394ae2d.json
迷深实战-本体库/libraries/event/provisional/cand-event-9993c51c66fb.json
迷深实战-本体库/libraries/event/provisional/cand-event-99b376e05335.json
迷深实战-本体库/libraries/event/provisional/cand-event-99cdab20ccf4.json
迷深实战-本体库/libraries/event/provisional/cand-event-9a46d80418e3.json
迷深实战-本体库/libraries/event/provisional/cand-event-9aa6c330a3e7.json
迷深实战-本体库/libraries/event/provisional/cand-event-9ac263709655.json
迷深实战-本体库/libraries/event/provisional/cand-event-9b375e15b344.json
迷深实战-本体库/libraries/event/provisional/cand-event-9b5000bd345e.json
迷深实战-本体库/libraries/event/provisional/cand-event-9bddb584c49d.json
迷深实战-本体库/libraries/event/provisional/cand-event-9bef4e322fbf.json
迷深实战-本体库/libraries/event/provisional/cand-event-9bffe5f77130.json
迷深实战-本体库/libraries/event/provisional/cand-event-9c0541d5e382.json
迷深实战-本体库/libraries/event/provisional/cand-event-9c3ce52576a0.json
迷深实战-本体库/libraries/event/provisional/cand-event-9cd57574ad83.json
迷深实战-本体库/libraries/event/provisional/cand-event-9cfaf0bd437c.json
迷深实战-本体库/libraries/event/provisional/cand-event-9d23d7fa356e.json
迷深实战-本体库/libraries/event/provisional/cand-event-9d6afe0ae3ee.json
迷深实战-本体库/libraries/event/provisional/cand-event-9d9760bcaf19.json
迷深实战-本体库/libraries/event/provisional/cand-event-9d97e2093811.json
迷深实战-本体库/libraries/event/provisional/cand-event-9db276f407b1.json
迷深实战-本体库/libraries/event/provisional/cand-event-9dce41b3925b.json
迷深实战-本体库/libraries/event/provisional/cand-event-9e0e37f93074.json
迷深实战-本体库/libraries/event/provisional/cand-event-9e1755e24299.json
迷深实战-本体库/libraries/event/provisional/cand-event-9e33482aae52.json
迷深实战-本体库/libraries/event/provisional/cand-event-9e6e5d6cabcf.json
迷深实战-本体库/libraries/event/provisional/cand-event-9e77fbd272cb.json
迷深实战-本体库/libraries/event/provisional/cand-event-9e7a99f6c936.json
迷深实战-本体库/libraries/event/provisional/cand-event-9ecaf0f4e6a6.json
迷深实战-本体库/libraries/event/provisional/cand-event-9f09771297e1.json
迷深实战-本体库/libraries/event/provisional/cand-event-9f5054969d33.json
迷深实战-本体库/libraries/event/provisional/cand-event-9f6fabd4b4bc.json
迷深实战-本体库/libraries/event/provisional/cand-event-9fad5ed659ae.json
迷深实战-本体库/libraries/event/provisional/cand-event-9fdc6aa66a38.json
迷深实战-本体库/libraries/event/provisional/cand-event-a00831a142a1.json
迷深实战-本体库/libraries/event/provisional/cand-event-a0966e02a304.json
迷深实战-本体库/libraries/event/provisional/cand-event-a10f4cfb9f6f.json
迷深实战-本体库/libraries/event/provisional/cand-event-a19ab222431f.json
迷深实战-本体库/libraries/event/provisional/cand-event-a1b15254ca3d.json
迷深实战-本体库/libraries/event/provisional/cand-event-a1f159d4470a.json
迷深实战-本体库/libraries/event/provisional/cand-event-a2036b46c5ae.json
迷深实战-本体库/libraries/event/provisional/cand-event-a277b74940c7.json
迷深实战-本体库/libraries/event/provisional/cand-event-a28070539280.json
迷深实战-本体库/libraries/event/provisional/cand-event-a2c68aa77e1b.json
迷深实战-本体库/libraries/event/provisional/cand-event-a32a77f5268e.json
迷深实战-本体库/libraries/event/provisional/cand-event-a385dc5467f0.json
迷深实战-本体库/libraries/event/provisional/cand-event-a3e438bc83c3.json
迷深实战-本体库/libraries/event/provisional/cand-event-a3fd4e7b7b65.json
迷深实战-本体库/libraries/event/provisional/cand-event-a4127134bef7.json
迷深实战-本体库/libraries/event/provisional/cand-event-a4182a8cf27f.json
迷深实战-本体库/libraries/event/provisional/cand-event-a43d81721417.json
迷深实战-本体库/libraries/event/provisional/cand-event-a48204728ee3.json
迷深实战-本体库/libraries/event/provisional/cand-event-a48250c892b3.json
迷深实战-本体库/libraries/event/provisional/cand-event-a4acd51ff388.json
迷深实战-本体库/libraries/event/provisional/cand-event-a4b05da71c9a.json
迷深实战-本体库/libraries/event/provisional/cand-event-a4bdd53efc3e.json
迷深实战-本体库/libraries/event/provisional/cand-event-a51a62d8ec20.json
迷深实战-本体库/libraries/event/provisional/cand-event-a55e77b6e827.json
迷深实战-本体库/libraries/event/provisional/cand-event-a56756f6865a.json
迷深实战-本体库/libraries/event/provisional/cand-event-a596c88749d8.json
迷深实战-本体库/libraries/event/provisional/cand-event-a59a03c85ab9.json
迷深实战-本体库/libraries/event/provisional/cand-event-a5b226d3f5b1.json
迷深实战-本体库/libraries/event/provisional/cand-event-a5ba72120c9c.json
迷深实战-本体库/libraries/event/provisional/cand-event-a62d48b9ffd7.json
迷深实战-本体库/libraries/event/provisional/cand-event-a66c8f2f1c11.json
迷深实战-本体库/libraries/event/provisional/cand-event-a6705246228a.json
迷深实战-本体库/libraries/event/provisional/cand-event-a6b774d6f1b8.json
迷深实战-本体库/libraries/event/provisional/cand-event-a6ba40472077.json
迷深实战-本体库/libraries/event/provisional/cand-event-a6db1ed245f2.json
迷深实战-本体库/libraries/event/provisional/cand-event-a73603c696cc.json
迷深实战-本体库/libraries/event/provisional/cand-event-a742098a2619.json
迷深实战-本体库/libraries/event/provisional/cand-event-a775baa3cd99.json
迷深实战-本体库/libraries/event/provisional/cand-event-a780a65c2ad4.json
迷深实战-本体库/libraries/event/provisional/cand-event-a79ea76de759.json
迷深实战-本体库/libraries/event/provisional/cand-event-a7b2724241f5.json
迷深实战-本体库/libraries/event/provisional/cand-event-a7faeb554dde.json
迷深实战-本体库/libraries/event/provisional/cand-event-a82657872c80.json
迷深实战-本体库/libraries/event/provisional/cand-event-a85a2b18cad4.json
迷深实战-本体库/libraries/event/provisional/cand-event-a971f6c2b610.json
迷深实战-本体库/libraries/event/provisional/cand-event-aa24677e3abb.json
迷深实战-本体库/libraries/event/provisional/cand-event-aa7b19878af7.json
迷深实战-本体库/libraries/event/provisional/cand-event-aa7e92e433ed.json
迷深实战-本体库/libraries/event/provisional/cand-event-aa85b9ada6f6.json
迷深实战-本体库/libraries/event/provisional/cand-event-aa9d784a9cf9.json
迷深实战-本体库/libraries/event/provisional/cand-event-aad44dbc06d2.json
迷深实战-本体库/libraries/event/provisional/cand-event-aae75b39b1d8.json
迷深实战-本体库/libraries/event/provisional/cand-event-ab19c2534058.json
迷深实战-本体库/libraries/event/provisional/cand-event-abebad072daf.json
迷深实战-本体库/libraries/event/provisional/cand-event-abf4be609bc7.json
迷深实战-本体库/libraries/event/provisional/cand-event-ac6f21f95034.json
迷深实战-本体库/libraries/event/provisional/cand-event-ac983dd70400.json
迷深实战-本体库/libraries/event/provisional/cand-event-acb159e71065.json
迷深实战-本体库/libraries/event/provisional/cand-event-accd27575147.json
迷深实战-本体库/libraries/event/provisional/cand-event-acf249a230b9.json
迷深实战-本体库/libraries/event/provisional/cand-event-ad2a26152f55.json
迷深实战-本体库/libraries/event/provisional/cand-event-ad7ff21f9c91.json
迷深实战-本体库/libraries/event/provisional/cand-event-ad966099fecc.json
迷深实战-本体库/libraries/event/provisional/cand-event-adb271f9b553.json
迷深实战-本体库/libraries/event/provisional/cand-event-adecc38d2ee4.json
迷深实战-本体库/libraries/event/provisional/cand-event-ae0b80beee36.json
迷深实战-本体库/libraries/event/provisional/cand-event-ae3fc9a8d91d.json
迷深实战-本体库/libraries/event/provisional/cand-event-aea150557564.json
迷深实战-本体库/libraries/event/provisional/cand-event-aee1d2328ee2.json
迷深实战-本体库/libraries/event/provisional/cand-event-af101cf1acf2.json
迷深实战-本体库/libraries/event/provisional/cand-event-af1809b23576.json
迷深实战-本体库/libraries/event/provisional/cand-event-afa871fed783.json
迷深实战-本体库/libraries/event/provisional/cand-event-aff606707d91.json
迷深实战-本体库/libraries/event/provisional/cand-event-affcccf2e0eb.json
迷深实战-本体库/libraries/event/provisional/cand-event-b043cedc49cb.json
迷深实战-本体库/libraries/event/provisional/cand-event-b04c7b652a7b.json
迷深实战-本体库/libraries/event/provisional/cand-event-b0533aa68a2b.json
迷深实战-本体库/libraries/event/provisional/cand-event-b0fdd45d654e.json
迷深实战-本体库/libraries/event/provisional/cand-event-b10015dddf88.json
迷深实战-本体库/libraries/event/provisional/cand-event-b171af991b7a.json
迷深实战-本体库/libraries/event/provisional/cand-event-b17e99ecd111.json
迷深实战-本体库/libraries/event/provisional/cand-event-b18ed923a49f.json
迷深实战-本体库/libraries/event/provisional/cand-event-b1913438f84d.json
迷深实战-本体库/libraries/event/provisional/cand-event-b1dda0749b79.json
迷深实战-本体库/libraries/event/provisional/cand-event-b26adbfb3004.json
迷深实战-本体库/libraries/event/provisional/cand-event-b29644b2d508.json
迷深实战-本体库/libraries/event/provisional/cand-event-b2bf982a0535.json
迷深实战-本体库/libraries/event/provisional/cand-event-b2d5d10d57ec.json
迷深实战-本体库/libraries/event/provisional/cand-event-b34e952a5dce.json
迷深实战-本体库/libraries/event/provisional/cand-event-b36d9981b3cf.json
迷深实战-本体库/libraries/event/provisional/cand-event-b3b549482698.json
迷深实战-本体库/libraries/event/provisional/cand-event-b413d2579f08.json
迷深实战-本体库/libraries/event/provisional/cand-event-b459da0a4b1b.json
迷深实战-本体库/libraries/event/provisional/cand-event-b48a6d52504b.json
迷深实战-本体库/libraries/event/provisional/cand-event-b51ec4326d14.json
迷深实战-本体库/libraries/event/provisional/cand-event-b52f521ff708.json
迷深实战-本体库/libraries/event/provisional/cand-event-b57a5f337255.json
迷深实战-本体库/libraries/event/provisional/cand-event-b5cd6b9e5ab4.json
迷深实战-本体库/libraries/event/provisional/cand-event-b62dc41b207b.json
迷深实战-本体库/libraries/event/provisional/cand-event-b64bf9d7f033.json
迷深实战-本体库/libraries/event/provisional/cand-event-b7bdf6eedf72.json
迷深实战-本体库/libraries/event/provisional/cand-event-b7f0cf37bd6c.json
迷深实战-本体库/libraries/event/provisional/cand-event-b8140a4dec11.json
迷深实战-本体库/libraries/event/provisional/cand-event-b850eb5891eb.json
迷深实战-本体库/libraries/event/provisional/cand-event-b88bdf43d01f.json
迷深实战-本体库/libraries/event/provisional/cand-event-b8e4c8d5bc9c.json
迷深实战-本体库/libraries/event/provisional/cand-event-b90b2f0c8682.json
迷深实战-本体库/libraries/event/provisional/cand-event-b97ce210b03a.json
迷深实战-本体库/libraries/event/provisional/cand-event-b9e955ad09a3.json
迷深实战-本体库/libraries/event/provisional/cand-event-ba2a954f6b39.json
迷深实战-本体库/libraries/event/provisional/cand-event-ba4310dc3455.json
迷深实战-本体库/libraries/event/provisional/cand-event-ba67df9bf560.json
迷深实战-本体库/libraries/event/provisional/cand-event-ba815cf4f29a.json
迷深实战-本体库/libraries/event/provisional/cand-event-babdacc0f566.json
迷深实战-本体库/libraries/event/provisional/cand-event-bb09ae640022.json
迷深实战-本体库/libraries/event/provisional/cand-event-bb0bd7f0645f.json
迷深实战-本体库/libraries/event/provisional/cand-event-bb59e60eea0b.json
迷深实战-本体库/libraries/event/provisional/cand-event-bbc6990e7c26.json
迷深实战-本体库/libraries/event/provisional/cand-event-bc150c379fe3.json
迷深实战-本体库/libraries/event/provisional/cand-event-bc6f1b73adaf.json
迷深实战-本体库/libraries/event/provisional/cand-event-bcd3caa13bf0.json
迷深实战-本体库/libraries/event/provisional/cand-event-bd059867c1c8.json
迷深实战-本体库/libraries/event/provisional/cand-event-bd17cc48a2ec.json
迷深实战-本体库/libraries/event/provisional/cand-event-bd45b8aeb2ab.json
迷深实战-本体库/libraries/event/provisional/cand-event-bdb6591df71c.json
迷深实战-本体库/libraries/event/provisional/cand-event-bddd8f7f24ac.json
迷深实战-本体库/libraries/event/provisional/cand-event-be050b6c02d8.json
迷深实战-本体库/libraries/event/provisional/cand-event-be0622552342.json
迷深实战-本体库/libraries/event/provisional/cand-event-be223cdecf2e.json
迷深实战-本体库/libraries/event/provisional/cand-event-be51be33cfbb.json
迷深实战-本体库/libraries/event/provisional/cand-event-bec757a29821.json
迷深实战-本体库/libraries/event/provisional/cand-event-c0ed848c2f51.json
迷深实战-本体库/libraries/event/provisional/cand-event-c0f80c813c26.json
迷深实战-本体库/libraries/event/provisional/cand-event-c1475bb5fa3e.json
迷深实战-本体库/libraries/event/provisional/cand-event-c1a56259c82f.json
迷深实战-本体库/libraries/event/provisional/cand-event-c1d2daecdac2.json
迷深实战-本体库/libraries/event/provisional/cand-event-c1e38d6663d4.json
迷深实战-本体库/libraries/event/provisional/cand-event-c22b435d535b.json
迷深实战-本体库/libraries/event/provisional/cand-event-c2a5f9bbc5a8.json
迷深实战-本体库/libraries/event/provisional/cand-event-c2c6ab5d5517.json
迷深实战-本体库/libraries/event/provisional/cand-event-c2fb807f276b.json
迷深实战-本体库/libraries/event/provisional/cand-event-c320adef879e.json
迷深实战-本体库/libraries/event/provisional/cand-event-c3a0c3e31f36.json
迷深实战-本体库/libraries/event/provisional/cand-event-c3cf50e9e6a6.json
迷深实战-本体库/libraries/event/provisional/cand-event-c42dc2ac81db.json
迷深实战-本体库/libraries/event/provisional/cand-event-c496e3be0ff7.json
迷深实战-本体库/libraries/event/provisional/cand-event-c4d2a2e7a3ea.json
迷深实战-本体库/libraries/event/provisional/cand-event-c51fed42cef6.json
迷深实战-本体库/libraries/event/provisional/cand-event-c5380b46b419.json
迷深实战-本体库/libraries/event/provisional/cand-event-c5646b669f79.json
迷深实战-本体库/libraries/event/provisional/cand-event-c56587fa1e20.json
迷深实战-本体库/libraries/event/provisional/cand-event-c5921f9d8bc2.json
迷深实战-本体库/libraries/event/provisional/cand-event-c59771438f3f.json
迷深实战-本体库/libraries/event/provisional/cand-event-c6034ba7aabf.json
迷深实战-本体库/libraries/event/provisional/cand-event-c6937e653fe7.json
迷深实战-本体库/libraries/event/provisional/cand-event-c6ec69058b38.json
迷深实战-本体库/libraries/event/provisional/cand-event-c6f5c7d48f16.json
迷深实战-本体库/libraries/event/provisional/cand-event-c6fb9a34f7cc.json
迷深实战-本体库/libraries/event/provisional/cand-event-c708ca801b23.json
迷深实战-本体库/libraries/event/provisional/cand-event-c728d528853e.json
迷深实战-本体库/libraries/event/provisional/cand-event-c792a8523d08.json
迷深实战-本体库/libraries/event/provisional/cand-event-c7dbf6a934f3.json
迷深实战-本体库/libraries/event/provisional/cand-event-c7dfdfb33b82.json
迷深实战-本体库/libraries/event/provisional/cand-event-c7ee33f981f7.json
迷深实战-本体库/libraries/event/provisional/cand-event-c81fff7dea97.json
迷深实战-本体库/libraries/event/provisional/cand-event-c850836b166b.json
迷深实战-本体库/libraries/event/provisional/cand-event-c88411f1c7b1.json
迷深实战-本体库/libraries/event/provisional/cand-event-c896fa25955d.json
迷深实战-本体库/libraries/event/provisional/cand-event-c8c90bf131eb.json
迷深实战-本体库/libraries/event/provisional/cand-event-c8d1b25d5557.json
迷深实战-本体库/libraries/event/provisional/cand-event-c932e4ad0b1d.json
迷深实战-本体库/libraries/event/provisional/cand-event-c9886c9c4bc3.json
迷深实战-本体库/libraries/event/provisional/cand-event-c9c9387c3d3a.json
迷深实战-本体库/libraries/event/provisional/cand-event-ca2637dec231.json
迷深实战-本体库/libraries/event/provisional/cand-event-ca41a8f4213b.json
迷深实战-本体库/libraries/event/provisional/cand-event-ca90b1bf1d3e.json
迷深实战-本体库/libraries/event/provisional/cand-event-cb2156fd369e.json
迷深实战-本体库/libraries/event/provisional/cand-event-cb3ee2fe58cd.json
迷深实战-本体库/libraries/event/provisional/cand-event-cba5a5b4aecb.json
迷深实战-本体库/libraries/event/provisional/cand-event-cc352c49219c.json
迷深实战-本体库/libraries/event/provisional/cand-event-cc35a123bd30.json
迷深实战-本体库/libraries/event/provisional/cand-event-cc4b5c8cd591.json
迷深实战-本体库/libraries/event/provisional/cand-event-cc6231883b6f.json
迷深实战-本体库/libraries/event/provisional/cand-event-ccde80cb362e.json
迷深实战-本体库/libraries/event/provisional/cand-event-cd673f1ac5cb.json
迷深实战-本体库/libraries/event/provisional/cand-event-cd68e04d0b4e.json
迷深实战-本体库/libraries/event/provisional/cand-event-cd97d0c6e5c5.json
迷深实战-本体库/libraries/event/provisional/cand-event-cdcd7f416228.json
迷深实战-本体库/libraries/event/provisional/cand-event-cde6f22cb039.json
迷深实战-本体库/libraries/event/provisional/cand-event-cdeb3e241bdc.json
迷深实战-本体库/libraries/event/provisional/cand-event-ce0d05db777a.json
迷深实战-本体库/libraries/event/provisional/cand-event-ce95e54f9057.json
迷深实战-本体库/libraries/event/provisional/cand-event-ced7771e9817.json
迷深实战-本体库/libraries/event/provisional/cand-event-cf0b914d4b22.json
迷深实战-本体库/libraries/event/provisional/cand-event-cf243addf8b8.json
迷深实战-本体库/libraries/event/provisional/cand-event-cfc874766f47.json
迷深实战-本体库/libraries/event/provisional/cand-event-cfc8e024a177.json
迷深实战-本体库/libraries/event/provisional/cand-event-cff2ec4844d1.json
迷深实战-本体库/libraries/event/provisional/cand-event-d02cba812c04.json
迷深实战-本体库/libraries/event/provisional/cand-event-d072ce16b705.json
迷深实战-本体库/libraries/event/provisional/cand-event-d09c0d89444c.json
迷深实战-本体库/libraries/event/provisional/cand-event-d0db4a2c3be2.json
迷深实战-本体库/libraries/event/provisional/cand-event-d0eefba81472.json
迷深实战-本体库/libraries/event/provisional/cand-event-d111cea32e59.json
迷深实战-本体库/libraries/event/provisional/cand-event-d11274feeeb0.json
迷深实战-本体库/libraries/event/provisional/cand-event-d12466e7bca8.json
迷深实战-本体库/libraries/event/provisional/cand-event-d13e40becd7a.json
迷深实战-本体库/libraries/event/provisional/cand-event-d155c374def0.json
迷深实战-本体库/libraries/event/provisional/cand-event-d1574cd42f7e.json
迷深实战-本体库/libraries/event/provisional/cand-event-d177773e56e7.json
迷深实战-本体库/libraries/event/provisional/cand-event-d17d509b66d4.json
迷深实战-本体库/libraries/event/provisional/cand-event-d1adab66d25f.json
迷深实战-本体库/libraries/event/provisional/cand-event-d1b33e81af02.json
迷深实战-本体库/libraries/event/provisional/cand-event-d1c55301e91d.json
迷深实战-本体库/libraries/event/provisional/cand-event-d2d93014594c.json
迷深实战-本体库/libraries/event/provisional/cand-event-d2e48421a3e1.json
迷深实战-本体库/libraries/event/provisional/cand-event-d30ee1647f32.json
迷深实战-本体库/libraries/event/provisional/cand-event-d34a5b422836.json
迷深实战-本体库/libraries/event/provisional/cand-event-d365b4dcd697.json
迷深实战-本体库/libraries/event/provisional/cand-event-d3af5962aae9.json
迷深实战-本体库/libraries/event/provisional/cand-event-d474c9f06fca.json
迷深实战-本体库/libraries/event/provisional/cand-event-d4f9bede3cfb.json
迷深实战-本体库/libraries/event/provisional/cand-event-d539b9685d25.json
迷深实战-本体库/libraries/event/provisional/cand-event-d53b7c8e0126.json
迷深实战-本体库/libraries/event/provisional/cand-event-d5488958ff55.json
迷深实战-本体库/libraries/event/provisional/cand-event-d58d520e0f6b.json
迷深实战-本体库/libraries/event/provisional/cand-event-d594f3027266.json
迷深实战-本体库/libraries/event/provisional/cand-event-d5b451f28028.json
迷深实战-本体库/libraries/event/provisional/cand-event-d607d102316b.json
迷深实战-本体库/libraries/event/provisional/cand-event-d6121ddb8e3e.json
迷深实战-本体库/libraries/event/provisional/cand-event-d6583025a6eb.json
迷深实战-本体库/libraries/event/provisional/cand-event-d6987a5f5cad.json
迷深实战-本体库/libraries/event/provisional/cand-event-d6d9a5a903eb.json
迷深实战-本体库/libraries/event/provisional/cand-event-d6e88390f4f1.json
迷深实战-本体库/libraries/event/provisional/cand-event-d6ff7b4b5842.json
迷深实战-本体库/libraries/event/provisional/cand-event-d701b2939fd3.json
迷深实战-本体库/libraries/event/provisional/cand-event-d74d78b0b5eb.json
迷深实战-本体库/libraries/event/provisional/cand-event-d75a100898ce.json
迷深实战-本体库/libraries/event/provisional/cand-event-d76207b57b56.json
迷深实战-本体库/libraries/event/provisional/cand-event-d76e3491fe25.json
迷深实战-本体库/libraries/event/provisional/cand-event-d7bb52c190d3.json
迷深实战-本体库/libraries/event/provisional/cand-event-d8accec282dd.json
迷深实战-本体库/libraries/event/provisional/cand-event-d8f7b09bd4f8.json
迷深实战-本体库/libraries/event/provisional/cand-event-d960c2b8fe34.json
迷深实战-本体库/libraries/event/provisional/cand-event-d98111cd31d0.json
迷深实战-本体库/libraries/event/provisional/cand-event-d9eb3d3b71a4.json
迷深实战-本体库/libraries/event/provisional/cand-event-da2bc08e520c.json
迷深实战-本体库/libraries/event/provisional/cand-event-da2c19d92945.json
迷深实战-本体库/libraries/event/provisional/cand-event-da5f8e0f7131.json
迷深实战-本体库/libraries/event/provisional/cand-event-da6e0e85b8d4.json
迷深实战-本体库/libraries/event/provisional/cand-event-dab84f7437c6.json
迷深实战-本体库/libraries/event/provisional/cand-event-dae423d1abc8.json
迷深实战-本体库/libraries/event/provisional/cand-event-daf88540add4.json
迷深实战-本体库/libraries/event/provisional/cand-event-db379f8b8b5d.json
迷深实战-本体库/libraries/event/provisional/cand-event-db4503b645c6.json
迷深实战-本体库/libraries/event/provisional/cand-event-dbc32f012c4f.json
迷深实战-本体库/libraries/event/provisional/cand-event-dc947fc3ea50.json
迷深实战-本体库/libraries/event/provisional/cand-event-dcf6d70d5f15.json
迷深实战-本体库/libraries/event/provisional/cand-event-dd1d3874d086.json
迷深实战-本体库/libraries/event/provisional/cand-event-dd39b9d9727b.json
迷深实战-本体库/libraries/event/provisional/cand-event-dd91834871f7.json
迷深实战-本体库/libraries/event/provisional/cand-event-dd94101bcf90.json
迷深实战-本体库/libraries/event/provisional/cand-event-dde2e4f4f34e.json
迷深实战-本体库/libraries/event/provisional/cand-event-ddea72d82279.json
迷深实战-本体库/libraries/event/provisional/cand-event-de252910fe36.json
迷深实战-本体库/libraries/event/provisional/cand-event-de26e28d0912.json
迷深实战-本体库/libraries/event/provisional/cand-event-de5637e8dba1.json
迷深实战-本体库/libraries/event/provisional/cand-event-deb82181b0c2.json
迷深实战-本体库/libraries/event/provisional/cand-event-dedb1e949c02.json
迷深实战-本体库/libraries/event/provisional/cand-event-df37ab9f3083.json
迷深实战-本体库/libraries/event/provisional/cand-event-df4c151bbb74.json
迷深实战-本体库/libraries/event/provisional/cand-event-df4d7afd6752.json
迷深实战-本体库/libraries/event/provisional/cand-event-df53b904ff70.json
迷深实战-本体库/libraries/event/provisional/cand-event-df67abbccd65.json
迷深实战-本体库/libraries/event/provisional/cand-event-df81c3fc66c5.json
迷深实战-本体库/libraries/event/provisional/cand-event-df960b1664ef.json
迷深实战-本体库/libraries/event/provisional/cand-event-dfdf2be0b673.json
迷深实战-本体库/libraries/event/provisional/cand-event-e061fc0ccbaf.json
迷深实战-本体库/libraries/event/provisional/cand-event-e07cc9a54ca9.json
迷深实战-本体库/libraries/event/provisional/cand-event-e0f3dedb7f81.json
迷深实战-本体库/libraries/event/provisional/cand-event-e13292ea9cd2.json
迷深实战-本体库/libraries/event/provisional/cand-event-e139a5f77caa.json
迷深实战-本体库/libraries/event/provisional/cand-event-e159cb31c61a.json
迷深实战-本体库/libraries/event/provisional/cand-event-e162fb324724.json
迷深实战-本体库/libraries/event/provisional/cand-event-e16668645087.json
迷深实战-本体库/libraries/event/provisional/cand-event-e1a68f64041e.json
迷深实战-本体库/libraries/event/provisional/cand-event-e1cbfab142d2.json
迷深实战-本体库/libraries/event/provisional/cand-event-e1fffedede0b.json
迷深实战-本体库/libraries/event/provisional/cand-event-e200ebac5ebd.json
迷深实战-本体库/libraries/event/provisional/cand-event-e253f95aef24.json
迷深实战-本体库/libraries/event/provisional/cand-event-e2659c29d5b7.json
迷深实战-本体库/libraries/event/provisional/cand-event-e2d0918fb92f.json
迷深实战-本体库/libraries/event/provisional/cand-event-e2d3606355f5.json
迷深实战-本体库/libraries/event/provisional/cand-event-e30b9032a84e.json
迷深实战-本体库/libraries/event/provisional/cand-event-e37e084a53f5.json
迷深实战-本体库/libraries/event/provisional/cand-event-e3823252ba95.json
迷深实战-本体库/libraries/event/provisional/cand-event-e422668d2ef3.json
迷深实战-本体库/libraries/event/provisional/cand-event-e4c730619190.json
迷深实战-本体库/libraries/event/provisional/cand-event-e514ba7e4bac.json
迷深实战-本体库/libraries/event/provisional/cand-event-e554242dcd4e.json
迷深实战-本体库/libraries/event/provisional/cand-event-e561ee740454.json
迷深实战-本体库/libraries/event/provisional/cand-event-e5bc9e5acfa4.json
迷深实战-本体库/libraries/event/provisional/cand-event-e615e8d50b0a.json
迷深实战-本体库/libraries/event/provisional/cand-event-e61ed21df1f6.json
迷深实战-本体库/libraries/event/provisional/cand-event-e6528eb01392.json
迷深实战-本体库/libraries/event/provisional/cand-event-e68ed3f4479b.json
迷深实战-本体库/libraries/event/provisional/cand-event-e6bfbbfd8cde.json
迷深实战-本体库/libraries/event/provisional/cand-event-e71824a597f9.json
迷深实战-本体库/libraries/event/provisional/cand-event-e71b07debf47.json
迷深实战-本体库/libraries/event/provisional/cand-event-e7c5f0ccf7fe.json
迷深实战-本体库/libraries/event/provisional/cand-event-e7cf0b5dd7a8.json
迷深实战-本体库/libraries/event/provisional/cand-event-e7fd8702272f.json
迷深实战-本体库/libraries/event/provisional/cand-event-e80c7db8ac8f.json
迷深实战-本体库/libraries/event/provisional/cand-event-e85157b41e19.json
迷深实战-本体库/libraries/event/provisional/cand-event-e8aea25d05da.json
迷深实战-本体库/libraries/event/provisional/cand-event-e8cb777d6987.json
迷深实战-本体库/libraries/event/provisional/cand-event-e98df4b1eab8.json
迷深实战-本体库/libraries/event/provisional/cand-event-e9d2c67c8570.json
迷深实战-本体库/libraries/event/provisional/cand-event-ea1ef832d8fb.json
迷深实战-本体库/libraries/event/provisional/cand-event-ea5b72e59dd9.json
迷深实战-本体库/libraries/event/provisional/cand-event-ea70cb7165e0.json
迷深实战-本体库/libraries/event/provisional/cand-event-eae4acf4e24a.json
迷深实战-本体库/libraries/event/provisional/cand-event-eb327d419e40.json
迷深实战-本体库/libraries/event/provisional/cand-event-eb8f713faa53.json
迷深实战-本体库/libraries/event/provisional/cand-event-ec6f0f8c4b9c.json
迷深实战-本体库/libraries/event/provisional/cand-event-ec79dd85558f.json
迷深实战-本体库/libraries/event/provisional/cand-event-ecdde47dbf82.json
迷深实战-本体库/libraries/event/provisional/cand-event-ecde528b966f.json
迷深实战-本体库/libraries/event/provisional/cand-event-ed1a669cb5bb.json
迷深实战-本体库/libraries/event/provisional/cand-event-edc3726ce748.json
迷深实战-本体库/libraries/event/provisional/cand-event-edd876375ef8.json
迷深实战-本体库/libraries/event/provisional/cand-event-ee118d7cf495.json
迷深实战-本体库/libraries/event/provisional/cand-event-ee31b16f660f.json
迷深实战-本体库/libraries/event/provisional/cand-event-eec0805c2a20.json
迷深实战-本体库/libraries/event/provisional/cand-event-eee53cf49d28.json
迷深实战-本体库/libraries/event/provisional/cand-event-eeff7a80a9fc.json
迷深实战-本体库/libraries/event/provisional/cand-event-ef4efe4bd55c.json
迷深实战-本体库/libraries/event/provisional/cand-event-ef985b0a9586.json
迷深实战-本体库/libraries/event/provisional/cand-event-efbfd8af7598.json
迷深实战-本体库/libraries/event/provisional/cand-event-f010c6b390cc.json
迷深实战-本体库/libraries/event/provisional/cand-event-f0629b96ec04.json
迷深实战-本体库/libraries/event/provisional/cand-event-f065ce5af878.json
迷深实战-本体库/libraries/event/provisional/cand-event-f09f226a53a8.json
迷深实战-本体库/libraries/event/provisional/cand-event-f0c4cc397b5e.json
迷深实战-本体库/libraries/event/provisional/cand-event-f10c1429daaa.json
迷深实战-本体库/libraries/event/provisional/cand-event-f123f34344a2.json
迷深实战-本体库/libraries/event/provisional/cand-event-f1a7b0ee82bd.json
迷深实战-本体库/libraries/event/provisional/cand-event-f1bb54015e5f.json
迷深实战-本体库/libraries/event/provisional/cand-event-f24231e167d8.json
迷深实战-本体库/libraries/event/provisional/cand-event-f2afb4bc3c2e.json
迷深实战-本体库/libraries/event/provisional/cand-event-f2e142e79717.json
迷深实战-本体库/libraries/event/provisional/cand-event-f37684c82d74.json
迷深实战-本体库/libraries/event/provisional/cand-event-f402b23d8168.json
迷深实战-本体库/libraries/event/provisional/cand-event-f45830571b4b.json
迷深实战-本体库/libraries/event/provisional/cand-event-f4843a6f2933.json
迷深实战-本体库/libraries/event/provisional/cand-event-f54dd1ee6675.json
迷深实战-本体库/libraries/event/provisional/cand-event-f59dd7c4c131.json
迷深实战-本体库/libraries/event/provisional/cand-event-f5b112846241.json
迷深实战-本体库/libraries/event/provisional/cand-event-f5e918700d84.json
迷深实战-本体库/libraries/event/provisional/cand-event-f62d07975338.json
迷深实战-本体库/libraries/event/provisional/cand-event-f67b00d4b2c3.json
迷深实战-本体库/libraries/event/provisional/cand-event-f68bf8127e59.json
迷深实战-本体库/libraries/event/provisional/cand-event-f68e76126f27.json
迷深实战-本体库/libraries/event/provisional/cand-event-f6cee020f1fc.json
迷深实战-本体库/libraries/event/provisional/cand-event-f751287c4533.json
迷深实战-本体库/libraries/event/provisional/cand-event-f7c3bcf3c75b.json
迷深实战-本体库/libraries/event/provisional/cand-event-f7e7ecd6a7eb.json
迷深实战-本体库/libraries/event/provisional/cand-event-f806e5a2441e.json
迷深实战-本体库/libraries/event/provisional/cand-event-f89aa386ab1e.json
迷深实战-本体库/libraries/event/provisional/cand-event-f89b25fc7401.json
迷深实战-本体库/libraries/event/provisional/cand-event-f8aa624b07dc.json
迷深实战-本体库/libraries/event/provisional/cand-event-f8da26e80205.json
迷深实战-本体库/libraries/event/provisional/cand-event-f8ef7bf454e6.json
迷深实战-本体库/libraries/event/provisional/cand-event-f9354cac4e2b.json
迷深实战-本体库/libraries/event/provisional/cand-event-f96a12717dc8.json
迷深实战-本体库/libraries/event/provisional/cand-event-f96b19680984.json
迷深实战-本体库/libraries/event/provisional/cand-event-f98296f7cc91.json
迷深实战-本体库/libraries/event/provisional/cand-event-f9a29ab5ae93.json
迷深实战-本体库/libraries/event/provisional/cand-event-f9f31e1f36c0.json
迷深实战-本体库/libraries/event/provisional/cand-event-fa188625faaf.json
迷深实战-本体库/libraries/event/provisional/cand-event-fa5cef587900.json
迷深实战-本体库/libraries/event/provisional/cand-event-fa80b8390482.json
迷深实战-本体库/libraries/event/provisional/cand-event-fa940dfe898a.json
迷深实战-本体库/libraries/event/provisional/cand-event-fab091c30111.json
迷深实战-本体库/libraries/event/provisional/cand-event-fb884f627bcc.json
迷深实战-本体库/libraries/event/provisional/cand-event-fbf720892959.json
迷深实战-本体库/libraries/event/provisional/cand-event-fc186a11f55e.json
迷深实战-本体库/libraries/event/provisional/cand-event-fc8124841676.json
迷深实战-本体库/libraries/event/provisional/cand-event-fcb9e1d927b5.json
迷深实战-本体库/libraries/event/provisional/cand-event-fcfba3e7a348.json
迷深实战-本体库/libraries/event/provisional/cand-event-fd4daa54d661.json
迷深实战-本体库/libraries/event/provisional/cand-event-fd4dde1cbd6c.json
迷深实战-本体库/libraries/event/provisional/cand-event-fd50ad2c9651.json
迷深实战-本体库/libraries/event/provisional/cand-event-fd7df4921654.json
迷深实战-本体库/libraries/event/provisional/cand-event-fd986f76236a.json
迷深实战-本体库/libraries/event/provisional/cand-event-fddc31f4549d.json
迷深实战-本体库/libraries/event/provisional/cand-event-fe0173e6e08b.json
迷深实战-本体库/libraries/event/provisional/cand-event-fe2229059d8d.json
迷深实战-本体库/libraries/event/provisional/cand-event-febe6cf0de57.json
迷深实战-本体库/libraries/event/provisional/cand-event-ff1be61a351a.json
迷深实战-本体库/libraries/event/provisional/cand-event-ff687d222210.json
迷深实战-本体库/libraries/foreshadow/provisional/cand-foreshadow-009feb7586a3.json
迷深实战-本体库/libraries/foreshadow/provisional/cand-foreshadow-00deb092e159.json
迷深实战-本体库/libraries/foreshadow/provisional/cand-foreshadow-01737e228483.json
迷深实战-本体库/libraries/foreshadow/provisional/cand-foreshadow-017700cb3585.json
迷深实战-本体库/libraries/foreshadow/provisional/cand-foreshadow-01836da06d22.json
迷深实战-本体库/libraries/foreshadow/provisional/cand-foreshadow-02368550259d.json
迷深实战-本体库/libraries/foreshadow/provisional/cand-foreshadow-026015147b67.json
迷深实战-本体库/libraries/foreshadow/provisional/cand-foreshadow-0260a1f2ef02.json
迷深实战-本体库/libraries/foreshadow/provisional/cand-foreshadow-0263a22db870.json
迷深实战-本体库/libraries/foreshadow/provisional/cand-foreshadow-02c283bc9229.json
迷深实战-本体库/libraries/foreshadow/provisional/cand-foreshadow-02de74bdf503.json
迷深实战-本体库/libraries/foreshadow/provisional/cand-foreshadow-02f120d8b8b9.json
迷深实战-本体库/libraries/foreshadow/provisional/cand-foreshadow-037023b4c662.json
迷深实战-本体库/libraries/foreshadow/provisional/cand-foreshadow-0380e52e9fa8.json
迷深实战-本体库/libraries/foreshadow/provisional/cand-foreshadow-04221079e799.json
迷深实战-本体库/libraries/foreshadow/provisional/cand-foreshadow-044abf5e7f1b.json
迷深实战-本体库/libraries/foreshadow/provisional/cand-foreshadow-048e2246b447.json
迷深实战-本体库/libraries/foreshadow/provisional/cand-foreshadow-0496d445efd2.json
迷深实战-本体库/libraries/foreshadow/provisional/cand-foreshadow-04b75611a5bb.json
迷深实战-本体库/libraries/foreshadow/provisional/cand-foreshadow-04c476bb366b.json
迷深实战-本体库/libraries/foreshadow/provisional/cand-foreshadow-050bba4d1c63.json
迷深实战-本体库/libraries/foreshadow/provisional/cand-foreshadow-051e099e41cd.json
迷深实战-本体库/libraries/foreshadow/provisional/cand-foreshadow-05c9e8018a84.json
迷深实战-本体库/libraries/foreshadow/provisional/cand-foreshadow-06221fac0eb5.json
迷深实战-本体库/libraries/foreshadow/provisional/cand-foreshadow-0675324b2684.json
迷深实战-本体库/libraries/foreshadow/provisional/cand-foreshadow-06ded5436277.json
迷深实战-本体库/libraries/foreshadow/provisional/cand-foreshadow-08ef96b84abc.json
迷深实战-本体库/libraries/foreshadow/provisional/cand-foreshadow-0a49fac4576f.json
迷深实战-本体库/libraries/foreshadow/provisional/cand-foreshadow-0aaaa7bd4ae9.json
迷深实战-本体库/libraries/foreshadow/provisional/cand-foreshadow-0bf592f5b79f.json
迷深实战-本体库/libraries/foreshadow/provisional/cand-foreshadow-0c1d55052441.json
迷深实战-本体库/libraries/foreshadow/provisional/cand-foreshadow-0c9f177510e3.json
迷深实战-本体库/libraries/foreshadow/provisional/cand-foreshadow-0ccb76945490.json
迷深实战-本体库/libraries/foreshadow/provisional/cand-foreshadow-0d3c33b4ab00.json
迷深实战-本体库/libraries/foreshadow/provisional/cand-foreshadow-0dcf87d3dba8.json
迷深实战-本体库/libraries/foreshadow/provisional/cand-foreshadow-0df563068733.json
迷深实战-本体库/libraries/foreshadow/provisional/cand-foreshadow-0e19b0b03114.json
迷深实战-本体库/libraries/foreshadow/provisional/cand-foreshadow-0ecbc5482dc6.json
迷深实战-本体库/libraries/foreshadow/provisional/cand-foreshadow-0f16d6a52f20.json
迷深实战-本体库/libraries/foreshadow/provisional/cand-foreshadow-0f8073efbbcf.json
迷深实战-本体库/libraries/foreshadow/provisional/cand-foreshadow-0fb061afd9a7.json
迷深实战-本体库/libraries/foreshadow/provisional/cand-foreshadow-10819735f4b7.json
迷深实战-本体库/libraries/foreshadow/provisional/cand-foreshadow-1104e6e06d41.json
迷深实战-本体库/libraries/foreshadow/provisional/cand-foreshadow-11108ae6a3a8.json
迷深实战-本体库/libraries/foreshadow/provisional/cand-foreshadow-11f3539ea80e.json
迷深实战-本体库/libraries/foreshadow/provisional/cand-foreshadow-1211265cb43e.json
迷深实战-本体库/libraries/foreshadow/provisional/cand-foreshadow-13603cd8620d.json
迷深实战-本体库/libraries/foreshadow/provisional/cand-foreshadow-1382408be25b.json
迷深实战-本体库/libraries/foreshadow/provisional/cand-foreshadow-13c6198661fa.json
迷深实战-本体库/libraries/foreshadow/provisional/cand-foreshadow-14634cc42123.json
迷深实战-本体库/libraries/foreshadow/provisional/cand-foreshadow-1489a8669b23.json
迷深实战-本体库/libraries/foreshadow/provisional/cand-foreshadow-14caa1aa74e9.json
迷深实战-本体库/libraries/foreshadow/provisional/cand-foreshadow-157e4cea940f.json
迷深实战-本体库/libraries/foreshadow/provisional/cand-foreshadow-15884bc56cc0.json
迷深实战-本体库/libraries/foreshadow/provisional/cand-foreshadow-164f8f4a73ba.json
迷深实战-本体库/libraries/foreshadow/provisional/cand-foreshadow-16669e41f19f.json
迷深实战-本体库/libraries/foreshadow/provisional/cand-foreshadow-16d4a9eacdcf.json
迷深实战-本体库/libraries/foreshadow/provisional/cand-foreshadow-1894a1364d49.json
迷深实战-本体库/libraries/foreshadow/provisional/cand-foreshadow-18c7ce02f03e.json
迷深实战-本体库/libraries/foreshadow/provisional/cand-foreshadow-192ee9e63954.json
迷深实战-本体库/libraries/foreshadow/provisional/cand-foreshadow-19ad9467ed18.json
迷深实战-本体库/libraries/foreshadow/provisional/cand-foreshadow-1a901054e780.json
迷深实战-本体库/libraries/foreshadow/provisional/cand-foreshadow-1ae25384b38d.json
迷深实战-本体库/libraries/foreshadow/provisional/cand-foreshadow-1bd5aa566f59.json
迷深实战-本体库/libraries/foreshadow/provisional/cand-foreshadow-1be2b65e618c.json
迷深实战-本体库/libraries/foreshadow/provisional/cand-foreshadow-1bf6401ccf52.json
迷深实战-本体库/libraries/foreshadow/provisional/cand-foreshadow-1c0893b6e965.json
迷深实战-本体库/libraries/foreshadow/provisional/cand-foreshadow-1c5b08e794f8.json
迷深实战-本体库/libraries/foreshadow/provisional/cand-foreshadow-1ca61fa7aa84.json
迷深实战-本体库/libraries/foreshadow/provisional/cand-foreshadow-1cc404296284.json
迷深实战-本体库/libraries/foreshadow/provisional/cand-foreshadow-1de19f96a4d5.json
迷深实战-本体库/libraries/foreshadow/provisional/cand-foreshadow-1df2343f7442.json
迷深实战-本体库/libraries/foreshadow/provisional/cand-foreshadow-1e20eee3672c.json
迷深实战-本体库/libraries/foreshadow/provisional/cand-foreshadow-1e5064a87372.json
迷深实战-本体库/libraries/foreshadow/provisional/cand-foreshadow-1eb5b3fe2321.json
迷深实战-本体库/libraries/foreshadow/provisional/cand-foreshadow-1ecd858b9570.json
迷深实战-本体库/libraries/foreshadow/provisional/cand-foreshadow-1ed5aa8da772.json
迷深实战-本体库/libraries/foreshadow/provisional/cand-foreshadow-1efcabd9c3c3.json
迷深实战-本体库/libraries/foreshadow/provisional/cand-foreshadow-1f2dd11a34f4.json
迷深实战-本体库/libraries/foreshadow/provisional/cand-foreshadow-1f2f6d73b51b.json
迷深实战-本体库/libraries/foreshadow/provisional/cand-foreshadow-1f7e9e5a3a5b.json
迷深实战-本体库/libraries/foreshadow/provisional/cand-foreshadow-1fd651e13819.json
迷深实战-本体库/libraries/foreshadow/provisional/cand-foreshadow-1ff6bfd75623.json
迷深实战-本体库/libraries/foreshadow/provisional/cand-foreshadow-2002942af292.json
迷深实战-本体库/libraries/foreshadow/provisional/cand-foreshadow-2076d628fbca.json
迷深实战-本体库/libraries/foreshadow/provisional/cand-foreshadow-21360dc772c1.json
迷深实战-本体库/libraries/foreshadow/provisional/cand-foreshadow-2195b029629a.json
迷深实战-本体库/libraries/foreshadow/provisional/cand-foreshadow-2269521512ca.json
迷深实战-本体库/libraries/foreshadow/provisional/cand-foreshadow-2286919e2923.json
迷深实战-本体库/libraries/foreshadow/provisional/cand-foreshadow-228c543030d6.json
迷深实战-本体库/libraries/foreshadow/provisional/cand-foreshadow-232d11a18b3e.json
迷深实战-本体库/libraries/foreshadow/provisional/cand-foreshadow-23bbe99b09b1.json
迷深实战-本体库/libraries/foreshadow/provisional/cand-foreshadow-23c5ed1fa974.json
迷深实战-本体库/libraries/foreshadow/provisional/cand-foreshadow-24a35fb66ed5.json
迷深实战-本体库/libraries/foreshadow/provisional/cand-foreshadow-2523623c7850.json
迷深实战-本体库/libraries/foreshadow/provisional/cand-foreshadow-25e984a1bbcc.json
迷深实战-本体库/libraries/foreshadow/provisional/cand-foreshadow-2666a368bec8.json
迷深实战-本体库/libraries/foreshadow/provisional/cand-foreshadow-2674bb4fed27.json
迷深实战-本体库/libraries/foreshadow/provisional/cand-foreshadow-26e7a433ebb1.json
迷深实战-本体库/libraries/foreshadow/provisional/cand-foreshadow-271977e8807c.json
迷深实战-本体库/libraries/foreshadow/provisional/cand-foreshadow-2756080148b4.json
迷深实战-本体库/libraries/foreshadow/provisional/cand-foreshadow-276dadc68889.json
迷深实战-本体库/libraries/foreshadow/provisional/cand-foreshadow-2803fc51aafe.json
迷深实战-本体库/libraries/foreshadow/provisional/cand-foreshadow-280dd2dfce4a.json
迷深实战-本体库/libraries/foreshadow/provisional/cand-foreshadow-280f2f7ead02.json
迷深实战-本体库/libraries/foreshadow/provisional/cand-foreshadow-2886390fd3f8.json
迷深实战-本体库/libraries/foreshadow/provisional/cand-foreshadow-28bbdebb7e09.json
迷深实战-本体库/libraries/foreshadow/provisional/cand-foreshadow-290f294b315e.json
迷深实战-本体库/libraries/foreshadow/provisional/cand-foreshadow-293e0ee35b0f.json
迷深实战-本体库/libraries/foreshadow/provisional/cand-foreshadow-2951b837d316.json
迷深实战-本体库/libraries/foreshadow/provisional/cand-foreshadow-2a308a0ee35f.json
迷深实战-本体库/libraries/foreshadow/provisional/cand-foreshadow-2aeef8ba5dc7.json
迷深实战-本体库/libraries/foreshadow/provisional/cand-foreshadow-2b37372a1fd7.json
迷深实战-本体库/libraries/foreshadow/provisional/cand-foreshadow-2b40c495c441.json
迷深实战-本体库/libraries/foreshadow/provisional/cand-foreshadow-2b8c3b498720.json
迷深实战-本体库/libraries/foreshadow/provisional/cand-foreshadow-2bc3233a9a60.json
迷深实战-本体库/libraries/foreshadow/provisional/cand-foreshadow-2c0ec3e38677.json
迷深实战-本体库/libraries/foreshadow/provisional/cand-foreshadow-2c146775d24c.json
迷深实战-本体库/libraries/foreshadow/provisional/cand-foreshadow-2c6275d6d53a.json
迷深实战-本体库/libraries/foreshadow/provisional/cand-foreshadow-2c712b91f30d.json
迷深实战-本体库/libraries/foreshadow/provisional/cand-foreshadow-2d09d1ca1c3f.json
迷深实战-本体库/libraries/foreshadow/provisional/cand-foreshadow-2d10d513275d.json
迷深实战-本体库/libraries/foreshadow/provisional/cand-foreshadow-2d218781dc0a.json
迷深实战-本体库/libraries/foreshadow/provisional/cand-foreshadow-2defaa242116.json
迷深实战-本体库/libraries/foreshadow/provisional/cand-foreshadow-2e2e36bde65e.json
迷深实战-本体库/libraries/foreshadow/provisional/cand-foreshadow-2ef3b589480b.json
迷深实战-本体库/libraries/foreshadow/provisional/cand-foreshadow-308446afc854.json
迷深实战-本体库/libraries/foreshadow/provisional/cand-foreshadow-309e1206001a.json
迷深实战-本体库/libraries/foreshadow/provisional/cand-foreshadow-3102f4f4e256.json
迷深实战-本体库/libraries/foreshadow/provisional/cand-foreshadow-323e43c01551.json
迷深实战-本体库/libraries/foreshadow/provisional/cand-foreshadow-327de9282763.json
迷深实战-本体库/libraries/foreshadow/provisional/cand-foreshadow-32a8f21bd33c.json
迷深实战-本体库/libraries/foreshadow/provisional/cand-foreshadow-33497b839aa6.json
迷深实战-本体库/libraries/foreshadow/provisional/cand-foreshadow-34a09e43c919.json
迷深实战-本体库/libraries/foreshadow/provisional/cand-foreshadow-359351a89670.json
迷深实战-本体库/libraries/foreshadow/provisional/cand-foreshadow-35960794a8bb.json
迷深实战-本体库/libraries/foreshadow/provisional/cand-foreshadow-35d2ef78bb5e.json
迷深实战-本体库/libraries/foreshadow/provisional/cand-foreshadow-35f123b74123.json
迷深实战-本体库/libraries/foreshadow/provisional/cand-foreshadow-37202f259dd7.json
迷深实战-本体库/libraries/foreshadow/provisional/cand-foreshadow-37abc2d744bf.json
迷深实战-本体库/libraries/foreshadow/provisional/cand-foreshadow-398f2fe661b4.json
迷深实战-本体库/libraries/foreshadow/provisional/cand-foreshadow-39e961e26051.json
迷深实战-本体库/libraries/foreshadow/provisional/cand-foreshadow-3ad09b7cc5ec.json
迷深实战-本体库/libraries/foreshadow/provisional/cand-foreshadow-3b97fc17e071.json
迷深实战-本体库/libraries/foreshadow/provisional/cand-foreshadow-3bb49d6be816.json
迷深实战-本体库/libraries/foreshadow/provisional/cand-foreshadow-3bf5d36e9e64.json
迷深实战-本体库/libraries/foreshadow/provisional/cand-foreshadow-3c2ee2aebc6a.json
迷深实战-本体库/libraries/foreshadow/provisional/cand-foreshadow-3c5d709e0c04.json
迷深实战-本体库/libraries/foreshadow/provisional/cand-foreshadow-3c74c7e57380.json
迷深实战-本体库/libraries/foreshadow/provisional/cand-foreshadow-3c85cb6ade59.json
迷深实战-本体库/libraries/foreshadow/provisional/cand-foreshadow-3d7dc9aa4d95.json
迷深实战-本体库/libraries/foreshadow/provisional/cand-foreshadow-3da78b674b44.json
迷深实战-本体库/libraries/foreshadow/provisional/cand-foreshadow-3dc746767fd5.json
迷深实战-本体库/libraries/foreshadow/provisional/cand-foreshadow-3e73cfde95be.json
迷深实战-本体库/libraries/foreshadow/provisional/cand-foreshadow-3f218db6a419.json
迷深实战-本体库/libraries/foreshadow/provisional/cand-foreshadow-3f5552e5e5b2.json
迷深实战-本体库/libraries/foreshadow/provisional/cand-foreshadow-3fdc8a100ae1.json
迷深实战-本体库/libraries/foreshadow/provisional/cand-foreshadow-408864cf3864.json
迷深实战-本体库/libraries/foreshadow/provisional/cand-foreshadow-40c43977495d.json
迷深实战-本体库/libraries/foreshadow/provisional/cand-foreshadow-40f3397d4dc1.json
迷深实战-本体库/libraries/foreshadow/provisional/cand-foreshadow-418c3189339d.json
迷深实战-本体库/libraries/foreshadow/provisional/cand-foreshadow-41e03db0bb4a.json
迷深实战-本体库/libraries/foreshadow/provisional/cand-foreshadow-420e8f735bdf.json
迷深实战-本体库/libraries/foreshadow/provisional/cand-foreshadow-426bd07ec891.json
迷深实战-本体库/libraries/foreshadow/provisional/cand-foreshadow-42a4d92b4bd5.json
迷深实战-本体库/libraries/foreshadow/provisional/cand-foreshadow-42bdd74a30f0.json
迷深实战-本体库/libraries/foreshadow/provisional/cand-foreshadow-430f9c610664.json
迷深实战-本体库/libraries/foreshadow/provisional/cand-foreshadow-43231238c886.json
迷深实战-本体库/libraries/foreshadow/provisional/cand-foreshadow-4326d8c8e620.json
迷深实战-本体库/libraries/foreshadow/provisional/cand-foreshadow-433af106ef4e.json
迷深实战-本体库/libraries/foreshadow/provisional/cand-foreshadow-43a25b94bdff.json
迷深实战-本体库/libraries/foreshadow/provisional/cand-foreshadow-4487fd3e7bce.json
迷深实战-本体库/libraries/foreshadow/provisional/cand-foreshadow-44a68c65cee5.json
迷深实战-本体库/libraries/foreshadow/provisional/cand-foreshadow-45429e51b35c.json
迷深实战-本体库/libraries/foreshadow/provisional/cand-foreshadow-457884abb7e3.json
迷深实战-本体库/libraries/foreshadow/provisional/cand-foreshadow-4658dc77c66e.json
迷深实战-本体库/libraries/foreshadow/provisional/cand-foreshadow-4711237f6a9b.json
迷深实战-本体库/libraries/foreshadow/provisional/cand-foreshadow-4788b48ce3e1.json
迷深实战-本体库/libraries/foreshadow/provisional/cand-foreshadow-4837d5e54709.json
迷深实战-本体库/libraries/foreshadow/provisional/cand-foreshadow-488d82188a3e.json
迷深实战-本体库/libraries/foreshadow/provisional/cand-foreshadow-48a25b34fd76.json
迷深实战-本体库/libraries/foreshadow/provisional/cand-foreshadow-48d391f7741d.json
迷深实战-本体库/libraries/foreshadow/provisional/cand-foreshadow-495c80fbae94.json
迷深实战-本体库/libraries/foreshadow/provisional/cand-foreshadow-49f94f01b6bf.json
迷深实战-本体库/libraries/foreshadow/provisional/cand-foreshadow-4a8b636645e6.json
迷深实战-本体库/libraries/foreshadow/provisional/cand-foreshadow-4abcf761c0b4.json
迷深实战-本体库/libraries/foreshadow/provisional/cand-foreshadow-4b1d53c9d7b3.json
迷深实战-本体库/libraries/foreshadow/provisional/cand-foreshadow-4c1c8c876916.json
迷深实战-本体库/libraries/foreshadow/provisional/cand-foreshadow-4c29cdf89775.json
迷深实战-本体库/libraries/foreshadow/provisional/cand-foreshadow-4d43723b4c31.json
迷深实战-本体库/libraries/foreshadow/provisional/cand-foreshadow-4d6429183a78.json
迷深实战-本体库/libraries/foreshadow/provisional/cand-foreshadow-4d645d201201.json
迷深实战-本体库/libraries/foreshadow/provisional/cand-foreshadow-4d66b496fc7b.json
迷深实战-本体库/libraries/foreshadow/provisional/cand-foreshadow-4df6c78af6e7.json
迷深实战-本体库/libraries/foreshadow/provisional/cand-foreshadow-4ef6133e35d1.json
迷深实战-本体库/libraries/foreshadow/provisional/cand-foreshadow-4f136d5dfcd2.json
迷深实战-本体库/libraries/foreshadow/provisional/cand-foreshadow-4f26d81fb32c.json
迷深实战-本体库/libraries/foreshadow/provisional/cand-foreshadow-4f57df11e3a4.json
迷深实战-本体库/libraries/foreshadow/provisional/cand-foreshadow-4f885013dece.json
迷深实战-本体库/libraries/foreshadow/provisional/cand-foreshadow-507de17c222f.json
迷深实战-本体库/libraries/foreshadow/provisional/cand-foreshadow-507e0fe011ca.json
迷深实战-本体库/libraries/foreshadow/provisional/cand-foreshadow-50a95cc08e3b.json
迷深实战-本体库/libraries/foreshadow/provisional/cand-foreshadow-50e5cb87dce8.json
迷深实战-本体库/libraries/foreshadow/provisional/cand-foreshadow-519579934a0d.json
迷深实战-本体库/libraries/foreshadow/provisional/cand-foreshadow-51b31188973e.json
迷深实战-本体库/libraries/foreshadow/provisional/cand-foreshadow-51bb676f42f5.json
迷深实战-本体库/libraries/foreshadow/provisional/cand-foreshadow-51de093e1bc5.json
迷深实战-本体库/libraries/foreshadow/provisional/cand-foreshadow-51de4bacf82f.json
迷深实战-本体库/libraries/foreshadow/provisional/cand-foreshadow-51de8a5ecb47.json
迷深实战-本体库/libraries/foreshadow/provisional/cand-foreshadow-51f6dff7b354.json
迷深实战-本体库/libraries/foreshadow/provisional/cand-foreshadow-5228c598ea2c.json
迷深实战-本体库/libraries/foreshadow/provisional/cand-foreshadow-52959aab52af.json
迷深实战-本体库/libraries/foreshadow/provisional/cand-foreshadow-5295e4e5b389.json
迷深实战-本体库/libraries/foreshadow/provisional/cand-foreshadow-53541feeb3b4.json
迷深实战-本体库/libraries/foreshadow/provisional/cand-foreshadow-53c9acd61965.json
迷深实战-本体库/libraries/foreshadow/provisional/cand-foreshadow-546a691e6cf4.json
迷深实战-本体库/libraries/foreshadow/provisional/cand-foreshadow-54d74521d38a.json
迷深实战-本体库/libraries/foreshadow/provisional/cand-foreshadow-54e1105c3dc1.json
迷深实战-本体库/libraries/foreshadow/provisional/cand-foreshadow-558919278985.json
迷深实战-本体库/libraries/foreshadow/provisional/cand-foreshadow-55af7c4536df.json
迷深实战-本体库/libraries/foreshadow/provisional/cand-foreshadow-5627c862c481.json
迷深实战-本体库/libraries/foreshadow/provisional/cand-foreshadow-563a6371645e.json
迷深实战-本体库/libraries/foreshadow/provisional/cand-foreshadow-56604aa22166.json
迷深实战-本体库/libraries/foreshadow/provisional/cand-foreshadow-567dfd82d211.json
迷深实战-本体库/libraries/foreshadow/provisional/cand-foreshadow-57279efdf2c3.json
迷深实战-本体库/libraries/foreshadow/provisional/cand-foreshadow-57c20eafdb52.json
迷深实战-本体库/libraries/foreshadow/provisional/cand-foreshadow-58377aa84d32.json
迷深实战-本体库/libraries/foreshadow/provisional/cand-foreshadow-5892d572a201.json
迷深实战-本体库/libraries/foreshadow/provisional/cand-foreshadow-589bd6f29569.json
迷深实战-本体库/libraries/foreshadow/provisional/cand-foreshadow-58f614d6036d.json
迷深实战-本体库/libraries/foreshadow/provisional/cand-foreshadow-5951a3519abb.json
迷深实战-本体库/libraries/foreshadow/provisional/cand-foreshadow-59a425397837.json
迷深实战-本体库/libraries/foreshadow/provisional/cand-foreshadow-5a1589a7e794.json
迷深实战-本体库/libraries/foreshadow/provisional/cand-foreshadow-5a1b83f43cea.json
迷深实战-本体库/libraries/foreshadow/provisional/cand-foreshadow-5a5996e74861.json
迷深实战-本体库/libraries/foreshadow/provisional/cand-foreshadow-5aa7714c6e35.json
迷深实战-本体库/libraries/foreshadow/provisional/cand-foreshadow-5badb1facf14.json
迷深实战-本体库/libraries/foreshadow/provisional/cand-foreshadow-5c9ad152400c.json
迷深实战-本体库/libraries/foreshadow/provisional/cand-foreshadow-5dd424595d24.json
迷深实战-本体库/libraries/foreshadow/provisional/cand-foreshadow-5ddfcff7f244.json
迷深实战-本体库/libraries/foreshadow/provisional/cand-foreshadow-5dec8b606f1d.json
迷深实战-本体库/libraries/foreshadow/provisional/cand-foreshadow-5dfb6347edd7.json
迷深实战-本体库/libraries/foreshadow/provisional/cand-foreshadow-5eb0e88a6877.json
迷深实战-本体库/libraries/foreshadow/provisional/cand-foreshadow-5ecb84637a5e.json
迷深实战-本体库/libraries/foreshadow/provisional/cand-foreshadow-5f43faa4e22a.json
迷深实战-本体库/libraries/foreshadow/provisional/cand-foreshadow-5ffc1922da11.json
迷深实战-本体库/libraries/foreshadow/provisional/cand-foreshadow-609b8717dca2.json
迷深实战-本体库/libraries/foreshadow/provisional/cand-foreshadow-614d01523bd9.json
迷深实战-本体库/libraries/foreshadow/provisional/cand-foreshadow-623cdb118e8f.json
迷深实战-本体库/libraries/foreshadow/provisional/cand-foreshadow-6274509a5479.json
迷深实战-本体库/libraries/foreshadow/provisional/cand-foreshadow-629a9570bd64.json
迷深实战-本体库/libraries/foreshadow/provisional/cand-foreshadow-6371f726ae61.json
迷深实战-本体库/libraries/foreshadow/provisional/cand-foreshadow-647083ad7777.json
迷深实战-本体库/libraries/foreshadow/provisional/cand-foreshadow-65e0530e279e.json
迷深实战-本体库/libraries/foreshadow/provisional/cand-foreshadow-65ea87dfdb37.json
迷深实战-本体库/libraries/foreshadow/provisional/cand-foreshadow-66163ac7a7bd.json
迷深实战-本体库/libraries/foreshadow/provisional/cand-foreshadow-667535b9a7c6.json
迷深实战-本体库/libraries/foreshadow/provisional/cand-foreshadow-67671b57643f.json
迷深实战-本体库/libraries/foreshadow/provisional/cand-foreshadow-684f763faba0.json
迷深实战-本体库/libraries/foreshadow/provisional/cand-foreshadow-68bafcba2171.json
迷深实战-本体库/libraries/foreshadow/provisional/cand-foreshadow-68e2209caf39.json
迷深实战-本体库/libraries/foreshadow/provisional/cand-foreshadow-69847af1bde2.json
迷深实战-本体库/libraries/foreshadow/provisional/cand-foreshadow-69cd1dfe5324.json
迷深实战-本体库/libraries/foreshadow/provisional/cand-foreshadow-6a384bcac2f0.json
迷深实战-本体库/libraries/foreshadow/provisional/cand-foreshadow-6ab719372758.json
迷深实战-本体库/libraries/foreshadow/provisional/cand-foreshadow-6bc32116c23b.json
迷深实战-本体库/libraries/foreshadow/provisional/cand-foreshadow-6c752ced3c7d.json
迷深实战-本体库/libraries/foreshadow/provisional/cand-foreshadow-6c8c04a00558.json
迷深实战-本体库/libraries/foreshadow/provisional/cand-foreshadow-6d20c4cf93ab.json
迷深实战-本体库/libraries/foreshadow/provisional/cand-foreshadow-6d4457de0527.json
迷深实战-本体库/libraries/foreshadow/provisional/cand-foreshadow-6dcc82a16fc2.json
迷深实战-本体库/libraries/foreshadow/provisional/cand-foreshadow-6e660e2ad75f.json
迷深实战-本体库/libraries/foreshadow/provisional/cand-foreshadow-6ef63fb11fa1.json
迷深实战-本体库/libraries/foreshadow/provisional/cand-foreshadow-6f0afa552d10.json
迷深实战-本体库/libraries/foreshadow/provisional/cand-foreshadow-6f4d13ae8348.json
迷深实战-本体库/libraries/foreshadow/provisional/cand-foreshadow-6ff30f8c8a5f.json
迷深实战-本体库/libraries/foreshadow/provisional/cand-foreshadow-6ff382098c8a.json
迷深实战-本体库/libraries/foreshadow/provisional/cand-foreshadow-71f5dfd782d7.json
迷深实战-本体库/libraries/foreshadow/provisional/cand-foreshadow-7277a937b4f1.json
迷深实战-本体库/libraries/foreshadow/provisional/cand-foreshadow-729077bf025f.json
迷深实战-本体库/libraries/foreshadow/provisional/cand-foreshadow-729c3f57f1ed.json
迷深实战-本体库/libraries/foreshadow/provisional/cand-foreshadow-729ce5aba081.json
迷深实战-本体库/libraries/foreshadow/provisional/cand-foreshadow-72f17548e2ab.json
迷深实战-本体库/libraries/foreshadow/provisional/cand-foreshadow-732da650daa8.json
迷深实战-本体库/libraries/foreshadow/provisional/cand-foreshadow-74d4218adff8.json
迷深实战-本体库/libraries/foreshadow/provisional/cand-foreshadow-75604b649bb4.json
迷深实战-本体库/libraries/foreshadow/provisional/cand-foreshadow-7590be6664f1.json
迷深实战-本体库/libraries/foreshadow/provisional/cand-foreshadow-764752e27f96.json
迷深实战-本体库/libraries/foreshadow/provisional/cand-foreshadow-765499f3ae24.json
迷深实战-本体库/libraries/foreshadow/provisional/cand-foreshadow-7807beb8bc50.json
迷深实战-本体库/libraries/foreshadow/provisional/cand-foreshadow-785ca2786fa4.json
迷深实战-本体库/libraries/foreshadow/provisional/cand-foreshadow-7931ca15fbc4.json
迷深实战-本体库/libraries/foreshadow/provisional/cand-foreshadow-793292343454.json
迷深实战-本体库/libraries/foreshadow/provisional/cand-foreshadow-79bf76346b63.json
迷深实战-本体库/libraries/foreshadow/provisional/cand-foreshadow-79bfd115fd5a.json
迷深实战-本体库/libraries/foreshadow/provisional/cand-foreshadow-7a5f4b7772c7.json
迷深实战-本体库/libraries/foreshadow/provisional/cand-foreshadow-7a9ec7e41ff7.json
迷深实战-本体库/libraries/foreshadow/provisional/cand-foreshadow-7acf0f59e343.json
迷深实战-本体库/libraries/foreshadow/provisional/cand-foreshadow-7af31fd541f5.json
迷深实战-本体库/libraries/foreshadow/provisional/cand-foreshadow-7b693b2fcb53.json
迷深实战-本体库/libraries/foreshadow/provisional/cand-foreshadow-7bd390b6fc41.json
迷深实战-本体库/libraries/foreshadow/provisional/cand-foreshadow-7c2e0acf6bd9.json
迷深实战-本体库/libraries/foreshadow/provisional/cand-foreshadow-7c7ccc358fbb.json
迷深实战-本体库/libraries/foreshadow/provisional/cand-foreshadow-7ca0af24326f.json
迷深实战-本体库/libraries/foreshadow/provisional/cand-foreshadow-7cc851a0cdae.json
迷深实战-本体库/libraries/foreshadow/provisional/cand-foreshadow-7d1de4357a73.json
迷深实战-本体库/libraries/foreshadow/provisional/cand-foreshadow-7dee42b3976e.json
迷深实战-本体库/libraries/foreshadow/provisional/cand-foreshadow-7e7c9af76544.json
迷深实战-本体库/libraries/foreshadow/provisional/cand-foreshadow-7eee893ea2a3.json
迷深实战-本体库/libraries/foreshadow/provisional/cand-foreshadow-7ef44a703b5c.json
迷深实战-本体库/libraries/foreshadow/provisional/cand-foreshadow-7fd2709c1524.json
迷深实战-本体库/libraries/foreshadow/provisional/cand-foreshadow-80acc392570d.json
迷深实战-本体库/libraries/foreshadow/provisional/cand-foreshadow-8183441d77ee.json
迷深实战-本体库/libraries/foreshadow/provisional/cand-foreshadow-819339921544.json
迷深实战-本体库/libraries/foreshadow/provisional/cand-foreshadow-83b9e580d590.json
迷深实战-本体库/libraries/foreshadow/provisional/cand-foreshadow-83f05b875b26.json
迷深实战-本体库/libraries/foreshadow/provisional/cand-foreshadow-842a2e9d45b7.json
迷深实战-本体库/libraries/foreshadow/provisional/cand-foreshadow-844a9c96b244.json
迷深实战-本体库/libraries/foreshadow/provisional/cand-foreshadow-84cae409a0f6.json
迷深实战-本体库/libraries/foreshadow/provisional/cand-foreshadow-859c3a045784.json
迷深实战-本体库/libraries/foreshadow/provisional/cand-foreshadow-85aefb7816eb.json
迷深实战-本体库/libraries/foreshadow/provisional/cand-foreshadow-85de0db9949b.json
迷深实战-本体库/libraries/foreshadow/provisional/cand-foreshadow-8653f31c92cb.json
迷深实战-本体库/libraries/foreshadow/provisional/cand-foreshadow-866e6d42af49.json
迷深实战-本体库/libraries/foreshadow/provisional/cand-foreshadow-86b9042a01fd.json
迷深实战-本体库/libraries/foreshadow/provisional/cand-foreshadow-881346bf8b6e.json
迷深实战-本体库/libraries/foreshadow/provisional/cand-foreshadow-882d792b58cd.json
迷深实战-本体库/libraries/foreshadow/provisional/cand-foreshadow-883cb74ca466.json
迷深实战-本体库/libraries/foreshadow/provisional/cand-foreshadow-88815dd51486.json
迷深实战-本体库/libraries/foreshadow/provisional/cand-foreshadow-8a02b9c35ba9.json
迷深实战-本体库/libraries/foreshadow/provisional/cand-foreshadow-8a13138bd99a.json
迷深实战-本体库/libraries/foreshadow/provisional/cand-foreshadow-8ac3dcf7115e.json
迷深实战-本体库/libraries/foreshadow/provisional/cand-foreshadow-8b155cc4676c.json
迷深实战-本体库/libraries/foreshadow/provisional/cand-foreshadow-8bf0bd54f3e7.json
迷深实战-本体库/libraries/foreshadow/provisional/cand-foreshadow-8c231326948d.json
迷深实战-本体库/libraries/foreshadow/provisional/cand-foreshadow-8ca17aedfda7.json
迷深实战-本体库/libraries/foreshadow/provisional/cand-foreshadow-8cce1240ec9e.json
迷深实战-本体库/libraries/foreshadow/provisional/cand-foreshadow-8ddee822ed27.json
迷深实战-本体库/libraries/foreshadow/provisional/cand-foreshadow-8e8052aac925.json
迷深实战-本体库/libraries/foreshadow/provisional/cand-foreshadow-8eb333883549.json
迷深实战-本体库/libraries/foreshadow/provisional/cand-foreshadow-8fe62e8aa34f.json
迷深实战-本体库/libraries/foreshadow/provisional/cand-foreshadow-913a51cdd9f9.json
迷深实战-本体库/libraries/foreshadow/provisional/cand-foreshadow-913e17c99d82.json
迷深实战-本体库/libraries/foreshadow/provisional/cand-foreshadow-91577abffe81.json
迷深实战-本体库/libraries/foreshadow/provisional/cand-foreshadow-9233c1d07249.json
迷深实战-本体库/libraries/foreshadow/provisional/cand-foreshadow-92ff22970b61.json
迷深实战-本体库/libraries/foreshadow/provisional/cand-foreshadow-943ed6f3a88c.json
迷深实战-本体库/libraries/foreshadow/provisional/cand-foreshadow-94ee5e018021.json
迷深实战-本体库/libraries/foreshadow/provisional/cand-foreshadow-95152586cb92.json
迷深实战-本体库/libraries/foreshadow/provisional/cand-foreshadow-951a4481aac9.json
迷深实战-本体库/libraries/foreshadow/provisional/cand-foreshadow-951e88818c15.json
迷深实战-本体库/libraries/foreshadow/provisional/cand-foreshadow-953f66bc1ba1.json
迷深实战-本体库/libraries/foreshadow/provisional/cand-foreshadow-95613d4999a5.json
迷深实战-本体库/libraries/foreshadow/provisional/cand-foreshadow-973b5cb3f31b.json
迷深实战-本体库/libraries/foreshadow/provisional/cand-foreshadow-9755d0049be9.json
迷深实战-本体库/libraries/foreshadow/provisional/cand-foreshadow-9804a3b57c8c.json
迷深实战-本体库/libraries/foreshadow/provisional/cand-foreshadow-9805da83605f.json
迷深实战-本体库/libraries/foreshadow/provisional/cand-foreshadow-986068214a0d.json
迷深实战-本体库/libraries/foreshadow/provisional/cand-foreshadow-98b823561d88.json
迷深实战-本体库/libraries/foreshadow/provisional/cand-foreshadow-98fc823e2bad.json
迷深实战-本体库/libraries/foreshadow/provisional/cand-foreshadow-9a23772ec1b8.json
迷深实战-本体库/libraries/foreshadow/provisional/cand-foreshadow-9ac6e3913aff.json
迷深实战-本体库/libraries/foreshadow/provisional/cand-foreshadow-9ae88ada289c.json
迷深实战-本体库/libraries/foreshadow/provisional/cand-foreshadow-9b55b9086488.json
迷深实战-本体库/libraries/foreshadow/provisional/cand-foreshadow-9ba06a55ca63.json
迷深实战-本体库/libraries/foreshadow/provisional/cand-foreshadow-9ce4cd7a30d2.json
迷深实战-本体库/libraries/foreshadow/provisional/cand-foreshadow-9ceffd094b03.json
迷深实战-本体库/libraries/foreshadow/provisional/cand-foreshadow-9d5053924e98.json
迷深实战-本体库/libraries/foreshadow/provisional/cand-foreshadow-9d5caa88fbe9.json
迷深实战-本体库/libraries/foreshadow/provisional/cand-foreshadow-9d803659b366.json
迷深实战-本体库/libraries/foreshadow/provisional/cand-foreshadow-9dcc8cde235b.json
迷深实战-本体库/libraries/foreshadow/provisional/cand-foreshadow-9ef178900b73.json
迷深实战-本体库/libraries/foreshadow/provisional/cand-foreshadow-9f61027cdf72.json
迷深实战-本体库/libraries/foreshadow/provisional/cand-foreshadow-9f6cf0c4f3b2.json
迷深实战-本体库/libraries/foreshadow/provisional/cand-foreshadow-9f72002c83c0.json
迷深实战-本体库/libraries/foreshadow/provisional/cand-foreshadow-9f8a7a0626cd.json
迷深实战-本体库/libraries/foreshadow/provisional/cand-foreshadow-9fab630e8ac7.json
迷深实战-本体库/libraries/foreshadow/provisional/cand-foreshadow-9fd7da2fbc8c.json
迷深实战-本体库/libraries/foreshadow/provisional/cand-foreshadow-a0b5894c020a.json
迷深实战-本体库/libraries/foreshadow/provisional/cand-foreshadow-a14b06971fd8.json
迷深实战-本体库/libraries/foreshadow/provisional/cand-foreshadow-a1a866f244b1.json
迷深实战-本体库/libraries/foreshadow/provisional/cand-foreshadow-a20561b4a97a.json
迷深实战-本体库/libraries/foreshadow/provisional/cand-foreshadow-a2ac54cba7b8.json
迷深实战-本体库/libraries/foreshadow/provisional/cand-foreshadow-a2b12cef49b0.json
迷深实战-本体库/libraries/foreshadow/provisional/cand-foreshadow-a2dc8c24dbe0.json
迷深实战-本体库/libraries/foreshadow/provisional/cand-foreshadow-a2fed2780009.json
迷深实战-本体库/libraries/foreshadow/provisional/cand-foreshadow-a3118ed466bf.json
迷深实战-本体库/libraries/foreshadow/provisional/cand-foreshadow-a35d3a9f9eb2.json
迷深实战-本体库/libraries/foreshadow/provisional/cand-foreshadow-a362cfb66645.json
迷深实战-本体库/libraries/foreshadow/provisional/cand-foreshadow-a3d90de0058e.json
迷深实战-本体库/libraries/foreshadow/provisional/cand-foreshadow-a3fc6d5ceec3.json
迷深实战-本体库/libraries/foreshadow/provisional/cand-foreshadow-a42b31b00a6e.json
迷深实战-本体库/libraries/foreshadow/provisional/cand-foreshadow-a457c5592f74.json
迷深实战-本体库/libraries/foreshadow/provisional/cand-foreshadow-a474bc609ab5.json
迷深实战-本体库/libraries/foreshadow/provisional/cand-foreshadow-a484c2f6fb37.json
迷深实战-本体库/libraries/foreshadow/provisional/cand-foreshadow-a532e373be00.json
迷深实战-本体库/libraries/foreshadow/provisional/cand-foreshadow-a5462924b228.json
迷深实战-本体库/libraries/foreshadow/provisional/cand-foreshadow-a549d45cf118.json
迷深实战-本体库/libraries/foreshadow/provisional/cand-foreshadow-a8ad425f5ef1.json
迷深实战-本体库/libraries/foreshadow/provisional/cand-foreshadow-ab57439a743c.json
迷深实战-本体库/libraries/foreshadow/provisional/cand-foreshadow-ac3809ac103b.json
迷深实战-本体库/libraries/foreshadow/provisional/cand-foreshadow-acee48a4da34.json
迷深实战-本体库/libraries/foreshadow/provisional/cand-foreshadow-ae790696621e.json
迷深实战-本体库/libraries/foreshadow/provisional/cand-foreshadow-aeb6ab61c81e.json
迷深实战-本体库/libraries/foreshadow/provisional/cand-foreshadow-af7da79161e7.json
迷深实战-本体库/libraries/foreshadow/provisional/cand-foreshadow-af94c7b8c77f.json
迷深实战-本体库/libraries/foreshadow/provisional/cand-foreshadow-afee206321a0.json
迷深实战-本体库/libraries/foreshadow/provisional/cand-foreshadow-b074765a2948.json
迷深实战-本体库/libraries/foreshadow/provisional/cand-foreshadow-b08445d5289d.json
迷深实战-本体库/libraries/foreshadow/provisional/cand-foreshadow-b0b040d41a02.json
迷深实战-本体库/libraries/foreshadow/provisional/cand-foreshadow-b0f66fcd7551.json
迷深实战-本体库/libraries/foreshadow/provisional/cand-foreshadow-b139220939ed.json
迷深实战-本体库/libraries/foreshadow/provisional/cand-foreshadow-b21db6301828.json
迷深实战-本体库/libraries/foreshadow/provisional/cand-foreshadow-b28c1a74ca4d.json
迷深实战-本体库/libraries/foreshadow/provisional/cand-foreshadow-b338c9c01065.json
迷深实战-本体库/libraries/foreshadow/provisional/cand-foreshadow-b523200f8dae.json
迷深实战-本体库/libraries/foreshadow/provisional/cand-foreshadow-b52aa1df517a.json
迷深实战-本体库/libraries/foreshadow/provisional/cand-foreshadow-b56bf1adb683.json
迷深实战-本体库/libraries/foreshadow/provisional/cand-foreshadow-b58604a74bea.json
迷深实战-本体库/libraries/foreshadow/provisional/cand-foreshadow-b6dbc1d97633.json
迷深实战-本体库/libraries/foreshadow/provisional/cand-foreshadow-b6edc9efe145.json
迷深实战-本体库/libraries/foreshadow/provisional/cand-foreshadow-b78d38145e22.json
迷深实战-本体库/libraries/foreshadow/provisional/cand-foreshadow-b78e5f85dd35.json
迷深实战-本体库/libraries/foreshadow/provisional/cand-foreshadow-b8c1829ee8fb.json
迷深实战-本体库/libraries/foreshadow/provisional/cand-foreshadow-b8c827b64bc1.json
迷深实战-本体库/libraries/foreshadow/provisional/cand-foreshadow-b8ce5e81fe94.json
迷深实战-本体库/libraries/foreshadow/provisional/cand-foreshadow-b8da73da04ba.json
迷深实战-本体库/libraries/foreshadow/provisional/cand-foreshadow-b91f81039101.json
迷深实战-本体库/libraries/foreshadow/provisional/cand-foreshadow-b973379c8219.json
迷深实战-本体库/libraries/foreshadow/provisional/cand-foreshadow-ba0f34d1b796.json
迷深实战-本体库/libraries/foreshadow/provisional/cand-foreshadow-ba5bcaff0f26.json
迷深实战-本体库/libraries/foreshadow/provisional/cand-foreshadow-ba7b9972847f.json
迷深实战-本体库/libraries/foreshadow/provisional/cand-foreshadow-bacb3b03b68e.json
迷深实战-本体库/libraries/foreshadow/provisional/cand-foreshadow-bb4770145625.json
迷深实战-本体库/libraries/foreshadow/provisional/cand-foreshadow-bb8c8d31203d.json
迷深实战-本体库/libraries/foreshadow/provisional/cand-foreshadow-bbeb7fa03a34.json
迷深实战-本体库/libraries/foreshadow/provisional/cand-foreshadow-bc04a5e9f3cb.json
迷深实战-本体库/libraries/foreshadow/provisional/cand-foreshadow-bc4331e838bf.json
迷深实战-本体库/libraries/foreshadow/provisional/cand-foreshadow-bcdd35c16baf.json
迷深实战-本体库/libraries/foreshadow/provisional/cand-foreshadow-bd642475bb8b.json
迷深实战-本体库/libraries/foreshadow/provisional/cand-foreshadow-bd7adb07c8d0.json
迷深实战-本体库/libraries/foreshadow/provisional/cand-foreshadow-be74babacfd8.json
迷深实战-本体库/libraries/foreshadow/provisional/cand-foreshadow-bec534746e07.json
迷深实战-本体库/libraries/foreshadow/provisional/cand-foreshadow-bed2fb75e204.json
迷深实战-本体库/libraries/foreshadow/provisional/cand-foreshadow-beeb40f27696.json
迷深实战-本体库/libraries/foreshadow/provisional/cand-foreshadow-bf511845b70c.json
迷深实战-本体库/libraries/foreshadow/provisional/cand-foreshadow-c07fc88979e7.json
迷深实战-本体库/libraries/foreshadow/provisional/cand-foreshadow-c09d387265a9.json
迷深实战-本体库/libraries/foreshadow/provisional/cand-foreshadow-c0bfba1e57a5.json
迷深实战-本体库/libraries/foreshadow/provisional/cand-foreshadow-c11fc2f027f2.json
迷深实战-本体库/libraries/foreshadow/provisional/cand-foreshadow-c14ab59928d7.json
迷深实战-本体库/libraries/foreshadow/provisional/cand-foreshadow-c1a4ef0e9e7a.json
迷深实战-本体库/libraries/foreshadow/provisional/cand-foreshadow-c2aab5944c0c.json
迷深实战-本体库/libraries/foreshadow/provisional/cand-foreshadow-c2ca3f8414f5.json
迷深实战-本体库/libraries/foreshadow/provisional/cand-foreshadow-c3703275a68b.json
迷深实战-本体库/libraries/foreshadow/provisional/cand-foreshadow-c3786055b9d4.json
迷深实战-本体库/libraries/foreshadow/provisional/cand-foreshadow-c44f48ffd988.json
迷深实战-本体库/libraries/foreshadow/provisional/cand-foreshadow-c4a09fb6fd05.json
迷深实战-本体库/libraries/foreshadow/provisional/cand-foreshadow-c4b0463fa460.json
迷深实战-本体库/libraries/foreshadow/provisional/cand-foreshadow-c4d7b5ff9963.json
迷深实战-本体库/libraries/foreshadow/provisional/cand-foreshadow-c56ecf6727a2.json
迷深实战-本体库/libraries/foreshadow/provisional/cand-foreshadow-c64a1a827849.json
迷深实战-本体库/libraries/foreshadow/provisional/cand-foreshadow-c65b74502970.json
迷深实战-本体库/libraries/foreshadow/provisional/cand-foreshadow-c6c9dcaf84dd.json
迷深实战-本体库/libraries/foreshadow/provisional/cand-foreshadow-c721cbfaf98f.json
迷深实战-本体库/libraries/foreshadow/provisional/cand-foreshadow-c75ec6cfed97.json
迷深实战-本体库/libraries/foreshadow/provisional/cand-foreshadow-c7d1bd373bc2.json
迷深实战-本体库/libraries/foreshadow/provisional/cand-foreshadow-c880741fcb58.json
迷深实战-本体库/libraries/foreshadow/provisional/cand-foreshadow-c88fd4eede50.json
迷深实战-本体库/libraries/foreshadow/provisional/cand-foreshadow-c8e68d4261f0.json
迷深实战-本体库/libraries/foreshadow/provisional/cand-foreshadow-c90ce2051dba.json
迷深实战-本体库/libraries/foreshadow/provisional/cand-foreshadow-c9240b0382ce.json
迷深实战-本体库/libraries/foreshadow/provisional/cand-foreshadow-c93a7b617643.json
迷深实战-本体库/libraries/foreshadow/provisional/cand-foreshadow-c955ee88e111.json
迷深实战-本体库/libraries/foreshadow/provisional/cand-foreshadow-c9ce4f9f0384.json
迷深实战-本体库/libraries/foreshadow/provisional/cand-foreshadow-ca46dd738801.json
迷深实战-本体库/libraries/foreshadow/provisional/cand-foreshadow-ca874942b956.json
迷深实战-本体库/libraries/foreshadow/provisional/cand-foreshadow-cbd231418f7b.json
迷深实战-本体库/libraries/foreshadow/provisional/cand-foreshadow-cc700eb70491.json
迷深实战-本体库/libraries/foreshadow/provisional/cand-foreshadow-ccaca730ee14.json
迷深实战-本体库/libraries/foreshadow/provisional/cand-foreshadow-ccc5e9c46dca.json
迷深实战-本体库/libraries/foreshadow/provisional/cand-foreshadow-cdae79bc4301.json
迷深实战-本体库/libraries/foreshadow/provisional/cand-foreshadow-cdeb9109b1e8.json
迷深实战-本体库/libraries/foreshadow/provisional/cand-foreshadow-cdf6362902ba.json
迷深实战-本体库/libraries/foreshadow/provisional/cand-foreshadow-cecb804f548c.json
迷深实战-本体库/libraries/foreshadow/provisional/cand-foreshadow-cf556db33f18.json
迷深实战-本体库/libraries/foreshadow/provisional/cand-foreshadow-cf562fb26e7f.json
迷深实战-本体库/libraries/foreshadow/provisional/cand-foreshadow-cf93339bf3f2.json
迷深实战-本体库/libraries/foreshadow/provisional/cand-foreshadow-cf9dfadf774f.json
迷深实战-本体库/libraries/foreshadow/provisional/cand-foreshadow-d070755a07c9.json
迷深实战-本体库/libraries/foreshadow/provisional/cand-foreshadow-d0a3044ada96.json
迷深实战-本体库/libraries/foreshadow/provisional/cand-foreshadow-d123bdc23382.json
迷深实战-本体库/libraries/foreshadow/provisional/cand-foreshadow-d1e97ea2b659.json
迷深实战-本体库/libraries/foreshadow/provisional/cand-foreshadow-d274260d14a0.json
迷深实战-本体库/libraries/foreshadow/provisional/cand-foreshadow-d2bf10faeb59.json
迷深实战-本体库/libraries/foreshadow/provisional/cand-foreshadow-d48745f439c7.json
迷深实战-本体库/libraries/foreshadow/provisional/cand-foreshadow-d4d8b0379e2b.json
迷深实战-本体库/libraries/foreshadow/provisional/cand-foreshadow-d5a21a927c8d.json
迷深实战-本体库/libraries/foreshadow/provisional/cand-foreshadow-d609c4a0ddc0.json
迷深实战-本体库/libraries/foreshadow/provisional/cand-foreshadow-d6900f9ac0d7.json
迷深实战-本体库/libraries/foreshadow/provisional/cand-foreshadow-d694c323aa16.json
迷深实战-本体库/libraries/foreshadow/provisional/cand-foreshadow-d69a697feac4.json
迷深实战-本体库/libraries/foreshadow/provisional/cand-foreshadow-d6afc5d6ab60.json
迷深实战-本体库/libraries/foreshadow/provisional/cand-foreshadow-d89dbfd58745.json
迷深实战-本体库/libraries/foreshadow/provisional/cand-foreshadow-d8bb64b48883.json
迷深实战-本体库/libraries/foreshadow/provisional/cand-foreshadow-d976dae5bfb4.json
迷深实战-本体库/libraries/foreshadow/provisional/cand-foreshadow-d97e7c38c505.json
迷深实战-本体库/libraries/foreshadow/provisional/cand-foreshadow-d99d6f6aac16.json
迷深实战-本体库/libraries/foreshadow/provisional/cand-foreshadow-da4f55df47dc.json
迷深实战-本体库/libraries/foreshadow/provisional/cand-foreshadow-db1adcadca7b.json
迷深实战-本体库/libraries/foreshadow/provisional/cand-foreshadow-dc3e7813f16b.json
迷深实战-本体库/libraries/foreshadow/provisional/cand-foreshadow-dc668496308c.json
迷深实战-本体库/libraries/foreshadow/provisional/cand-foreshadow-dc7d70f80ca7.json
迷深实战-本体库/libraries/foreshadow/provisional/cand-foreshadow-dc8a618350b8.json
迷深实战-本体库/libraries/foreshadow/provisional/cand-foreshadow-dca915b2072c.json
迷深实战-本体库/libraries/foreshadow/provisional/cand-foreshadow-dd2a5ab39d74.json
迷深实战-本体库/libraries/foreshadow/provisional/cand-foreshadow-dd537f92e3ef.json
迷深实战-本体库/libraries/foreshadow/provisional/cand-foreshadow-dd89a5cefe9d.json
迷深实战-本体库/libraries/foreshadow/provisional/cand-foreshadow-ddc2ab321343.json
迷深实战-本体库/libraries/foreshadow/provisional/cand-foreshadow-ddff0ccdce46.json
迷深实战-本体库/libraries/foreshadow/provisional/cand-foreshadow-de161fd33b63.json
迷深实战-本体库/libraries/foreshadow/provisional/cand-foreshadow-de1d70081cd5.json
迷深实战-本体库/libraries/foreshadow/provisional/cand-foreshadow-dee96c02483d.json
迷深实战-本体库/libraries/foreshadow/provisional/cand-foreshadow-df12a895ef86.json
迷深实战-本体库/libraries/foreshadow/provisional/cand-foreshadow-dff8b3b9dfeb.json
迷深实战-本体库/libraries/foreshadow/provisional/cand-foreshadow-dff9e24c77ff.json
迷深实战-本体库/libraries/foreshadow/provisional/cand-foreshadow-e02dc1bbbd44.json
迷深实战-本体库/libraries/foreshadow/provisional/cand-foreshadow-e042ebcbb1a9.json
迷深实战-本体库/libraries/foreshadow/provisional/cand-foreshadow-e215182e62d3.json
迷深实战-本体库/libraries/foreshadow/provisional/cand-foreshadow-e264a0dc56e1.json
迷深实战-本体库/libraries/foreshadow/provisional/cand-foreshadow-e36918c7c691.json
迷深实战-本体库/libraries/foreshadow/provisional/cand-foreshadow-e381d6f8265e.json
迷深实战-本体库/libraries/foreshadow/provisional/cand-foreshadow-e40ca2f7a029.json
迷深实战-本体库/libraries/foreshadow/provisional/cand-foreshadow-e57a7a1dd38c.json
迷深实战-本体库/libraries/foreshadow/provisional/cand-foreshadow-e58984ce25c7.json
迷深实战-本体库/libraries/foreshadow/provisional/cand-foreshadow-e5d12816740d.json
迷深实战-本体库/libraries/foreshadow/provisional/cand-foreshadow-e5e5e233e276.json
迷深实战-本体库/libraries/foreshadow/provisional/cand-foreshadow-e71aec40af9a.json
迷深实战-本体库/libraries/foreshadow/provisional/cand-foreshadow-e74b5bff1b87.json
迷深实战-本体库/libraries/foreshadow/provisional/cand-foreshadow-e7bc74d4ca8f.json
迷深实战-本体库/libraries/foreshadow/provisional/cand-foreshadow-e819b265f3a4.json
迷深实战-本体库/libraries/foreshadow/provisional/cand-foreshadow-e8c2c8a1f761.json
迷深实战-本体库/libraries/foreshadow/provisional/cand-foreshadow-e8c4fb530bbc.json
迷深实战-本体库/libraries/foreshadow/provisional/cand-foreshadow-e9f213725f19.json
迷深实战-本体库/libraries/foreshadow/provisional/cand-foreshadow-ea832fab4218.json
迷深实战-本体库/libraries/foreshadow/provisional/cand-foreshadow-eab674b9f7e8.json
迷深实战-本体库/libraries/foreshadow/provisional/cand-foreshadow-eaf6f8c29057.json
迷深实战-本体库/libraries/foreshadow/provisional/cand-foreshadow-eb43dcfe9299.json
迷深实战-本体库/libraries/foreshadow/provisional/cand-foreshadow-eb85d939b9ec.json
迷深实战-本体库/libraries/foreshadow/provisional/cand-foreshadow-ec2defe6fbcb.json
迷深实战-本体库/libraries/foreshadow/provisional/cand-foreshadow-ec32934e5e62.json
迷深实战-本体库/libraries/foreshadow/provisional/cand-foreshadow-ec74200bca40.json
迷深实战-本体库/libraries/foreshadow/provisional/cand-foreshadow-ec8e274abb2e.json
迷深实战-本体库/libraries/foreshadow/provisional/cand-foreshadow-ecae5971c6bf.json
迷深实战-本体库/libraries/foreshadow/provisional/cand-foreshadow-ecd0e112597e.json
迷深实战-本体库/libraries/foreshadow/provisional/cand-foreshadow-edb525d2a821.json
迷深实战-本体库/libraries/foreshadow/provisional/cand-foreshadow-eebaca1b4174.json
迷深实战-本体库/libraries/foreshadow/provisional/cand-foreshadow-f03f67d50ce7.json
迷深实战-本体库/libraries/foreshadow/provisional/cand-foreshadow-f2359641337e.json
迷深实战-本体库/libraries/foreshadow/provisional/cand-foreshadow-f2de08fb8757.json
迷深实战-本体库/libraries/foreshadow/provisional/cand-foreshadow-f2eaa3f951b0.json
迷深实战-本体库/libraries/foreshadow/provisional/cand-foreshadow-f354ed9106bc.json
迷深实战-本体库/libraries/foreshadow/provisional/cand-foreshadow-f3a029823346.json
迷深实战-本体库/libraries/foreshadow/provisional/cand-foreshadow-f3f0dbe6136a.json
迷深实战-本体库/libraries/foreshadow/provisional/cand-foreshadow-f48d7874af22.json
迷深实战-本体库/libraries/foreshadow/provisional/cand-foreshadow-f4c136dcd07a.json
迷深实战-本体库/libraries/foreshadow/provisional/cand-foreshadow-f50790a236a5.json
迷深实战-本体库/libraries/foreshadow/provisional/cand-foreshadow-f58e39394884.json
迷深实战-本体库/libraries/foreshadow/provisional/cand-foreshadow-f64a74fd6424.json
迷深实战-本体库/libraries/foreshadow/provisional/cand-foreshadow-f6639e15e011.json
迷深实战-本体库/libraries/foreshadow/provisional/cand-foreshadow-f7f1c02dccfe.json
迷深实战-本体库/libraries/foreshadow/provisional/cand-foreshadow-f8267e642ab8.json
迷深实战-本体库/libraries/foreshadow/provisional/cand-foreshadow-f9b0da610923.json
迷深实战-本体库/libraries/foreshadow/provisional/cand-foreshadow-f9e7f832ae80.json
迷深实战-本体库/libraries/foreshadow/provisional/cand-foreshadow-fadf05adca80.json
迷深实战-本体库/libraries/foreshadow/provisional/cand-foreshadow-fb15ecd28e24.json
迷深实战-本体库/libraries/foreshadow/provisional/cand-foreshadow-fb46675b41a9.json
迷深实战-本体库/libraries/foreshadow/provisional/cand-foreshadow-fbe730ceb4f2.json
迷深实战-本体库/libraries/foreshadow/provisional/cand-foreshadow-fc42adf3061b.json
迷深实战-本体库/libraries/foreshadow/provisional/cand-foreshadow-fc4681e75de1.json
迷深实战-本体库/libraries/foreshadow/provisional/cand-foreshadow-fcca911009a1.json
迷深实战-本体库/libraries/foreshadow/provisional/cand-foreshadow-fce5b0765feb.json
迷深实战-本体库/libraries/foreshadow/provisional/cand-foreshadow-fcfd75183027.json
迷深实战-本体库/libraries/foreshadow/provisional/cand-foreshadow-fd8342cbdd7c.json
迷深实战-本体库/libraries/foreshadow/provisional/cand-foreshadow-fd9c29636a45.json
迷深实战-本体库/libraries/foreshadow/provisional/cand-foreshadow-feb841ec3ec0.json
迷深实战-本体库/libraries/foreshadow/provisional/cand-foreshadow-ff1ab7b0fde5.json
迷深实战-本体库/libraries/foreshadow/provisional/cand-foreshadow-ff6991f40071.json
迷深实战-本体库/libraries/foreshadow/provisional/cand-foreshadow-ff8947e8737d.json
迷深实战-本体库/libraries/foreshadow/provisional/cand-foreshadow-ffc6d8565ee3.json
迷深实战-本体库/libraries/relation/provisional/cand-relation-001df93e41e1.json
迷深实战-本体库/libraries/relation/provisional/cand-relation-002c9ac92b7a.json
迷深实战-本体库/libraries/relation/provisional/cand-relation-0052db12f022.json
迷深实战-本体库/libraries/relation/provisional/cand-relation-006696b53149.json
迷深实战-本体库/libraries/relation/provisional/cand-relation-008688463239.json
迷深实战-本体库/libraries/relation/provisional/cand-relation-00b77974cb8f.json
迷深实战-本体库/libraries/relation/provisional/cand-relation-00d5ab873bc0.json
迷深实战-本体库/libraries/relation/provisional/cand-relation-011e1b87c65f.json
迷深实战-本体库/libraries/relation/provisional/cand-relation-012b50315b1b.json
迷深实战-本体库/libraries/relation/provisional/cand-relation-012c24f52fb4.json
迷深实战-本体库/libraries/relation/provisional/cand-relation-012c9d1a0e7f.json
迷深实战-本体库/libraries/relation/provisional/cand-relation-0150089ec384.json
迷深实战-本体库/libraries/relation/provisional/cand-relation-0156bd7256c7.json
迷深实战-本体库/libraries/relation/provisional/cand-relation-0184db9659a1.json
迷深实战-本体库/libraries/relation/provisional/cand-relation-01c25b819128.json
迷深实战-本体库/libraries/relation/provisional/cand-relation-01d30f3f2d2c.json
迷深实战-本体库/libraries/relation/provisional/cand-relation-01d9ec6cdb3d.json
迷深实战-本体库/libraries/relation/provisional/cand-relation-0218ef67244b.json
迷深实战-本体库/libraries/relation/provisional/cand-relation-0266a3ba6106.json
迷深实战-本体库/libraries/relation/provisional/cand-relation-02ccb10b7cd7-m2.json
迷深实战-本体库/libraries/relation/provisional/cand-relation-02ccb10b7cd7.json
迷深实战-本体库/libraries/relation/provisional/cand-relation-02ce17bcbfc3.json
迷深实战-本体库/libraries/relation/provisional/cand-relation-037800970dd9.json
迷深实战-本体库/libraries/relation/provisional/cand-relation-03809580cc2f.json
迷深实战-本体库/libraries/relation/provisional/cand-relation-039883c67070.json
迷深实战-本体库/libraries/relation/provisional/cand-relation-03dc1889ba5c.json
迷深实战-本体库/libraries/relation/provisional/cand-relation-042a947aff93.json
迷深实战-本体库/libraries/relation/provisional/cand-relation-043acac27a8b.json
迷深实战-本体库/libraries/relation/provisional/cand-relation-044fd5a5fd79.json
迷深实战-本体库/libraries/relation/provisional/cand-relation-04a8c9c16586.json
迷深实战-本体库/libraries/relation/provisional/cand-relation-0571190109bb.json
迷深实战-本体库/libraries/relation/provisional/cand-relation-057ab55b0e27.json
迷深实战-本体库/libraries/relation/provisional/cand-relation-05dfd5ab973e.json
迷深实战-本体库/libraries/relation/provisional/cand-relation-062f81edd127.json
迷深实战-本体库/libraries/relation/provisional/cand-relation-06510b16aeb9.json
迷深实战-本体库/libraries/relation/provisional/cand-relation-0663ccefcda6.json
迷深实战-本体库/libraries/relation/provisional/cand-relation-066809710e48.json
迷深实战-本体库/libraries/relation/provisional/cand-relation-066b7628091d.json
迷深实战-本体库/libraries/relation/provisional/cand-relation-069a501a8089.json
迷深实战-本体库/libraries/relation/provisional/cand-relation-069dd2fa90d7.json
迷深实战-本体库/libraries/relation/provisional/cand-relation-069ed89400f7.json
迷深实战-本体库/libraries/relation/provisional/cand-relation-06b81ad11def-m.json
迷深实战-本体库/libraries/relation/provisional/cand-relation-06b81ad11def.json
迷深实战-本体库/libraries/relation/provisional/cand-relation-06bba372bb7c.json
迷深实战-本体库/libraries/relation/provisional/cand-relation-06c1641bf9ab.json
迷深实战-本体库/libraries/relation/provisional/cand-relation-075af264152b.json
迷深实战-本体库/libraries/relation/provisional/cand-relation-07a662067ac9.json
迷深实战-本体库/libraries/relation/provisional/cand-relation-07cd4f916ab9.json
迷深实战-本体库/libraries/relation/provisional/cand-relation-07f92b046e11.json
迷深实战-本体库/libraries/relation/provisional/cand-relation-0827d0c64397.json
迷深实战-本体库/libraries/relation/provisional/cand-relation-08350b2a4d9c.json
迷深实战-本体库/libraries/relation/provisional/cand-relation-087b01f2f4af.json
迷深实战-本体库/libraries/relation/provisional/cand-relation-087fbb6efa86.json
迷深实战-本体库/libraries/relation/provisional/cand-relation-08d2bfe170c3.json
迷深实战-本体库/libraries/relation/provisional/cand-relation-08ef1c6e9633.json
迷深实战-本体库/libraries/relation/provisional/cand-relation-08f300a30848.json
迷深实战-本体库/libraries/relation/provisional/cand-relation-08fb5604c4b3.json
迷深实战-本体库/libraries/relation/provisional/cand-relation-08fd010f88e7.json
迷深实战-本体库/libraries/relation/provisional/cand-relation-090f939e0c3c.json
迷深实战-本体库/libraries/relation/provisional/cand-relation-0958d5d3ff7f.json
迷深实战-本体库/libraries/relation/provisional/cand-relation-0970bb1806ae.json
迷深实战-本体库/libraries/relation/provisional/cand-relation-097dc0a7be25.json
迷深实战-本体库/libraries/relation/provisional/cand-relation-098413e2e0ea.json
迷深实战-本体库/libraries/relation/provisional/cand-relation-0999f97cc7d6.json
迷深实战-本体库/libraries/relation/provisional/cand-relation-09ac84857448-m.json
迷深实战-本体库/libraries/relation/provisional/cand-relation-09ac84857448.json
迷深实战-本体库/libraries/relation/provisional/cand-relation-0a5acdc70869.json
迷深实战-本体库/libraries/relation/provisional/cand-relation-0a6c00012207.json
迷深实战-本体库/libraries/relation/provisional/cand-relation-0a8a62556766.json
迷深实战-本体库/libraries/relation/provisional/cand-relation-0ae2e61b606c.json
迷深实战-本体库/libraries/relation/provisional/cand-relation-0ae343874a08.json
迷深实战-本体库/libraries/relation/provisional/cand-relation-0b11530137aa.json
迷深实战-本体库/libraries/relation/provisional/cand-relation-0bbe8a67b077.json
迷深实战-本体库/libraries/relation/provisional/cand-relation-0bca5f91a65c.json
迷深实战-本体库/libraries/relation/provisional/cand-relation-0be337e4c17a.json
迷深实战-本体库/libraries/relation/provisional/cand-relation-0bfbb4b8fcde.json
迷深实战-本体库/libraries/relation/provisional/cand-relation-0c4d9800dc5a.json
迷深实战-本体库/libraries/relation/provisional/cand-relation-0ca875d45edd.json
迷深实战-本体库/libraries/relation/provisional/cand-relation-0cb825a78ff0.json
迷深实战-本体库/libraries/relation/provisional/cand-relation-0cc48acfefb2.json
迷深实战-本体库/libraries/relation/provisional/cand-relation-0cfdaee7f525.json
迷深实战-本体库/libraries/relation/provisional/cand-relation-0d15031d9619.json
迷深实战-本体库/libraries/relation/provisional/cand-relation-0d883400ddf6.json
迷深实战-本体库/libraries/relation/provisional/cand-relation-0d9a66de8d93.json
迷深实战-本体库/libraries/relation/provisional/cand-relation-0da8f475f758.json
迷深实战-本体库/libraries/relation/provisional/cand-relation-0de9c29919a9.json
迷深实战-本体库/libraries/relation/provisional/cand-relation-0e454c82fde8.json
迷深实战-本体库/libraries/relation/provisional/cand-relation-0e462f68d039.json
迷深实战-本体库/libraries/relation/provisional/cand-relation-0ea93380d9d1.json
迷深实战-本体库/libraries/relation/provisional/cand-relation-0ee895d0c341.json
迷深实战-本体库/libraries/relation/provisional/cand-relation-0f2df814aa9b.json
迷深实战-本体库/libraries/relation/provisional/cand-relation-0f3926895ac2.json
迷深实战-本体库/libraries/relation/provisional/cand-relation-0f45d7812b25.json
迷深实战-本体库/libraries/relation/provisional/cand-relation-101bf1c9bbce.json
迷深实战-本体库/libraries/relation/provisional/cand-relation-102f1d3a3867.json
迷深实战-本体库/libraries/relation/provisional/cand-relation-10590da0f45b.json
迷深实战-本体库/libraries/relation/provisional/cand-relation-106696efa158.json
迷深实战-本体库/libraries/relation/provisional/cand-relation-10a84f6aa096.json
迷深实战-本体库/libraries/relation/provisional/cand-relation-10b28cbd0197.json
迷深实战-本体库/libraries/relation/provisional/cand-relation-10bf4da0ccfc.json
迷深实战-本体库/libraries/relation/provisional/cand-relation-10c08613e26f.json
迷深实战-本体库/libraries/relation/provisional/cand-relation-10e0aa40d9c0.json
迷深实战-本体库/libraries/relation/provisional/cand-relation-110a67096aa5.json
迷深实战-本体库/libraries/relation/provisional/cand-relation-11105b081b74.json
迷深实战-本体库/libraries/relation/provisional/cand-relation-113f5ef89311-m2.json
迷深实战-本体库/libraries/relation/provisional/cand-relation-113f5ef89311.json
迷深实战-本体库/libraries/relation/provisional/cand-relation-11435b00ebf8.json
迷深实战-本体库/libraries/relation/provisional/cand-relation-118c1cf739a5.json
迷深实战-本体库/libraries/relation/provisional/cand-relation-118de0fec2a1.json
迷深实战-本体库/libraries/relation/provisional/cand-relation-11914901fc41.json
迷深实战-本体库/libraries/relation/provisional/cand-relation-1192282ffa78.json
迷深实战-本体库/libraries/relation/provisional/cand-relation-11baeb0b2b61.json
迷深实战-本体库/libraries/relation/provisional/cand-relation-11d2dd69edb6.json
迷深实战-本体库/libraries/relation/provisional/cand-relation-124e0dee797f.json
迷深实战-本体库/libraries/relation/provisional/cand-relation-1266050e5ec1.json
迷深实战-本体库/libraries/relation/provisional/cand-relation-127838e2753d-m2.json
迷深实战-本体库/libraries/relation/provisional/cand-relation-127838e2753d.json
迷深实战-本体库/libraries/relation/provisional/cand-relation-12c38b67542c.json
迷深实战-本体库/libraries/relation/provisional/cand-relation-135840925e1d.json
迷深实战-本体库/libraries/relation/provisional/cand-relation-1387b3362262.json
迷深实战-本体库/libraries/relation/provisional/cand-relation-13ba94c3b465.json
迷深实战-本体库/libraries/relation/provisional/cand-relation-13cb4082a2fa.json
迷深实战-本体库/libraries/relation/provisional/cand-relation-13cf27dfc111.json
迷深实战-本体库/libraries/relation/provisional/cand-relation-13d1d9cfc904.json
迷深实战-本体库/libraries/relation/provisional/cand-relation-13ee883c494b-m2.json
迷深实战-本体库/libraries/relation/provisional/cand-relation-13ee883c494b.json
迷深实战-本体库/libraries/relation/provisional/cand-relation-141c18d567d1.json
迷深实战-本体库/libraries/relation/provisional/cand-relation-1429753584bd.json
迷深实战-本体库/libraries/relation/provisional/cand-relation-145ed3c05bab.json
迷深实战-本体库/libraries/relation/provisional/cand-relation-1486300a7bde.json
迷深实战-本体库/libraries/relation/provisional/cand-relation-14c2a5f1aff6.json
迷深实战-本体库/libraries/relation/provisional/cand-relation-14c621611a5a.json
迷深实战-本体库/libraries/relation/provisional/cand-relation-15b52408049e.json
迷深实战-本体库/libraries/relation/provisional/cand-relation-15d06dd8d6c3.json
迷深实战-本体库/libraries/relation/provisional/cand-relation-15d81a3b6fb3.json
迷深实战-本体库/libraries/relation/provisional/cand-relation-15f5bfac6c1c.json
迷深实战-本体库/libraries/relation/provisional/cand-relation-160053ff4d36.json
迷深实战-本体库/libraries/relation/provisional/cand-relation-167e5d52c19a.json
迷深实战-本体库/libraries/relation/provisional/cand-relation-16bb0cb9fe7b.json
迷深实战-本体库/libraries/relation/provisional/cand-relation-16bb29d7fce1.json
迷深实战-本体库/libraries/relation/provisional/cand-relation-16d07b4804d4.json
迷深实战-本体库/libraries/relation/provisional/cand-relation-16e0bd376a46.json
迷深实战-本体库/libraries/relation/provisional/cand-relation-16ef0fdba543.json
迷深实战-本体库/libraries/relation/provisional/cand-relation-172edc97bdb6.json
迷深实战-本体库/libraries/relation/provisional/cand-relation-178e5eb4c3c0.json
迷深实战-本体库/libraries/relation/provisional/cand-relation-17d24db2c3a3.json
迷深实战-本体库/libraries/relation/provisional/cand-relation-17d3d3599701.json
迷深实战-本体库/libraries/relation/provisional/cand-relation-17e0e3fa496d.json
迷深实战-本体库/libraries/relation/provisional/cand-relation-17fc368aaff8.json
迷深实战-本体库/libraries/relation/provisional/cand-relation-1874bcbab081.json
迷深实战-本体库/libraries/relation/provisional/cand-relation-18a92fdb6a9c.json
迷深实战-本体库/libraries/relation/provisional/cand-relation-18a9ab610a89.json
迷深实战-本体库/libraries/relation/provisional/cand-relation-18aa843060a5.json
迷深实战-本体库/libraries/relation/provisional/cand-relation-191d344b6861.json
迷深实战-本体库/libraries/relation/provisional/cand-relation-194ac14e145d.json
迷深实战-本体库/libraries/relation/provisional/cand-relation-196a686063b0.json
迷深实战-本体库/libraries/relation/provisional/cand-relation-196ce3fb7d34.json
迷深实战-本体库/libraries/relation/provisional/cand-relation-198083bfd184.json
迷深实战-本体库/libraries/relation/provisional/cand-relation-1988c5362813.json
迷深实战-本体库/libraries/relation/provisional/cand-relation-19896a7c8b1d-m2.json
迷深实战-本体库/libraries/relation/provisional/cand-relation-19896a7c8b1d.json
迷深实战-本体库/libraries/relation/provisional/cand-relation-19b29f4415d4.json
迷深实战-本体库/libraries/relation/provisional/cand-relation-19c2feb2ce2c-m.json
迷深实战-本体库/libraries/relation/provisional/cand-relation-19c2feb2ce2c.json
迷深实战-本体库/libraries/relation/provisional/cand-relation-19d4deb3c568.json
迷深实战-本体库/libraries/relation/provisional/cand-relation-1a081f3e71da.json
迷深实战-本体库/libraries/relation/provisional/cand-relation-1a1c8e6a1862.json
迷深实战-本体库/libraries/relation/provisional/cand-relation-1a31eeae8c95.json
迷深实战-本体库/libraries/relation/provisional/cand-relation-1aa0a81714b7.json
迷深实战-本体库/libraries/relation/provisional/cand-relation-1aa901385774.json
迷深实战-本体库/libraries/relation/provisional/cand-relation-1afd2a2adeea.json
迷深实战-本体库/libraries/relation/provisional/cand-relation-1b20a3f1b6f9.json
迷深实战-本体库/libraries/relation/provisional/cand-relation-1b673c647c85.json
迷深实战-本体库/libraries/relation/provisional/cand-relation-1b77a8276b4f.json
迷深实战-本体库/libraries/relation/provisional/cand-relation-1b8b7ee2300e.json
迷深实战-本体库/libraries/relation/provisional/cand-relation-1b8ef1701b48.json
迷深实战-本体库/libraries/relation/provisional/cand-relation-1b98a577acf8.json
迷深实战-本体库/libraries/relation/provisional/cand-relation-1bc2924acd3a.json
迷深实战-本体库/libraries/relation/provisional/cand-relation-1bf8fc61dc31.json
迷深实战-本体库/libraries/relation/provisional/cand-relation-1c5e07db95b9.json
迷深实战-本体库/libraries/relation/provisional/cand-relation-1c638f65af49.json
迷深实战-本体库/libraries/relation/provisional/cand-relation-1c9fa6a91071.json
迷深实战-本体库/libraries/relation/provisional/cand-relation-1ce05cb25c33.json
迷深实战-本体库/libraries/relation/provisional/cand-relation-1cfdff8479cc-m2.json
迷深实战-本体库/libraries/relation/provisional/cand-relation-1cfdff8479cc.json
迷深实战-本体库/libraries/relation/provisional/cand-relation-1d1cb1b8401b-m2.json
迷深实战-本体库/libraries/relation/provisional/cand-relation-1d1cb1b8401b.json
迷深实战-本体库/libraries/relation/provisional/cand-relation-1dbe68eb5951.json
迷深实战-本体库/libraries/relation/provisional/cand-relation-1dde287bd346.json
迷深实战-本体库/libraries/relation/provisional/cand-relation-1de4a8df8b1b.json
迷深实战-本体库/libraries/relation/provisional/cand-relation-1e14162bb4d1-m.json
迷深实战-本体库/libraries/relation/provisional/cand-relation-1e14162bb4d1.json
迷深实战-本体库/libraries/relation/provisional/cand-relation-1e25ad3981f6.json
迷深实战-本体库/libraries/relation/provisional/cand-relation-1e549893dd55.json
迷深实战-本体库/libraries/relation/provisional/cand-relation-1e5d397b6a6d.json
迷深实战-本体库/libraries/relation/provisional/cand-relation-1e5e487863aa.json
迷深实战-本体库/libraries/relation/provisional/cand-relation-1e5edb6b6887.json
迷深实战-本体库/libraries/relation/provisional/cand-relation-1e8cd87f5863.json
迷深实战-本体库/libraries/relation/provisional/cand-relation-1ecf368006ef.json
迷深实战-本体库/libraries/relation/provisional/cand-relation-1f16e539ac5e.json
迷深实战-本体库/libraries/relation/provisional/cand-relation-1f339d3ddceb.json
迷深实战-本体库/libraries/relation/provisional/cand-relation-1f3983a3368f.json
迷深实战-本体库/libraries/relation/provisional/cand-relation-1f70921d5bbc.json
迷深实战-本体库/libraries/relation/provisional/cand-relation-1fa28ee39410.json
迷深实战-本体库/libraries/relation/provisional/cand-relation-200064c0e21c.json
迷深实战-本体库/libraries/relation/provisional/cand-relation-2006c61bbe58.json
迷深实战-本体库/libraries/relation/provisional/cand-relation-204127e58fd5.json
迷深实战-本体库/libraries/relation/provisional/cand-relation-2048a241f386.json
迷深实战-本体库/libraries/relation/provisional/cand-relation-2076a387483c.json
迷深实战-本体库/libraries/relation/provisional/cand-relation-20c5684fa3ff.json
迷深实战-本体库/libraries/relation/provisional/cand-relation-213bc6c82506.json
迷深实战-本体库/libraries/relation/provisional/cand-relation-216720d91537.json
迷深实战-本体库/libraries/relation/provisional/cand-relation-219ba7fbf0a3.json
迷深实战-本体库/libraries/relation/provisional/cand-relation-21dc45facc95-m2.json
迷深实战-本体库/libraries/relation/provisional/cand-relation-21dc45facc95.json
迷深实战-本体库/libraries/relation/provisional/cand-relation-21fab03b53ef.json
迷深实战-本体库/libraries/relation/provisional/cand-relation-2227b7431330.json
迷深实战-本体库/libraries/relation/provisional/cand-relation-2227d61af5d2-m2.json
迷深实战-本体库/libraries/relation/provisional/cand-relation-2227d61af5d2.json
迷深实战-本体库/libraries/relation/provisional/cand-relation-2273caf9041a.json
迷深实战-本体库/libraries/relation/provisional/cand-relation-22b11522b301.json
迷深实战-本体库/libraries/relation/provisional/cand-relation-231e1790a6ae.json
迷深实战-本体库/libraries/relation/provisional/cand-relation-23804c14d9a7.json
迷深实战-本体库/libraries/relation/provisional/cand-relation-23d273efd259.json
迷深实战-本体库/libraries/relation/provisional/cand-relation-23e4435ee5b7.json
迷深实战-本体库/libraries/relation/provisional/cand-relation-240c84fdc4d7.json
迷深实战-本体库/libraries/relation/provisional/cand-relation-2415fd322d93.json
迷深实战-本体库/libraries/relation/provisional/cand-relation-2445bd15dece.json
迷深实战-本体库/libraries/relation/provisional/cand-relation-24645842ffb2.json
迷深实战-本体库/libraries/relation/provisional/cand-relation-24de9f260b43.json
迷深实战-本体库/libraries/relation/provisional/cand-relation-24eda6c5c814.json
迷深实战-本体库/libraries/relation/provisional/cand-relation-24f4401954ae.json
迷深实战-本体库/libraries/relation/provisional/cand-relation-25158ef4f5c8.json
迷深实战-本体库/libraries/relation/provisional/cand-relation-25167323dc46.json
迷深实战-本体库/libraries/relation/provisional/cand-relation-2523fcc3eb17.json
迷深实战-本体库/libraries/relation/provisional/cand-relation-258dec5e45af.json
迷深实战-本体库/libraries/relation/provisional/cand-relation-25a75c509169.json
迷深实战-本体库/libraries/relation/provisional/cand-relation-25a8de267be3.json
迷深实战-本体库/libraries/relation/provisional/cand-relation-25d2b56641b8.json
迷深实战-本体库/libraries/relation/provisional/cand-relation-261b054a3ecc.json
迷深实战-本体库/libraries/relation/provisional/cand-relation-262014bf47c1.json
迷深实战-本体库/libraries/relation/provisional/cand-relation-263dc2ff3415.json
迷深实战-本体库/libraries/relation/provisional/cand-relation-265bbee83c95.json
迷深实战-本体库/libraries/relation/provisional/cand-relation-26acafcbf454.json
迷深实战-本体库/libraries/relation/provisional/cand-relation-26d7ddafd9da-m.json
迷深实战-本体库/libraries/relation/provisional/cand-relation-26d7ddafd9da.json
迷深实战-本体库/libraries/relation/provisional/cand-relation-26f1b9e8313d.json
迷深实战-本体库/libraries/relation/provisional/cand-relation-27660a723507.json
迷深实战-本体库/libraries/relation/provisional/cand-relation-27bb9c3c000c.json
迷深实战-本体库/libraries/relation/provisional/cand-relation-27e3524b2479.json
迷深实战-本体库/libraries/relation/provisional/cand-relation-27f49f5f1059.json
迷深实战-本体库/libraries/relation/provisional/cand-relation-282367151c99.json
迷深实战-本体库/libraries/relation/provisional/cand-relation-28244fa92881-m.json
迷深实战-本体库/libraries/relation/provisional/cand-relation-28244fa92881.json
迷深实战-本体库/libraries/relation/provisional/cand-relation-282b73960cad.json
迷深实战-本体库/libraries/relation/provisional/cand-relation-2833ff9c9776.json
迷深实战-本体库/libraries/relation/provisional/cand-relation-283514528e6a.json
迷深实战-本体库/libraries/relation/provisional/cand-relation-283ea7433b75.json
迷深实战-本体库/libraries/relation/provisional/cand-relation-289a810b2a99.json
迷深实战-本体库/libraries/relation/provisional/cand-relation-28a46389962b.json
迷深实战-本体库/libraries/relation/provisional/cand-relation-28fa7fabc907.json
迷深实战-本体库/libraries/relation/provisional/cand-relation-2900f733882d.json
迷深实战-本体库/libraries/relation/provisional/cand-relation-290427dc1719.json
迷深实战-本体库/libraries/relation/provisional/cand-relation-29256d77780d.json
迷深实战-本体库/libraries/relation/provisional/cand-relation-29c98ffc3048.json
迷深实战-本体库/libraries/relation/provisional/cand-relation-29ed5ed9e66a.json
迷深实战-本体库/libraries/relation/provisional/cand-relation-2a133e424718.json
迷深实战-本体库/libraries/relation/provisional/cand-relation-2a400cc76cb6.json
迷深实战-本体库/libraries/relation/provisional/cand-relation-2a49ff56d467.json
迷深实战-本体库/libraries/relation/provisional/cand-relation-2aa564b275c4.json
迷深实战-本体库/libraries/relation/provisional/cand-relation-2ad806835b0e.json
迷深实战-本体库/libraries/relation/provisional/cand-relation-2b0668820693.json
迷深实战-本体库/libraries/relation/provisional/cand-relation-2b3fbe17686f.json
迷深实战-本体库/libraries/relation/provisional/cand-relation-2bc536fe0f63.json
迷深实战-本体库/libraries/relation/provisional/cand-relation-2bd56bf7cfe9.json
迷深实战-本体库/libraries/relation/provisional/cand-relation-2c110e4ac4df.json
迷深实战-本体库/libraries/relation/provisional/cand-relation-2c4fb840a2d2.json
迷深实战-本体库/libraries/relation/provisional/cand-relation-2c6b325ba5ea.json
迷深实战-本体库/libraries/relation/provisional/cand-relation-2cb2160bf3bc.json
迷深实战-本体库/libraries/relation/provisional/cand-relation-2ccaec415005.json
迷深实战-本体库/libraries/relation/provisional/cand-relation-2cd4dd40765b.json
迷深实战-本体库/libraries/relation/provisional/cand-relation-2cdd5bb21a9f.json
迷深实战-本体库/libraries/relation/provisional/cand-relation-2d044c822a3c.json
迷深实战-本体库/libraries/relation/provisional/cand-relation-2d2bc58233b7.json
迷深实战-本体库/libraries/relation/provisional/cand-relation-2d66be0a582e.json
迷深实战-本体库/libraries/relation/provisional/cand-relation-2d7707b05297.json
迷深实战-本体库/libraries/relation/provisional/cand-relation-2dcd729c70a5.json
迷深实战-本体库/libraries/relation/provisional/cand-relation-2e18cb8199a4.json
迷深实战-本体库/libraries/relation/provisional/cand-relation-2e903da64b07.json
迷深实战-本体库/libraries/relation/provisional/cand-relation-2eb9a2b97b60.json
迷深实战-本体库/libraries/relation/provisional/cand-relation-2ebef899cdb2.json
迷深实战-本体库/libraries/relation/provisional/cand-relation-2ec15c328974.json
迷深实战-本体库/libraries/relation/provisional/cand-relation-2f0c6d2d580d.json
迷深实战-本体库/libraries/relation/provisional/cand-relation-2f0cb134777c.json
迷深实战-本体库/libraries/relation/provisional/cand-relation-2f2d4c3f5942.json
迷深实战-本体库/libraries/relation/provisional/cand-relation-2f7b3d9c8424.json
迷深实战-本体库/libraries/relation/provisional/cand-relation-2f9eda82df53.json
迷深实战-本体库/libraries/relation/provisional/cand-relation-2faa91291efb.json
迷深实战-本体库/libraries/relation/provisional/cand-relation-2fac1d13897d-m2.json
迷深实战-本体库/libraries/relation/provisional/cand-relation-2fac1d13897d.json
迷深实战-本体库/libraries/relation/provisional/cand-relation-300cad3ed6b1.json
迷深实战-本体库/libraries/relation/provisional/cand-relation-309b36a0ca72.json
迷深实战-本体库/libraries/relation/provisional/cand-relation-30aa7f415712.json
迷深实战-本体库/libraries/relation/provisional/cand-relation-30c4e60ce3f2.json
迷深实战-本体库/libraries/relation/provisional/cand-relation-3100a80f83fc.json
迷深实战-本体库/libraries/relation/provisional/cand-relation-31089be38ddc.json
迷深实战-本体库/libraries/relation/provisional/cand-relation-3110a66c76c8.json
迷深实战-本体库/libraries/relation/provisional/cand-relation-314445d8d748.json
迷深实战-本体库/libraries/relation/provisional/cand-relation-318956f4825e.json
迷深实战-本体库/libraries/relation/provisional/cand-relation-319190b8227b.json
迷深实战-本体库/libraries/relation/provisional/cand-relation-31b69f501c73.json
迷深实战-本体库/libraries/relation/provisional/cand-relation-31e5de16a34f.json
迷深实战-本体库/libraries/relation/provisional/cand-relation-3201a73b79c6.json
迷深实战-本体库/libraries/relation/provisional/cand-relation-3209e6361549.json
迷深实战-本体库/libraries/relation/provisional/cand-relation-320ee0c1f585.json
迷深实战-本体库/libraries/relation/provisional/cand-relation-3216f8dc4100.json
迷深实战-本体库/libraries/relation/provisional/cand-relation-32540f134ad2-m2.json
迷深实战-本体库/libraries/relation/provisional/cand-relation-32540f134ad2.json
迷深实战-本体库/libraries/relation/provisional/cand-relation-32a3e12b2495.json
迷深实战-本体库/libraries/relation/provisional/cand-relation-32b191f71686.json
迷深实战-本体库/libraries/relation/provisional/cand-relation-3305d52f7d15.json
迷深实战-本体库/libraries/relation/provisional/cand-relation-3308b2be900e.json
迷深实战-本体库/libraries/relation/provisional/cand-relation-33758a75ee35.json
迷深实战-本体库/libraries/relation/provisional/cand-relation-338bf175e6ac.json
迷深实战-本体库/libraries/relation/provisional/cand-relation-339f3ba9e282.json
迷深实战-本体库/libraries/relation/provisional/cand-relation-339f56b7aee6.json
迷深实战-本体库/libraries/relation/provisional/cand-relation-33ed4dec9d99.json
迷深实战-本体库/libraries/relation/provisional/cand-relation-33ef3cce8bb9.json
迷深实战-本体库/libraries/relation/provisional/cand-relation-33fe7de31cf1.json
迷深实战-本体库/libraries/relation/provisional/cand-relation-3413252d0005-m.json
迷深实战-本体库/libraries/relation/provisional/cand-relation-3413252d0005.json
迷深实战-本体库/libraries/relation/provisional/cand-relation-341dc2bf1210.json
迷深实战-本体库/libraries/relation/provisional/cand-relation-3433dc56a20b.json
迷深实战-本体库/libraries/relation/provisional/cand-relation-3435fb981f6e.json
迷深实战-本体库/libraries/relation/provisional/cand-relation-344c37b3dcaa.json
迷深实战-本体库/libraries/relation/provisional/cand-relation-345fcb7318a4.json
迷深实战-本体库/libraries/relation/provisional/cand-relation-347edc60fbc4.json
迷深实战-本体库/libraries/relation/provisional/cand-relation-3493c8285b37.json
迷深实战-本体库/libraries/relation/provisional/cand-relation-34c5ac124d37.json
迷深实战-本体库/libraries/relation/provisional/cand-relation-34d7c5ec81a4.json
迷深实战-本体库/libraries/relation/provisional/cand-relation-34e33d75c83c.json
迷深实战-本体库/libraries/relation/provisional/cand-relation-34f6e1bf012c.json
迷深实战-本体库/libraries/relation/provisional/cand-relation-34fd76d0e05b.json
迷深实战-本体库/libraries/relation/provisional/cand-relation-3504b4313d3b.json
迷深实战-本体库/libraries/relation/provisional/cand-relation-3521c242e227.json
迷深实战-本体库/libraries/relation/provisional/cand-relation-35233e018dba.json
迷深实战-本体库/libraries/relation/provisional/cand-relation-3553a7aa3e6a.json
迷深实战-本体库/libraries/relation/provisional/cand-relation-355f2317c96c.json
迷深实战-本体库/libraries/relation/provisional/cand-relation-357bad9f6b28-m.json
迷深实战-本体库/libraries/relation/provisional/cand-relation-357bad9f6b28.json
迷深实战-本体库/libraries/relation/provisional/cand-relation-3586584a70bd.json
迷深实战-本体库/libraries/relation/provisional/cand-relation-3589af6639af.json
迷深实战-本体库/libraries/relation/provisional/cand-relation-35b31a1b804e.json
迷深实战-本体库/libraries/relation/provisional/cand-relation-35b96b9a06fc.json
迷深实战-本体库/libraries/relation/provisional/cand-relation-35bd9d9df559.json
迷深实战-本体库/libraries/relation/provisional/cand-relation-35cad1a40940.json
迷深实战-本体库/libraries/relation/provisional/cand-relation-3621cc9772c8.json
迷深实战-本体库/libraries/relation/provisional/cand-relation-364f9176daf5.json
迷深实战-本体库/libraries/relation/provisional/cand-relation-369348c52ee6.json
迷深实战-本体库/libraries/relation/provisional/cand-relation-3696efb30a3c.json
迷深实战-本体库/libraries/relation/provisional/cand-relation-36c416a44da5.json
迷深实战-本体库/libraries/relation/provisional/cand-relation-37016bc87377.json
迷深实战-本体库/libraries/relation/provisional/cand-relation-373c1d61de73.json
迷深实战-本体库/libraries/relation/provisional/cand-relation-378481758151.json
迷深实战-本体库/libraries/relation/provisional/cand-relation-3790a29023fc.json
迷深实战-本体库/libraries/relation/provisional/cand-relation-37b66db1930f.json
迷深实战-本体库/libraries/relation/provisional/cand-relation-37db9d0ebb93.json
迷深实战-本体库/libraries/relation/provisional/cand-relation-38217e2f0346.json
迷深实战-本体库/libraries/relation/provisional/cand-relation-3822994dcaff.json
迷深实战-本体库/libraries/relation/provisional/cand-relation-382446689683.json
迷深实战-本体库/libraries/relation/provisional/cand-relation-3848ece07fc8.json
迷深实战-本体库/libraries/relation/provisional/cand-relation-385bf4bfbaf3.json
迷深实战-本体库/libraries/relation/provisional/cand-relation-38686259f74f.json
迷深实战-本体库/libraries/relation/provisional/cand-relation-38acea8791f0.json
迷深实战-本体库/libraries/relation/provisional/cand-relation-38ad8e256f58.json
迷深实战-本体库/libraries/relation/provisional/cand-relation-38fc3e5a17b9.json
迷深实战-本体库/libraries/relation/provisional/cand-relation-3946dee3177d.json
迷深实战-本体库/libraries/relation/provisional/cand-relation-39be7bfbac5d.json
迷深实战-本体库/libraries/relation/provisional/cand-relation-39df5b11bdbd.json
迷深实战-本体库/libraries/relation/provisional/cand-relation-3a13602daed6.json
迷深实战-本体库/libraries/relation/provisional/cand-relation-3a217b99a607.json
迷深实战-本体库/libraries/relation/provisional/cand-relation-3a385cc4e892.json
迷深实战-本体库/libraries/relation/provisional/cand-relation-3a989a70440b.json
迷深实战-本体库/libraries/relation/provisional/cand-relation-3ab766750cc6.json
迷深实战-本体库/libraries/relation/provisional/cand-relation-3ab7d778dbb1.json
迷深实战-本体库/libraries/relation/provisional/cand-relation-3af00960d2cb.json
迷深实战-本体库/libraries/relation/provisional/cand-relation-3af1915dae02.json
迷深实战-本体库/libraries/relation/provisional/cand-relation-3b705dc59974.json
迷深实战-本体库/libraries/relation/provisional/cand-relation-3b8bf44ba16b.json
迷深实战-本体库/libraries/relation/provisional/cand-relation-3ba9b832ffcc.json
迷深实战-本体库/libraries/relation/provisional/cand-relation-3bbff77c5058.json
迷深实战-本体库/libraries/relation/provisional/cand-relation-3bdb4aa27c0a.json
迷深实战-本体库/libraries/relation/provisional/cand-relation-3bf0ebae7fa9.json
迷深实战-本体库/libraries/relation/provisional/cand-relation-3c51f5bcf241.json
迷深实战-本体库/libraries/relation/provisional/cand-relation-3c5e265aa1bf.json
迷深实战-本体库/libraries/relation/provisional/cand-relation-3ca0cd8ce034.json
迷深实战-本体库/libraries/relation/provisional/cand-relation-3cacba40cf50.json
迷深实战-本体库/libraries/relation/provisional/cand-relation-3cfe0a62c611.json
迷深实战-本体库/libraries/relation/provisional/cand-relation-3cfeb235586e.json
迷深实战-本体库/libraries/relation/provisional/cand-relation-3d365cc3aba4.json
迷深实战-本体库/libraries/relation/provisional/cand-relation-3d46cc53cdac.json
迷深实战-本体库/libraries/relation/provisional/cand-relation-3dd3733e145c.json
迷深实战-本体库/libraries/relation/provisional/cand-relation-3e43f7cf6329.json
迷深实战-本体库/libraries/relation/provisional/cand-relation-3e557a549473.json
迷深实战-本体库/libraries/relation/provisional/cand-relation-3ebde34b247d.json
迷深实战-本体库/libraries/relation/provisional/cand-relation-3f0b9c297ae6.json
迷深实战-本体库/libraries/relation/provisional/cand-relation-3f1c31985c80.json
迷深实战-本体库/libraries/relation/provisional/cand-relation-3f2974bc6185.json
迷深实战-本体库/libraries/relation/provisional/cand-relation-3f2e4bdf5ab0.json
迷深实战-本体库/libraries/relation/provisional/cand-relation-3f47448cce79.json
迷深实战-本体库/libraries/relation/provisional/cand-relation-3f6466d8a438.json
迷深实战-本体库/libraries/relation/provisional/cand-relation-3fc14b9c2f49.json
迷深实战-本体库/libraries/relation/provisional/cand-relation-3fc1c24b8599.json
迷深实战-本体库/libraries/relation/provisional/cand-relation-3fc2a0938a5b.json
迷深实战-本体库/libraries/relation/provisional/cand-relation-3fe14f60de8c.json
迷深实战-本体库/libraries/relation/provisional/cand-relation-3fe40604e1c6.json
迷深实战-本体库/libraries/relation/provisional/cand-relation-406047aa9eb6.json
迷深实战-本体库/libraries/relation/provisional/cand-relation-40a6509accc5.json
迷深实战-本体库/libraries/relation/provisional/cand-relation-40bc8de28ee6.json
迷深实战-本体库/libraries/relation/provisional/cand-relation-40d61572cf76.json
迷深实战-本体库/libraries/relation/provisional/cand-relation-411c9d1424df.json
迷深实战-本体库/libraries/relation/provisional/cand-relation-4160819aac05.json
迷深实战-本体库/libraries/relation/provisional/cand-relation-418bc4f83e11.json
迷深实战-本体库/libraries/relation/provisional/cand-relation-4192037d5b0c.json
迷深实战-本体库/libraries/relation/provisional/cand-relation-41ace903522c.json
迷深实战-本体库/libraries/relation/provisional/cand-relation-4201d1bb24a0.json
迷深实战-本体库/libraries/relation/provisional/cand-relation-4232a1102faa.json
迷深实战-本体库/libraries/relation/provisional/cand-relation-423bb9a008cd.json
迷深实战-本体库/libraries/relation/provisional/cand-relation-42b098f29dcb.json
迷深实战-本体库/libraries/relation/provisional/cand-relation-42be45c6513f.json
迷深实战-本体库/libraries/relation/provisional/cand-relation-42c813ace07d.json
迷深实战-本体库/libraries/relation/provisional/cand-relation-42e1b8748bb0.json
迷深实战-本体库/libraries/relation/provisional/cand-relation-42fe8219d979.json
迷深实战-本体库/libraries/relation/provisional/cand-relation-4314dc5aa4c3-m.json
迷深实战-本体库/libraries/relation/provisional/cand-relation-4314dc5aa4c3.json
迷深实战-本体库/libraries/relation/provisional/cand-relation-433815ac68f2.json
迷深实战-本体库/libraries/relation/provisional/cand-relation-43645111a141.json
迷深实战-本体库/libraries/relation/provisional/cand-relation-439917c9699d.json
迷深实战-本体库/libraries/relation/provisional/cand-relation-43e557bf8091.json
迷深实战-本体库/libraries/relation/provisional/cand-relation-43f465a874c7.json
迷深实战-本体库/libraries/relation/provisional/cand-relation-4401614fb037.json
迷深实战-本体库/libraries/relation/provisional/cand-relation-447164696403-m2.json
迷深实战-本体库/libraries/relation/provisional/cand-relation-447164696403.json
迷深实战-本体库/libraries/relation/provisional/cand-relation-44744360b013.json
迷深实战-本体库/libraries/relation/provisional/cand-relation-447a26573359.json
迷深实战-本体库/libraries/relation/provisional/cand-relation-4495ebd85ce6.json
迷深实战-本体库/libraries/relation/provisional/cand-relation-44afe651fc1b.json
迷深实战-本体库/libraries/relation/provisional/cand-relation-44cd4861556d.json
迷深实战-本体库/libraries/relation/provisional/cand-relation-44ce053d6dd3.json
迷深实战-本体库/libraries/relation/provisional/cand-relation-44ea722177bc.json
迷深实战-本体库/libraries/relation/provisional/cand-relation-44f13b6b7fdf.json
迷深实战-本体库/libraries/relation/provisional/cand-relation-4515f6aee911.json
迷深实战-本体库/libraries/relation/provisional/cand-relation-4518e2364ca6.json
迷深实战-本体库/libraries/relation/provisional/cand-relation-451a53fc688c.json
迷深实战-本体库/libraries/relation/provisional/cand-relation-453b9437d5b6.json
迷深实战-本体库/libraries/relation/provisional/cand-relation-45b4628e9cf6.json
迷深实战-本体库/libraries/relation/provisional/cand-relation-45c7aa9afdc7.json
迷深实战-本体库/libraries/relation/provisional/cand-relation-45f3403d280f.json
迷深实战-本体库/libraries/relation/provisional/cand-relation-460c70fd60b0.json
迷深实战-本体库/libraries/relation/provisional/cand-relation-4644f148e1d8.json
迷深实战-本体库/libraries/relation/provisional/cand-relation-4716ae960d53.json
迷深实战-本体库/libraries/relation/provisional/cand-relation-4728a9483c3e.json
迷深实战-本体库/libraries/relation/provisional/cand-relation-4777bf30539c.json
迷深实战-本体库/libraries/relation/provisional/cand-relation-47bb51f00515.json
迷深实战-本体库/libraries/relation/provisional/cand-relation-47e14650f361.json
迷深实战-本体库/libraries/relation/provisional/cand-relation-47f8b77d1c68.json
迷深实战-本体库/libraries/relation/provisional/cand-relation-4802b4b4c38b.json
迷深实战-本体库/libraries/relation/provisional/cand-relation-481be262c6bf.json
迷深实战-本体库/libraries/relation/provisional/cand-relation-48512d7f467e.json
迷深实战-本体库/libraries/relation/provisional/cand-relation-48784263c923.json
迷深实战-本体库/libraries/relation/provisional/cand-relation-488d42cb07f0-m2.json
迷深实战-本体库/libraries/relation/provisional/cand-relation-488d42cb07f0.json
迷深实战-本体库/libraries/relation/provisional/cand-relation-48e09f9c70e0.json
迷深实战-本体库/libraries/relation/provisional/cand-relation-4905a429278c.json
迷深实战-本体库/libraries/relation/provisional/cand-relation-492b0cb343d7.json
迷深实战-本体库/libraries/relation/provisional/cand-relation-495d33f780c4.json
迷深实战-本体库/libraries/relation/provisional/cand-relation-4967fffadc63.json
迷深实战-本体库/libraries/relation/provisional/cand-relation-498cee229c0b.json
迷深实战-本体库/libraries/relation/provisional/cand-relation-4996beb55ef9.json
迷深实战-本体库/libraries/relation/provisional/cand-relation-49baf9b4ed6a.json
迷深实战-本体库/libraries/relation/provisional/cand-relation-49d179f6c2f8.json
迷深实战-本体库/libraries/relation/provisional/cand-relation-4a0962d232ea.json
迷深实战-本体库/libraries/relation/provisional/cand-relation-4a5221a3241f.json
迷深实战-本体库/libraries/relation/provisional/cand-relation-4a74c01692de.json
迷深实战-本体库/libraries/relation/provisional/cand-relation-4a9a3a7943fd.json
迷深实战-本体库/libraries/relation/provisional/cand-relation-4aca7c9f3587.json
迷深实战-本体库/libraries/relation/provisional/cand-relation-4ae2abcdb50d.json
迷深实战-本体库/libraries/relation/provisional/cand-relation-4b26ae3f20a4.json
迷深实战-本体库/libraries/relation/provisional/cand-relation-4b29299bce12.json
迷深实战-本体库/libraries/relation/provisional/cand-relation-4b5d54460c19.json
迷深实战-本体库/libraries/relation/provisional/cand-relation-4b8caf232473.json
迷深实战-本体库/libraries/relation/provisional/cand-relation-4b8fb304bc92.json
迷深实战-本体库/libraries/relation/provisional/cand-relation-4b9ca0f835c4.json
迷深实战-本体库/libraries/relation/provisional/cand-relation-4b9ed762e483.json
迷深实战-本体库/libraries/relation/provisional/cand-relation-4bace53268df.json
迷深实战-本体库/libraries/relation/provisional/cand-relation-4bee9ca1b7d3.json
迷深实战-本体库/libraries/relation/provisional/cand-relation-4c3b2a148735.json
迷深实战-本体库/libraries/relation/provisional/cand-relation-4c75fa20eb66.json
迷深实战-本体库/libraries/relation/provisional/cand-relation-4c7febc8ae67.json
迷深实战-本体库/libraries/relation/provisional/cand-relation-4c85357d63e1.json
迷深实战-本体库/libraries/relation/provisional/cand-relation-4ca2b2650d97.json
迷深实战-本体库/libraries/relation/provisional/cand-relation-4cc266ce8f0e.json
迷深实战-本体库/libraries/relation/provisional/cand-relation-4cde41a1ecfe.json
迷深实战-本体库/libraries/relation/provisional/cand-relation-4d621223cb91.json
迷深实战-本体库/libraries/relation/provisional/cand-relation-4d67dbde27ad.json
迷深实战-本体库/libraries/relation/provisional/cand-relation-4d881674edd4.json
迷深实战-本体库/libraries/relation/provisional/cand-relation-4da7ee25c13d.json
迷深实战-本体库/libraries/relation/provisional/cand-relation-4dd4bdb847c2.json
迷深实战-本体库/libraries/relation/provisional/cand-relation-4dd57d34811b.json
迷深实战-本体库/libraries/relation/provisional/cand-relation-4defd98682a5.json
迷深实战-本体库/libraries/relation/provisional/cand-relation-4df67623ee92.json
迷深实战-本体库/libraries/relation/provisional/cand-relation-4e218986255e.json
迷深实战-本体库/libraries/relation/provisional/cand-relation-4e32c523f797.json
迷深实战-本体库/libraries/relation/provisional/cand-relation-4e3cf897a354.json
迷深实战-本体库/libraries/relation/provisional/cand-relation-4e64a3866635.json
迷深实战-本体库/libraries/relation/provisional/cand-relation-4e798b0fe081.json
迷深实战-本体库/libraries/relation/provisional/cand-relation-4e7a3fd0f6bd.json
迷深实战-本体库/libraries/relation/provisional/cand-relation-4ea0bd71ca15.json
迷深实战-本体库/libraries/relation/provisional/cand-relation-4ec073a73a02.json
迷深实战-本体库/libraries/relation/provisional/cand-relation-4eeb26985661.json
迷深实战-本体库/libraries/relation/provisional/cand-relation-4f3b7b00cdf5.json
迷深实战-本体库/libraries/relation/provisional/cand-relation-4f3d36013067.json
迷深实战-本体库/libraries/relation/provisional/cand-relation-501dbcb0e426.json
迷深实战-本体库/libraries/relation/provisional/cand-relation-501eb510c649-m.json
迷深实战-本体库/libraries/relation/provisional/cand-relation-501eb510c649.json
迷深实战-本体库/libraries/relation/provisional/cand-relation-508f3a7f4e94.json
迷深实战-本体库/libraries/relation/provisional/cand-relation-50d544b1f456.json
迷深实战-本体库/libraries/relation/provisional/cand-relation-50de37b6cf4e.json
迷深实战-本体库/libraries/relation/provisional/cand-relation-50e5fa2163dd.json
迷深实战-本体库/libraries/relation/provisional/cand-relation-5102c396f8f1.json
迷深实战-本体库/libraries/relation/provisional/cand-relation-5128b9dc13e0.json
迷深实战-本体库/libraries/relation/provisional/cand-relation-51418be905e3.json
迷深实战-本体库/libraries/relation/provisional/cand-relation-519ccb7512c3.json
迷深实战-本体库/libraries/relation/provisional/cand-relation-51a242657737-m2.json
迷深实战-本体库/libraries/relation/provisional/cand-relation-51a242657737.json
迷深实战-本体库/libraries/relation/provisional/cand-relation-51a97586a04a.json
迷深实战-本体库/libraries/relation/provisional/cand-relation-51b6091c559e.json
迷深实战-本体库/libraries/relation/provisional/cand-relation-51e1a8eb48cb.json
迷深实战-本体库/libraries/relation/provisional/cand-relation-5217fe296f44.json
迷深实战-本体库/libraries/relation/provisional/cand-relation-52650e996e94.json
迷深实战-本体库/libraries/relation/provisional/cand-relation-5297610ca7e8.json
迷深实战-本体库/libraries/relation/provisional/cand-relation-52b571277331-m.json
迷深实战-本体库/libraries/relation/provisional/cand-relation-52b571277331.json
迷深实战-本体库/libraries/relation/provisional/cand-relation-52bb9ad53c99.json
迷深实战-本体库/libraries/relation/provisional/cand-relation-52c93c8a2b66.json
迷深实战-本体库/libraries/relation/provisional/cand-relation-52cc19dd8a57.json
迷深实战-本体库/libraries/relation/provisional/cand-relation-52ccef0df6db.json
迷深实战-本体库/libraries/relation/provisional/cand-relation-52f39aa3c1d2.json
迷深实战-本体库/libraries/relation/provisional/cand-relation-5316b91cad75.json
迷深实战-本体库/libraries/relation/provisional/cand-relation-5321b9c979fc-m.json
迷深实战-本体库/libraries/relation/provisional/cand-relation-5321b9c979fc.json
迷深实战-本体库/libraries/relation/provisional/cand-relation-53583891ea58.json
迷深实战-本体库/libraries/relation/provisional/cand-relation-536fb12b3471.json
迷深实战-本体库/libraries/relation/provisional/cand-relation-5388b643d624.json
迷深实战-本体库/libraries/relation/provisional/cand-relation-538e96b4dbd6.json
迷深实战-本体库/libraries/relation/provisional/cand-relation-53dfa13fe984.json
迷深实战-本体库/libraries/relation/provisional/cand-relation-53f23e4e47e0.json
迷深实战-本体库/libraries/relation/provisional/cand-relation-544163098709.json
迷深实战-本体库/libraries/relation/provisional/cand-relation-545d6ede8e55.json
迷深实战-本体库/libraries/relation/provisional/cand-relation-548b78648b5b.json
迷深实战-本体库/libraries/relation/provisional/cand-relation-549db0489bd7.json
迷深实战-本体库/libraries/relation/provisional/cand-relation-54dcec995033-m-m.json
迷深实战-本体库/libraries/relation/provisional/cand-relation-54dcec995033-m.json
迷深实战-本体库/libraries/relation/provisional/cand-relation-54dcec995033.json
迷深实战-本体库/libraries/relation/provisional/cand-relation-54e7483ebb6c.json
迷深实战-本体库/libraries/relation/provisional/cand-relation-54ef6fa668d8.json
迷深实战-本体库/libraries/relation/provisional/cand-relation-55132f489dd0.json
迷深实战-本体库/libraries/relation/provisional/cand-relation-5528d3d43e3c.json
迷深实战-本体库/libraries/relation/provisional/cand-relation-55341f10da06.json
迷深实战-本体库/libraries/relation/provisional/cand-relation-5538c9dd5164.json
迷深实战-本体库/libraries/relation/provisional/cand-relation-553c8eaf3c32.json
迷深实战-本体库/libraries/relation/provisional/cand-relation-5563d003df21.json
迷深实战-本体库/libraries/relation/provisional/cand-relation-556629deab34.json
迷深实战-本体库/libraries/relation/provisional/cand-relation-5588b096b819.json
迷深实战-本体库/libraries/relation/provisional/cand-relation-55924948c435.json
迷深实战-本体库/libraries/relation/provisional/cand-relation-55af101a16f7-m2.json
迷深实战-本体库/libraries/relation/provisional/cand-relation-55af101a16f7.json
迷深实战-本体库/libraries/relation/provisional/cand-relation-560da17c6b85.json
迷深实战-本体库/libraries/relation/provisional/cand-relation-562921e71805.json
迷深实战-本体库/libraries/relation/provisional/cand-relation-565f6936ce90.json
迷深实战-本体库/libraries/relation/provisional/cand-relation-5671339ebdaa.json
迷深实战-本体库/libraries/relation/provisional/cand-relation-5673b789602c.json
迷深实战-本体库/libraries/relation/provisional/cand-relation-569ba8cb380e.json
迷深实战-本体库/libraries/relation/provisional/cand-relation-57575a55214a.json
迷深实战-本体库/libraries/relation/provisional/cand-relation-57620973cdeb.json
迷深实战-本体库/libraries/relation/provisional/cand-relation-578fb8a0863b.json
迷深实战-本体库/libraries/relation/provisional/cand-relation-5798071dc26a.json
迷深实战-本体库/libraries/relation/provisional/cand-relation-57b4c7e7f344.json
迷深实战-本体库/libraries/relation/provisional/cand-relation-57b75a2472e5.json
迷深实战-本体库/libraries/relation/provisional/cand-relation-57ecb785a0e6.json
迷深实战-本体库/libraries/relation/provisional/cand-relation-585f8d63a5f5.json
迷深实战-本体库/libraries/relation/provisional/cand-relation-5861bdecd0b7.json
迷深实战-本体库/libraries/relation/provisional/cand-relation-58a56c706d29.json
迷深实战-本体库/libraries/relation/provisional/cand-relation-58d0510a0b59.json
迷深实战-本体库/libraries/relation/provisional/cand-relation-590767c55434.json
迷深实战-本体库/libraries/relation/provisional/cand-relation-5928d7ee391d.json
迷深实战-本体库/libraries/relation/provisional/cand-relation-597fd626fcab.json
迷深实战-本体库/libraries/relation/provisional/cand-relation-59a09d8742b7-m2.json
迷深实战-本体库/libraries/relation/provisional/cand-relation-59a09d8742b7.json
迷深实战-本体库/libraries/relation/provisional/cand-relation-59bec3ec16db.json
迷深实战-本体库/libraries/relation/provisional/cand-relation-59c83c25f2c1.json
迷深实战-本体库/libraries/relation/provisional/cand-relation-59f85abaf556.json
迷深实战-本体库/libraries/relation/provisional/cand-relation-59fa209601ae.json
迷深实战-本体库/libraries/relation/provisional/cand-relation-5a121cf3a3ae.json
迷深实战-本体库/libraries/relation/provisional/cand-relation-5a1a833ecc32-m2.json
迷深实战-本体库/libraries/relation/provisional/cand-relation-5a1a833ecc32.json
迷深实战-本体库/libraries/relation/provisional/cand-relation-5a291e7974d7.json
迷深实战-本体库/libraries/relation/provisional/cand-relation-5a32d3bfa5dc.json
迷深实战-本体库/libraries/relation/provisional/cand-relation-5a3d075a7947.json
迷深实战-本体库/libraries/relation/provisional/cand-relation-5a6bdf0658a4.json
迷深实战-本体库/libraries/relation/provisional/cand-relation-5a86f31ac9e1.json
迷深实战-本体库/libraries/relation/provisional/cand-relation-5aa18fcf32f4.json
迷深实战-本体库/libraries/relation/provisional/cand-relation-5aa89e856282.json
迷深实战-本体库/libraries/relation/provisional/cand-relation-5aaf2a0bc3f5.json
迷深实战-本体库/libraries/relation/provisional/cand-relation-5ab71c2b4fb9.json
迷深实战-本体库/libraries/relation/provisional/cand-relation-5aeacb6ab5c2.json
迷深实战-本体库/libraries/relation/provisional/cand-relation-5b454bd13556-m.json
迷深实战-本体库/libraries/relation/provisional/cand-relation-5b454bd13556.json
迷深实战-本体库/libraries/relation/provisional/cand-relation-5b7541860e36.json
迷深实战-本体库/libraries/relation/provisional/cand-relation-5b9412f412da.json
迷深实战-本体库/libraries/relation/provisional/cand-relation-5ba643b293c4.json
迷深实战-本体库/libraries/relation/provisional/cand-relation-5bac1ec0d03f.json
迷深实战-本体库/libraries/relation/provisional/cand-relation-5bec7586ef48.json
迷深实战-本体库/libraries/relation/provisional/cand-relation-5bf3a84da68a.json
迷深实战-本体库/libraries/relation/provisional/cand-relation-5c3c48e2173c.json
迷深实战-本体库/libraries/relation/provisional/cand-relation-5c59732f042d.json
迷深实战-本体库/libraries/relation/provisional/cand-relation-5c70a02ad26b.json
迷深实战-本体库/libraries/relation/provisional/cand-relation-5c8314f1ea27.json
迷深实战-本体库/libraries/relation/provisional/cand-relation-5c8de6202187.json
迷深实战-本体库/libraries/relation/provisional/cand-relation-5ca48015e3e4.json
迷深实战-本体库/libraries/relation/provisional/cand-relation-5ce782ef8795.json
迷深实战-本体库/libraries/relation/provisional/cand-relation-5cf0b4c9ea6e.json
迷深实战-本体库/libraries/relation/provisional/cand-relation-5cf5f890c497-m.json
迷深实战-本体库/libraries/relation/provisional/cand-relation-5cf5f890c497.json
迷深实战-本体库/libraries/relation/provisional/cand-relation-5d7da665eeb8.json
迷深实战-本体库/libraries/relation/provisional/cand-relation-5da20cd83f45.json
迷深实战-本体库/libraries/relation/provisional/cand-relation-5db00d60fe34.json
迷深实战-本体库/libraries/relation/provisional/cand-relation-5dc1bd24e84a.json
迷深实战-本体库/libraries/relation/provisional/cand-relation-5de2f6216195.json
迷深实战-本体库/libraries/relation/provisional/cand-relation-5de8125514d8.json
迷深实战-本体库/libraries/relation/provisional/cand-relation-5e0e32049398.json
迷深实战-本体库/libraries/relation/provisional/cand-relation-5e0f3206e464.json
迷深实战-本体库/libraries/relation/provisional/cand-relation-5e298330fbdc.json
迷深实战-本体库/libraries/relation/provisional/cand-relation-5e5163e0c532-m2.json
迷深实战-本体库/libraries/relation/provisional/cand-relation-5e5163e0c532.json
迷深实战-本体库/libraries/relation/provisional/cand-relation-5e621320faaf.json
迷深实战-本体库/libraries/relation/provisional/cand-relation-5e64934eac63.json
迷深实战-本体库/libraries/relation/provisional/cand-relation-5ec9754d18ee.json
迷深实战-本体库/libraries/relation/provisional/cand-relation-5ed3e3100309.json
迷深实战-本体库/libraries/relation/provisional/cand-relation-5f0f66c317c1.json
迷深实战-本体库/libraries/relation/provisional/cand-relation-5f3ba9381d20.json
迷深实战-本体库/libraries/relation/provisional/cand-relation-5f6a62aa7d30.json
迷深实战-本体库/libraries/relation/provisional/cand-relation-5f6f79e59e12.json
迷深实战-本体库/libraries/relation/provisional/cand-relation-5f79f0d7413f.json
迷深实战-本体库/libraries/relation/provisional/cand-relation-600e734e7141.json
迷深实战-本体库/libraries/relation/provisional/cand-relation-601eb82cb37a.json
迷深实战-本体库/libraries/relation/provisional/cand-relation-602a7d102dbd.json
迷深实战-本体库/libraries/relation/provisional/cand-relation-606e0e67160e.json
迷深实战-本体库/libraries/relation/provisional/cand-relation-606fe6152194.json
迷深实战-本体库/libraries/relation/provisional/cand-relation-611322a0c717.json
迷深实战-本体库/libraries/relation/provisional/cand-relation-616d05f354bf.json
迷深实战-本体库/libraries/relation/provisional/cand-relation-617c8bf3094a.json
迷深实战-本体库/libraries/relation/provisional/cand-relation-6197c67148cb.json
迷深实战-本体库/libraries/relation/provisional/cand-relation-61c0809d86f8.json
迷深实战-本体库/libraries/relation/provisional/cand-relation-61d8fae4aff5.json
迷深实战-本体库/libraries/relation/provisional/cand-relation-6205e586189f.json
迷深实战-本体库/libraries/relation/provisional/cand-relation-62ed8fd14daa.json
迷深实战-本体库/libraries/relation/provisional/cand-relation-6308c871f2b5.json
迷深实战-本体库/libraries/relation/provisional/cand-relation-63117e5a2405.json
迷深实战-本体库/libraries/relation/provisional/cand-relation-6328a368c458.json
迷深实战-本体库/libraries/relation/provisional/cand-relation-632c6889f35b.json
迷深实战-本体库/libraries/relation/provisional/cand-relation-63bb7a00aa3a.json
迷深实战-本体库/libraries/relation/provisional/cand-relation-63c739eaac3c.json
迷深实战-本体库/libraries/relation/provisional/cand-relation-63e7350868e9.json
迷深实战-本体库/libraries/relation/provisional/cand-relation-641fc45c3226.json
迷深实战-本体库/libraries/relation/provisional/cand-relation-64206f9cb0d1.json
迷深实战-本体库/libraries/relation/provisional/cand-relation-646676b424d0.json
迷深实战-本体库/libraries/relation/provisional/cand-relation-64b39448364e.json
迷深实战-本体库/libraries/relation/provisional/cand-relation-6516d66dae4d-m2.json
迷深实战-本体库/libraries/relation/provisional/cand-relation-6516d66dae4d.json
迷深实战-本体库/libraries/relation/provisional/cand-relation-653b5e471f7a.json
迷深实战-本体库/libraries/relation/provisional/cand-relation-653fb326b8ec.json
迷深实战-本体库/libraries/relation/provisional/cand-relation-6540249ea764.json
迷深实战-本体库/libraries/relation/provisional/cand-relation-65aca2248781.json
迷深实战-本体库/libraries/relation/provisional/cand-relation-65b2a9850803.json
迷深实战-本体库/libraries/relation/provisional/cand-relation-65c3a0474be5.json
迷深实战-本体库/libraries/relation/provisional/cand-relation-65dd72f2edb5.json
迷深实战-本体库/libraries/relation/provisional/cand-relation-66000ec8b027.json
迷深实战-本体库/libraries/relation/provisional/cand-relation-6617af1ac71c.json
迷深实战-本体库/libraries/relation/provisional/cand-relation-662a0b8d2aed.json
迷深实战-本体库/libraries/relation/provisional/cand-relation-66a82a2316a7.json
迷深实战-本体库/libraries/relation/provisional/cand-relation-66b9f6c11b9d-m2.json
迷深实战-本体库/libraries/relation/provisional/cand-relation-66b9f6c11b9d.json
迷深实战-本体库/libraries/relation/provisional/cand-relation-6750cd778f31.json
迷深实战-本体库/libraries/relation/provisional/cand-relation-677a4ed231fc.json
迷深实战-本体库/libraries/relation/provisional/cand-relation-67b13ca17ba7.json
迷深实战-本体库/libraries/relation/provisional/cand-relation-6812f06de235.json
迷深实战-本体库/libraries/relation/provisional/cand-relation-68aec7d06366.json
迷深实战-本体库/libraries/relation/provisional/cand-relation-68c224db0deb.json
迷深实战-本体库/libraries/relation/provisional/cand-relation-68d3418b896d.json
迷深实战-本体库/libraries/relation/provisional/cand-relation-691ca15bf060.json
迷深实战-本体库/libraries/relation/provisional/cand-relation-693c816d3417.json
迷深实战-本体库/libraries/relation/provisional/cand-relation-6955bc8f103e.json
迷深实战-本体库/libraries/relation/provisional/cand-relation-6994ac2b2ca2.json
迷深实战-本体库/libraries/relation/provisional/cand-relation-69cd25a5c6da.json
迷深实战-本体库/libraries/relation/provisional/cand-relation-6a01c6d6af06.json
迷深实战-本体库/libraries/relation/provisional/cand-relation-6a1e6c1f7e17.json
迷深实战-本体库/libraries/relation/provisional/cand-relation-6a3b21c9b295.json
迷深实战-本体库/libraries/relation/provisional/cand-relation-6a57ca0b9e31.json
迷深实战-本体库/libraries/relation/provisional/cand-relation-6a610d66aba6.json
迷深实战-本体库/libraries/relation/provisional/cand-relation-6a68dc4a76b5.json
迷深实战-本体库/libraries/relation/provisional/cand-relation-6a910ead8a05.json
迷深实战-本体库/libraries/relation/provisional/cand-relation-6ab9473b7620.json
迷深实战-本体库/libraries/relation/provisional/cand-relation-6ad01041a1ae.json
迷深实战-本体库/libraries/relation/provisional/cand-relation-6ae722dca503.json
迷深实战-本体库/libraries/relation/provisional/cand-relation-6b1b95942871.json
迷深实战-本体库/libraries/relation/provisional/cand-relation-6b837a179d5e.json
迷深实战-本体库/libraries/relation/provisional/cand-relation-6b9ce23ff2e0.json
迷深实战-本体库/libraries/relation/provisional/cand-relation-6bc92f9a9ee2.json
迷深实战-本体库/libraries/relation/provisional/cand-relation-6bdbafc7b7d0.json
迷深实战-本体库/libraries/relation/provisional/cand-relation-6be24ca3d214.json
迷深实战-本体库/libraries/relation/provisional/cand-relation-6c11833e0eb1.json
迷深实战-本体库/libraries/relation/provisional/cand-relation-6c347c8397fa.json
迷深实战-本体库/libraries/relation/provisional/cand-relation-6c44891a56cd.json
迷深实战-本体库/libraries/relation/provisional/cand-relation-6c472b696c7b.json
迷深实战-本体库/libraries/relation/provisional/cand-relation-6c56f5ade618.json
迷深实战-本体库/libraries/relation/provisional/cand-relation-6cbaf9fcccd7.json
迷深实战-本体库/libraries/relation/provisional/cand-relation-6ce3d9a690ae.json
迷深实战-本体库/libraries/relation/provisional/cand-relation-6d05d6425588.json
迷深实战-本体库/libraries/relation/provisional/cand-relation-6d3b49ad2b37-m.json
迷深实战-本体库/libraries/relation/provisional/cand-relation-6d3b49ad2b37.json
迷深实战-本体库/libraries/relation/provisional/cand-relation-6d92fcce11eb.json
迷深实战-本体库/libraries/relation/provisional/cand-relation-6e74ed4184b7.json
迷深实战-本体库/libraries/relation/provisional/cand-relation-6e92bf4c9814.json
迷深实战-本体库/libraries/relation/provisional/cand-relation-6e95b29d1792.json
迷深实战-本体库/libraries/relation/provisional/cand-relation-6ebc85986d2c.json
迷深实战-本体库/libraries/relation/provisional/cand-relation-6ee06d212e9e.json
迷深实战-本体库/libraries/relation/provisional/cand-relation-6ee228db5515.json
迷深实战-本体库/libraries/relation/provisional/cand-relation-6ee564fb61a8.json
迷深实战-本体库/libraries/relation/provisional/cand-relation-6f36bac12e3f.json
迷深实战-本体库/libraries/relation/provisional/cand-relation-6f55c28606bb.json
迷深实战-本体库/libraries/relation/provisional/cand-relation-6f6053db0821.json
迷深实战-本体库/libraries/relation/provisional/cand-relation-6f7b1f586593.json
迷深实战-本体库/libraries/relation/provisional/cand-relation-6fbefa6e87c2.json
迷深实战-本体库/libraries/relation/provisional/cand-relation-6fe19eb990f7.json
迷深实战-本体库/libraries/relation/provisional/cand-relation-6fe1ea474b49.json
迷深实战-本体库/libraries/relation/provisional/cand-relation-6ffbd63cf0d4.json
迷深实战-本体库/libraries/relation/provisional/cand-relation-709bb8923cf8.json
迷深实战-本体库/libraries/relation/provisional/cand-relation-70b44f01a2b4.json
迷深实战-本体库/libraries/relation/provisional/cand-relation-70c12ced2253.json
迷深实战-本体库/libraries/relation/provisional/cand-relation-70c3de45f39a.json
迷深实战-本体库/libraries/relation/provisional/cand-relation-710eb9fbb92b.json
迷深实战-本体库/libraries/relation/provisional/cand-relation-71142bc079d9.json
迷深实战-本体库/libraries/relation/provisional/cand-relation-711a91456ac9.json
迷深实战-本体库/libraries/relation/provisional/cand-relation-712dc49d660b.json
迷深实战-本体库/libraries/relation/provisional/cand-relation-713169a96bdf.json
迷深实战-本体库/libraries/relation/provisional/cand-relation-7160b4fbc41a.json
迷深实战-本体库/libraries/relation/provisional/cand-relation-71703e7f360d.json
迷深实战-本体库/libraries/relation/provisional/cand-relation-7183fd73124d-m.json
迷深实战-本体库/libraries/relation/provisional/cand-relation-7183fd73124d.json
迷深实战-本体库/libraries/relation/provisional/cand-relation-71b54fde001e.json
迷深实战-本体库/libraries/relation/provisional/cand-relation-71d1b7282dfb.json
迷深实战-本体库/libraries/relation/provisional/cand-relation-71dfbab24543.json
迷深实战-本体库/libraries/relation/provisional/cand-relation-71e38aae177d.json
迷深实战-本体库/libraries/relation/provisional/cand-relation-721c53eddd70.json
迷深实战-本体库/libraries/relation/provisional/cand-relation-7223770c26ec.json
迷深实战-本体库/libraries/relation/provisional/cand-relation-72416c458704.json
迷深实战-本体库/libraries/relation/provisional/cand-relation-72abf353cc01-m2.json
迷深实战-本体库/libraries/relation/provisional/cand-relation-72abf353cc01-m3.json
迷深实战-本体库/libraries/relation/provisional/cand-relation-72abf353cc01.json
迷深实战-本体库/libraries/relation/provisional/cand-relation-72d4c7f29003.json
迷深实战-本体库/libraries/relation/provisional/cand-relation-7300d1b7dea8.json
迷深实战-本体库/libraries/relation/provisional/cand-relation-73026cf30a28.json
迷深实战-本体库/libraries/relation/provisional/cand-relation-735df7483be1.json
迷深实战-本体库/libraries/relation/provisional/cand-relation-7373d2641cb3.json
迷深实战-本体库/libraries/relation/provisional/cand-relation-73cd1ffa9ffc.json
迷深实战-本体库/libraries/relation/provisional/cand-relation-73ef3a0f15a6.json
迷深实战-本体库/libraries/relation/provisional/cand-relation-7413fc5db78b.json
迷深实战-本体库/libraries/relation/provisional/cand-relation-7443e556b95e.json
迷深实战-本体库/libraries/relation/provisional/cand-relation-747d314075cb-m.json
迷深实战-本体库/libraries/relation/provisional/cand-relation-747d314075cb.json
迷深实战-本体库/libraries/relation/provisional/cand-relation-749ca4bca215.json
迷深实战-本体库/libraries/relation/provisional/cand-relation-74afbf740ca5.json
迷深实战-本体库/libraries/relation/provisional/cand-relation-74b855035b0d.json
迷深实战-本体库/libraries/relation/provisional/cand-relation-7516d3b3e739.json
迷深实战-本体库/libraries/relation/provisional/cand-relation-752a016999f0.json
迷深实战-本体库/libraries/relation/provisional/cand-relation-75a0dafe73f9.json
迷深实战-本体库/libraries/relation/provisional/cand-relation-75ead89e5aca.json
迷深实战-本体库/libraries/relation/provisional/cand-relation-76255ffa7f9b.json
迷深实战-本体库/libraries/relation/provisional/cand-relation-764dab7c5fcf.json
迷深实战-本体库/libraries/relation/provisional/cand-relation-76662f8b684c.json
迷深实战-本体库/libraries/relation/provisional/cand-relation-768c98c138f9.json
迷深实战-本体库/libraries/relation/provisional/cand-relation-7696c2a3e15f.json
迷深实战-本体库/libraries/relation/provisional/cand-relation-76f6a097a450.json
迷深实战-本体库/libraries/relation/provisional/cand-relation-770a36842535.json
迷深实战-本体库/libraries/relation/provisional/cand-relation-7713cc2a2edc.json
迷深实战-本体库/libraries/relation/provisional/cand-relation-77372c5957eb.json
迷深实战-本体库/libraries/relation/provisional/cand-relation-775c34de3fb1.json
迷深实战-本体库/libraries/relation/provisional/cand-relation-77a76406c054.json
迷深实战-本体库/libraries/relation/provisional/cand-relation-77d0416f1e7c.json
迷深实战-本体库/libraries/relation/provisional/cand-relation-77e5c6503452.json
迷深实战-本体库/libraries/relation/provisional/cand-relation-77fe24e525de-m2.json
迷深实战-本体库/libraries/relation/provisional/cand-relation-77fe24e525de.json
迷深实战-本体库/libraries/relation/provisional/cand-relation-782b6eea5c2f.json
迷深实战-本体库/libraries/relation/provisional/cand-relation-78318bdc4b21.json
迷深实战-本体库/libraries/relation/provisional/cand-relation-7860eb9f4f4a.json
迷深实战-本体库/libraries/relation/provisional/cand-relation-78658fec7353.json
迷深实战-本体库/libraries/relation/provisional/cand-relation-78f2e3985e04.json
迷深实战-本体库/libraries/relation/provisional/cand-relation-79095f3388df.json
迷深实战-本体库/libraries/relation/provisional/cand-relation-792798065b1a.json
迷深实战-本体库/libraries/relation/provisional/cand-relation-7976b039fa7c.json
迷深实战-本体库/libraries/relation/provisional/cand-relation-79eff234eeeb.json
迷深实战-本体库/libraries/relation/provisional/cand-relation-7a127e6c1b77.json
迷深实战-本体库/libraries/relation/provisional/cand-relation-7a51024361d5.json
迷深实战-本体库/libraries/relation/provisional/cand-relation-7a64d7872bf5.json
迷深实战-本体库/libraries/relation/provisional/cand-relation-7a70d46aa4ad.json
迷深实战-本体库/libraries/relation/provisional/cand-relation-7ab89d8df343.json
迷深实战-本体库/libraries/relation/provisional/cand-relation-7b0a6a89aed6.json
迷深实战-本体库/libraries/relation/provisional/cand-relation-7b0c74a3577b.json
迷深实战-本体库/libraries/relation/provisional/cand-relation-7b1834ecf638.json
迷深实战-本体库/libraries/relation/provisional/cand-relation-7b1eac3653e9.json
迷深实战-本体库/libraries/relation/provisional/cand-relation-7b666facc2a6.json
迷深实战-本体库/libraries/relation/provisional/cand-relation-7ba3837dcab4.json
迷深实战-本体库/libraries/relation/provisional/cand-relation-7bc85c7beefb.json
迷深实战-本体库/libraries/relation/provisional/cand-relation-7bd140732eb2.json
迷深实战-本体库/libraries/relation/provisional/cand-relation-7c1a20f62815.json
迷深实战-本体库/libraries/relation/provisional/cand-relation-7c2b3e5f7287.json
迷深实战-本体库/libraries/relation/provisional/cand-relation-7c696a8f7535.json
迷深实战-本体库/libraries/relation/provisional/cand-relation-7cb26fa11bba.json
迷深实战-本体库/libraries/relation/provisional/cand-relation-7cb52851d3ec.json
迷深实战-本体库/libraries/relation/provisional/cand-relation-7ce9fbc772b6.json
迷深实战-本体库/libraries/relation/provisional/cand-relation-7cf9ec80f8de.json
迷深实战-本体库/libraries/relation/provisional/cand-relation-7d0a1f232efb.json
迷深实战-本体库/libraries/relation/provisional/cand-relation-7d35e8d1db8c.json
迷深实战-本体库/libraries/relation/provisional/cand-relation-7d3c19749ba2.json
迷深实战-本体库/libraries/relation/provisional/cand-relation-7d5d1788320e.json
迷深实战-本体库/libraries/relation/provisional/cand-relation-7d705f84bea4-m.json
迷深实战-本体库/libraries/relation/provisional/cand-relation-7d705f84bea4.json
迷深实战-本体库/libraries/relation/provisional/cand-relation-7d77484be314.json
迷深实战-本体库/libraries/relation/provisional/cand-relation-7d86dc87180a.json
迷深实战-本体库/libraries/relation/provisional/cand-relation-7d8e2c197176.json
迷深实战-本体库/libraries/relation/provisional/cand-relation-7d9a96dd90fe.json
迷深实战-本体库/libraries/relation/provisional/cand-relation-7e088fb43ca5.json
迷深实战-本体库/libraries/relation/provisional/cand-relation-7e088ff14e93.json
迷深实战-本体库/libraries/relation/provisional/cand-relation-7e15dff563cf.json
迷深实战-本体库/libraries/relation/provisional/cand-relation-7e1c6166513a.json
迷深实战-本体库/libraries/relation/provisional/cand-relation-7e247f776b8a.json
迷深实战-本体库/libraries/relation/provisional/cand-relation-7e40aa3276e1.json
迷深实战-本体库/libraries/relation/provisional/cand-relation-7e4fea064b38.json
迷深实战-本体库/libraries/relation/provisional/cand-relation-7e9e7e6f43f7.json
迷深实战-本体库/libraries/relation/provisional/cand-relation-7eaa630eae9c.json
迷深实战-本体库/libraries/relation/provisional/cand-relation-7eae6073d3f2.json
迷深实战-本体库/libraries/relation/provisional/cand-relation-7eef20dfef00.json
迷深实战-本体库/libraries/relation/provisional/cand-relation-7eefab6a9302.json
迷深实战-本体库/libraries/relation/provisional/cand-relation-7f1fe7292167.json
迷深实战-本体库/libraries/relation/provisional/cand-relation-7f22643c70a9.json
迷深实战-本体库/libraries/relation/provisional/cand-relation-7f2ead8a7c5b.json
迷深实战-本体库/libraries/relation/provisional/cand-relation-7f43127cf5ac.json
迷深实战-本体库/libraries/relation/provisional/cand-relation-7f7266d31967.json
迷深实战-本体库/libraries/relation/provisional/cand-relation-7f98b6a19aa9.json
迷深实战-本体库/libraries/relation/provisional/cand-relation-7ffddd8435c6.json
迷深实战-本体库/libraries/relation/provisional/cand-relation-8004a15659df.json
迷深实战-本体库/libraries/relation/provisional/cand-relation-8007390bc85e.json
迷深实战-本体库/libraries/relation/provisional/cand-relation-803815fe841c.json
迷深实战-本体库/libraries/relation/provisional/cand-relation-80607250794f.json
迷深实战-本体库/libraries/relation/provisional/cand-relation-80877279f996.json
迷深实战-本体库/libraries/relation/provisional/cand-relation-80ae1e0bcadb.json
迷深实战-本体库/libraries/relation/provisional/cand-relation-80d1e5fc6e5d.json
迷深实战-本体库/libraries/relation/provisional/cand-relation-817b43e9d329.json
迷深实战-本体库/libraries/relation/provisional/cand-relation-81a071a80aec.json
迷深实战-本体库/libraries/relation/provisional/cand-relation-81aada82f10d.json
迷深实战-本体库/libraries/relation/provisional/cand-relation-81bf52886144.json
迷深实战-本体库/libraries/relation/provisional/cand-relation-81ca46cac8fd.json
迷深实战-本体库/libraries/relation/provisional/cand-relation-81dc76d52f8d.json
迷深实战-本体库/libraries/relation/provisional/cand-relation-81e988766216.json
迷深实战-本体库/libraries/relation/provisional/cand-relation-81ef2a5ebd7f.json
迷深实战-本体库/libraries/relation/provisional/cand-relation-820711cea664.json
迷深实战-本体库/libraries/relation/provisional/cand-relation-8216c99a44af.json
迷深实战-本体库/libraries/relation/provisional/cand-relation-821a23e22f8d.json
迷深实战-本体库/libraries/relation/provisional/cand-relation-822a6f0ba6fb.json
迷深实战-本体库/libraries/relation/provisional/cand-relation-8268936020cc.json
迷深实战-本体库/libraries/relation/provisional/cand-relation-82b007ef8301.json
迷深实战-本体库/libraries/relation/provisional/cand-relation-82b46b36d51a.json
迷深实战-本体库/libraries/relation/provisional/cand-relation-82dc4fc362ba.json
迷深实战-本体库/libraries/relation/provisional/cand-relation-833568c90d1f.json
迷深实战-本体库/libraries/relation/provisional/cand-relation-834381c9c68b.json
迷深实战-本体库/libraries/relation/provisional/cand-relation-836195b099e4.json
迷深实战-本体库/libraries/relation/provisional/cand-relation-836f5ef3ee33.json
迷深实战-本体库/libraries/relation/provisional/cand-relation-837f791b9845.json
迷深实战-本体库/libraries/relation/provisional/cand-relation-8384c5c443ce.json
迷深实战-本体库/libraries/relation/provisional/cand-relation-83d32fb80a41.json
迷深实战-本体库/libraries/relation/provisional/cand-relation-83dff2503475.json
迷深实战-本体库/libraries/relation/provisional/cand-relation-83ed05bff66c.json
迷深实战-本体库/libraries/relation/provisional/cand-relation-84100052e3c3-m2.json
迷深实战-本体库/libraries/relation/provisional/cand-relation-84100052e3c3.json
迷深实战-本体库/libraries/relation/provisional/cand-relation-841f5de79ace.json
迷深实战-本体库/libraries/relation/provisional/cand-relation-842dbda573a8.json
迷深实战-本体库/libraries/relation/provisional/cand-relation-8464e27c49dd-m.json
迷深实战-本体库/libraries/relation/provisional/cand-relation-8464e27c49dd.json
迷深实战-本体库/libraries/relation/provisional/cand-relation-84c0f06d25eb.json
迷深实战-本体库/libraries/relation/provisional/cand-relation-84d765419b51.json
迷深实战-本体库/libraries/relation/provisional/cand-relation-84df4ed786bf.json
迷深实战-本体库/libraries/relation/provisional/cand-relation-84ebd94a4172.json
迷深实战-本体库/libraries/relation/provisional/cand-relation-84f0805df3ed.json
迷深实战-本体库/libraries/relation/provisional/cand-relation-85026dd35af7.json
迷深实战-本体库/libraries/relation/provisional/cand-relation-852fff93d4e0.json
迷深实战-本体库/libraries/relation/provisional/cand-relation-85a8a0909b7f.json
迷深实战-本体库/libraries/relation/provisional/cand-relation-8604df01cc04.json
迷深实战-本体库/libraries/relation/provisional/cand-relation-864490bd4d72.json
迷深实战-本体库/libraries/relation/provisional/cand-relation-865c396beb0c.json
迷深实战-本体库/libraries/relation/provisional/cand-relation-878a67a7c0a1.json
迷深实战-本体库/libraries/relation/provisional/cand-relation-878bb2dd965b.json
迷深实战-本体库/libraries/relation/provisional/cand-relation-87a183c06192.json
迷深实战-本体库/libraries/relation/provisional/cand-relation-87a7b3ab123c.json
迷深实战-本体库/libraries/relation/provisional/cand-relation-87bbf2c580cf-m.json
迷深实战-本体库/libraries/relation/provisional/cand-relation-87bbf2c580cf.json
迷深实战-本体库/libraries/relation/provisional/cand-relation-87c621bb0951.json
迷深实战-本体库/libraries/relation/provisional/cand-relation-87dbf64d00ec.json
迷深实战-本体库/libraries/relation/provisional/cand-relation-87ff48a96f46.json
迷深实战-本体库/libraries/relation/provisional/cand-relation-88029b4ac620.json
迷深实战-本体库/libraries/relation/provisional/cand-relation-881ebfe90053.json
迷深实战-本体库/libraries/relation/provisional/cand-relation-8833843e7ffd.json
迷深实战-本体库/libraries/relation/provisional/cand-relation-889d13c8f585.json
迷深实战-本体库/libraries/relation/provisional/cand-relation-88b2d2e5e7a6.json
迷深实战-本体库/libraries/relation/provisional/cand-relation-88c2231a3cb2.json
迷深实战-本体库/libraries/relation/provisional/cand-relation-8907b59eafc1.json
迷深实战-本体库/libraries/relation/provisional/cand-relation-891432f552f6.json
迷深实战-本体库/libraries/relation/provisional/cand-relation-8917d56fe0eb.json
迷深实战-本体库/libraries/relation/provisional/cand-relation-891b57601968.json
迷深实战-本体库/libraries/relation/provisional/cand-relation-894430160ee4.json
迷深实战-本体库/libraries/relation/provisional/cand-relation-894d7864eebf.json
迷深实战-本体库/libraries/relation/provisional/cand-relation-896c889b3f65.json
迷深实战-本体库/libraries/relation/provisional/cand-relation-898d74b82080.json
迷深实战-本体库/libraries/relation/provisional/cand-relation-89a58a4b5cba.json
迷深实战-本体库/libraries/relation/provisional/cand-relation-89d42833d2da.json
迷深实战-本体库/libraries/relation/provisional/cand-relation-89dc81ebcb2c.json
迷深实战-本体库/libraries/relation/provisional/cand-relation-89f75dcff94e.json
迷深实战-本体库/libraries/relation/provisional/cand-relation-8a085eb277b1.json
迷深实战-本体库/libraries/relation/provisional/cand-relation-8a0ccb2f5220.json
迷深实战-本体库/libraries/relation/provisional/cand-relation-8a43e7d71010.json
迷深实战-本体库/libraries/relation/provisional/cand-relation-8a668d1b1740.json
迷深实战-本体库/libraries/relation/provisional/cand-relation-8a7b1b91fa2a.json
迷深实战-本体库/libraries/relation/provisional/cand-relation-8a830639489e-m2.json
迷深实战-本体库/libraries/relation/provisional/cand-relation-8a830639489e.json
迷深实战-本体库/libraries/relation/provisional/cand-relation-8ae0a83298fa.json
迷深实战-本体库/libraries/relation/provisional/cand-relation-8ae3e40861f6.json
迷深实战-本体库/libraries/relation/provisional/cand-relation-8b22e62aea3a.json
迷深实战-本体库/libraries/relation/provisional/cand-relation-8b75d2740055.json
迷深实战-本体库/libraries/relation/provisional/cand-relation-8bb18676ccc1.json
迷深实战-本体库/libraries/relation/provisional/cand-relation-8bd7f0a3fb44-m.json
迷深实战-本体库/libraries/relation/provisional/cand-relation-8bd7f0a3fb44.json
迷深实战-本体库/libraries/relation/provisional/cand-relation-8c28bb68acf9.json
迷深实战-本体库/libraries/relation/provisional/cand-relation-8c46bd3035f7.json
迷深实战-本体库/libraries/relation/provisional/cand-relation-8c6eb9499033.json
迷深实战-本体库/libraries/relation/provisional/cand-relation-8cba2422df50.json
迷深实战-本体库/libraries/relation/provisional/cand-relation-8ce103734015.json
迷深实战-本体库/libraries/relation/provisional/cand-relation-8ced57093e96.json
迷深实战-本体库/libraries/relation/provisional/cand-relation-8d08f2bacf52.json
迷深实战-本体库/libraries/relation/provisional/cand-relation-8d457eb90f3b.json
迷深实战-本体库/libraries/relation/provisional/cand-relation-8d49c8552dec.json
迷深实战-本体库/libraries/relation/provisional/cand-relation-8d5e0134fff4.json
迷深实战-本体库/libraries/relation/provisional/cand-relation-8dc0f72727b4.json
迷深实战-本体库/libraries/relation/provisional/cand-relation-8dc2f0d1219d.json
迷深实战-本体库/libraries/relation/provisional/cand-relation-8e0fb4c84866.json
迷深实战-本体库/libraries/relation/provisional/cand-relation-8e27e57b45fa.json
迷深实战-本体库/libraries/relation/provisional/cand-relation-8e2cc22e3264.json
迷深实战-本体库/libraries/relation/provisional/cand-relation-8e78ecfd3ce3.json
迷深实战-本体库/libraries/relation/provisional/cand-relation-8e998ba3fbce.json
迷深实战-本体库/libraries/relation/provisional/cand-relation-8edde6208c5e.json
迷深实战-本体库/libraries/relation/provisional/cand-relation-8ee303d489b2.json
迷深实战-本体库/libraries/relation/provisional/cand-relation-8ef3243ec587.json
迷深实战-本体库/libraries/relation/provisional/cand-relation-8f824c6eb426.json
迷深实战-本体库/libraries/relation/provisional/cand-relation-8f955cb686ba.json
迷深实战-本体库/libraries/relation/provisional/cand-relation-8fb47029fea0.json
迷深实战-本体库/libraries/relation/provisional/cand-relation-8fbfcb9ec6a3.json
迷深实战-本体库/libraries/relation/provisional/cand-relation-8fc067ee53de.json
迷深实战-本体库/libraries/relation/provisional/cand-relation-900c7b4b9a38.json
迷深实战-本体库/libraries/relation/provisional/cand-relation-90645ceaf37a.json
迷深实战-本体库/libraries/relation/provisional/cand-relation-908d9422ca0d.json
迷深实战-本体库/libraries/relation/provisional/cand-relation-9098b7c0bea7.json
迷深实战-本体库/libraries/relation/provisional/cand-relation-90c8407a35a6-m2.json
迷深实战-本体库/libraries/relation/provisional/cand-relation-90c8407a35a6.json
迷深实战-本体库/libraries/relation/provisional/cand-relation-90dbd566a57c.json
迷深实战-本体库/libraries/relation/provisional/cand-relation-90e0e3459efb.json
迷深实战-本体库/libraries/relation/provisional/cand-relation-90eaf8ece690.json
迷深实战-本体库/libraries/relation/provisional/cand-relation-910f5130e304.json
迷深实战-本体库/libraries/relation/provisional/cand-relation-9160bedf89f4.json
迷深实战-本体库/libraries/relation/provisional/cand-relation-9184889a079b.json
迷深实战-本体库/libraries/relation/provisional/cand-relation-91895f3902da.json
迷深实战-本体库/libraries/relation/provisional/cand-relation-91be73b875b7.json
迷深实战-本体库/libraries/relation/provisional/cand-relation-921ada1e1e72-m.json
迷深实战-本体库/libraries/relation/provisional/cand-relation-921ada1e1e72.json
迷深实战-本体库/libraries/relation/provisional/cand-relation-922a3a8de4aa.json
迷深实战-本体库/libraries/relation/provisional/cand-relation-923b57101feb.json
迷深实战-本体库/libraries/relation/provisional/cand-relation-9242e9c1ebdc.json
迷深实战-本体库/libraries/relation/provisional/cand-relation-92645028b5c1.json
迷深实战-本体库/libraries/relation/provisional/cand-relation-92a1d1a97725.json
迷深实战-本体库/libraries/relation/provisional/cand-relation-92bc9bd7e591.json
迷深实战-本体库/libraries/relation/provisional/cand-relation-92c812f88880.json
迷深实战-本体库/libraries/relation/provisional/cand-relation-92dfe2a9b881.json
迷深实战-本体库/libraries/relation/provisional/cand-relation-939544e1a853.json
迷深实战-本体库/libraries/relation/provisional/cand-relation-93d33532150a.json
迷深实战-本体库/libraries/relation/provisional/cand-relation-93f34173a865.json
迷深实战-本体库/libraries/relation/provisional/cand-relation-9430bd82f3ed.json
迷深实战-本体库/libraries/relation/provisional/cand-relation-943c720274e8.json
迷深实战-本体库/libraries/relation/provisional/cand-relation-94505a40d73d.json
迷深实战-本体库/libraries/relation/provisional/cand-relation-94a899ed80dc.json
迷深实战-本体库/libraries/relation/provisional/cand-relation-94cdb6cb161f.json
迷深实战-本体库/libraries/relation/provisional/cand-relation-956d3f66a480.json
迷深实战-本体库/libraries/relation/provisional/cand-relation-95a48b7b1dc8.json
迷深实战-本体库/libraries/relation/provisional/cand-relation-95bf9a804bb2.json
迷深实战-本体库/libraries/relation/provisional/cand-relation-95db9a137f45.json
迷深实战-本体库/libraries/relation/provisional/cand-relation-960db7484171.json
迷深实战-本体库/libraries/relation/provisional/cand-relation-961f2d20e3ad.json
迷深实战-本体库/libraries/relation/provisional/cand-relation-9643e698ad46.json
迷深实战-本体库/libraries/relation/provisional/cand-relation-965abcf3cf0c.json
迷深实战-本体库/libraries/relation/provisional/cand-relation-9662f6a663ae.json
迷深实战-本体库/libraries/relation/provisional/cand-relation-968213dea695.json
迷深实战-本体库/libraries/relation/provisional/cand-relation-96db81695a20.json
迷深实战-本体库/libraries/relation/provisional/cand-relation-9733f3636ddb.json
迷深实战-本体库/libraries/relation/provisional/cand-relation-9750883806c0.json
迷深实战-本体库/libraries/relation/provisional/cand-relation-9783b2e6c438.json
迷深实战-本体库/libraries/relation/provisional/cand-relation-97ec36debd9e.json
迷深实战-本体库/libraries/relation/provisional/cand-relation-97f03dfa90a8.json
迷深实战-本体库/libraries/relation/provisional/cand-relation-9828295da589.json
迷深实战-本体库/libraries/relation/provisional/cand-relation-982b453aa006.json
迷深实战-本体库/libraries/relation/provisional/cand-relation-986f4d0dd74c.json
迷深实战-本体库/libraries/relation/provisional/cand-relation-98891f3deb3a.json
迷深实战-本体库/libraries/relation/provisional/cand-relation-988dfc953bd4.json
迷深实战-本体库/libraries/relation/provisional/cand-relation-98b959eb5364.json
迷深实战-本体库/libraries/relation/provisional/cand-relation-98da63c7bdaa.json
迷深实战-本体库/libraries/relation/provisional/cand-relation-99556a2a1adf.json
迷深实战-本体库/libraries/relation/provisional/cand-relation-9960ba1fb597.json
迷深实战-本体库/libraries/relation/provisional/cand-relation-9966f9f10611.json
迷深实战-本体库/libraries/relation/provisional/cand-relation-99fe40b57008.json
迷深实战-本体库/libraries/relation/provisional/cand-relation-9a66b97ddf16.json
迷深实战-本体库/libraries/relation/provisional/cand-relation-9a859ba0df6b.json
迷深实战-本体库/libraries/relation/provisional/cand-relation-9ab08450ae94.json
迷深实战-本体库/libraries/relation/provisional/cand-relation-9acd7daabe16.json
迷深实战-本体库/libraries/relation/provisional/cand-relation-9b475422a4b9.json
迷深实战-本体库/libraries/relation/provisional/cand-relation-9b6b8ba63a69.json
迷深实战-本体库/libraries/relation/provisional/cand-relation-9b869bea03ba.json
迷深实战-本体库/libraries/relation/provisional/cand-relation-9bd698a55304.json
迷深实战-本体库/libraries/relation/provisional/cand-relation-9c1fad0ba13d.json
迷深实战-本体库/libraries/relation/provisional/cand-relation-9c2106af0248.json
迷深实战-本体库/libraries/relation/provisional/cand-relation-9cc03a0ef8ff.json
迷深实战-本体库/libraries/relation/provisional/cand-relation-9cec3c35cda5.json
迷深实战-本体库/libraries/relation/provisional/cand-relation-9d0dd7eb3c1f.json
迷深实战-本体库/libraries/relation/provisional/cand-relation-9d1a99ccb1b5.json
迷深实战-本体库/libraries/relation/provisional/cand-relation-9d3866f7d555.json
迷深实战-本体库/libraries/relation/provisional/cand-relation-9d3fd9e7dc93.json
迷深实战-本体库/libraries/relation/provisional/cand-relation-9d4dc6c4f452.json
迷深实战-本体库/libraries/relation/provisional/cand-relation-9d5a1a5303a6.json
迷深实战-本体库/libraries/relation/provisional/cand-relation-9d67f98d1b50.json
迷深实战-本体库/libraries/relation/provisional/cand-relation-9dc7bbbcbe91.json
迷深实战-本体库/libraries/relation/provisional/cand-relation-9dcacb94c45a.json
迷深实战-本体库/libraries/relation/provisional/cand-relation-9de54b12d999.json
迷深实战-本体库/libraries/relation/provisional/cand-relation-9e246cea2571.json
迷深实战-本体库/libraries/relation/provisional/cand-relation-9e7e1096af86.json
迷深实战-本体库/libraries/relation/provisional/cand-relation-9e8ea443541f.json
迷深实战-本体库/libraries/relation/provisional/cand-relation-9e9eadd51347.json
迷深实战-本体库/libraries/relation/provisional/cand-relation-9ea64c701682.json
迷深实战-本体库/libraries/relation/provisional/cand-relation-9ebb7fcded4a.json
迷深实战-本体库/libraries/relation/provisional/cand-relation-9ec325d62c93.json
迷深实战-本体库/libraries/relation/provisional/cand-relation-9f57f0e994fa.json
迷深实战-本体库/libraries/relation/provisional/cand-relation-9f596a9f84e0.json
迷深实战-本体库/libraries/relation/provisional/cand-relation-9f674f902374.json
迷深实战-本体库/libraries/relation/provisional/cand-relation-9fa130ec430a.json
迷深实战-本体库/libraries/relation/provisional/cand-relation-9ff94d0f8285.json
迷深实战-本体库/libraries/relation/provisional/cand-relation-9ff97911ddc2.json
迷深实战-本体库/libraries/relation/provisional/cand-relation-a00c18db4de1.json
迷深实战-本体库/libraries/relation/provisional/cand-relation-a03ad4757958.json
迷深实战-本体库/libraries/relation/provisional/cand-relation-a057712f0cca.json
迷深实战-本体库/libraries/relation/provisional/cand-relation-a05ecee71bfe.json
迷深实战-本体库/libraries/relation/provisional/cand-relation-a09202b86782-m.json
迷深实战-本体库/libraries/relation/provisional/cand-relation-a09202b86782.json
迷深实战-本体库/libraries/relation/provisional/cand-relation-a09aba0b8223.json
迷深实战-本体库/libraries/relation/provisional/cand-relation-a0d2c62b219a.json
迷深实战-本体库/libraries/relation/provisional/cand-relation-a0e3d32300c7.json
迷深实战-本体库/libraries/relation/provisional/cand-relation-a15c88873d7f.json
迷深实战-本体库/libraries/relation/provisional/cand-relation-a15f5d6a756a.json
迷深实战-本体库/libraries/relation/provisional/cand-relation-a1a6d0a9b812.json
迷深实战-本体库/libraries/relation/provisional/cand-relation-a1b9e11491f5.json
迷深实战-本体库/libraries/relation/provisional/cand-relation-a2668c9268ef.json
迷深实战-本体库/libraries/relation/provisional/cand-relation-a2ccb28541fb.json
迷深实战-本体库/libraries/relation/provisional/cand-relation-a2f2ebb07e74.json
迷深实战-本体库/libraries/relation/provisional/cand-relation-a2f621b0f30c.json
迷深实战-本体库/libraries/relation/provisional/cand-relation-a2fd21b12cf3.json
迷深实战-本体库/libraries/relation/provisional/cand-relation-a32568249def.json
迷深实战-本体库/libraries/relation/provisional/cand-relation-a32f16bfdcb0-m2.json
迷深实战-本体库/libraries/relation/provisional/cand-relation-a32f16bfdcb0.json
迷深实战-本体库/libraries/relation/provisional/cand-relation-a341d395b3ad.json
迷深实战-本体库/libraries/relation/provisional/cand-relation-a351430e2e46.json
迷深实战-本体库/libraries/relation/provisional/cand-relation-a3935f8795d9.json
迷深实战-本体库/libraries/relation/provisional/cand-relation-a3b863319800.json
迷深实战-本体库/libraries/relation/provisional/cand-relation-a3b9c41c2739.json
迷深实战-本体库/libraries/relation/provisional/cand-relation-a3c141436929.json
迷深实战-本体库/libraries/relation/provisional/cand-relation-a3c1a10776d5.json
迷深实战-本体库/libraries/relation/provisional/cand-relation-a3c618527a34.json
迷深实战-本体库/libraries/relation/provisional/cand-relation-a4396064f298.json
迷深实战-本体库/libraries/relation/provisional/cand-relation-a4488c95a275.json
迷深实战-本体库/libraries/relation/provisional/cand-relation-a4ce12404b8e.json
迷深实战-本体库/libraries/relation/provisional/cand-relation-a4dae11d7318.json
迷深实战-本体库/libraries/relation/provisional/cand-relation-a508adb3bca1.json
迷深实战-本体库/libraries/relation/provisional/cand-relation-a52b9d947794.json
迷深实战-本体库/libraries/relation/provisional/cand-relation-a52ee98ebd85-m2.json
迷深实战-本体库/libraries/relation/provisional/cand-relation-a52ee98ebd85.json
迷深实战-本体库/libraries/relation/provisional/cand-relation-a5472ecd5b97.json
迷深实战-本体库/libraries/relation/provisional/cand-relation-a55a5fd782fc.json
迷深实战-本体库/libraries/relation/provisional/cand-relation-a64bc9530785.json
迷深实战-本体库/libraries/relation/provisional/cand-relation-a673dd7a4f5e.json
迷深实战-本体库/libraries/relation/provisional/cand-relation-a67f7ff5b328.json
迷深实战-本体库/libraries/relation/provisional/cand-relation-a6a4a4cbad93.json
迷深实战-本体库/libraries/relation/provisional/cand-relation-a6b457b452f8.json
迷深实战-本体库/libraries/relation/provisional/cand-relation-a6b8badc0f40.json
迷深实战-本体库/libraries/relation/provisional/cand-relation-a6c0b2a6e7e4.json
迷深实战-本体库/libraries/relation/provisional/cand-relation-a6c9f2ec5374.json
迷深实战-本体库/libraries/relation/provisional/cand-relation-a6da172f181f.json
迷深实战-本体库/libraries/relation/provisional/cand-relation-a70c8cb8382d.json
迷深实战-本体库/libraries/relation/provisional/cand-relation-a70cbffac129.json
迷深实战-本体库/libraries/relation/provisional/cand-relation-a72411c5dff5.json
迷深实战-本体库/libraries/relation/provisional/cand-relation-a72615e28056.json
迷深实战-本体库/libraries/relation/provisional/cand-relation-a75177461621.json
迷深实战-本体库/libraries/relation/provisional/cand-relation-a7a76ea1698a.json
迷深实战-本体库/libraries/relation/provisional/cand-relation-a7a90e411604.json
迷深实战-本体库/libraries/relation/provisional/cand-relation-a7c726f4a3dd.json
迷深实战-本体库/libraries/relation/provisional/cand-relation-a7c91a216077.json
迷深实战-本体库/libraries/relation/provisional/cand-relation-a7e1a0c3b217.json
迷深实战-本体库/libraries/relation/provisional/cand-relation-a7e38aa46bff.json
迷深实战-本体库/libraries/relation/provisional/cand-relation-a7f1811d4b13.json
迷深实战-本体库/libraries/relation/provisional/cand-relation-a80598f1d378.json
迷深实战-本体库/libraries/relation/provisional/cand-relation-a807094a7ae9.json
迷深实战-本体库/libraries/relation/provisional/cand-relation-a8c9d91e6033.json
迷深实战-本体库/libraries/relation/provisional/cand-relation-a8ea3fc76755.json
迷深实战-本体库/libraries/relation/provisional/cand-relation-a9164b198327.json
迷深实战-本体库/libraries/relation/provisional/cand-relation-a9642c5e6623.json
迷深实战-本体库/libraries/relation/provisional/cand-relation-a97b79d37b35.json
迷深实战-本体库/libraries/relation/provisional/cand-relation-a9ab4e5bd2f9.json
迷深实战-本体库/libraries/relation/provisional/cand-relation-a9af2865165a.json
迷深实战-本体库/libraries/relation/provisional/cand-relation-aa0574a5dbe8.json
迷深实战-本体库/libraries/relation/provisional/cand-relation-aa2cbd5c8e10.json
迷深实战-本体库/libraries/relation/provisional/cand-relation-aa35f1c74ac7.json
迷深实战-本体库/libraries/relation/provisional/cand-relation-aa6bc79bae16.json
迷深实战-本体库/libraries/relation/provisional/cand-relation-aade8ab1a864-m.json
迷深实战-本体库/libraries/relation/provisional/cand-relation-aade8ab1a864-m3.json
迷深实战-本体库/libraries/relation/provisional/cand-relation-aade8ab1a864.json
迷深实战-本体库/libraries/relation/provisional/cand-relation-ab420fc4bf28.json
迷深实战-本体库/libraries/relation/provisional/cand-relation-ab53554a2847.json
迷深实战-本体库/libraries/relation/provisional/cand-relation-abcf45709e3c.json
迷深实战-本体库/libraries/relation/provisional/cand-relation-abe6d3c71f38.json
迷深实战-本体库/libraries/relation/provisional/cand-relation-ac3583dd095f.json
迷深实战-本体库/libraries/relation/provisional/cand-relation-ac45fe8d2cca.json
迷深实战-本体库/libraries/relation/provisional/cand-relation-acec45a83117.json
迷深实战-本体库/libraries/relation/provisional/cand-relation-ad0876bc80c6.json
迷深实战-本体库/libraries/relation/provisional/cand-relation-ad1e8ecb43c5.json
迷深实战-本体库/libraries/relation/provisional/cand-relation-ad2404711743.json
迷深实战-本体库/libraries/relation/provisional/cand-relation-ad245a21621f.json
迷深实战-本体库/libraries/relation/provisional/cand-relation-ad2e347786d7.json
迷深实战-本体库/libraries/relation/provisional/cand-relation-ad4307901916.json
迷深实战-本体库/libraries/relation/provisional/cand-relation-ad62d1c9a33f.json
迷深实战-本体库/libraries/relation/provisional/cand-relation-ad9fdfad5889.json
迷深实战-本体库/libraries/relation/provisional/cand-relation-adb18e1a383e.json
迷深实战-本体库/libraries/relation/provisional/cand-relation-adc66d77427f.json
迷深实战-本体库/libraries/relation/provisional/cand-relation-ae041870eaa0.json
迷深实战-本体库/libraries/relation/provisional/cand-relation-ae50036d04b2.json
迷深实战-本体库/libraries/relation/provisional/cand-relation-ae6a379d0683.json
迷深实战-本体库/libraries/relation/provisional/cand-relation-ae830bfe8a72.json
迷深实战-本体库/libraries/relation/provisional/cand-relation-aea3ec42e305.json
迷深实战-本体库/libraries/relation/provisional/cand-relation-af4549391d18.json
迷深实战-本体库/libraries/relation/provisional/cand-relation-af5b01a7e299.json
迷深实战-本体库/libraries/relation/provisional/cand-relation-b0037f734ba5.json
迷深实战-本体库/libraries/relation/provisional/cand-relation-b01a54819597.json
迷深实战-本体库/libraries/relation/provisional/cand-relation-b0269001a1c2.json
迷深实战-本体库/libraries/relation/provisional/cand-relation-b0557b3caa86.json
迷深实战-本体库/libraries/relation/provisional/cand-relation-b05991bfa668.json
迷深实战-本体库/libraries/relation/provisional/cand-relation-b072695a9a00.json
迷深实战-本体库/libraries/relation/provisional/cand-relation-b09cfea504a3.json
迷深实战-本体库/libraries/relation/provisional/cand-relation-b0bfb29b2a92.json
迷深实战-本体库/libraries/relation/provisional/cand-relation-b0d0e3666a74.json
迷深实战-本体库/libraries/relation/provisional/cand-relation-b0d9ec1bf077.json
迷深实战-本体库/libraries/relation/provisional/cand-relation-b192ce5b2784.json
迷深实战-本体库/libraries/relation/provisional/cand-relation-b1b53f2b65f7.json
迷深实战-本体库/libraries/relation/provisional/cand-relation-b1fd42e00bdb.json
迷深实战-本体库/libraries/relation/provisional/cand-relation-b21863d37c67.json
迷深实战-本体库/libraries/relation/provisional/cand-relation-b22a85c141fa.json
迷深实战-本体库/libraries/relation/provisional/cand-relation-b265d1d22154.json
迷深实战-本体库/libraries/relation/provisional/cand-relation-b26a3dcadb55.json
迷深实战-本体库/libraries/relation/provisional/cand-relation-b2ac03ef1412.json
迷深实战-本体库/libraries/relation/provisional/cand-relation-b2d32adac67a.json
迷深实战-本体库/libraries/relation/provisional/cand-relation-b2f172da3785.json
迷深实战-本体库/libraries/relation/provisional/cand-relation-b30320a1e03e.json
迷深实战-本体库/libraries/relation/provisional/cand-relation-b32e99d1551a.json
迷深实战-本体库/libraries/relation/provisional/cand-relation-b3412fe7eb90.json
迷深实战-本体库/libraries/relation/provisional/cand-relation-b34dd9d7cbab.json
迷深实战-本体库/libraries/relation/provisional/cand-relation-b3b11a53c25d.json
迷深实战-本体库/libraries/relation/provisional/cand-relation-b3e250da732c.json
迷深实战-本体库/libraries/relation/provisional/cand-relation-b3e6dfb1628e.json
迷深实战-本体库/libraries/relation/provisional/cand-relation-b3eebd89a89d.json
迷深实战-本体库/libraries/relation/provisional/cand-relation-b3f4e47ef511.json
迷深实战-本体库/libraries/relation/provisional/cand-relation-b3fc2e04aa26.json
迷深实战-本体库/libraries/relation/provisional/cand-relation-b43024585b22.json
迷深实战-本体库/libraries/relation/provisional/cand-relation-b49fd4f4693a.json
迷深实战-本体库/libraries/relation/provisional/cand-relation-b4b51c119317.json
迷深实战-本体库/libraries/relation/provisional/cand-relation-b4ef11a77946.json
迷深实战-本体库/libraries/relation/provisional/cand-relation-b4f691b809a9.json
迷深实战-本体库/libraries/relation/provisional/cand-relation-b509a3fe2838.json
迷深实战-本体库/libraries/relation/provisional/cand-relation-b51119a07167.json
迷深实战-本体库/libraries/relation/provisional/cand-relation-b538857524e1.json
迷深实战-本体库/libraries/relation/provisional/cand-relation-b588d8139972.json
迷深实战-本体库/libraries/relation/provisional/cand-relation-b59deb1b905b.json
迷深实战-本体库/libraries/relation/provisional/cand-relation-b5a42aac3cc8.json
迷深实战-本体库/libraries/relation/provisional/cand-relation-b5cebb4f0819.json
迷深实战-本体库/libraries/relation/provisional/cand-relation-b5d44f8887f5.json
迷深实战-本体库/libraries/relation/provisional/cand-relation-b5fec449643f.json
迷深实战-本体库/libraries/relation/provisional/cand-relation-b600d6d856d4.json
迷深实战-本体库/libraries/relation/provisional/cand-relation-b613cbd16ad2.json
迷深实战-本体库/libraries/relation/provisional/cand-relation-b65672418617.json
迷深实战-本体库/libraries/relation/provisional/cand-relation-b67bb0bf9f6b.json
迷深实战-本体库/libraries/relation/provisional/cand-relation-b6832ec9a14c.json
迷深实战-本体库/libraries/relation/provisional/cand-relation-b6ec64e05ef6.json
迷深实战-本体库/libraries/relation/provisional/cand-relation-b70585eb9295.json
迷深实战-本体库/libraries/relation/provisional/cand-relation-b7159286ecb2.json
迷深实战-本体库/libraries/relation/provisional/cand-relation-b741a4425507.json
迷深实战-本体库/libraries/relation/provisional/cand-relation-b756339f4401.json
迷深实战-本体库/libraries/relation/provisional/cand-relation-b79435f3f446.json
迷深实战-本体库/libraries/relation/provisional/cand-relation-b7c7ffa76314.json
迷深实战-本体库/libraries/relation/provisional/cand-relation-b7d76321f82a.json
迷深实战-本体库/libraries/relation/provisional/cand-relation-b80ac16fe285.json
迷深实战-本体库/libraries/relation/provisional/cand-relation-b8132da19f3b.json
迷深实战-本体库/libraries/relation/provisional/cand-relation-b8302d34a603.json
迷深实战-本体库/libraries/relation/provisional/cand-relation-b831a4e7c771.json
迷深实战-本体库/libraries/relation/provisional/cand-relation-b8814ec2c379.json
迷深实战-本体库/libraries/relation/provisional/cand-relation-b8b200045d1e.json
迷深实战-本体库/libraries/relation/provisional/cand-relation-b8b7e79c0051.json
迷深实战-本体库/libraries/relation/provisional/cand-relation-b8e6b09a5513.json
迷深实战-本体库/libraries/relation/provisional/cand-relation-b8ff7b89f2ee.json
迷深实战-本体库/libraries/relation/provisional/cand-relation-b90b98c1eddc.json
迷深实战-本体库/libraries/relation/provisional/cand-relation-b94b61e492d0.json
迷深实战-本体库/libraries/relation/provisional/cand-relation-b961bed3a8c8.json
迷深实战-本体库/libraries/relation/provisional/cand-relation-b97b0ec40c30.json
迷深实战-本体库/libraries/relation/provisional/cand-relation-b9db269c23b2.json
迷深实战-本体库/libraries/relation/provisional/cand-relation-b9e0779168d6.json
迷深实战-本体库/libraries/relation/provisional/cand-relation-ba204ea52818.json
迷深实战-本体库/libraries/relation/provisional/cand-relation-ba28b402baa3.json
迷深实战-本体库/libraries/relation/provisional/cand-relation-ba714222423a.json
迷深实战-本体库/libraries/relation/provisional/cand-relation-ba7be1b1f48b.json
迷深实战-本体库/libraries/relation/provisional/cand-relation-ba9bf2556e80.json
迷深实战-本体库/libraries/relation/provisional/cand-relation-baa9f800f71c-m.json
迷深实战-本体库/libraries/relation/provisional/cand-relation-baa9f800f71c.json
迷深实战-本体库/libraries/relation/provisional/cand-relation-bac4296d8363.json
迷深实战-本体库/libraries/relation/provisional/cand-relation-bae509e82144.json
迷深实战-本体库/libraries/relation/provisional/cand-relation-baec1ad86859.json
迷深实战-本体库/libraries/relation/provisional/cand-relation-bb258fb9160e.json
迷深实战-本体库/libraries/relation/provisional/cand-relation-bb3eb76d9d14.json
迷深实战-本体库/libraries/relation/provisional/cand-relation-bb7b288f16f9.json
迷深实战-本体库/libraries/relation/provisional/cand-relation-bba99abeabae.json
迷深实战-本体库/libraries/relation/provisional/cand-relation-bbb0fb98988c-m2.json
迷深实战-本体库/libraries/relation/provisional/cand-relation-bbb0fb98988c.json
迷深实战-本体库/libraries/relation/provisional/cand-relation-bbd4b89bec52.json
迷深实战-本体库/libraries/relation/provisional/cand-relation-bbe4288fe130.json
迷深实战-本体库/libraries/relation/provisional/cand-relation-bc175db0d39f.json
迷深实战-本体库/libraries/relation/provisional/cand-relation-bcb4e471c8e8.json
迷深实战-本体库/libraries/relation/provisional/cand-relation-bcbd9fa960dc.json
迷深实战-本体库/libraries/relation/provisional/cand-relation-bce923ceff59.json
迷深实战-本体库/libraries/relation/provisional/cand-relation-bd4ca0d1d4c6.json
迷深实战-本体库/libraries/relation/provisional/cand-relation-bd68f12d68bf.json
迷深实战-本体库/libraries/relation/provisional/cand-relation-bdbe6f65db24.json
迷深实战-本体库/libraries/relation/provisional/cand-relation-bde3f1043752.json
迷深实战-本体库/libraries/relation/provisional/cand-relation-bded7d19c5c8.json
迷深实战-本体库/libraries/relation/provisional/cand-relation-be5f050ddc41.json
迷深实战-本体库/libraries/relation/provisional/cand-relation-be6981afc2df.json
迷深实战-本体库/libraries/relation/provisional/cand-relation-be69af94723b.json
迷深实战-本体库/libraries/relation/provisional/cand-relation-be924437090a.json
迷深实战-本体库/libraries/relation/provisional/cand-relation-bea8d83e11f4.json
迷深实战-本体库/libraries/relation/provisional/cand-relation-beb510893676.json
迷深实战-本体库/libraries/relation/provisional/cand-relation-beec13f5212e.json
迷深实战-本体库/libraries/relation/provisional/cand-relation-befe3bf9d6d6.json
迷深实战-本体库/libraries/relation/provisional/cand-relation-bf0e9b94897f.json
迷深实战-本体库/libraries/relation/provisional/cand-relation-bf4c9b6ec23c.json
迷深实战-本体库/libraries/relation/provisional/cand-relation-bf9149a72d1b.json
迷深实战-本体库/libraries/relation/provisional/cand-relation-bfc84688fd32-m.json
迷深实战-本体库/libraries/relation/provisional/cand-relation-bfc84688fd32.json
迷深实战-本体库/libraries/relation/provisional/cand-relation-bfd5064b0570.json
迷深实战-本体库/libraries/relation/provisional/cand-relation-c01c44b86db9.json
迷深实战-本体库/libraries/relation/provisional/cand-relation-c01f5db92e98.json
迷深实战-本体库/libraries/relation/provisional/cand-relation-c09323604488.json
迷深实战-本体库/libraries/relation/provisional/cand-relation-c0a73f614e8b.json
迷深实战-本体库/libraries/relation/provisional/cand-relation-c0c25f0b5a8d.json
迷深实战-本体库/libraries/relation/provisional/cand-relation-c0da54cdd158.json
迷深实战-本体库/libraries/relation/provisional/cand-relation-c1136a06023d.json
迷深实战-本体库/libraries/relation/provisional/cand-relation-c11ca1e4599f.json
迷深实战-本体库/libraries/relation/provisional/cand-relation-c1b66de21902.json
迷深实战-本体库/libraries/relation/provisional/cand-relation-c1eec41ba9ca-m.json
迷深实战-本体库/libraries/relation/provisional/cand-relation-c1eec41ba9ca.json
迷深实战-本体库/libraries/relation/provisional/cand-relation-c2057ae1dc44-m2.json
迷深实战-本体库/libraries/relation/provisional/cand-relation-c2057ae1dc44.json
迷深实战-本体库/libraries/relation/provisional/cand-relation-c21da61699bc.json
迷深实战-本体库/libraries/relation/provisional/cand-relation-c2326d106dad.json
迷深实战-本体库/libraries/relation/provisional/cand-relation-c23e56c93da1.json
迷深实战-本体库/libraries/relation/provisional/cand-relation-c26bb2931318.json
迷深实战-本体库/libraries/relation/provisional/cand-relation-c27e0808f6d2.json
迷深实战-本体库/libraries/relation/provisional/cand-relation-c2d9021a611b.json
迷深实战-本体库/libraries/relation/provisional/cand-relation-c2ea73868632.json
迷深实战-本体库/libraries/relation/provisional/cand-relation-c302ec5d4e87.json
迷深实战-本体库/libraries/relation/provisional/cand-relation-c3192faa62f3.json
迷深实战-本体库/libraries/relation/provisional/cand-relation-c3385cba16c2.json
迷深实战-本体库/libraries/relation/provisional/cand-relation-c348462bc91b.json
迷深实战-本体库/libraries/relation/provisional/cand-relation-c34b9a8f65b6.json
迷深实战-本体库/libraries/relation/provisional/cand-relation-c398f73754f8.json
迷深实战-本体库/libraries/relation/provisional/cand-relation-c39f4b31aa28.json
迷深实战-本体库/libraries/relation/provisional/cand-relation-c3a0c6504c4d.json
迷深实战-本体库/libraries/relation/provisional/cand-relation-c3cebd334e12.json
迷深实战-本体库/libraries/relation/provisional/cand-relation-c3e46d3a3cb1.json
迷深实战-本体库/libraries/relation/provisional/cand-relation-c400f918559a.json
迷深实战-本体库/libraries/relation/provisional/cand-relation-c4438c3eefc1.json
迷深实战-本体库/libraries/relation/provisional/cand-relation-c4560c7b4f11.json
迷深实战-本体库/libraries/relation/provisional/cand-relation-c461a4a0e10b.json
迷深实战-本体库/libraries/relation/provisional/cand-relation-c4e0037d1bab-m2.json
迷深实战-本体库/libraries/relation/provisional/cand-relation-c4e0037d1bab.json
迷深实战-本体库/libraries/relation/provisional/cand-relation-c517ff6194ee.json
迷深实战-本体库/libraries/relation/provisional/cand-relation-c57d97ca356e.json
迷深实战-本体库/libraries/relation/provisional/cand-relation-c588c03fac8d.json
迷深实战-本体库/libraries/relation/provisional/cand-relation-c5a3a599cf32.json
迷深实战-本体库/libraries/relation/provisional/cand-relation-c5a6d827f8d6.json
迷深实战-本体库/libraries/relation/provisional/cand-relation-c5cff759de35.json
迷深实战-本体库/libraries/relation/provisional/cand-relation-c5ee2f569dec.json
迷深实战-本体库/libraries/relation/provisional/cand-relation-c635753b250f.json
迷深实战-本体库/libraries/relation/provisional/cand-relation-c6ec0f95872e.json
迷深实战-本体库/libraries/relation/provisional/cand-relation-c71560eba610.json
迷深实战-本体库/libraries/relation/provisional/cand-relation-c74a68b7b51e.json
迷深实战-本体库/libraries/relation/provisional/cand-relation-c7590463becb.json
迷深实战-本体库/libraries/relation/provisional/cand-relation-c770c990ac53.json
迷深实战-本体库/libraries/relation/provisional/cand-relation-c7858eb1c430.json
迷深实战-本体库/libraries/relation/provisional/cand-relation-c7a2568431da.json
迷深实战-本体库/libraries/relation/provisional/cand-relation-c7c1f74d73ad.json
迷深实战-本体库/libraries/relation/provisional/cand-relation-c84edadbebb6.json
迷深实战-本体库/libraries/relation/provisional/cand-relation-c853287847a0.json
迷深实战-本体库/libraries/relation/provisional/cand-relation-c8c1119a3c00-m2.json
迷深实战-本体库/libraries/relation/provisional/cand-relation-c8c1119a3c00-m3.json
迷深实战-本体库/libraries/relation/provisional/cand-relation-c8c1119a3c00.json
迷深实战-本体库/libraries/relation/provisional/cand-relation-c8c64c199930.json
迷深实战-本体库/libraries/relation/provisional/cand-relation-c91055939569.json
迷深实战-本体库/libraries/relation/provisional/cand-relation-c9138c64ffcc.json
迷深实战-本体库/libraries/relation/provisional/cand-relation-c9243a1f7d03.json
迷深实战-本体库/libraries/relation/provisional/cand-relation-c95075d25d8f.json
迷深实战-本体库/libraries/relation/provisional/cand-relation-c955838f453c.json
迷深实战-本体库/libraries/relation/provisional/cand-relation-c9795638bf65.json
迷深实战-本体库/libraries/relation/provisional/cand-relation-c9dd69c084a8.json
迷深实战-本体库/libraries/relation/provisional/cand-relation-c9e11bb4e064.json
迷深实战-本体库/libraries/relation/provisional/cand-relation-ca1390fe8edf.json
迷深实战-本体库/libraries/relation/provisional/cand-relation-ca9ecdd921f2.json
迷深实战-本体库/libraries/relation/provisional/cand-relation-caba424267b6.json
迷深实战-本体库/libraries/relation/provisional/cand-relation-cba1925b3862.json
迷深实战-本体库/libraries/relation/provisional/cand-relation-cbb1c3e8e805.json
迷深实战-本体库/libraries/relation/provisional/cand-relation-cbea818f9c1f.json
迷深实战-本体库/libraries/relation/provisional/cand-relation-cbed642d8609.json
迷深实战-本体库/libraries/relation/provisional/cand-relation-cc7c5c8fd9b4.json
迷深实战-本体库/libraries/relation/provisional/cand-relation-cc931d21804c.json
迷深实战-本体库/libraries/relation/provisional/cand-relation-ccd07cbf85c7.json
迷深实战-本体库/libraries/relation/provisional/cand-relation-ccd54202078d.json
迷深实战-本体库/libraries/relation/provisional/cand-relation-cce16a737c96.json
迷深实战-本体库/libraries/relation/provisional/cand-relation-cce77fb7294e.json
迷深实战-本体库/libraries/relation/provisional/cand-relation-ccf0f2191964.json
迷深实战-本体库/libraries/relation/provisional/cand-relation-ccf3e3120315.json
迷深实战-本体库/libraries/relation/provisional/cand-relation-cd1ed4f4ce8f.json
迷深实战-本体库/libraries/relation/provisional/cand-relation-cd602d175e0b.json
迷深实战-本体库/libraries/relation/provisional/cand-relation-cd735eed5fa6.json
迷深实战-本体库/libraries/relation/provisional/cand-relation-cd993f845362.json
迷深实战-本体库/libraries/relation/provisional/cand-relation-cdb8b6eb38a8.json
迷深实战-本体库/libraries/relation/provisional/cand-relation-cdd09041c692.json
迷深实战-本体库/libraries/relation/provisional/cand-relation-ce5af2abf208.json
迷深实战-本体库/libraries/relation/provisional/cand-relation-ce7798b8eb78.json
迷深实战-本体库/libraries/relation/provisional/cand-relation-cea78fa62f4f.json
迷深实战-本体库/libraries/relation/provisional/cand-relation-cf0d8e55a752.json
迷深实战-本体库/libraries/relation/provisional/cand-relation-cf0e14c1c1a5.json
迷深实战-本体库/libraries/relation/provisional/cand-relation-cf284ec25297.json
迷深实战-本体库/libraries/relation/provisional/cand-relation-cf641cf7c4f5.json
迷深实战-本体库/libraries/relation/provisional/cand-relation-cf8b63b4411d.json
迷深实战-本体库/libraries/relation/provisional/cand-relation-cfcd7de78c2f.json
迷深实战-本体库/libraries/relation/provisional/cand-relation-cff0cfa63963.json
迷深实战-本体库/libraries/relation/provisional/cand-relation-d02ab5a8edc5.json
迷深实战-本体库/libraries/relation/provisional/cand-relation-d057638e8452.json
迷深实战-本体库/libraries/relation/provisional/cand-relation-d0ccc0ea2c35.json
迷深实战-本体库/libraries/relation/provisional/cand-relation-d10ee641bcb3.json
迷深实战-本体库/libraries/relation/provisional/cand-relation-d12cb42a3381.json
迷深实战-本体库/libraries/relation/provisional/cand-relation-d18079e2410e.json
迷深实战-本体库/libraries/relation/provisional/cand-relation-d1ab454274f9.json
迷深实战-本体库/libraries/relation/provisional/cand-relation-d1ae576d1898.json
迷深实战-本体库/libraries/relation/provisional/cand-relation-d1d5572bbee7.json
迷深实战-本体库/libraries/relation/provisional/cand-relation-d1f6b72384c1.json
迷深实战-本体库/libraries/relation/provisional/cand-relation-d22a5213ef14.json
迷深实战-本体库/libraries/relation/provisional/cand-relation-d23c127329cc-m.json
迷深实战-本体库/libraries/relation/provisional/cand-relation-d23c127329cc.json
迷深实战-本体库/libraries/relation/provisional/cand-relation-d24959e43fd9.json
迷深实战-本体库/libraries/relation/provisional/cand-relation-d24b43607145.json
迷深实战-本体库/libraries/relation/provisional/cand-relation-d262ba31ef62.json
迷深实战-本体库/libraries/relation/provisional/cand-relation-d273bc9a830e.json
迷深实战-本体库/libraries/relation/provisional/cand-relation-d27710777515.json
迷深实战-本体库/libraries/relation/provisional/cand-relation-d28ba1521937.json
迷深实战-本体库/libraries/relation/provisional/cand-relation-d2aa282f09d3.json
迷深实战-本体库/libraries/relation/provisional/cand-relation-d2b6228dcdcc.json
迷深实战-本体库/libraries/relation/provisional/cand-relation-d2e50befd8ec.json
迷深实战-本体库/libraries/relation/provisional/cand-relation-d3041d990bf0.json
迷深实战-本体库/libraries/relation/provisional/cand-relation-d33cf54e4a11.json
迷深实战-本体库/libraries/relation/provisional/cand-relation-d349b405cf31.json
迷深实战-本体库/libraries/relation/provisional/cand-relation-d34e90b42d98.json
迷深实战-本体库/libraries/relation/provisional/cand-relation-d3898ad6aba6-m2.json
迷深实战-本体库/libraries/relation/provisional/cand-relation-d3898ad6aba6.json
迷深实战-本体库/libraries/relation/provisional/cand-relation-d395ef8681ec.json
迷深实战-本体库/libraries/relation/provisional/cand-relation-d3c165a71254.json
迷深实战-本体库/libraries/relation/provisional/cand-relation-d3f3ee80752d.json
迷深实战-本体库/libraries/relation/provisional/cand-relation-d411d72ae741.json
迷深实战-本体库/libraries/relation/provisional/cand-relation-d43a120caa97.json
迷深实战-本体库/libraries/relation/provisional/cand-relation-d47cb0e19608.json
迷深实战-本体库/libraries/relation/provisional/cand-relation-d4861d488804.json
迷深实战-本体库/libraries/relation/provisional/cand-relation-d4885728a624.json
迷深实战-本体库/libraries/relation/provisional/cand-relation-d488e3fbe1d4.json
迷深实战-本体库/libraries/relation/provisional/cand-relation-d4bcfef4e014.json
迷深实战-本体库/libraries/relation/provisional/cand-relation-d4c2a14080c8.json
迷深实战-本体库/libraries/relation/provisional/cand-relation-d53850fc4628.json
迷深实战-本体库/libraries/relation/provisional/cand-relation-d556a9d45b8c.json
迷深实战-本体库/libraries/relation/provisional/cand-relation-d55ee9c96215.json
迷深实战-本体库/libraries/relation/provisional/cand-relation-d56423669f1a.json
迷深实战-本体库/libraries/relation/provisional/cand-relation-d56a7574f6c1.json
迷深实战-本体库/libraries/relation/provisional/cand-relation-d59fec86f8e9.json
迷深实战-本体库/libraries/relation/provisional/cand-relation-d5d8ead01246.json
迷深实战-本体库/libraries/relation/provisional/cand-relation-d5e03a3ee7a2.json
迷深实战-本体库/libraries/relation/provisional/cand-relation-d610f735b66e.json
迷深实战-本体库/libraries/relation/provisional/cand-relation-d63d59409991.json
迷深实战-本体库/libraries/relation/provisional/cand-relation-d688075d7235.json
迷深实战-本体库/libraries/relation/provisional/cand-relation-d6c56a00a77b.json
迷深实战-本体库/libraries/relation/provisional/cand-relation-d6e75dc2fa96.json
迷深实战-本体库/libraries/relation/provisional/cand-relation-d6fb63053d55.json
迷深实战-本体库/libraries/relation/provisional/cand-relation-d717a4e3d2dd.json
迷深实战-本体库/libraries/relation/provisional/cand-relation-d72fd9460603.json
迷深实战-本体库/libraries/relation/provisional/cand-relation-d7403e5c33ac.json
迷深实战-本体库/libraries/relation/provisional/cand-relation-d7431cc6bab8.json
迷深实战-本体库/libraries/relation/provisional/cand-relation-d74db08e4b0f.json
迷深实战-本体库/libraries/relation/provisional/cand-relation-d76bf142eeb0.json
迷深实战-本体库/libraries/relation/provisional/cand-relation-d77e2dcfd088.json
迷深实战-本体库/libraries/relation/provisional/cand-relation-d78fd5e1343e.json
迷深实战-本体库/libraries/relation/provisional/cand-relation-d7f9d2970dc6.json
迷深实战-本体库/libraries/relation/provisional/cand-relation-d7faa4fe6a4a.json
迷深实战-本体库/libraries/relation/provisional/cand-relation-d82d3097c7b8.json
迷深实战-本体库/libraries/relation/provisional/cand-relation-d846868651d2.json
迷深实战-本体库/libraries/relation/provisional/cand-relation-d854ce9c5027.json
迷深实战-本体库/libraries/relation/provisional/cand-relation-d85ff990d741.json
迷深实战-本体库/libraries/relation/provisional/cand-relation-d8767109c1d3.json
迷深实战-本体库/libraries/relation/provisional/cand-relation-d89c8e50991a.json
迷深实战-本体库/libraries/relation/provisional/cand-relation-d8d56438bbb3.json
迷深实战-本体库/libraries/relation/provisional/cand-relation-d903efc147ec.json
迷深实战-本体库/libraries/relation/provisional/cand-relation-d928e921173c.json
迷深实战-本体库/libraries/relation/provisional/cand-relation-d930dbf8944c.json
迷深实战-本体库/libraries/relation/provisional/cand-relation-d93b757b0d09.json
迷深实战-本体库/libraries/relation/provisional/cand-relation-d943bb9796eb.json
迷深实战-本体库/libraries/relation/provisional/cand-relation-d94496ac806b.json
迷深实战-本体库/libraries/relation/provisional/cand-relation-d96104447d8b.json
迷深实战-本体库/libraries/relation/provisional/cand-relation-da279f66f46b.json
迷深实战-本体库/libraries/relation/provisional/cand-relation-da3fa7e15ba1.json
迷深实战-本体库/libraries/relation/provisional/cand-relation-da4744466164.json
迷深实战-本体库/libraries/relation/provisional/cand-relation-da5398d6e893.json
迷深实战-本体库/libraries/relation/provisional/cand-relation-daa96ccacd19.json
迷深实战-本体库/libraries/relation/provisional/cand-relation-dac30d53dfe3.json
迷深实战-本体库/libraries/relation/provisional/cand-relation-dad024ddbb17.json
迷深实战-本体库/libraries/relation/provisional/cand-relation-db219a193e4d.json
迷深实战-本体库/libraries/relation/provisional/cand-relation-dbbeef876069.json
迷深实战-本体库/libraries/relation/provisional/cand-relation-dbcedde04e17.json
迷深实战-本体库/libraries/relation/provisional/cand-relation-dbd58b0e534a.json
迷深实战-本体库/libraries/relation/provisional/cand-relation-dbd945df0b1f.json
迷深实战-本体库/libraries/relation/provisional/cand-relation-dc049ae6d9c4.json
迷深实战-本体库/libraries/relation/provisional/cand-relation-dc05d8728b2b.json
迷深实战-本体库/libraries/relation/provisional/cand-relation-dc524fcccca4.json
迷深实战-本体库/libraries/relation/provisional/cand-relation-dc6fc982c61b.json
迷深实战-本体库/libraries/relation/provisional/cand-relation-dc8592a04f5f.json
迷深实战-本体库/libraries/relation/provisional/cand-relation-dcac5bb82f17.json
迷深实战-本体库/libraries/relation/provisional/cand-relation-dcb35e917be7.json
迷深实战-本体库/libraries/relation/provisional/cand-relation-dd2665a10b73.json
迷深实战-本体库/libraries/relation/provisional/cand-relation-dd6de39f869b-m2.json
迷深实战-本体库/libraries/relation/provisional/cand-relation-dd6de39f869b.json
迷深实战-本体库/libraries/relation/provisional/cand-relation-dd8d918bd101.json
迷深实战-本体库/libraries/relation/provisional/cand-relation-ddbe30e5fe0f.json
迷深实战-本体库/libraries/relation/provisional/cand-relation-ddbf17d59ef2.json
迷深实战-本体库/libraries/relation/provisional/cand-relation-de124d6d7d73.json
迷深实战-本体库/libraries/relation/provisional/cand-relation-de2322378fb0.json
迷深实战-本体库/libraries/relation/provisional/cand-relation-de4b6bf1c687.json
迷深实战-本体库/libraries/relation/provisional/cand-relation-deb470a73d25.json
迷深实战-本体库/libraries/relation/provisional/cand-relation-df010f9cf3e0.json
迷深实战-本体库/libraries/relation/provisional/cand-relation-df2729adfec5.json
迷深实战-本体库/libraries/relation/provisional/cand-relation-df34cfb69326.json
迷深实战-本体库/libraries/relation/provisional/cand-relation-df4eafdbf4ce.json
迷深实战-本体库/libraries/relation/provisional/cand-relation-df58e3e84c6e.json
迷深实战-本体库/libraries/relation/provisional/cand-relation-df62b9f250ff.json
迷深实战-本体库/libraries/relation/provisional/cand-relation-df6f5341c250.json
迷深实战-本体库/libraries/relation/provisional/cand-relation-dfa0aad92768.json
迷深实战-本体库/libraries/relation/provisional/cand-relation-dfc43ade1c46.json
迷深实战-本体库/libraries/relation/provisional/cand-relation-e005f8088aa7.json
迷深实战-本体库/libraries/relation/provisional/cand-relation-e065ff9a9d04.json
迷深实战-本体库/libraries/relation/provisional/cand-relation-e06f05b82821.json
迷深实战-本体库/libraries/relation/provisional/cand-relation-e07d9282f59e.json
迷深实战-本体库/libraries/relation/provisional/cand-relation-e08867105814.json
迷深实战-本体库/libraries/relation/provisional/cand-relation-e0890beb5ca1.json
迷深实战-本体库/libraries/relation/provisional/cand-relation-e0c2ce7b8086.json
迷深实战-本体库/libraries/relation/provisional/cand-relation-e0cbd87606ee.json
迷深实战-本体库/libraries/relation/provisional/cand-relation-e12fdd600f6a.json
迷深实战-本体库/libraries/relation/provisional/cand-relation-e157e634d8f8.json
迷深实战-本体库/libraries/relation/provisional/cand-relation-e1d95a4a72aa.json
迷深实战-本体库/libraries/relation/provisional/cand-relation-e2293903ca38.json
迷深实战-本体库/libraries/relation/provisional/cand-relation-e250dc836454.json
迷深实战-本体库/libraries/relation/provisional/cand-relation-e26226cc57d1.json
迷深实战-本体库/libraries/relation/provisional/cand-relation-e299410a3001.json
迷深实战-本体库/libraries/relation/provisional/cand-relation-e2b791e64a7e.json
迷深实战-本体库/libraries/relation/provisional/cand-relation-e2ba6d5e8260.json
迷深实战-本体库/libraries/relation/provisional/cand-relation-e2c723a8d86f.json
迷深实战-本体库/libraries/relation/provisional/cand-relation-e2e8f9c176e7.json
迷深实战-本体库/libraries/relation/provisional/cand-relation-e388120b511e.json
迷深实战-本体库/libraries/relation/provisional/cand-relation-e3b9badf82f8.json
迷深实战-本体库/libraries/relation/provisional/cand-relation-e3c34967beda.json
迷深实战-本体库/libraries/relation/provisional/cand-relation-e3ec9bf0022f.json
迷深实战-本体库/libraries/relation/provisional/cand-relation-e42aa069c164.json
迷深实战-本体库/libraries/relation/provisional/cand-relation-e457ae3e5961.json
迷深实战-本体库/libraries/relation/provisional/cand-relation-e472a92999c4.json
迷深实战-本体库/libraries/relation/provisional/cand-relation-e4876f582eb9.json
迷深实战-本体库/libraries/relation/provisional/cand-relation-e496d329a914.json
迷深实战-本体库/libraries/relation/provisional/cand-relation-e49ae573e0eb.json
迷深实战-本体库/libraries/relation/provisional/cand-relation-e4a7367cf744.json
迷深实战-本体库/libraries/relation/provisional/cand-relation-e4ba2591956e.json
迷深实战-本体库/libraries/relation/provisional/cand-relation-e4c4b7441797.json
迷深实战-本体库/libraries/relation/provisional/cand-relation-e516c21e4ec7-m.json
迷深实战-本体库/libraries/relation/provisional/cand-relation-e516c21e4ec7.json
迷深实战-本体库/libraries/relation/provisional/cand-relation-e542379a7378.json
迷深实战-本体库/libraries/relation/provisional/cand-relation-e542e81f2899.json
迷深实战-本体库/libraries/relation/provisional/cand-relation-e55236170e6c.json
迷深实战-本体库/libraries/relation/provisional/cand-relation-e58439a659d6.json
迷深实战-本体库/libraries/relation/provisional/cand-relation-e5974c635173.json
迷深实战-本体库/libraries/relation/provisional/cand-relation-e5b5e9dc3d7f.json
迷深实战-本体库/libraries/relation/provisional/cand-relation-e5e0d4b11fa2.json
迷深实战-本体库/libraries/relation/provisional/cand-relation-e5ee577921c0.json
迷深实战-本体库/libraries/relation/provisional/cand-relation-e61bf4aeb11d.json
迷深实战-本体库/libraries/relation/provisional/cand-relation-e65b36e00b99.json
迷深实战-本体库/libraries/relation/provisional/cand-relation-e6673bf8c139.json
迷深实战-本体库/libraries/relation/provisional/cand-relation-e672bb8e4fab.json
迷深实战-本体库/libraries/relation/provisional/cand-relation-e685448f6d30.json
迷深实战-本体库/libraries/relation/provisional/cand-relation-e6aaa8d574cd.json
迷深实战-本体库/libraries/relation/provisional/cand-relation-e6d621734628.json
迷深实战-本体库/libraries/relation/provisional/cand-relation-e6e13aa03413.json
迷深实战-本体库/libraries/relation/provisional/cand-relation-e705b484a461.json
迷深实战-本体库/libraries/relation/provisional/cand-relation-e70973a23eb3.json
迷深实战-本体库/libraries/relation/provisional/cand-relation-e71a721765f2.json
迷深实战-本体库/libraries/relation/provisional/cand-relation-e71fd243ac02.json
迷深实战-本体库/libraries/relation/provisional/cand-relation-e72462b01ce7.json
迷深实战-本体库/libraries/relation/provisional/cand-relation-e7323029aea1.json
迷深实战-本体库/libraries/relation/provisional/cand-relation-e745331eb37e.json
迷深实战-本体库/libraries/relation/provisional/cand-relation-e75f861fea5b.json
迷深实战-本体库/libraries/relation/provisional/cand-relation-e781375db0a5.json
迷深实战-本体库/libraries/relation/provisional/cand-relation-e7995a081037.json
迷深实战-本体库/libraries/relation/provisional/cand-relation-e7ae22501046.json
迷深实战-本体库/libraries/relation/provisional/cand-relation-e7b0305bdb3a.json
迷深实战-本体库/libraries/relation/provisional/cand-relation-e7c96ecd8a39.json
迷深实战-本体库/libraries/relation/provisional/cand-relation-e7ca90cb5f01.json
迷深实战-本体库/libraries/relation/provisional/cand-relation-e7dda9ed5627.json
迷深实战-本体库/libraries/relation/provisional/cand-relation-e81cc8f5a014.json
迷深实战-本体库/libraries/relation/provisional/cand-relation-e8be5a06d375.json
迷深实战-本体库/libraries/relation/provisional/cand-relation-e8c2a1bdfe82.json
迷深实战-本体库/libraries/relation/provisional/cand-relation-e93763adcc46.json
迷深实战-本体库/libraries/relation/provisional/cand-relation-e963b1d84f35.json
迷深实战-本体库/libraries/relation/provisional/cand-relation-e96c67d5a726.json
迷深实战-本体库/libraries/relation/provisional/cand-relation-e9a999da0528.json
迷深实战-本体库/libraries/relation/provisional/cand-relation-ea35c9cbd0e2.json
迷深实战-本体库/libraries/relation/provisional/cand-relation-ea6de88d2bd0.json
迷深实战-本体库/libraries/relation/provisional/cand-relation-ea80abbf4269.json
迷深实战-本体库/libraries/relation/provisional/cand-relation-eaa8a74568e0.json
迷深实战-本体库/libraries/relation/provisional/cand-relation-eab9668bb510.json
迷深实战-本体库/libraries/relation/provisional/cand-relation-eae36bd08d09.json
迷深实战-本体库/libraries/relation/provisional/cand-relation-eb0156f5a7dc.json
迷深实战-本体库/libraries/relation/provisional/cand-relation-eb238b96c9b5.json
迷深实战-本体库/libraries/relation/provisional/cand-relation-eb38ce8ee4e7.json
迷深实战-本体库/libraries/relation/provisional/cand-relation-eb73b2e61a76.json
迷深实战-本体库/libraries/relation/provisional/cand-relation-eb7fccd0b952.json
迷深实战-本体库/libraries/relation/provisional/cand-relation-ebb667ff2602.json
迷深实战-本体库/libraries/relation/provisional/cand-relation-ebce6de4dbea.json
迷深实战-本体库/libraries/relation/provisional/cand-relation-ebea205b40b5.json
迷深实战-本体库/libraries/relation/provisional/cand-relation-ec0ce649492c.json
迷深实战-本体库/libraries/relation/provisional/cand-relation-ec6b46ff685e.json
迷深实战-本体库/libraries/relation/provisional/cand-relation-ec758462c1c5-m2.json
迷深实战-本体库/libraries/relation/provisional/cand-relation-ec758462c1c5.json
迷深实战-本体库/libraries/relation/provisional/cand-relation-ecde46e39763.json
迷深实战-本体库/libraries/relation/provisional/cand-relation-ece7c39ba12e.json
迷深实战-本体库/libraries/relation/provisional/cand-relation-ecf6b228d649.json
迷深实战-本体库/libraries/relation/provisional/cand-relation-ed06ea579b14-m.json
迷深实战-本体库/libraries/relation/provisional/cand-relation-ed06ea579b14.json
迷深实战-本体库/libraries/relation/provisional/cand-relation-ed1184883adc-m.json
迷深实战-本体库/libraries/relation/provisional/cand-relation-ed1184883adc.json
迷深实战-本体库/libraries/relation/provisional/cand-relation-ed168480128b.json
迷深实战-本体库/libraries/relation/provisional/cand-relation-ed622b7280a1.json
迷深实战-本体库/libraries/relation/provisional/cand-relation-ee0914df63e3.json
迷深实战-本体库/libraries/relation/provisional/cand-relation-ee32fdf027d1.json
迷深实战-本体库/libraries/relation/provisional/cand-relation-ee35b09595d7.json
迷深实战-本体库/libraries/relation/provisional/cand-relation-ee3dd65b0f64.json
迷深实战-本体库/libraries/relation/provisional/cand-relation-ee7f8ad28d9f.json
迷深实战-本体库/libraries/relation/provisional/cand-relation-ee983e508c8e.json
迷深实战-本体库/libraries/relation/provisional/cand-relation-eebc2dbe601c.json
迷深实战-本体库/libraries/relation/provisional/cand-relation-eee2f07b3f0d.json
迷深实战-本体库/libraries/relation/provisional/cand-relation-eee5ebcf6cad.json
迷深实战-本体库/libraries/relation/provisional/cand-relation-eefc1d072446.json
迷深实战-本体库/libraries/relation/provisional/cand-relation-ef027562cde9.json
迷深实战-本体库/libraries/relation/provisional/cand-relation-ef9ff87e258c.json
迷深实战-本体库/libraries/relation/provisional/cand-relation-efc8a029db2b.json
迷深实战-本体库/libraries/relation/provisional/cand-relation-efe03503aa60.json
迷深实战-本体库/libraries/relation/provisional/cand-relation-f074a6712a9b.json
迷深实战-本体库/libraries/relation/provisional/cand-relation-f077ffffde29.json
迷深实战-本体库/libraries/relation/provisional/cand-relation-f0aa4c6c3591.json
迷深实战-本体库/libraries/relation/provisional/cand-relation-f0bc447e67c8.json
迷深实战-本体库/libraries/relation/provisional/cand-relation-f0c781bd97ce.json
迷深实战-本体库/libraries/relation/provisional/cand-relation-f1a7aacdd2be.json
迷深实战-本体库/libraries/relation/provisional/cand-relation-f2283f9f50fa.json
迷深实战-本体库/libraries/relation/provisional/cand-relation-f2557151dfd9.json
迷深实战-本体库/libraries/relation/provisional/cand-relation-f271658345dc-m.json
迷深实战-本体库/libraries/relation/provisional/cand-relation-f271658345dc.json
迷深实战-本体库/libraries/relation/provisional/cand-relation-f272d58bb46d.json
迷深实战-本体库/libraries/relation/provisional/cand-relation-f29d08ae7f4b.json
迷深实战-本体库/libraries/relation/provisional/cand-relation-f2d29282fe5f.json
迷深实战-本体库/libraries/relation/provisional/cand-relation-f30067b5b114.json
迷深实战-本体库/libraries/relation/provisional/cand-relation-f3853d9297c3.json
迷深实战-本体库/libraries/relation/provisional/cand-relation-f38e8f4028cb.json
迷深实战-本体库/libraries/relation/provisional/cand-relation-f39037e70a40.json
迷深实战-本体库/libraries/relation/provisional/cand-relation-f3948e47984d.json
迷深实战-本体库/libraries/relation/provisional/cand-relation-f398c11f0e8e.json
迷深实战-本体库/libraries/relation/provisional/cand-relation-f3bb4a9f5023.json
迷深实战-本体库/libraries/relation/provisional/cand-relation-f3be41d1e636.json
迷深实战-本体库/libraries/relation/provisional/cand-relation-f3c8ad414953.json
迷深实战-本体库/libraries/relation/provisional/cand-relation-f3e420ba527e.json
迷深实战-本体库/libraries/relation/provisional/cand-relation-f41d5ae1de6b.json
迷深实战-本体库/libraries/relation/provisional/cand-relation-f43aa2f887cd.json
迷深实战-本体库/libraries/relation/provisional/cand-relation-f44d36599391.json
迷深实战-本体库/libraries/relation/provisional/cand-relation-f45da8030b75.json
迷深实战-本体库/libraries/relation/provisional/cand-relation-f45eea243c8b.json
迷深实战-本体库/libraries/relation/provisional/cand-relation-f4b205ef5069.json
迷深实战-本体库/libraries/relation/provisional/cand-relation-f4c8c2f1e363.json
迷深实战-本体库/libraries/relation/provisional/cand-relation-f4f066003ee8.json
迷深实战-本体库/libraries/relation/provisional/cand-relation-f553de53e632.json
迷深实战-本体库/libraries/relation/provisional/cand-relation-f56c6095ee8a.json
迷深实战-本体库/libraries/relation/provisional/cand-relation-f5896eead108.json
迷深实战-本体库/libraries/relation/provisional/cand-relation-f58fc31d3bd0.json
迷深实战-本体库/libraries/relation/provisional/cand-relation-f59c310bd2ea.json
迷深实战-本体库/libraries/relation/provisional/cand-relation-f5b039669add.json
迷深实战-本体库/libraries/relation/provisional/cand-relation-f5f262631c3f.json
迷深实战-本体库/libraries/relation/provisional/cand-relation-f5f3f3036996.json
迷深实战-本体库/libraries/relation/provisional/cand-relation-f5f9d1870f80.json
迷深实战-本体库/libraries/relation/provisional/cand-relation-f60d85009002.json
迷深实战-本体库/libraries/relation/provisional/cand-relation-f669a0dd8375.json
迷深实战-本体库/libraries/relation/provisional/cand-relation-f67d60bfa6e9.json
迷深实战-本体库/libraries/relation/provisional/cand-relation-f6ab38937351.json
迷深实战-本体库/libraries/relation/provisional/cand-relation-f6b154f2b916.json
迷深实战-本体库/libraries/relation/provisional/cand-relation-f6bf86634106.json
迷深实战-本体库/libraries/relation/provisional/cand-relation-f6e10b56a3bb.json
迷深实战-本体库/libraries/relation/provisional/cand-relation-f77c4d7aedac.json
迷深实战-本体库/libraries/relation/provisional/cand-relation-f78822b69112.json
迷深实战-本体库/libraries/relation/provisional/cand-relation-f7a524ec0195.json
迷深实战-本体库/libraries/relation/provisional/cand-relation-f7fefbd8aec3.json
迷深实战-本体库/libraries/relation/provisional/cand-relation-f822754d4c72.json
迷深实战-本体库/libraries/relation/provisional/cand-relation-f851b38623e8.json
迷深实战-本体库/libraries/relation/provisional/cand-relation-f85da499ddb8.json
迷深实战-本体库/libraries/relation/provisional/cand-relation-f86f381aa799.json
迷深实战-本体库/libraries/relation/provisional/cand-relation-f86f7f70b777.json
迷深实战-本体库/libraries/relation/provisional/cand-relation-f8e6047274f7.json
迷深实战-本体库/libraries/relation/provisional/cand-relation-f9061d9f4bfc.json
迷深实战-本体库/libraries/relation/provisional/cand-relation-f91aea4a474b.json
迷深实战-本体库/libraries/relation/provisional/cand-relation-f936c1ac6ee8.json
迷深实战-本体库/libraries/relation/provisional/cand-relation-f9461750dc2d.json
迷深实战-本体库/libraries/relation/provisional/cand-relation-f9ab3a1f7187.json
迷深实战-本体库/libraries/relation/provisional/cand-relation-f9ff50f58dd6-m.json
迷深实战-本体库/libraries/relation/provisional/cand-relation-f9ff50f58dd6.json
迷深实战-本体库/libraries/relation/provisional/cand-relation-fa3b649584fb.json
迷深实战-本体库/libraries/relation/provisional/cand-relation-fa5f2ab9392b.json
迷深实战-本体库/libraries/relation/provisional/cand-relation-fa8ce5251930.json
迷深实战-本体库/libraries/relation/provisional/cand-relation-fa9273a08986.json
迷深实战-本体库/libraries/relation/provisional/cand-relation-fa97ec21655a.json
迷深实战-本体库/libraries/relation/provisional/cand-relation-fabaf61d567f.json
迷深实战-本体库/libraries/relation/provisional/cand-relation-fb380dab6df0.json
迷深实战-本体库/libraries/relation/provisional/cand-relation-fb3c5ce062f0.json
迷深实战-本体库/libraries/relation/provisional/cand-relation-fb4d15d407fc.json
迷深实战-本体库/libraries/relation/provisional/cand-relation-fb57f4702fd1.json
迷深实战-本体库/libraries/relation/provisional/cand-relation-fb688b9de6b3.json
迷深实战-本体库/libraries/relation/provisional/cand-relation-fb6f6f4991b8.json
迷深实战-本体库/libraries/relation/provisional/cand-relation-fb8180b69f26.json
迷深实战-本体库/libraries/relation/provisional/cand-relation-fbb3dd9e5740.json
迷深实战-本体库/libraries/relation/provisional/cand-relation-fbcaf7f01939.json
迷深实战-本体库/libraries/relation/provisional/cand-relation-fbdb1693529c.json
迷深实战-本体库/libraries/relation/provisional/cand-relation-fbf9f7874415.json
迷深实战-本体库/libraries/relation/provisional/cand-relation-fc6df208d33e.json
迷深实战-本体库/libraries/relation/provisional/cand-relation-fc764b4d15eb.json
迷深实战-本体库/libraries/relation/provisional/cand-relation-fc77da9e6a5b.json
迷深实战-本体库/libraries/relation/provisional/cand-relation-fc7eef22816a.json
迷深实战-本体库/libraries/relation/provisional/cand-relation-fca1789eb9bd.json
迷深实战-本体库/libraries/relation/provisional/cand-relation-fcba239e294b.json
迷深实战-本体库/libraries/relation/provisional/cand-relation-fcca483b782d.json
迷深实战-本体库/libraries/relation/provisional/cand-relation-fcce8429c4a8.json
迷深实战-本体库/libraries/relation/provisional/cand-relation-fcdfaf9ec150.json
迷深实战-本体库/libraries/relation/provisional/cand-relation-fd14f76c2281.json
迷深实战-本体库/libraries/relation/provisional/cand-relation-fd269f43836b.json
迷深实战-本体库/libraries/relation/provisional/cand-relation-fdea47b6c9a6.json
迷深实战-本体库/libraries/relation/provisional/cand-relation-fdf1aadd3455.json
迷深实战-本体库/libraries/relation/provisional/cand-relation-fdfcf6d0bacc.json
迷深实战-本体库/libraries/relation/provisional/cand-relation-fe1ef146c6fd.json
迷深实战-本体库/libraries/relation/provisional/cand-relation-fe55706c5379.json
迷深实战-本体库/libraries/relation/provisional/cand-relation-fe65e9ea0f9c.json
迷深实战-本体库/libraries/relation/provisional/cand-relation-fed8c85f9d14-m2.json
迷深实战-本体库/libraries/relation/provisional/cand-relation-fed8c85f9d14.json
迷深实战-本体库/libraries/relation/provisional/cand-relation-fedfa4cad474.json
迷深实战-本体库/libraries/relation/provisional/cand-relation-fee4a45c51db-m.json
迷深实战-本体库/libraries/relation/provisional/cand-relation-fee4a45c51db.json
迷深实战-本体库/libraries/relation/provisional/cand-relation-ff3c3f7c0520.json
迷深实战-本体库/libraries/relation/provisional/cand-relation-ff54ae87f0a6.json
迷深实战-本体库/libraries/relation/provisional/cand-relation-ff7b06e4eb5f.json
迷深实战-本体库/libraries/relation/provisional/cand-relation-ff9cbbb6c263.json
迷深实战-本体库/libraries/relation/provisional/cand-relation-ffa1ba1dd632.json
迷深实战-本体库/libraries/relation/provisional/cand-relation-ffb3e43ae1d2.json
迷深实战-本体库/libraries/relation/provisional/cand-relation-ffc750654a07.json
迷深实战-本体库/libraries/relation/provisional/cand-relation-fff0698c8a13.json
迷深实战-本体库/libraries/setting/provisional/cand-entity-00c6c536c249.json
迷深实战-本体库/libraries/setting/provisional/cand-entity-00f9befa9d84-m.json
迷深实战-本体库/libraries/setting/provisional/cand-entity-00f9befa9d84.json
迷深实战-本体库/libraries/setting/provisional/cand-entity-01f1701d7275.json
迷深实战-本体库/libraries/setting/provisional/cand-entity-0240d010c7bc.json
迷深实战-本体库/libraries/setting/provisional/cand-entity-024a5eb2b009-m.json
迷深实战-本体库/libraries/setting/provisional/cand-entity-024a5eb2b009-m3.json
迷深实战-本体库/libraries/setting/provisional/cand-entity-024a5eb2b009.json
迷深实战-本体库/libraries/setting/provisional/cand-entity-02fffe4676ef.json
迷深实战-本体库/libraries/setting/provisional/cand-entity-04aaec848c6f-m-m.json
迷深实战-本体库/libraries/setting/provisional/cand-entity-04aaec848c6f-m.json
迷深实战-本体库/libraries/setting/provisional/cand-entity-04aaec848c6f.json
迷深实战-本体库/libraries/setting/provisional/cand-entity-04de68fdd926.json
迷深实战-本体库/libraries/setting/provisional/cand-entity-061f13702cae.json
迷深实战-本体库/libraries/setting/provisional/cand-entity-065100d508c1.json
迷深实战-本体库/libraries/setting/provisional/cand-entity-07acc3e8d0da.json
迷深实战-本体库/libraries/setting/provisional/cand-entity-07e682ae989c.json
迷深实战-本体库/libraries/setting/provisional/cand-entity-07feee63bd93.json
迷深实战-本体库/libraries/setting/provisional/cand-entity-088ea3ddecfe-m2.json
迷深实战-本体库/libraries/setting/provisional/cand-entity-088ea3ddecfe.json
迷深实战-本体库/libraries/setting/provisional/cand-entity-08d3ef99af80.json
迷深实战-本体库/libraries/setting/provisional/cand-entity-0a51cabdeffa.json
迷深实战-本体库/libraries/setting/provisional/cand-entity-0aab3ee323a3.json
迷深实战-本体库/libraries/setting/provisional/cand-entity-0ab5c51569a6.json
迷深实战-本体库/libraries/setting/provisional/cand-entity-0ae9f2435b35-m2.json
迷深实战-本体库/libraries/setting/provisional/cand-entity-0ae9f2435b35.json
迷深实战-本体库/libraries/setting/provisional/cand-entity-0c40697f166c.json
迷深实战-本体库/libraries/setting/provisional/cand-entity-0cfcd342d292.json
迷深实战-本体库/libraries/setting/provisional/cand-entity-0d6c46e9f15b.json
迷深实战-本体库/libraries/setting/provisional/cand-entity-0db1b01e379b-m.json
迷深实战-本体库/libraries/setting/provisional/cand-entity-0db1b01e379b.json
迷深实战-本体库/libraries/setting/provisional/cand-entity-0f1803e10e96.json
迷深实战-本体库/libraries/setting/provisional/cand-entity-0f6583c19cf2-m2.json
迷深实战-本体库/libraries/setting/provisional/cand-entity-0f6583c19cf2.json
迷深实战-本体库/libraries/setting/provisional/cand-entity-0f967aa475fc-m.json
迷深实战-本体库/libraries/setting/provisional/cand-entity-0f967aa475fc.json
迷深实战-本体库/libraries/setting/provisional/cand-entity-0feec5bb8bd7.json
迷深实战-本体库/libraries/setting/provisional/cand-entity-1069ed274073-m-m.json
迷深实战-本体库/libraries/setting/provisional/cand-entity-1069ed274073-m.json
迷深实战-本体库/libraries/setting/provisional/cand-entity-1069ed274073.json
迷深实战-本体库/libraries/setting/provisional/cand-entity-1293a83b2143.json
迷深实战-本体库/libraries/setting/provisional/cand-entity-1367a2944fba.json
迷深实战-本体库/libraries/setting/provisional/cand-entity-13704979c18f-m.json
迷深实战-本体库/libraries/setting/provisional/cand-entity-13704979c18f.json
迷深实战-本体库/libraries/setting/provisional/cand-entity-13ac2b5ec704.json
迷深实战-本体库/libraries/setting/provisional/cand-entity-150073eaed00.json
迷深实战-本体库/libraries/setting/provisional/cand-entity-15cb10409ffb-m.json
迷深实战-本体库/libraries/setting/provisional/cand-entity-15cb10409ffb.json
迷深实战-本体库/libraries/setting/provisional/cand-entity-15d82841d627.json
迷深实战-本体库/libraries/setting/provisional/cand-entity-167200d196d4.json
迷深实战-本体库/libraries/setting/provisional/cand-entity-16ac9a186f71.json
迷深实战-本体库/libraries/setting/provisional/cand-entity-1763a3d4e288.json
迷深实战-本体库/libraries/setting/provisional/cand-entity-176c94c983fe.json
迷深实战-本体库/libraries/setting/provisional/cand-entity-19275a447a06.json
迷深实战-本体库/libraries/setting/provisional/cand-entity-19e56aa04b31-m.json
迷深实战-本体库/libraries/setting/provisional/cand-entity-19e56aa04b31.json
迷深实战-本体库/libraries/setting/provisional/cand-entity-19efcd53559f.json
迷深实战-本体库/libraries/setting/provisional/cand-entity-1aa2cdbb96a2.json
迷深实战-本体库/libraries/setting/provisional/cand-entity-1c43fd9f547e.json
迷深实战-本体库/libraries/setting/provisional/cand-entity-1c9708def6f4.json
迷深实战-本体库/libraries/setting/provisional/cand-entity-1cc7c91aebd3.json
迷深实战-本体库/libraries/setting/provisional/cand-entity-1f5de504f012.json
迷深实战-本体库/libraries/setting/provisional/cand-entity-1fa2de51f92e.json
迷深实战-本体库/libraries/setting/provisional/cand-entity-1fd4492c3241.json
迷深实战-本体库/libraries/setting/provisional/cand-entity-1fe091004c2e.json
迷深实战-本体库/libraries/setting/provisional/cand-entity-214a1e6922bb-m.json
迷深实战-本体库/libraries/setting/provisional/cand-entity-214a1e6922bb-m3.json
迷深实战-本体库/libraries/setting/provisional/cand-entity-214a1e6922bb-m4.json
迷深实战-本体库/libraries/setting/provisional/cand-entity-214a1e6922bb-m5.json
迷深实战-本体库/libraries/setting/provisional/cand-entity-214a1e6922bb.json
迷深实战-本体库/libraries/setting/provisional/cand-entity-21addefabfa5.json
迷深实战-本体库/libraries/setting/provisional/cand-entity-22f06b84bfea.json
迷深实战-本体库/libraries/setting/provisional/cand-entity-24675adc5cf2.json
迷深实战-本体库/libraries/setting/provisional/cand-entity-25d22a3dfc5a.json
迷深实战-本体库/libraries/setting/provisional/cand-entity-2b4ad908db13.json
迷深实战-本体库/libraries/setting/provisional/cand-entity-2b4f4560fd55-m.json
迷深实战-本体库/libraries/setting/provisional/cand-entity-2b4f4560fd55.json
迷深实战-本体库/libraries/setting/provisional/cand-entity-2bafb0b34450-m.json
迷深实战-本体库/libraries/setting/provisional/cand-entity-2bafb0b34450.json
迷深实战-本体库/libraries/setting/provisional/cand-entity-2df0b9198ca0.json
迷深实战-本体库/libraries/setting/provisional/cand-entity-2ebbb7320480.json
迷深实战-本体库/libraries/setting/provisional/cand-entity-2f494b8d7b38.json
迷深实战-本体库/libraries/setting/provisional/cand-entity-2f53d0a6db30.json
迷深实战-本体库/libraries/setting/provisional/cand-entity-3008785d80f1.json
迷深实战-本体库/libraries/setting/provisional/cand-entity-301e6536e2da.json
迷深实战-本体库/libraries/setting/provisional/cand-entity-303c4b9a1dc8.json
迷深实战-本体库/libraries/setting/provisional/cand-entity-30962bf11196.json
迷深实战-本体库/libraries/setting/provisional/cand-entity-3099a61a132a.json
迷深实战-本体库/libraries/setting/provisional/cand-entity-31061e7c95fd.json
迷深实战-本体库/libraries/setting/provisional/cand-entity-31788ae02c22.json
迷深实战-本体库/libraries/setting/provisional/cand-entity-31c1b2e08987.json
迷深实战-本体库/libraries/setting/provisional/cand-entity-31cb51ad9368.json
迷深实战-本体库/libraries/setting/provisional/cand-entity-32082b3ccfa0.json
迷深实战-本体库/libraries/setting/provisional/cand-entity-339aa521d0ff.json
迷深实战-本体库/libraries/setting/provisional/cand-entity-33ac45458a84.json
迷深实战-本体库/libraries/setting/provisional/cand-entity-342b1155c5fa.json
迷深实战-本体库/libraries/setting/provisional/cand-entity-3456ce5aa048.json
迷深实战-本体库/libraries/setting/provisional/cand-entity-3580bb556dbd.json
迷深实战-本体库/libraries/setting/provisional/cand-entity-35c7acb56908-m-m-m.json
迷深实战-本体库/libraries/setting/provisional/cand-entity-35c7acb56908-m-m.json
迷深实战-本体库/libraries/setting/provisional/cand-entity-35c7acb56908-m.json
迷深实战-本体库/libraries/setting/provisional/cand-entity-35c7acb56908.json
迷深实战-本体库/libraries/setting/provisional/cand-entity-35d0b26b1593.json
迷深实战-本体库/libraries/setting/provisional/cand-entity-36391dd7dd87.json
迷深实战-本体库/libraries/setting/provisional/cand-entity-3643cd2fc7bb.json
迷深实战-本体库/libraries/setting/provisional/cand-entity-3762f86d8d2b-m.json
迷深实战-本体库/libraries/setting/provisional/cand-entity-3762f86d8d2b.json
迷深实战-本体库/libraries/setting/provisional/cand-entity-37ad06ae5e8c-m.json
迷深实战-本体库/libraries/setting/provisional/cand-entity-37ad06ae5e8c-m3.json
迷深实战-本体库/libraries/setting/provisional/cand-entity-37ad06ae5e8c.json
迷深实战-本体库/libraries/setting/provisional/cand-entity-38756f319800.json
迷深实战-本体库/libraries/setting/provisional/cand-entity-38abf24f4625.json
迷深实战-本体库/libraries/setting/provisional/cand-entity-39579a253138.json
迷深实战-本体库/libraries/setting/provisional/cand-entity-39658385c119.json
迷深实战-本体库/libraries/setting/provisional/cand-entity-397ff05c29cd.json
迷深实战-本体库/libraries/setting/provisional/cand-entity-39828242d129.json
迷深实战-本体库/libraries/setting/provisional/cand-entity-39c78d7166ea.json
迷深实战-本体库/libraries/setting/provisional/cand-entity-3a2cc3d9b1a2-m-m.json
迷深实战-本体库/libraries/setting/provisional/cand-entity-3a2cc3d9b1a2-m.json
迷深实战-本体库/libraries/setting/provisional/cand-entity-3a2cc3d9b1a2.json
迷深实战-本体库/libraries/setting/provisional/cand-entity-3ad88f290418.json
迷深实战-本体库/libraries/setting/provisional/cand-entity-3b7fb5e852ab.json
迷深实战-本体库/libraries/setting/provisional/cand-entity-3bea6461fc24-m2.json
迷深实战-本体库/libraries/setting/provisional/cand-entity-3bea6461fc24.json
迷深实战-本体库/libraries/setting/provisional/cand-entity-3c8d67d9a08d.json
迷深实战-本体库/libraries/setting/provisional/cand-entity-3d466bb8bd04.json
迷深实战-本体库/libraries/setting/provisional/cand-entity-3da08b924538.json
迷深实战-本体库/libraries/setting/provisional/cand-entity-3e75d821e85e.json
迷深实战-本体库/libraries/setting/provisional/cand-entity-3e79271c8b7a.json
迷深实战-本体库/libraries/setting/provisional/cand-entity-3ec305a665ff.json
迷深实战-本体库/libraries/setting/provisional/cand-entity-3f94dd4fee34.json
迷深实战-本体库/libraries/setting/provisional/cand-entity-4265d39422ca-m2.json
迷深实战-本体库/libraries/setting/provisional/cand-entity-4265d39422ca-m3.json
迷深实战-本体库/libraries/setting/provisional/cand-entity-4265d39422ca-m4.json
迷深实战-本体库/libraries/setting/provisional/cand-entity-4265d39422ca.json
迷深实战-本体库/libraries/setting/provisional/cand-entity-42b8a3da52ba.json
迷深实战-本体库/libraries/setting/provisional/cand-entity-42d2c5c463d6.json
迷深实战-本体库/libraries/setting/provisional/cand-entity-444509d5bb5c.json
迷深实战-本体库/libraries/setting/provisional/cand-entity-44cb13ba1323.json
迷深实战-本体库/libraries/setting/provisional/cand-entity-46c06f4d7764-m2.json
迷深实战-本体库/libraries/setting/provisional/cand-entity-46c06f4d7764.json
迷深实战-本体库/libraries/setting/provisional/cand-entity-485901a69008.json
迷深实战-本体库/libraries/setting/provisional/cand-entity-48e89747e072.json
迷深实战-本体库/libraries/setting/provisional/cand-entity-4a69c4eda20e.json
迷深实战-本体库/libraries/setting/provisional/cand-entity-4aa069dc5866.json
迷深实战-本体库/libraries/setting/provisional/cand-entity-4ad5b64857de.json
迷深实战-本体库/libraries/setting/provisional/cand-entity-4cb765b7dc55.json
迷深实战-本体库/libraries/setting/provisional/cand-entity-4dc53bfe8a2c.json
迷深实战-本体库/libraries/setting/provisional/cand-entity-4e763f6a2199.json
迷深实战-本体库/libraries/setting/provisional/cand-entity-4fac374d05a2.json
迷深实战-本体库/libraries/setting/provisional/cand-entity-4fd5d286838a.json
迷深实战-本体库/libraries/setting/provisional/cand-entity-50239f3a60be.json
迷深实战-本体库/libraries/setting/provisional/cand-entity-504468096582.json
迷深实战-本体库/libraries/setting/provisional/cand-entity-51659b227f2f.json
迷深实战-本体库/libraries/setting/provisional/cand-entity-521b7d4e3ff0-m.json
迷深实战-本体库/libraries/setting/provisional/cand-entity-521b7d4e3ff0.json
迷深实战-本体库/libraries/setting/provisional/cand-entity-526e5060b697-m2.json
迷深实战-本体库/libraries/setting/provisional/cand-entity-526e5060b697.json
迷深实战-本体库/libraries/setting/provisional/cand-entity-52831b96082b.json
迷深实战-本体库/libraries/setting/provisional/cand-entity-548cf38b70a3.json
迷深实战-本体库/libraries/setting/provisional/cand-entity-559b458fdef6.json
迷深实战-本体库/libraries/setting/provisional/cand-entity-56f1ef7adbee.json
迷深实战-本体库/libraries/setting/provisional/cand-entity-57a8b6a77b5d.json
迷深实战-本体库/libraries/setting/provisional/cand-entity-57f5605a8396.json
迷深实战-本体库/libraries/setting/provisional/cand-entity-58a11adb1155.json
迷深实战-本体库/libraries/setting/provisional/cand-entity-5919ec88d725.json
迷深实战-本体库/libraries/setting/provisional/cand-entity-594b54795e42.json
迷深实战-本体库/libraries/setting/provisional/cand-entity-5a3ae9b5563e-m-m.json
迷深实战-本体库/libraries/setting/provisional/cand-entity-5a3ae9b5563e-m.json
迷深实战-本体库/libraries/setting/provisional/cand-entity-5a3ae9b5563e.json
迷深实战-本体库/libraries/setting/provisional/cand-entity-5a595c77b747-m-m.json
迷深实战-本体库/libraries/setting/provisional/cand-entity-5a595c77b747-m.json
迷深实战-本体库/libraries/setting/provisional/cand-entity-5a595c77b747.json
迷深实战-本体库/libraries/setting/provisional/cand-entity-5aa854cb69f0.json
迷深实战-本体库/libraries/setting/provisional/cand-entity-5bbfaaa3d0b2.json
迷深实战-本体库/libraries/setting/provisional/cand-entity-5c4c6eb07b7e-m.json
迷深实战-本体库/libraries/setting/provisional/cand-entity-5c4c6eb07b7e.json
迷深实战-本体库/libraries/setting/provisional/cand-entity-5caac83cb003.json
迷深实战-本体库/libraries/setting/provisional/cand-entity-5d2bcbd45b47.json
迷深实战-本体库/libraries/setting/provisional/cand-entity-5dd34fc5f37b.json
迷深实战-本体库/libraries/setting/provisional/cand-entity-5f7a8f8e0cfd.json
迷深实战-本体库/libraries/setting/provisional/cand-entity-5f89102b1a01.json
迷深实战-本体库/libraries/setting/provisional/cand-entity-6039cffc20b7.json
迷深实战-本体库/libraries/setting/provisional/cand-entity-604518b67797.json
迷深实战-本体库/libraries/setting/provisional/cand-entity-6096610c0350.json
迷深实战-本体库/libraries/setting/provisional/cand-entity-61287df5bd3e.json
迷深实战-本体库/libraries/setting/provisional/cand-entity-614452616ddb.json
迷深实战-本体库/libraries/setting/provisional/cand-entity-617afdd2a1b8.json
迷深实战-本体库/libraries/setting/provisional/cand-entity-61cd85538854.json
迷深实战-本体库/libraries/setting/provisional/cand-entity-6204d8473af8.json
迷深实战-本体库/libraries/setting/provisional/cand-entity-621f82d35da6.json
迷深实战-本体库/libraries/setting/provisional/cand-entity-6276532b0e62.json
迷深实战-本体库/libraries/setting/provisional/cand-entity-633d0e0e7098.json
迷深实战-本体库/libraries/setting/provisional/cand-entity-6465adaaa000.json
迷深实战-本体库/libraries/setting/provisional/cand-entity-6507e322e473.json
迷深实战-本体库/libraries/setting/provisional/cand-entity-657cc1cd4dd7.json
迷深实战-本体库/libraries/setting/provisional/cand-entity-65930afa27f7.json
迷深实战-本体库/libraries/setting/provisional/cand-entity-66746983bd89.json
迷深实战-本体库/libraries/setting/provisional/cand-entity-668d04b2729e.json
迷深实战-本体库/libraries/setting/provisional/cand-entity-66f4b91ef241.json
迷深实战-本体库/libraries/setting/provisional/cand-entity-67aa18992bf0-m.json
迷深实战-本体库/libraries/setting/provisional/cand-entity-67aa18992bf0.json
迷深实战-本体库/libraries/setting/provisional/cand-entity-687f6253b8c4.json
迷深实战-本体库/libraries/setting/provisional/cand-entity-688ed1e47a99.json
迷深实战-本体库/libraries/setting/provisional/cand-entity-68a36355c38c.json
迷深实战-本体库/libraries/setting/provisional/cand-entity-6a50af93d2d8.json
迷深实战-本体库/libraries/setting/provisional/cand-entity-6a7f990beaf3.json
迷深实战-本体库/libraries/setting/provisional/cand-entity-6ad943f312f1.json
迷深实战-本体库/libraries/setting/provisional/cand-entity-6b7759721aea.json
迷深实战-本体库/libraries/setting/provisional/cand-entity-6be0ca23362a.json
迷深实战-本体库/libraries/setting/provisional/cand-entity-6cab0ae70096-m-m.json
迷深实战-本体库/libraries/setting/provisional/cand-entity-6cab0ae70096-m.json
迷深实战-本体库/libraries/setting/provisional/cand-entity-6cab0ae70096.json
迷深实战-本体库/libraries/setting/provisional/cand-entity-6cef1a431a06.json
迷深实战-本体库/libraries/setting/provisional/cand-entity-6d3f6ebee4e0-m.json
迷深实战-本体库/libraries/setting/provisional/cand-entity-6d3f6ebee4e0.json
迷深实战-本体库/libraries/setting/provisional/cand-entity-6d9b84c7b0dc.json
迷深实战-本体库/libraries/setting/provisional/cand-entity-6e41f0a6a492.json
迷深实战-本体库/libraries/setting/provisional/cand-entity-6e6cab6b49b0.json
迷深实战-本体库/libraries/setting/provisional/cand-entity-6f02ab012655.json
迷深实战-本体库/libraries/setting/provisional/cand-entity-6f107b396327.json
迷深实战-本体库/libraries/setting/provisional/cand-entity-6fe4635dd124.json
迷深实战-本体库/libraries/setting/provisional/cand-entity-70ffd399190c.json
迷深实战-本体库/libraries/setting/provisional/cand-entity-721c632bb6b0-m.json
迷深实战-本体库/libraries/setting/provisional/cand-entity-721c632bb6b0.json
迷深实战-本体库/libraries/setting/provisional/cand-entity-7277d1f42f81.json
迷深实战-本体库/libraries/setting/provisional/cand-entity-72a5f26a604f.json
迷深实战-本体库/libraries/setting/provisional/cand-entity-731befd37b30.json
迷深实战-本体库/libraries/setting/provisional/cand-entity-7362a0020d95-m2.json
迷深实战-本体库/libraries/setting/provisional/cand-entity-7362a0020d95-m3.json
迷深实战-本体库/libraries/setting/provisional/cand-entity-7362a0020d95.json
迷深实战-本体库/libraries/setting/provisional/cand-entity-737f42071795.json
迷深实战-本体库/libraries/setting/provisional/cand-entity-73b1fb56905e.json
迷深实战-本体库/libraries/setting/provisional/cand-entity-744902382c58.json
迷深实战-本体库/libraries/setting/provisional/cand-entity-753f9c2b2902.json
迷深实战-本体库/libraries/setting/provisional/cand-entity-755b166e419b.json
迷深实战-本体库/libraries/setting/provisional/cand-entity-75b41cf16ee6.json
迷深实战-本体库/libraries/setting/provisional/cand-entity-7822ff7fda25.json
迷深实战-本体库/libraries/setting/provisional/cand-entity-790df9efc6e3.json
迷深实战-本体库/libraries/setting/provisional/cand-entity-79481ef14024-m.json
迷深实战-本体库/libraries/setting/provisional/cand-entity-79481ef14024.json
迷深实战-本体库/libraries/setting/provisional/cand-entity-79dbff52aed0.json
迷深实战-本体库/libraries/setting/provisional/cand-entity-7a40ad99f678-m.json
迷深实战-本体库/libraries/setting/provisional/cand-entity-7a40ad99f678-m3.json
迷深实战-本体库/libraries/setting/provisional/cand-entity-7a40ad99f678.json
迷深实战-本体库/libraries/setting/provisional/cand-entity-7ad26d050d05.json
迷深实战-本体库/libraries/setting/provisional/cand-entity-7c0dda780cc9.json
迷深实战-本体库/libraries/setting/provisional/cand-entity-7c36b1d22d29.json
迷深实战-本体库/libraries/setting/provisional/cand-entity-7ca5236467af.json
迷深实战-本体库/libraries/setting/provisional/cand-entity-7cf56e37076a-m-m-m.json
迷深实战-本体库/libraries/setting/provisional/cand-entity-7cf56e37076a-m-m.json
迷深实战-本体库/libraries/setting/provisional/cand-entity-7cf56e37076a-m.json
迷深实战-本体库/libraries/setting/provisional/cand-entity-7cf56e37076a.json
迷深实战-本体库/libraries/setting/provisional/cand-entity-7d5928d5d203.json
迷深实战-本体库/libraries/setting/provisional/cand-entity-7edc0dadf3c0.json
迷深实战-本体库/libraries/setting/provisional/cand-entity-7fb9befb20d9-m.json
迷深实战-本体库/libraries/setting/provisional/cand-entity-7fb9befb20d9.json
迷深实战-本体库/libraries/setting/provisional/cand-entity-7fbf33f624db.json
迷深实战-本体库/libraries/setting/provisional/cand-entity-80641e811df9.json
迷深实战-本体库/libraries/setting/provisional/cand-entity-8137cbe0aa28.json
迷深实战-本体库/libraries/setting/provisional/cand-entity-828151f11a02.json
迷深实战-本体库/libraries/setting/provisional/cand-entity-836b54880ce0.json
迷深实战-本体库/libraries/setting/provisional/cand-entity-84b85de6dd12.json
迷深实战-本体库/libraries/setting/provisional/cand-entity-8554e7ee3ac3.json
迷深实战-本体库/libraries/setting/provisional/cand-entity-85e75ebb34a7.json
迷深实战-本体库/libraries/setting/provisional/cand-entity-8814d0ea3ee6-m2.json
迷深实战-本体库/libraries/setting/provisional/cand-entity-8814d0ea3ee6.json
迷深实战-本体库/libraries/setting/provisional/cand-entity-88201584d320.json
迷深实战-本体库/libraries/setting/provisional/cand-entity-899d04f2d48f-m2.json
迷深实战-本体库/libraries/setting/provisional/cand-entity-899d04f2d48f.json
迷深实战-本体库/libraries/setting/provisional/cand-entity-8a6cac985b5a.json
迷深实战-本体库/libraries/setting/provisional/cand-entity-8e001ec7e1b0.json
迷深实战-本体库/libraries/setting/provisional/cand-entity-8e4da6befe3d.json
迷深实战-本体库/libraries/setting/provisional/cand-entity-8e9f56e4da8d-m2.json
迷深实战-本体库/libraries/setting/provisional/cand-entity-8e9f56e4da8d-m3.json
迷深实战-本体库/libraries/setting/provisional/cand-entity-8e9f56e4da8d-m4.json
迷深实战-本体库/libraries/setting/provisional/cand-entity-8e9f56e4da8d.json
迷深实战-本体库/libraries/setting/provisional/cand-entity-8ee8189ef5fb.json
迷深实战-本体库/libraries/setting/provisional/cand-entity-8f7838a00b12.json
迷深实战-本体库/libraries/setting/provisional/cand-entity-9088d0e55a45-m.json
迷深实战-本体库/libraries/setting/provisional/cand-entity-9088d0e55a45.json
迷深实战-本体库/libraries/setting/provisional/cand-entity-90e30d4efce4-m.json
迷深实战-本体库/libraries/setting/provisional/cand-entity-90e30d4efce4.json
迷深实战-本体库/libraries/setting/provisional/cand-entity-90e4481863ac.json
迷深实战-本体库/libraries/setting/provisional/cand-entity-92e3e36c8b6f.json
迷深实战-本体库/libraries/setting/provisional/cand-entity-92f42088a495.json
迷深实战-本体库/libraries/setting/provisional/cand-entity-931446cebdb9.json
迷深实战-本体库/libraries/setting/provisional/cand-entity-931f40a06dcf-m.json
迷深实战-本体库/libraries/setting/provisional/cand-entity-931f40a06dcf.json
迷深实战-本体库/libraries/setting/provisional/cand-entity-932be6c1e136.json
迷深实战-本体库/libraries/setting/provisional/cand-entity-93f80b451524.json
迷深实战-本体库/libraries/setting/provisional/cand-entity-94fd057b0ee0.json
迷深实战-本体库/libraries/setting/provisional/cand-entity-950570708214.json
迷深实战-本体库/libraries/setting/provisional/cand-entity-952e0e0cd227.json
迷深实战-本体库/libraries/setting/provisional/cand-entity-958c3c49eb81.json
迷深实战-本体库/libraries/setting/provisional/cand-entity-95e9bbb4d2b1.json
迷深实战-本体库/libraries/setting/provisional/cand-entity-98674731a3ea.json
迷深实战-本体库/libraries/setting/provisional/cand-entity-98de1fa02ef4.json
迷深实战-本体库/libraries/setting/provisional/cand-entity-9a045cdd632b.json
迷深实战-本体库/libraries/setting/provisional/cand-entity-9a169839187e.json
迷深实战-本体库/libraries/setting/provisional/cand-entity-9a38e9eec520-m-m-m.json
迷深实战-本体库/libraries/setting/provisional/cand-entity-9a38e9eec520-m-m.json
迷深实战-本体库/libraries/setting/provisional/cand-entity-9a38e9eec520-m.json
迷深实战-本体库/libraries/setting/provisional/cand-entity-9a38e9eec520-m5.json
迷深实战-本体库/libraries/setting/provisional/cand-entity-9a38e9eec520.json
迷深实战-本体库/libraries/setting/provisional/cand-entity-9ad16a8fd089.json
迷深实战-本体库/libraries/setting/provisional/cand-entity-9b74548f4f5b.json
迷深实战-本体库/libraries/setting/provisional/cand-entity-9b8cf619f3ed.json
迷深实战-本体库/libraries/setting/provisional/cand-entity-9c4318d54856.json
迷深实战-本体库/libraries/setting/provisional/cand-entity-9cd1b93b7b2b-m.json
迷深实战-本体库/libraries/setting/provisional/cand-entity-9cd1b93b7b2b.json
迷深实战-本体库/libraries/setting/provisional/cand-entity-9cde0bf8140e.json
迷深实战-本体库/libraries/setting/provisional/cand-entity-9d5b7b2bfa77.json
迷深实战-本体库/libraries/setting/provisional/cand-entity-9f41cd7b141d.json
迷深实战-本体库/libraries/setting/provisional/cand-entity-a0475b30c54a.json
迷深实战-本体库/libraries/setting/provisional/cand-entity-a071fce8ad83.json
迷深实战-本体库/libraries/setting/provisional/cand-entity-a130891a92d8.json
迷深实战-本体库/libraries/setting/provisional/cand-entity-a17e4f19b3e2.json
迷深实战-本体库/libraries/setting/provisional/cand-entity-a1a6d30ad1b1.json
迷深实战-本体库/libraries/setting/provisional/cand-entity-a268ec12474c.json
迷深实战-本体库/libraries/setting/provisional/cand-entity-a4145521856c.json
迷深实战-本体库/libraries/setting/provisional/cand-entity-a57ea7d34f88-m.json
迷深实战-本体库/libraries/setting/provisional/cand-entity-a57ea7d34f88.json
迷深实战-本体库/libraries/setting/provisional/cand-entity-a57f99bb9a77.json
迷深实战-本体库/libraries/setting/provisional/cand-entity-a5a60477efc7.json
迷深实战-本体库/libraries/setting/provisional/cand-entity-a7064c8b3a4b-m.json
迷深实战-本体库/libraries/setting/provisional/cand-entity-a7064c8b3a4b.json
迷深实战-本体库/libraries/setting/provisional/cand-entity-a7bf73a6fa53.json
迷深实战-本体库/libraries/setting/provisional/cand-entity-a883d740e6fd.json
迷深实战-本体库/libraries/setting/provisional/cand-entity-a8923f553562.json
迷深实战-本体库/libraries/setting/provisional/cand-entity-a8c257651fa0-m.json
迷深实战-本体库/libraries/setting/provisional/cand-entity-a8c257651fa0.json
迷深实战-本体库/libraries/setting/provisional/cand-entity-a8cc6228088b-m-m.json
迷深实战-本体库/libraries/setting/provisional/cand-entity-a8cc6228088b-m.json
迷深实战-本体库/libraries/setting/provisional/cand-entity-a8cc6228088b-m4.json
迷深实战-本体库/libraries/setting/provisional/cand-entity-a8cc6228088b.json
迷深实战-本体库/libraries/setting/provisional/cand-entity-a9b8ef49d248.json
迷深实战-本体库/libraries/setting/provisional/cand-entity-a9f4fbc9d40e.json
迷深实战-本体库/libraries/setting/provisional/cand-entity-ab4fa4041f4d.json
迷深实战-本体库/libraries/setting/provisional/cand-entity-ac1f5c7495e6-m.json
迷深实战-本体库/libraries/setting/provisional/cand-entity-ac1f5c7495e6.json
迷深实战-本体库/libraries/setting/provisional/cand-entity-ad2f6512aa35.json
迷深实战-本体库/libraries/setting/provisional/cand-entity-ad393d26280d.json
迷深实战-本体库/libraries/setting/provisional/cand-entity-af2f0d13e5d6.json
迷深实战-本体库/libraries/setting/provisional/cand-entity-af45845733d6.json
迷深实战-本体库/libraries/setting/provisional/cand-entity-afa245c6198e.json
迷深实战-本体库/libraries/setting/provisional/cand-entity-b03fc345192c.json
迷深实战-本体库/libraries/setting/provisional/cand-entity-b1a51e430708.json
迷深实战-本体库/libraries/setting/provisional/cand-entity-b1bc5909f51b.json
迷深实战-本体库/libraries/setting/provisional/cand-entity-b294eb4fcc6e.json
迷深实战-本体库/libraries/setting/provisional/cand-entity-b40c8b5a638d.json
迷深实战-本体库/libraries/setting/provisional/cand-entity-b536722c1bb4.json
迷深实战-本体库/libraries/setting/provisional/cand-entity-b9251bb957e9.json
迷深实战-本体库/libraries/setting/provisional/cand-entity-bbe79bd11ac5.json
迷深实战-本体库/libraries/setting/provisional/cand-entity-bc01261ad594.json
迷深实战-本体库/libraries/setting/provisional/cand-entity-bd8eb0b56844.json
迷深实战-本体库/libraries/setting/provisional/cand-entity-bdbac9aa1c37.json
迷深实战-本体库/libraries/setting/provisional/cand-entity-bf1a106c8d8d.json
迷深实战-本体库/libraries/setting/provisional/cand-entity-c01bd26212d7.json
迷深实战-本体库/libraries/setting/provisional/cand-entity-c133da328c4d.json
迷深实战-本体库/libraries/setting/provisional/cand-entity-c1f498c7651c-m.json
迷深实战-本体库/libraries/setting/provisional/cand-entity-c1f498c7651c.json
迷深实战-本体库/libraries/setting/provisional/cand-entity-c34ebaf9fb5d.json
迷深实战-本体库/libraries/setting/provisional/cand-entity-c5792419d8cd.json
迷深实战-本体库/libraries/setting/provisional/cand-entity-c6b75b076d12.json
迷深实战-本体库/libraries/setting/provisional/cand-entity-c81499d747ff.json
迷深实战-本体库/libraries/setting/provisional/cand-entity-c93b31f87a85.json
迷深实战-本体库/libraries/setting/provisional/cand-entity-ca4559429ed2.json
迷深实战-本体库/libraries/setting/provisional/cand-entity-cad355d78d03.json
迷深实战-本体库/libraries/setting/provisional/cand-entity-cb1a35ed3469.json
迷深实战-本体库/libraries/setting/provisional/cand-entity-cbe61ea8bc6b-m.json
迷深实战-本体库/libraries/setting/provisional/cand-entity-cbe61ea8bc6b-m3.json
迷深实战-本体库/libraries/setting/provisional/cand-entity-cbe61ea8bc6b.json
迷深实战-本体库/libraries/setting/provisional/cand-entity-cd505ae728ac.json
迷深实战-本体库/libraries/setting/provisional/cand-entity-cdfa6911b712.json
迷深实战-本体库/libraries/setting/provisional/cand-entity-ce030f84b818-m2.json
迷深实战-本体库/libraries/setting/provisional/cand-entity-ce030f84b818.json
迷深实战-本体库/libraries/setting/provisional/cand-entity-cf29d715835c.json
迷深实战-本体库/libraries/setting/provisional/cand-entity-cf439073b63f.json
迷深实战-本体库/libraries/setting/provisional/cand-entity-cf58e490859a.json
迷深实战-本体库/libraries/setting/provisional/cand-entity-cf78e568fc9a.json
迷深实战-本体库/libraries/setting/provisional/cand-entity-cfe2f0ad5280-m.json
迷深实战-本体库/libraries/setting/provisional/cand-entity-cfe2f0ad5280.json
迷深实战-本体库/libraries/setting/provisional/cand-entity-d114e435a5fb-m.json
迷深实战-本体库/libraries/setting/provisional/cand-entity-d114e435a5fb.json
迷深实战-本体库/libraries/setting/provisional/cand-entity-d268e3a5fe4e-m2.json
迷深实战-本体库/libraries/setting/provisional/cand-entity-d268e3a5fe4e.json
迷深实战-本体库/libraries/setting/provisional/cand-entity-d28f418e9a17.json
迷深实战-本体库/libraries/setting/provisional/cand-entity-d2e828d34831.json
迷深实战-本体库/libraries/setting/provisional/cand-entity-d3448cc0cb3f.json
迷深实战-本体库/libraries/setting/provisional/cand-entity-d50362c05dfc.json
迷深实战-本体库/libraries/setting/provisional/cand-entity-d57645679a05.json
迷深实战-本体库/libraries/setting/provisional/cand-entity-d80cf779a6b0-m-m-m.json
迷深实战-本体库/libraries/setting/provisional/cand-entity-d80cf779a6b0-m-m.json
迷深实战-本体库/libraries/setting/provisional/cand-entity-d80cf779a6b0-m.json
迷深实战-本体库/libraries/setting/provisional/cand-entity-d80cf779a6b0.json
迷深实战-本体库/libraries/setting/provisional/cand-entity-d9bb4c8aedfd.json
迷深实战-本体库/libraries/setting/provisional/cand-entity-da6f57e4e16e.json
迷深实战-本体库/libraries/setting/provisional/cand-entity-dadee3a63f7e.json
迷深实战-本体库/libraries/setting/provisional/cand-entity-db68a81ec35c.json
迷深实战-本体库/libraries/setting/provisional/cand-entity-db96c40111c1.json
迷深实战-本体库/libraries/setting/provisional/cand-entity-dbfa0a1f7ef3.json
迷深实战-本体库/libraries/setting/provisional/cand-entity-dcbeb7d93727.json
迷深实战-本体库/libraries/setting/provisional/cand-entity-dd68b4d7767b-m2.json
迷深实战-本体库/libraries/setting/provisional/cand-entity-dd68b4d7767b.json
迷深实战-本体库/libraries/setting/provisional/cand-entity-dde5527beb36.json
迷深实战-本体库/libraries/setting/provisional/cand-entity-de42f2106205.json
迷深实战-本体库/libraries/setting/provisional/cand-entity-e008475b3fd5.json
迷深实战-本体库/libraries/setting/provisional/cand-entity-e0f0631e081e.json
迷深实战-本体库/libraries/setting/provisional/cand-entity-e1161d3b7398-m2.json
迷深实战-本体库/libraries/setting/provisional/cand-entity-e1161d3b7398.json
迷深实战-本体库/libraries/setting/provisional/cand-entity-e119d3ff930d.json
迷深实战-本体库/libraries/setting/provisional/cand-entity-e177a078f858.json
迷深实战-本体库/libraries/setting/provisional/cand-entity-e1c6eaaab30a.json
迷深实战-本体库/libraries/setting/provisional/cand-entity-e27ba3036a33.json
迷深实战-本体库/libraries/setting/provisional/cand-entity-e369456a2b8e.json
迷深实战-本体库/libraries/setting/provisional/cand-entity-e4dcd95ef278.json
迷深实战-本体库/libraries/setting/provisional/cand-entity-e62e64adbc1d.json
迷深实战-本体库/libraries/setting/provisional/cand-entity-e7ec5e41986d.json
迷深实战-本体库/libraries/setting/provisional/cand-entity-e9984dc9dda9.json
迷深实战-本体库/libraries/setting/provisional/cand-entity-ea6b8265802c.json
迷深实战-本体库/libraries/setting/provisional/cand-entity-eab6688862c7.json
迷深实战-本体库/libraries/setting/provisional/cand-entity-eba7b34db35c.json
迷深实战-本体库/libraries/setting/provisional/cand-entity-ec0e84af925a.json
迷深实战-本体库/libraries/setting/provisional/cand-entity-ecae583ac8e2.json
迷深实战-本体库/libraries/setting/provisional/cand-entity-ed6328fedf0b.json
迷深实战-本体库/libraries/setting/provisional/cand-entity-ed943a372ab4.json
迷深实战-本体库/libraries/setting/provisional/cand-entity-ede79a256100.json
迷深实战-本体库/libraries/setting/provisional/cand-entity-ede8560e06d7-m2.json
迷深实战-本体库/libraries/setting/provisional/cand-entity-ede8560e06d7.json
迷深实战-本体库/libraries/setting/provisional/cand-entity-ef9bdbc7ce0b.json
迷深实战-本体库/libraries/setting/provisional/cand-entity-f06f3b177373.json
迷深实战-本体库/libraries/setting/provisional/cand-entity-f16772adbd4a.json
迷深实战-本体库/libraries/setting/provisional/cand-entity-f29a3d591934.json
迷深实战-本体库/libraries/setting/provisional/cand-entity-f334a1fad0e1.json
迷深实战-本体库/libraries/setting/provisional/cand-entity-f405a40b175c.json
迷深实战-本体库/libraries/setting/provisional/cand-entity-f50471b77fd1.json
迷深实战-本体库/libraries/setting/provisional/cand-entity-f5075af95cf3.json
迷深实战-本体库/libraries/setting/provisional/cand-entity-f51d9d5a697f.json
迷深实战-本体库/libraries/setting/provisional/cand-entity-f5496872e51a.json
迷深实战-本体库/libraries/setting/provisional/cand-entity-f54ab0984455.json
迷深实战-本体库/libraries/setting/provisional/cand-entity-f669594631ea.json
迷深实战-本体库/libraries/setting/provisional/cand-entity-f6e10a5d4f15.json
迷深实战-本体库/libraries/setting/provisional/cand-entity-f7fd9e43b7ec.json
迷深实战-本体库/libraries/setting/provisional/cand-entity-f80fc9007460-m.json
迷深实战-本体库/libraries/setting/provisional/cand-entity-f80fc9007460.json
迷深实战-本体库/libraries/setting/provisional/cand-entity-f89007651f93.json
迷深实战-本体库/libraries/setting/provisional/cand-entity-f94c948bccb2-m2.json
迷深实战-本体库/libraries/setting/provisional/cand-entity-f94c948bccb2.json
迷深实战-本体库/libraries/setting/provisional/cand-entity-fa732bcc7329.json
迷深实战-本体库/libraries/setting/provisional/cand-entity-faa6c6caade7.json
迷深实战-本体库/libraries/setting/provisional/cand-entity-fae17d9fdc4b.json
迷深实战-本体库/libraries/setting/provisional/cand-entity-fae437818e5f.json
迷深实战-本体库/libraries/setting/provisional/cand-entity-fbf7f5493c7d-m2.json
迷深实战-本体库/libraries/setting/provisional/cand-entity-fbf7f5493c7d.json
迷深实战-本体库/libraries/setting/provisional/cand-entity-fc6a62930a7b.json
迷深实战-本体库/libraries/setting/provisional/cand-entity-fc7735a41f1b.json
迷深实战-本体库/libraries/setting/provisional/cand-entity-fcb352c7c229.json
迷深实战-本体库/libraries/setting/provisional/cand-entity-fd4a0073f5d6-m-m.json
迷深实战-本体库/libraries/setting/provisional/cand-entity-fd4a0073f5d6-m.json
迷深实战-本体库/libraries/setting/provisional/cand-entity-fd4a0073f5d6.json
迷深实战-本体库/libraries/setting/provisional/cand-entity-fe3e75ff6436.json
迷深实战-本体库/libraries/setting/provisional/cand-entity-fe7a34773dd1.json
迷深实战-本体库/libraries/setting/provisional/cand-entity-ff47d03d554b-m.json
迷深实战-本体库/libraries/setting/provisional/cand-entity-ff47d03d554b.json
迷深实战-本体库/libraries/setting/provisional/cand-entity-ffcc6be1c6ac.json
迷深实战-本体库/libraries/setting/provisional/cand-setting-00488c68519a.json
迷深实战-本体库/libraries/setting/provisional/cand-setting-00ffe8bf841e.json
迷深实战-本体库/libraries/setting/provisional/cand-setting-011d92eb8594.json
迷深实战-本体库/libraries/setting/provisional/cand-setting-0174fc431979.json
迷深实战-本体库/libraries/setting/provisional/cand-setting-017d0ccb8bd7.json
迷深实战-本体库/libraries/setting/provisional/cand-setting-01cbe4bad7c4.json
迷深实战-本体库/libraries/setting/provisional/cand-setting-020176e0a8bb.json
迷深实战-本体库/libraries/setting/provisional/cand-setting-02b450abcea3.json
迷深实战-本体库/libraries/setting/provisional/cand-setting-030f4dc31712.json
迷深实战-本体库/libraries/setting/provisional/cand-setting-03d94c8e81bf.json
迷深实战-本体库/libraries/setting/provisional/cand-setting-0429f8604b53.json
迷深实战-本体库/libraries/setting/provisional/cand-setting-042d7658c7a1.json
迷深实战-本体库/libraries/setting/provisional/cand-setting-044f95567465.json
迷深实战-本体库/libraries/setting/provisional/cand-setting-048348760097.json
迷深实战-本体库/libraries/setting/provisional/cand-setting-0487c56642e7.json
迷深实战-本体库/libraries/setting/provisional/cand-setting-04ba8ecb4c10.json
迷深实战-本体库/libraries/setting/provisional/cand-setting-04ca82ad6ad4.json
迷深实战-本体库/libraries/setting/provisional/cand-setting-05426f611096.json
迷深实战-本体库/libraries/setting/provisional/cand-setting-05781ca32737.json
迷深实战-本体库/libraries/setting/provisional/cand-setting-05c476531707.json
迷深实战-本体库/libraries/setting/provisional/cand-setting-0655ef35a3a9.json
迷深实战-本体库/libraries/setting/provisional/cand-setting-06568450ee4e.json
迷深实战-本体库/libraries/setting/provisional/cand-setting-06b8f7330104.json
迷深实战-本体库/libraries/setting/provisional/cand-setting-06d96bd3d2b0.json
迷深实战-本体库/libraries/setting/provisional/cand-setting-06e847ddf3e8.json
迷深实战-本体库/libraries/setting/provisional/cand-setting-070a0fa18a20.json
迷深实战-本体库/libraries/setting/provisional/cand-setting-0715850bb7ee.json
迷深实战-本体库/libraries/setting/provisional/cand-setting-0777105f8190.json
迷深实战-本体库/libraries/setting/provisional/cand-setting-07aca2a92fa7.json
迷深实战-本体库/libraries/setting/provisional/cand-setting-07da6719db37.json
迷深实战-本体库/libraries/setting/provisional/cand-setting-07e929021beb.json
迷深实战-本体库/libraries/setting/provisional/cand-setting-081531b4a0c9.json
迷深实战-本体库/libraries/setting/provisional/cand-setting-0835518d6437.json
迷深实战-本体库/libraries/setting/provisional/cand-setting-086688993ab3.json
迷深实战-本体库/libraries/setting/provisional/cand-setting-0915fddca8b3.json
迷深实战-本体库/libraries/setting/provisional/cand-setting-094005da791f.json
迷深实战-本体库/libraries/setting/provisional/cand-setting-09aecc3aba5a.json
迷深实战-本体库/libraries/setting/provisional/cand-setting-09c1a56bc1b1.json
迷深实战-本体库/libraries/setting/provisional/cand-setting-0b8055e921ec.json
迷深实战-本体库/libraries/setting/provisional/cand-setting-0b91156d2a63.json
迷深实战-本体库/libraries/setting/provisional/cand-setting-0bd88481834e.json
迷深实战-本体库/libraries/setting/provisional/cand-setting-0c38c84bc980.json
迷深实战-本体库/libraries/setting/provisional/cand-setting-0c5ec2aa223f.json
迷深实战-本体库/libraries/setting/provisional/cand-setting-0c8ddccd1b14.json
迷深实战-本体库/libraries/setting/provisional/cand-setting-0cb5d2479dca.json
迷深实战-本体库/libraries/setting/provisional/cand-setting-0cdccd409e5c.json
迷深实战-本体库/libraries/setting/provisional/cand-setting-0d73bfea3a5e.json
迷深实战-本体库/libraries/setting/provisional/cand-setting-0d86cb69c17a.json
迷深实战-本体库/libraries/setting/provisional/cand-setting-0eaab22092ce.json
迷深实战-本体库/libraries/setting/provisional/cand-setting-0f0948a08e3c.json
迷深实战-本体库/libraries/setting/provisional/cand-setting-0f894fc5d3db.json
迷深实战-本体库/libraries/setting/provisional/cand-setting-0fcbc3aac8fc.json
迷深实战-本体库/libraries/setting/provisional/cand-setting-101ada8fce4c.json
迷深实战-本体库/libraries/setting/provisional/cand-setting-104b32e6b986.json
迷深实战-本体库/libraries/setting/provisional/cand-setting-107f969d310a.json
迷深实战-本体库/libraries/setting/provisional/cand-setting-107fbe0f0238.json
迷深实战-本体库/libraries/setting/provisional/cand-setting-10d8f4c90c32.json
迷深实战-本体库/libraries/setting/provisional/cand-setting-10e641d0b6e9.json
迷深实战-本体库/libraries/setting/provisional/cand-setting-1141bf47a127.json
迷深实战-本体库/libraries/setting/provisional/cand-setting-11b49b75c0a8.json
迷深实战-本体库/libraries/setting/provisional/cand-setting-120985d6a9e4.json
迷深实战-本体库/libraries/setting/provisional/cand-setting-12404949a883.json
迷深实战-本体库/libraries/setting/provisional/cand-setting-12900a2aa462.json
迷深实战-本体库/libraries/setting/provisional/cand-setting-12ddaa5d8271.json
迷深实战-本体库/libraries/setting/provisional/cand-setting-131f04660412.json
迷深实战-本体库/libraries/setting/provisional/cand-setting-132839252498.json
迷深实战-本体库/libraries/setting/provisional/cand-setting-14382e456c3d.json
迷深实战-本体库/libraries/setting/provisional/cand-setting-14bba18af158.json
迷深实战-本体库/libraries/setting/provisional/cand-setting-14f91d534225.json
迷深实战-本体库/libraries/setting/provisional/cand-setting-14fff85d23de.json
迷深实战-本体库/libraries/setting/provisional/cand-setting-152103983963.json
迷深实战-本体库/libraries/setting/provisional/cand-setting-15d6e259e36e.json
迷深实战-本体库/libraries/setting/provisional/cand-setting-164491edf188.json
迷深实战-本体库/libraries/setting/provisional/cand-setting-16504124f724.json
迷深实战-本体库/libraries/setting/provisional/cand-setting-169f3eb6a86b.json
迷深实战-本体库/libraries/setting/provisional/cand-setting-16f7febbc70c.json
迷深实战-本体库/libraries/setting/provisional/cand-setting-177a7ec8d8c3.json
迷深实战-本体库/libraries/setting/provisional/cand-setting-177d5890d560.json
迷深实战-本体库/libraries/setting/provisional/cand-setting-1857243fc8db.json
迷深实战-本体库/libraries/setting/provisional/cand-setting-18f89e99ec89.json
迷深实战-本体库/libraries/setting/provisional/cand-setting-199190e9cbd6.json
迷深实战-本体库/libraries/setting/provisional/cand-setting-19b0ff335be5.json
迷深实战-本体库/libraries/setting/provisional/cand-setting-19bdf2f83617.json
迷深实战-本体库/libraries/setting/provisional/cand-setting-19efd176ef00.json
迷深实战-本体库/libraries/setting/provisional/cand-setting-1a83385d4f70.json
迷深实战-本体库/libraries/setting/provisional/cand-setting-1a9a4db52698.json
迷深实战-本体库/libraries/setting/provisional/cand-setting-1b8334002b4a.json
迷深实战-本体库/libraries/setting/provisional/cand-setting-1ce2fc29c986.json
迷深实战-本体库/libraries/setting/provisional/cand-setting-1cf9f3b13071.json
迷深实战-本体库/libraries/setting/provisional/cand-setting-1d5494661b2f.json
迷深实战-本体库/libraries/setting/provisional/cand-setting-1d5b7c12e325.json
迷深实战-本体库/libraries/setting/provisional/cand-setting-1da73fb28dc4.json
迷深实战-本体库/libraries/setting/provisional/cand-setting-1dc5a192a8b5.json
迷深实战-本体库/libraries/setting/provisional/cand-setting-1dc822b4ad5e.json
迷深实战-本体库/libraries/setting/provisional/cand-setting-1dd7595436f7.json
迷深实战-本体库/libraries/setting/provisional/cand-setting-1e2eb0e539ab.json
迷深实战-本体库/libraries/setting/provisional/cand-setting-1ec6fe202a87.json
迷深实战-本体库/libraries/setting/provisional/cand-setting-1ef186347e46.json
迷深实战-本体库/libraries/setting/provisional/cand-setting-1f1fdfc4a955.json
迷深实战-本体库/libraries/setting/provisional/cand-setting-1fe8c698581c.json
迷深实战-本体库/libraries/setting/provisional/cand-setting-201f6ae2fb8a.json
迷深实战-本体库/libraries/setting/provisional/cand-setting-2024b9f7ced3.json
迷深实战-本体库/libraries/setting/provisional/cand-setting-209a464cf4e6.json
迷深实战-本体库/libraries/setting/provisional/cand-setting-20ce5cdb98d6.json
迷深实战-本体库/libraries/setting/provisional/cand-setting-21006a1bae61.json
迷深实战-本体库/libraries/setting/provisional/cand-setting-210fb5343c51.json
迷深实战-本体库/libraries/setting/provisional/cand-setting-211c7480a6fd.json
迷深实战-本体库/libraries/setting/provisional/cand-setting-2149ba31022d.json
迷深实战-本体库/libraries/setting/provisional/cand-setting-2169bf25c18a.json
迷深实战-本体库/libraries/setting/provisional/cand-setting-2170a2e68854.json
迷深实战-本体库/libraries/setting/provisional/cand-setting-21816fca64ab.json
迷深实战-本体库/libraries/setting/provisional/cand-setting-2281099f3b02.json
迷深实战-本体库/libraries/setting/provisional/cand-setting-22e165813f93.json
迷深实战-本体库/libraries/setting/provisional/cand-setting-2321c8b3a469.json
迷深实战-本体库/libraries/setting/provisional/cand-setting-2381ecbfa0e8.json
迷深实战-本体库/libraries/setting/provisional/cand-setting-23d4edd096d6.json
迷深实战-本体库/libraries/setting/provisional/cand-setting-23dff28b8ca4.json
迷深实战-本体库/libraries/setting/provisional/cand-setting-23f444a88bab.json
迷深实战-本体库/libraries/setting/provisional/cand-setting-24a7e5c3edc1.json
迷深实战-本体库/libraries/setting/provisional/cand-setting-258fa971de36.json
迷深实战-本体库/libraries/setting/provisional/cand-setting-25e320f770b5.json
迷深实战-本体库/libraries/setting/provisional/cand-setting-261896e70faa.json
迷深实战-本体库/libraries/setting/provisional/cand-setting-263a77f93f1f.json
迷深实战-本体库/libraries/setting/provisional/cand-setting-26400011a28c.json
迷深实战-本体库/libraries/setting/provisional/cand-setting-2671c435364c.json
迷深实战-本体库/libraries/setting/provisional/cand-setting-26c9e8450f60.json
迷深实战-本体库/libraries/setting/provisional/cand-setting-26ec765becba.json
迷深实战-本体库/libraries/setting/provisional/cand-setting-272aa581a2da.json
迷深实战-本体库/libraries/setting/provisional/cand-setting-278ef2f9f1cd.json
迷深实战-本体库/libraries/setting/provisional/cand-setting-27b8fce25134.json
迷深实战-本体库/libraries/setting/provisional/cand-setting-27bc66be88e4.json
迷深实战-本体库/libraries/setting/provisional/cand-setting-2808fcc00ae8.json
迷深实战-本体库/libraries/setting/provisional/cand-setting-28b1e9153d48.json
迷深实战-本体库/libraries/setting/provisional/cand-setting-28d28f183a73.json
迷深实战-本体库/libraries/setting/provisional/cand-setting-28dce36b3db8.json
迷深实战-本体库/libraries/setting/provisional/cand-setting-291730ec9502.json
迷深实战-本体库/libraries/setting/provisional/cand-setting-29c1fe50e6ed.json
迷深实战-本体库/libraries/setting/provisional/cand-setting-29e7947a4e7b.json
迷深实战-本体库/libraries/setting/provisional/cand-setting-2a4426046031.json
迷深实战-本体库/libraries/setting/provisional/cand-setting-2b0ef3aed4a5.json
迷深实战-本体库/libraries/setting/provisional/cand-setting-2b24f84a7335.json
迷深实战-本体库/libraries/setting/provisional/cand-setting-2b2d84f9a3bf.json
迷深实战-本体库/libraries/setting/provisional/cand-setting-2ba5bd094a33.json
迷深实战-本体库/libraries/setting/provisional/cand-setting-2c5ae062c41e.json
迷深实战-本体库/libraries/setting/provisional/cand-setting-2cf97f66eb78.json
迷深实战-本体库/libraries/setting/provisional/cand-setting-2d715b356323.json
迷深实战-本体库/libraries/setting/provisional/cand-setting-2e41568bce71.json
迷深实战-本体库/libraries/setting/provisional/cand-setting-2e751a840a48.json
迷深实战-本体库/libraries/setting/provisional/cand-setting-2ec721531fc0.json
迷深实战-本体库/libraries/setting/provisional/cand-setting-2ee8851eb3d6.json
迷深实战-本体库/libraries/setting/provisional/cand-setting-2eea1d8b1c01.json
迷深实战-本体库/libraries/setting/provisional/cand-setting-2ef69ed85eba.json
迷深实战-本体库/libraries/setting/provisional/cand-setting-2f334a5375d8.json
迷深实战-本体库/libraries/setting/provisional/cand-setting-2f5b8c23fc6b.json
迷深实战-本体库/libraries/setting/provisional/cand-setting-2f993fbc10bd.json
迷深实战-本体库/libraries/setting/provisional/cand-setting-2fe7984bb83c.json
迷深实战-本体库/libraries/setting/provisional/cand-setting-3106ffb5db96.json
迷深实战-本体库/libraries/setting/provisional/cand-setting-310d0885102a.json
迷深实战-本体库/libraries/setting/provisional/cand-setting-31467b815dc5.json
迷深实战-本体库/libraries/setting/provisional/cand-setting-314aca1456f6.json
迷深实战-本体库/libraries/setting/provisional/cand-setting-31a31fa4a120.json
迷深实战-本体库/libraries/setting/provisional/cand-setting-31d135fff817.json
迷深实战-本体库/libraries/setting/provisional/cand-setting-31e92248391a.json
迷深实战-本体库/libraries/setting/provisional/cand-setting-320a4ab16db7.json
迷深实战-本体库/libraries/setting/provisional/cand-setting-3252d2d2da40.json
迷深实战-本体库/libraries/setting/provisional/cand-setting-3261d8e3b44e.json
迷深实战-本体库/libraries/setting/provisional/cand-setting-328fc3205483.json
迷深实战-本体库/libraries/setting/provisional/cand-setting-33022400e284.json
迷深实战-本体库/libraries/setting/provisional/cand-setting-337925d092d3.json
迷深实战-本体库/libraries/setting/provisional/cand-setting-34e90737be2a.json
迷深实战-本体库/libraries/setting/provisional/cand-setting-359bc235ff92.json
迷深实战-本体库/libraries/setting/provisional/cand-setting-35d90c3036ad.json
迷深实战-本体库/libraries/setting/provisional/cand-setting-35ea589d6f25.json
迷深实战-本体库/libraries/setting/provisional/cand-setting-3603d71cf944.json
迷深实战-本体库/libraries/setting/provisional/cand-setting-369b3c6dd36d.json
迷深实战-本体库/libraries/setting/provisional/cand-setting-36ecd48db732.json
迷深实战-本体库/libraries/setting/provisional/cand-setting-37080520a4f1.json
迷深实战-本体库/libraries/setting/provisional/cand-setting-37485cd0b714.json
迷深实战-本体库/libraries/setting/provisional/cand-setting-37d5b7941f54.json
迷深实战-本体库/libraries/setting/provisional/cand-setting-380223b3ef84.json
迷深实战-本体库/libraries/setting/provisional/cand-setting-388a4518ff90.json
迷深实战-本体库/libraries/setting/provisional/cand-setting-38d89c22cff2.json
迷深实战-本体库/libraries/setting/provisional/cand-setting-390e08322f24.json
迷深实战-本体库/libraries/setting/provisional/cand-setting-39bb9e79c3a8.json
迷深实战-本体库/libraries/setting/provisional/cand-setting-39f0d5a43245.json
迷深实战-本体库/libraries/setting/provisional/cand-setting-3a23cdd9e671.json
迷深实战-本体库/libraries/setting/provisional/cand-setting-3a2d5e748490.json
迷深实战-本体库/libraries/setting/provisional/cand-setting-3a9b01c052fb.json
迷深实战-本体库/libraries/setting/provisional/cand-setting-3ad9300c6bb9.json
迷深实战-本体库/libraries/setting/provisional/cand-setting-3aea84e51732.json
迷深实战-本体库/libraries/setting/provisional/cand-setting-3b09787a3ecb.json
迷深实战-本体库/libraries/setting/provisional/cand-setting-3b0ac9e46463.json
迷深实战-本体库/libraries/setting/provisional/cand-setting-3b29fa6a3d90.json
迷深实战-本体库/libraries/setting/provisional/cand-setting-3b4572d62687.json
迷深实战-本体库/libraries/setting/provisional/cand-setting-3b7d6de25ba8.json
迷深实战-本体库/libraries/setting/provisional/cand-setting-3ba291205de5.json
迷深实战-本体库/libraries/setting/provisional/cand-setting-3bb14025c3f4.json
迷深实战-本体库/libraries/setting/provisional/cand-setting-3bc403fd6ed4.json
迷深实战-本体库/libraries/setting/provisional/cand-setting-3c534a3c6949.json
迷深实战-本体库/libraries/setting/provisional/cand-setting-3c55b8075306.json
迷深实战-本体库/libraries/setting/provisional/cand-setting-3cf2f4e2f642.json
迷深实战-本体库/libraries/setting/provisional/cand-setting-3d078cac3e2b.json
迷深实战-本体库/libraries/setting/provisional/cand-setting-3d8b991a84b6.json
迷深实战-本体库/libraries/setting/provisional/cand-setting-3da792361ce3.json
迷深实战-本体库/libraries/setting/provisional/cand-setting-3eae43a3e97b.json
迷深实战-本体库/libraries/setting/provisional/cand-setting-3fcf98fc8331.json
迷深实战-本体库/libraries/setting/provisional/cand-setting-40474d8cbd9b.json
迷深实战-本体库/libraries/setting/provisional/cand-setting-4133d68ebc7c.json
迷深实战-本体库/libraries/setting/provisional/cand-setting-4141ce50c13d.json
迷深实战-本体库/libraries/setting/provisional/cand-setting-4144ffbc9645.json
迷深实战-本体库/libraries/setting/provisional/cand-setting-417279be95ad.json
迷深实战-本体库/libraries/setting/provisional/cand-setting-41bc1d98f02c.json
迷深实战-本体库/libraries/setting/provisional/cand-setting-41f35759188b.json
迷深实战-本体库/libraries/setting/provisional/cand-setting-41f7a6924101.json
迷深实战-本体库/libraries/setting/provisional/cand-setting-425069d0e178.json
迷深实战-本体库/libraries/setting/provisional/cand-setting-42bb373a120a.json
迷深实战-本体库/libraries/setting/provisional/cand-setting-42d17f5b78bf.json
迷深实战-本体库/libraries/setting/provisional/cand-setting-42d3984e5cb8.json
迷深实战-本体库/libraries/setting/provisional/cand-setting-42fa21bcd049.json
迷深实战-本体库/libraries/setting/provisional/cand-setting-431079a707e8.json
迷深实战-本体库/libraries/setting/provisional/cand-setting-43b12c602498.json
迷深实战-本体库/libraries/setting/provisional/cand-setting-44aac2f21bf6.json
迷深实战-本体库/libraries/setting/provisional/cand-setting-4553efe4665b.json
迷深实战-本体库/libraries/setting/provisional/cand-setting-457aeed934d0.json
迷深实战-本体库/libraries/setting/provisional/cand-setting-45ac73158215.json
迷深实战-本体库/libraries/setting/provisional/cand-setting-460cb226081a.json
迷深实战-本体库/libraries/setting/provisional/cand-setting-462e336274b2.json
迷深实战-本体库/libraries/setting/provisional/cand-setting-46691a8e2612.json
迷深实战-本体库/libraries/setting/provisional/cand-setting-46b7fe14d914.json
迷深实战-本体库/libraries/setting/provisional/cand-setting-46c26c9e11a8.json
迷深实战-本体库/libraries/setting/provisional/cand-setting-46e6eda3d655.json
迷深实战-本体库/libraries/setting/provisional/cand-setting-472d107a615c.json
迷深实战-本体库/libraries/setting/provisional/cand-setting-473ab63f70f5.json
迷深实战-本体库/libraries/setting/provisional/cand-setting-4895bd55de33.json
迷深实战-本体库/libraries/setting/provisional/cand-setting-49a9152fdaf4.json
迷深实战-本体库/libraries/setting/provisional/cand-setting-4a9d3accb8bf.json
迷深实战-本体库/libraries/setting/provisional/cand-setting-4aac278b18e8.json
迷深实战-本体库/libraries/setting/provisional/cand-setting-4b22363f0e7f.json
迷深实战-本体库/libraries/setting/provisional/cand-setting-4b33dd76502b.json
迷深实战-本体库/libraries/setting/provisional/cand-setting-4bcf2d571cb8.json
迷深实战-本体库/libraries/setting/provisional/cand-setting-4ce8ca92bf1b.json
迷深实战-本体库/libraries/setting/provisional/cand-setting-4cea4d702667.json
迷深实战-本体库/libraries/setting/provisional/cand-setting-4d55d690d1bf.json
迷深实战-本体库/libraries/setting/provisional/cand-setting-4d5d7e791c46.json
迷深实战-本体库/libraries/setting/provisional/cand-setting-4d6596b93f77.json
迷深实战-本体库/libraries/setting/provisional/cand-setting-4d742de8259b.json
迷深实战-本体库/libraries/setting/provisional/cand-setting-4dce7d623f30.json
迷深实战-本体库/libraries/setting/provisional/cand-setting-4df84009b780.json
迷深实战-本体库/libraries/setting/provisional/cand-setting-4e1ba5ab1024.json
迷深实战-本体库/libraries/setting/provisional/cand-setting-4f1b50091fd5.json
迷深实战-本体库/libraries/setting/provisional/cand-setting-4f428cf58940.json
迷深实战-本体库/libraries/setting/provisional/cand-setting-4f48ce2e6959.json
迷深实战-本体库/libraries/setting/provisional/cand-setting-4f9c933be542.json
迷深实战-本体库/libraries/setting/provisional/cand-setting-4fc49b6614a7.json
迷深实战-本体库/libraries/setting/provisional/cand-setting-4fed45df514a.json
迷深实战-本体库/libraries/setting/provisional/cand-setting-4ffafef82149.json
迷深实战-本体库/libraries/setting/provisional/cand-setting-502f002eb10a.json
迷深实战-本体库/libraries/setting/provisional/cand-setting-50318ac53e00.json
迷深实战-本体库/libraries/setting/provisional/cand-setting-5095da59e5f8.json
迷深实战-本体库/libraries/setting/provisional/cand-setting-50ea4255ef6f.json
迷深实战-本体库/libraries/setting/provisional/cand-setting-51a8ffde0517.json
迷深实战-本体库/libraries/setting/provisional/cand-setting-5207a3df4f3c.json
迷深实战-本体库/libraries/setting/provisional/cand-setting-523d10adfc39.json
迷深实战-本体库/libraries/setting/provisional/cand-setting-52402ab827a5.json
迷深实战-本体库/libraries/setting/provisional/cand-setting-526e43d6b173.json
迷深实战-本体库/libraries/setting/provisional/cand-setting-5310f0b2d4ec.json
迷深实战-本体库/libraries/setting/provisional/cand-setting-53589c49db6e.json
迷深实战-本体库/libraries/setting/provisional/cand-setting-53ea4893f9e4.json
迷深实战-本体库/libraries/setting/provisional/cand-setting-53ee01e2d1f4.json
迷深实战-本体库/libraries/setting/provisional/cand-setting-53f0edad5292.json
迷深实战-本体库/libraries/setting/provisional/cand-setting-53f165df8c13.json
迷深实战-本体库/libraries/setting/provisional/cand-setting-5483a3b20334.json
迷深实战-本体库/libraries/setting/provisional/cand-setting-54a5120d14b2.json
迷深实战-本体库/libraries/setting/provisional/cand-setting-54b4bb64e1a4.json
迷深实战-本体库/libraries/setting/provisional/cand-setting-54fb24be8048.json
迷深实战-本体库/libraries/setting/provisional/cand-setting-550102f5aa89.json
迷深实战-本体库/libraries/setting/provisional/cand-setting-550273d92f06.json
迷深实战-本体库/libraries/setting/provisional/cand-setting-551b35b1b671.json
迷深实战-本体库/libraries/setting/provisional/cand-setting-55261c339c0f.json
迷深实战-本体库/libraries/setting/provisional/cand-setting-5600e794c4de.json
迷深实战-本体库/libraries/setting/provisional/cand-setting-56033313437b.json
迷深实战-本体库/libraries/setting/provisional/cand-setting-5606f5e39927.json
迷深实战-本体库/libraries/setting/provisional/cand-setting-563ff7dd1965.json
迷深实战-本体库/libraries/setting/provisional/cand-setting-5673de168469.json
迷深实战-本体库/libraries/setting/provisional/cand-setting-569a9de47cf9.json
迷深实战-本体库/libraries/setting/provisional/cand-setting-56b10fa416a2.json
迷深实战-本体库/libraries/setting/provisional/cand-setting-56ce7a9f9ea7.json
迷深实战-本体库/libraries/setting/provisional/cand-setting-57e57bab668f.json
迷深实战-本体库/libraries/setting/provisional/cand-setting-58054db33d90.json
迷深实战-本体库/libraries/setting/provisional/cand-setting-582444d71cc8.json
迷深实战-本体库/libraries/setting/provisional/cand-setting-583ca354eb91.json
迷深实战-本体库/libraries/setting/provisional/cand-setting-58466b4b8382.json
迷深实战-本体库/libraries/setting/provisional/cand-setting-58862999e4ef.json
迷深实战-本体库/libraries/setting/provisional/cand-setting-58b6e385f347.json
迷深实战-本体库/libraries/setting/provisional/cand-setting-59a85801d84c.json
迷深实战-本体库/libraries/setting/provisional/cand-setting-59fe7319b7ed.json
迷深实战-本体库/libraries/setting/provisional/cand-setting-5a64251011e1.json
迷深实战-本体库/libraries/setting/provisional/cand-setting-5b84a1013fad.json
迷深实战-本体库/libraries/setting/provisional/cand-setting-5b8ee8748984.json
迷深实战-本体库/libraries/setting/provisional/cand-setting-5beb19b20ee0.json
迷深实战-本体库/libraries/setting/provisional/cand-setting-5bee6411978d.json
迷深实战-本体库/libraries/setting/provisional/cand-setting-5c6700c4105c.json
迷深实战-本体库/libraries/setting/provisional/cand-setting-5c8c88f2bdbf.json
迷深实战-本体库/libraries/setting/provisional/cand-setting-5cd3177fde38.json
迷深实战-本体库/libraries/setting/provisional/cand-setting-5cebc9b7eed3.json
迷深实战-本体库/libraries/setting/provisional/cand-setting-5d7e40fd24b0.json
迷深实战-本体库/libraries/setting/provisional/cand-setting-5dc8df46ee0d.json
迷深实战-本体库/libraries/setting/provisional/cand-setting-5df35b386b24.json
迷深实战-本体库/libraries/setting/provisional/cand-setting-5e61964fc3ff.json
迷深实战-本体库/libraries/setting/provisional/cand-setting-5e740ef179c3.json
迷深实战-本体库/libraries/setting/provisional/cand-setting-5ed26f838458.json
迷深实战-本体库/libraries/setting/provisional/cand-setting-5ee73caa4199.json
迷深实战-本体库/libraries/setting/provisional/cand-setting-5eec77a3e8ec.json
迷深实战-本体库/libraries/setting/provisional/cand-setting-5f0269a363a8.json
迷深实战-本体库/libraries/setting/provisional/cand-setting-5f4a030d0f69.json
迷深实战-本体库/libraries/setting/provisional/cand-setting-5f58cfb8050f.json
迷深实战-本体库/libraries/setting/provisional/cand-setting-5fd5f126e354.json
迷深实战-本体库/libraries/setting/provisional/cand-setting-602ab9e013e1.json
迷深实战-本体库/libraries/setting/provisional/cand-setting-603def59ecd2.json
迷深实战-本体库/libraries/setting/provisional/cand-setting-60e5f72cfe0f.json
迷深实战-本体库/libraries/setting/provisional/cand-setting-610c55b9cc38.json
迷深实战-本体库/libraries/setting/provisional/cand-setting-616c6ebdec40.json
迷深实战-本体库/libraries/setting/provisional/cand-setting-6281de1567b4.json
迷深实战-本体库/libraries/setting/provisional/cand-setting-62980ab370e3.json
迷深实战-本体库/libraries/setting/provisional/cand-setting-641c32dd32bd.json
迷深实战-本体库/libraries/setting/provisional/cand-setting-6439683212c5.json
迷深实战-本体库/libraries/setting/provisional/cand-setting-643d2402e3bd.json
迷深实战-本体库/libraries/setting/provisional/cand-setting-6467c1a46501.json
迷深实战-本体库/libraries/setting/provisional/cand-setting-6499ffd28f7d.json
迷深实战-本体库/libraries/setting/provisional/cand-setting-6527dc095b2f.json
迷深实战-本体库/libraries/setting/provisional/cand-setting-6555d8015266.json
迷深实战-本体库/libraries/setting/provisional/cand-setting-6557069deb2a.json
迷深实战-本体库/libraries/setting/provisional/cand-setting-66351d2efc5d.json
迷深实战-本体库/libraries/setting/provisional/cand-setting-664fd99f5ee6.json
迷深实战-本体库/libraries/setting/provisional/cand-setting-66cd67d1db1d.json
迷深实战-本体库/libraries/setting/provisional/cand-setting-670ed71f684e.json
迷深实战-本体库/libraries/setting/provisional/cand-setting-6720d99dd268.json
迷深实战-本体库/libraries/setting/provisional/cand-setting-67d37120faac.json
迷深实战-本体库/libraries/setting/provisional/cand-setting-67e05d673e9c.json
迷深实战-本体库/libraries/setting/provisional/cand-setting-6855696c8424.json
迷深实战-本体库/libraries/setting/provisional/cand-setting-6882f0c6646a.json
迷深实战-本体库/libraries/setting/provisional/cand-setting-689f60c2ba76.json
迷深实战-本体库/libraries/setting/provisional/cand-setting-69560a9d751f.json
迷深实战-本体库/libraries/setting/provisional/cand-setting-69ab74530037.json
迷深实战-本体库/libraries/setting/provisional/cand-setting-69f32295009c.json
迷深实战-本体库/libraries/setting/provisional/cand-setting-6a504eaf1c05.json
迷深实战-本体库/libraries/setting/provisional/cand-setting-6a8fe844aec2.json
迷深实战-本体库/libraries/setting/provisional/cand-setting-6aa730b71e3e.json
迷深实战-本体库/libraries/setting/provisional/cand-setting-6adcd7f25941.json
迷深实战-本体库/libraries/setting/provisional/cand-setting-6b4b93fd4be1.json
迷深实战-本体库/libraries/setting/provisional/cand-setting-6b524d662104.json
迷深实战-本体库/libraries/setting/provisional/cand-setting-6b5f347e811b.json
迷深实战-本体库/libraries/setting/provisional/cand-setting-6b6e80178913.json
迷深实战-本体库/libraries/setting/provisional/cand-setting-6b823e111141.json
迷深实战-本体库/libraries/setting/provisional/cand-setting-6cde1ddfc0cd.json
迷深实战-本体库/libraries/setting/provisional/cand-setting-6d1f46e17f2a.json
迷深实战-本体库/libraries/setting/provisional/cand-setting-6db62043c7d5.json
迷深实战-本体库/libraries/setting/provisional/cand-setting-6dc03472cdf2.json
迷深实战-本体库/libraries/setting/provisional/cand-setting-6e317a0c1303.json
迷深实战-本体库/libraries/setting/provisional/cand-setting-6e54f59a23f5.json
迷深实战-本体库/libraries/setting/provisional/cand-setting-6e86d4421235.json
迷深实战-本体库/libraries/setting/provisional/cand-setting-6ee990103f1f.json
迷深实战-本体库/libraries/setting/provisional/cand-setting-6f18b63b166c.json
迷深实战-本体库/libraries/setting/provisional/cand-setting-709aef9b2abb.json
迷深实战-本体库/libraries/setting/provisional/cand-setting-70e501c327e5.json
迷深实战-本体库/libraries/setting/provisional/cand-setting-710f4a8ba707.json
迷深实战-本体库/libraries/setting/provisional/cand-setting-71576bd1f566.json
迷深实战-本体库/libraries/setting/provisional/cand-setting-716adf947f06.json
迷深实战-本体库/libraries/setting/provisional/cand-setting-71e42a6b6319.json
迷深实战-本体库/libraries/setting/provisional/cand-setting-71f66ebb0752.json
迷深实战-本体库/libraries/setting/provisional/cand-setting-72c19b238a2b.json
迷深实战-本体库/libraries/setting/provisional/cand-setting-72f50d895ec8.json
迷深实战-本体库/libraries/setting/provisional/cand-setting-732e01220a63.json
迷深实战-本体库/libraries/setting/provisional/cand-setting-732ff97119bf.json
迷深实战-本体库/libraries/setting/provisional/cand-setting-73561a6cfbe4.json
迷深实战-本体库/libraries/setting/provisional/cand-setting-738ceea2ef42.json
迷深实战-本体库/libraries/setting/provisional/cand-setting-73e4a2288e0f.json
迷深实战-本体库/libraries/setting/provisional/cand-setting-74c8ec6f7d94.json
迷深实战-本体库/libraries/setting/provisional/cand-setting-74f18ce99296.json
迷深实战-本体库/libraries/setting/provisional/cand-setting-74fefcbee22f.json
迷深实战-本体库/libraries/setting/provisional/cand-setting-756cd83130bc.json
迷深实战-本体库/libraries/setting/provisional/cand-setting-7623ea0ede46.json
迷深实战-本体库/libraries/setting/provisional/cand-setting-763201ebbc06.json
迷深实战-本体库/libraries/setting/provisional/cand-setting-7667338b5310.json
迷深实战-本体库/libraries/setting/provisional/cand-setting-7693e48922e4.json
迷深实战-本体库/libraries/setting/provisional/cand-setting-76ca78e74149.json
迷深实战-本体库/libraries/setting/provisional/cand-setting-77086cb29f11.json
迷深实战-本体库/libraries/setting/provisional/cand-setting-773722a143e0.json
迷深实战-本体库/libraries/setting/provisional/cand-setting-77dabb01e6b8.json
迷深实战-本体库/libraries/setting/provisional/cand-setting-77fc9fc1bbf5.json
迷深实战-本体库/libraries/setting/provisional/cand-setting-7831c191c237.json
迷深实战-本体库/libraries/setting/provisional/cand-setting-7885448300c2.json
迷深实战-本体库/libraries/setting/provisional/cand-setting-7988c3e12a6a.json
迷深实战-本体库/libraries/setting/provisional/cand-setting-79ced513f505.json
迷深实战-本体库/libraries/setting/provisional/cand-setting-7a138c18a131.json
迷深实战-本体库/libraries/setting/provisional/cand-setting-7abba94c265a.json
迷深实战-本体库/libraries/setting/provisional/cand-setting-7b15fea59e18.json
迷深实战-本体库/libraries/setting/provisional/cand-setting-7b200dda2c17.json
迷深实战-本体库/libraries/setting/provisional/cand-setting-7bbea0a33e40.json
迷深实战-本体库/libraries/setting/provisional/cand-setting-7bdf7e562f5d.json
迷深实战-本体库/libraries/setting/provisional/cand-setting-7bedce1c8ae0.json
迷深实战-本体库/libraries/setting/provisional/cand-setting-7c0c9a930fdf.json
迷深实战-本体库/libraries/setting/provisional/cand-setting-7c23205991d4.json
迷深实战-本体库/libraries/setting/provisional/cand-setting-7c5b02405188.json
迷深实战-本体库/libraries/setting/provisional/cand-setting-7c5ea27fd88c.json
迷深实战-本体库/libraries/setting/provisional/cand-setting-7cef3f18c099.json
迷深实战-本体库/libraries/setting/provisional/cand-setting-7d8515d4f9ac.json
迷深实战-本体库/libraries/setting/provisional/cand-setting-7d9600d42c6b.json
迷深实战-本体库/libraries/setting/provisional/cand-setting-7df88ec27890.json
迷深实战-本体库/libraries/setting/provisional/cand-setting-7e22093b761d.json
迷深实战-本体库/libraries/setting/provisional/cand-setting-7eb6a25a835d.json
迷深实战-本体库/libraries/setting/provisional/cand-setting-7ed2c9c0c124.json
迷深实战-本体库/libraries/setting/provisional/cand-setting-7f3641fc4361.json
迷深实战-本体库/libraries/setting/provisional/cand-setting-7ff0ebe21000.json
迷深实战-本体库/libraries/setting/provisional/cand-setting-80cd8af6d9ce.json
迷深实战-本体库/libraries/setting/provisional/cand-setting-80d93a7e03ab.json
迷深实战-本体库/libraries/setting/provisional/cand-setting-81c557f7257b.json
迷深实战-本体库/libraries/setting/provisional/cand-setting-81d0d91b3528.json
迷深实战-本体库/libraries/setting/provisional/cand-setting-81e00dd8c36c.json
迷深实战-本体库/libraries/setting/provisional/cand-setting-82fa7f1c36d4.json
迷深实战-本体库/libraries/setting/provisional/cand-setting-8385c3aab6ba.json
迷深实战-本体库/libraries/setting/provisional/cand-setting-83c292b8b39b.json
迷深实战-本体库/libraries/setting/provisional/cand-setting-85589796c9b1.json
迷深实战-本体库/libraries/setting/provisional/cand-setting-8591cf03ab1c.json
迷深实战-本体库/libraries/setting/provisional/cand-setting-85aaf450abc6.json
迷深实战-本体库/libraries/setting/provisional/cand-setting-85d5d0139dbf.json
迷深实战-本体库/libraries/setting/provisional/cand-setting-869bf1882195.json
迷深实战-本体库/libraries/setting/provisional/cand-setting-86bb18e7b1fb.json
迷深实战-本体库/libraries/setting/provisional/cand-setting-87139d9489f7.json
迷深实战-本体库/libraries/setting/provisional/cand-setting-87a28dfb8d87.json
迷深实战-本体库/libraries/setting/provisional/cand-setting-87bd2097800b.json
迷深实战-本体库/libraries/setting/provisional/cand-setting-88330f07ceae.json
迷深实战-本体库/libraries/setting/provisional/cand-setting-8867499402f2.json
迷深实战-本体库/libraries/setting/provisional/cand-setting-8881d0621160.json
迷深实战-本体库/libraries/setting/provisional/cand-setting-895d3628d60b.json
迷深实战-本体库/libraries/setting/provisional/cand-setting-8b108c91a6b7.json
迷深实战-本体库/libraries/setting/provisional/cand-setting-8b44493cf2fb.json
迷深实战-本体库/libraries/setting/provisional/cand-setting-8b59f6e1f068.json
迷深实战-本体库/libraries/setting/provisional/cand-setting-8bb595df0cb1.json
迷深实战-本体库/libraries/setting/provisional/cand-setting-8bdb75154242.json
迷深实战-本体库/libraries/setting/provisional/cand-setting-8c19d3844ef5.json
迷深实战-本体库/libraries/setting/provisional/cand-setting-8c1a7c9e631f.json
迷深实战-本体库/libraries/setting/provisional/cand-setting-8c94f6462c0d.json
迷深实战-本体库/libraries/setting/provisional/cand-setting-8c9fb0262bd3.json
迷深实战-本体库/libraries/setting/provisional/cand-setting-8ca422a32cb2.json
迷深实战-本体库/libraries/setting/provisional/cand-setting-8d88344527f0.json
迷深实战-本体库/libraries/setting/provisional/cand-setting-8dc4b8a849e9.json
迷深实战-本体库/libraries/setting/provisional/cand-setting-8e3eff849cc5.json
迷深实战-本体库/libraries/setting/provisional/cand-setting-8f000537fc9a.json
迷深实战-本体库/libraries/setting/provisional/cand-setting-8f3387df6084.json
迷深实战-本体库/libraries/setting/provisional/cand-setting-8f4211ef8fbd.json
迷深实战-本体库/libraries/setting/provisional/cand-setting-8f4221be5d61.json
迷深实战-本体库/libraries/setting/provisional/cand-setting-8f7e1df0d17e.json
迷深实战-本体库/libraries/setting/provisional/cand-setting-8f87ce5fcd1b.json
迷深实战-本体库/libraries/setting/provisional/cand-setting-8fa7b6470531.json
迷深实战-本体库/libraries/setting/provisional/cand-setting-8fbf57369d55.json
迷深实战-本体库/libraries/setting/provisional/cand-setting-907de2253a95.json
迷深实战-本体库/libraries/setting/provisional/cand-setting-91174ec1cb3e.json
迷深实战-本体库/libraries/setting/provisional/cand-setting-9183a49d890b.json
迷深实战-本体库/libraries/setting/provisional/cand-setting-9186c02623e7.json
迷深实战-本体库/libraries/setting/provisional/cand-setting-91879299ba63.json
迷深实战-本体库/libraries/setting/provisional/cand-setting-926f1e8c3e91.json
迷深实战-本体库/libraries/setting/provisional/cand-setting-92b734a2677a.json
迷深实战-本体库/libraries/setting/provisional/cand-setting-92f2f42d4fd7.json
迷深实战-本体库/libraries/setting/provisional/cand-setting-93ccca889a39.json
迷深实战-本体库/libraries/setting/provisional/cand-setting-941c8153b424.json
迷深实战-本体库/libraries/setting/provisional/cand-setting-943de4abb261.json
迷深实战-本体库/libraries/setting/provisional/cand-setting-957b5b4e87a7.json
迷深实战-本体库/libraries/setting/provisional/cand-setting-95aa4d0429a6.json
迷深实战-本体库/libraries/setting/provisional/cand-setting-9660ede95ed1.json
迷深实战-本体库/libraries/setting/provisional/cand-setting-9684c6434068.json
迷深实战-本体库/libraries/setting/provisional/cand-setting-96a23e82bd41.json
迷深实战-本体库/libraries/setting/provisional/cand-setting-96b472621006.json
迷深实战-本体库/libraries/setting/provisional/cand-setting-96b51b1deb91.json
迷深实战-本体库/libraries/setting/provisional/cand-setting-9729ea915968.json
迷深实战-本体库/libraries/setting/provisional/cand-setting-977439030f26.json
迷深实战-本体库/libraries/setting/provisional/cand-setting-97bda0ef62e3.json
迷深实战-本体库/libraries/setting/provisional/cand-setting-97bf1bfec08d.json
迷深实战-本体库/libraries/setting/provisional/cand-setting-97e6520da0b9.json
迷深实战-本体库/libraries/setting/provisional/cand-setting-98720f8e769f.json
迷深实战-本体库/libraries/setting/provisional/cand-setting-98e98a6cd017.json
迷深实战-本体库/libraries/setting/provisional/cand-setting-98f40d13adc5.json
迷深实战-本体库/libraries/setting/provisional/cand-setting-99e3e72e8572.json
迷深实战-本体库/libraries/setting/provisional/cand-setting-9a2f78bfe805.json
迷深实战-本体库/libraries/setting/provisional/cand-setting-9a72e2bf4eb3.json
迷深实战-本体库/libraries/setting/provisional/cand-setting-9a75d8859c30.json
迷深实战-本体库/libraries/setting/provisional/cand-setting-9ac73fece88d.json
迷深实战-本体库/libraries/setting/provisional/cand-setting-9bb8caa8b6d0.json
迷深实战-本体库/libraries/setting/provisional/cand-setting-9bd73b151787.json
迷深实战-本体库/libraries/setting/provisional/cand-setting-9be32df8f90c.json
迷深实战-本体库/libraries/setting/provisional/cand-setting-9be3f3722114.json
迷深实战-本体库/libraries/setting/provisional/cand-setting-9c0e24891258.json
迷深实战-本体库/libraries/setting/provisional/cand-setting-9c3853466417.json
迷深实战-本体库/libraries/setting/provisional/cand-setting-9d1ca9689866.json
迷深实战-本体库/libraries/setting/provisional/cand-setting-9d43c0748b44.json
迷深实战-本体库/libraries/setting/provisional/cand-setting-9e16010e653a.json
迷深实战-本体库/libraries/setting/provisional/cand-setting-9e27224a1776.json
迷深实战-本体库/libraries/setting/provisional/cand-setting-9e6c1e25afe7.json
迷深实战-本体库/libraries/setting/provisional/cand-setting-9eb1c5ecd6d1.json
迷深实战-本体库/libraries/setting/provisional/cand-setting-9eddf0b8aab1.json
迷深实战-本体库/libraries/setting/provisional/cand-setting-9ef5d8cf1452.json
迷深实战-本体库/libraries/setting/provisional/cand-setting-9f475f7026e6.json
迷深实战-本体库/libraries/setting/provisional/cand-setting-9fb81f8457b8.json
迷深实战-本体库/libraries/setting/provisional/cand-setting-a07f5ecf50a6.json
迷深实战-本体库/libraries/setting/provisional/cand-setting-a088e4ef0028.json
迷深实战-本体库/libraries/setting/provisional/cand-setting-a13222a2ca05.json
迷深实战-本体库/libraries/setting/provisional/cand-setting-a13757a975ec.json
迷深实战-本体库/libraries/setting/provisional/cand-setting-a1bccd1083a6.json
迷深实战-本体库/libraries/setting/provisional/cand-setting-a1e148152f92.json
迷深实战-本体库/libraries/setting/provisional/cand-setting-a233dd1f26da.json
迷深实战-本体库/libraries/setting/provisional/cand-setting-a25d0652e39c.json
迷深实战-本体库/libraries/setting/provisional/cand-setting-a3d949ca4244.json
迷深实战-本体库/libraries/setting/provisional/cand-setting-a3ee84435c47.json
迷深实战-本体库/libraries/setting/provisional/cand-setting-a415e5511b3c.json
迷深实战-本体库/libraries/setting/provisional/cand-setting-a450cbe4eebe.json
迷深实战-本体库/libraries/setting/provisional/cand-setting-a460c74f25dd.json
迷深实战-本体库/libraries/setting/provisional/cand-setting-a57d3fbd55cc.json
迷深实战-本体库/libraries/setting/provisional/cand-setting-a5ad1ac35c06.json
迷深实战-本体库/libraries/setting/provisional/cand-setting-a67633348982.json
迷深实战-本体库/libraries/setting/provisional/cand-setting-a68dbfe4103b.json
迷深实战-本体库/libraries/setting/provisional/cand-setting-a6f46ecd3ffc.json
迷深实战-本体库/libraries/setting/provisional/cand-setting-a71560d40562.json
迷深实战-本体库/libraries/setting/provisional/cand-setting-a75d7e0e02dd.json
迷深实战-本体库/libraries/setting/provisional/cand-setting-a7b2b050ce8a.json
迷深实战-本体库/libraries/setting/provisional/cand-setting-a8628cab4a61.json
迷深实战-本体库/libraries/setting/provisional/cand-setting-a866172d41f2.json
迷深实战-本体库/libraries/setting/provisional/cand-setting-a86905de3042.json
迷深实战-本体库/libraries/setting/provisional/cand-setting-a879c8ab16e0.json
迷深实战-本体库/libraries/setting/provisional/cand-setting-a8e513ebaace.json
迷深实战-本体库/libraries/setting/provisional/cand-setting-a90be849c991.json
迷深实战-本体库/libraries/setting/provisional/cand-setting-a9453b99bc91.json
迷深实战-本体库/libraries/setting/provisional/cand-setting-aa36016c2c16.json
迷深实战-本体库/libraries/setting/provisional/cand-setting-aa8bfe187756.json
迷深实战-本体库/libraries/setting/provisional/cand-setting-aadff1b7c608.json
迷深实战-本体库/libraries/setting/provisional/cand-setting-ab82f158bb72.json
迷深实战-本体库/libraries/setting/provisional/cand-setting-abf6de9da055.json
迷深实战-本体库/libraries/setting/provisional/cand-setting-ac11b546ae4a.json
迷深实战-本体库/libraries/setting/provisional/cand-setting-ac6bc20a5f4f.json
迷深实战-本体库/libraries/setting/provisional/cand-setting-acf511940f0e.json
迷深实战-本体库/libraries/setting/provisional/cand-setting-acffe2f6e9aa.json
迷深实战-本体库/libraries/setting/provisional/cand-setting-ad9e2d34ffd8.json
迷深实战-本体库/libraries/setting/provisional/cand-setting-adc716c69c9f.json
迷深实战-本体库/libraries/setting/provisional/cand-setting-ade82d40ac46.json
迷深实战-本体库/libraries/setting/provisional/cand-setting-ae09c0a01621.json
迷深实战-本体库/libraries/setting/provisional/cand-setting-ae1e79e3c269.json
迷深实战-本体库/libraries/setting/provisional/cand-setting-ae9a9e9b62ed.json
迷深实战-本体库/libraries/setting/provisional/cand-setting-aedfd96ddd21.json
迷深实战-本体库/libraries/setting/provisional/cand-setting-af63f3723540.json
迷深实战-本体库/libraries/setting/provisional/cand-setting-af6723b0c626.json
迷深实战-本体库/libraries/setting/provisional/cand-setting-afa4a4d43177.json
迷深实战-本体库/libraries/setting/provisional/cand-setting-b04937aa22dc.json
迷深实战-本体库/libraries/setting/provisional/cand-setting-b053f546b544.json
迷深实战-本体库/libraries/setting/provisional/cand-setting-b0603d17c696.json
迷深实战-本体库/libraries/setting/provisional/cand-setting-b061777207db.json
迷深实战-本体库/libraries/setting/provisional/cand-setting-b08f90b31c9f.json
迷深实战-本体库/libraries/setting/provisional/cand-setting-b09ee3f5b2f7.json
迷深实战-本体库/libraries/setting/provisional/cand-setting-b0f28380561c.json
迷深实战-本体库/libraries/setting/provisional/cand-setting-b12d03d3fa7e.json
迷深实战-本体库/libraries/setting/provisional/cand-setting-b1cafb710435.json
迷深实战-本体库/libraries/setting/provisional/cand-setting-b1e618dd32a2.json
迷深实战-本体库/libraries/setting/provisional/cand-setting-b21b7036db01.json
迷深实战-本体库/libraries/setting/provisional/cand-setting-b226bba8287a.json
迷深实战-本体库/libraries/setting/provisional/cand-setting-b2a1b74ba9c3.json
迷深实战-本体库/libraries/setting/provisional/cand-setting-b2d5cfb32703.json
迷深实战-本体库/libraries/setting/provisional/cand-setting-b35b96fa8b0f.json
迷深实战-本体库/libraries/setting/provisional/cand-setting-b3a1b95ca5f7.json
迷深实战-本体库/libraries/setting/provisional/cand-setting-b3d21e42530a.json
迷深实战-本体库/libraries/setting/provisional/cand-setting-b3e34aa9bee9.json
迷深实战-本体库/libraries/setting/provisional/cand-setting-b44cd3d633be.json
迷深实战-本体库/libraries/setting/provisional/cand-setting-b4b94ffce6d1.json
迷深实战-本体库/libraries/setting/provisional/cand-setting-b59d6b6fded1.json
迷深实战-本体库/libraries/setting/provisional/cand-setting-b630be32ee68.json
迷深实战-本体库/libraries/setting/provisional/cand-setting-b6393f97ba37.json
迷深实战-本体库/libraries/setting/provisional/cand-setting-b65b54ce8c40.json
迷深实战-本体库/libraries/setting/provisional/cand-setting-b6e6529dd313.json
迷深实战-本体库/libraries/setting/provisional/cand-setting-b7223b7f5ec5.json
迷深实战-本体库/libraries/setting/provisional/cand-setting-b77aa68a756d.json
迷深实战-本体库/libraries/setting/provisional/cand-setting-b7ed02bf404a.json
迷深实战-本体库/libraries/setting/provisional/cand-setting-b7fc9c87cb75.json
迷深实战-本体库/libraries/setting/provisional/cand-setting-b852971d5d85.json
迷深实战-本体库/libraries/setting/provisional/cand-setting-b8f51862d2c3.json
迷深实战-本体库/libraries/setting/provisional/cand-setting-b965a5474825.json
迷深实战-本体库/libraries/setting/provisional/cand-setting-b9e5a426ffb2.json
迷深实战-本体库/libraries/setting/provisional/cand-setting-baa7fad76f26.json
迷深实战-本体库/libraries/setting/provisional/cand-setting-bac586bd1f77.json
迷深实战-本体库/libraries/setting/provisional/cand-setting-bb82f83a277b.json
迷深实战-本体库/libraries/setting/provisional/cand-setting-bbbd890c42f5.json
迷深实战-本体库/libraries/setting/provisional/cand-setting-bd81c6f6e10e.json
迷深实战-本体库/libraries/setting/provisional/cand-setting-beef71ba9a6c.json
迷深实战-本体库/libraries/setting/provisional/cand-setting-bf2e917c7bd8.json
迷深实战-本体库/libraries/setting/provisional/cand-setting-bfda51b52881.json
迷深实战-本体库/libraries/setting/provisional/cand-setting-bfe20ebf108d.json
迷深实战-本体库/libraries/setting/provisional/cand-setting-c0d602adeb08.json
迷深实战-本体库/libraries/setting/provisional/cand-setting-c12ba7c88ff1.json
迷深实战-本体库/libraries/setting/provisional/cand-setting-c166ceab77fa.json
迷深实战-本体库/libraries/setting/provisional/cand-setting-c19d55e4ebf9.json
迷深实战-本体库/libraries/setting/provisional/cand-setting-c220d171647f.json
迷深实战-本体库/libraries/setting/provisional/cand-setting-c25aa6df8f5a.json
迷深实战-本体库/libraries/setting/provisional/cand-setting-c27e20e665bd.json
迷深实战-本体库/libraries/setting/provisional/cand-setting-c284aa5803c1.json
迷深实战-本体库/libraries/setting/provisional/cand-setting-c306fd3d00da.json
迷深实战-本体库/libraries/setting/provisional/cand-setting-c348195feb4d.json
迷深实战-本体库/libraries/setting/provisional/cand-setting-c34b5180954e.json
迷深实战-本体库/libraries/setting/provisional/cand-setting-c36473cb6628.json
迷深实战-本体库/libraries/setting/provisional/cand-setting-c37551653b19.json
迷深实战-本体库/libraries/setting/provisional/cand-setting-c3eadc6ff1d5.json
迷深实战-本体库/libraries/setting/provisional/cand-setting-c47999e1a3d7.json
迷深实战-本体库/libraries/setting/provisional/cand-setting-c4876a7a205a.json
迷深实战-本体库/libraries/setting/provisional/cand-setting-c4b92bd822c6.json
迷深实战-本体库/libraries/setting/provisional/cand-setting-c4c4d6e785a0.json
迷深实战-本体库/libraries/setting/provisional/cand-setting-c4e074b30087.json
迷深实战-本体库/libraries/setting/provisional/cand-setting-c4ef24f99e93.json
迷深实战-本体库/libraries/setting/provisional/cand-setting-c4feeea6ee2f.json
迷深实战-本体库/libraries/setting/provisional/cand-setting-c515a7ada084.json
迷深实战-本体库/libraries/setting/provisional/cand-setting-c61fa93c71d3.json
迷深实战-本体库/libraries/setting/provisional/cand-setting-c620af2f4a28.json
迷深实战-本体库/libraries/setting/provisional/cand-setting-c68b78e537a8.json
迷深实战-本体库/libraries/setting/provisional/cand-setting-c6f962a11ce5.json
迷深实战-本体库/libraries/setting/provisional/cand-setting-c73cc8b2d57c.json
迷深实战-本体库/libraries/setting/provisional/cand-setting-c75446d20576.json
迷深实战-本体库/libraries/setting/provisional/cand-setting-c7827a5f1044.json
迷深实战-本体库/libraries/setting/provisional/cand-setting-c7c0c5bd4c57.json
迷深实战-本体库/libraries/setting/provisional/cand-setting-c7c20a1d4195.json
迷深实战-本体库/libraries/setting/provisional/cand-setting-c7fa10f8126c.json
迷深实战-本体库/libraries/setting/provisional/cand-setting-c8000118a59c.json
迷深实战-本体库/libraries/setting/provisional/cand-setting-c84e568cc005.json
迷深实战-本体库/libraries/setting/provisional/cand-setting-c87f2849d8e1.json
迷深实战-本体库/libraries/setting/provisional/cand-setting-c8f2916bfcf9.json
迷深实战-本体库/libraries/setting/provisional/cand-setting-c8f44d5488c8.json
迷深实战-本体库/libraries/setting/provisional/cand-setting-c8f4d31f0e2f.json
迷深实战-本体库/libraries/setting/provisional/cand-setting-c918f704a81d.json
迷深实战-本体库/libraries/setting/provisional/cand-setting-c9577c55d822.json
迷深实战-本体库/libraries/setting/provisional/cand-setting-c95ccf9bb566.json
迷深实战-本体库/libraries/setting/provisional/cand-setting-c9b47e8bb77f.json
迷深实战-本体库/libraries/setting/provisional/cand-setting-c9b5d5f1339a.json
迷深实战-本体库/libraries/setting/provisional/cand-setting-ca6f5c32131b.json
迷深实战-本体库/libraries/setting/provisional/cand-setting-ca9b3344799b.json
迷深实战-本体库/libraries/setting/provisional/cand-setting-ca9ce4c68919.json
迷深实战-本体库/libraries/setting/provisional/cand-setting-cb2e857d3dcb.json
迷深实战-本体库/libraries/setting/provisional/cand-setting-cb408e7bcd82.json
迷深实战-本体库/libraries/setting/provisional/cand-setting-cb8769e18ab5.json
迷深实战-本体库/libraries/setting/provisional/cand-setting-cbaef55084d1.json
迷深实战-本体库/libraries/setting/provisional/cand-setting-cc2cd22cc81c.json
迷深实战-本体库/libraries/setting/provisional/cand-setting-cc7ddd6d9056.json
迷深实战-本体库/libraries/setting/provisional/cand-setting-ccd3dea63ddd.json
迷深实战-本体库/libraries/setting/provisional/cand-setting-cce6c3e9c56a.json
迷深实战-本体库/libraries/setting/provisional/cand-setting-ccec2caf4ffb.json
迷深实战-本体库/libraries/setting/provisional/cand-setting-cdbcf04fc444.json
迷深实战-本体库/libraries/setting/provisional/cand-setting-cdf4e3b98817.json
迷深实战-本体库/libraries/setting/provisional/cand-setting-ce5765231a39.json
迷深实战-本体库/libraries/setting/provisional/cand-setting-ce6e7fa00b3a.json
迷深实战-本体库/libraries/setting/provisional/cand-setting-cf21f7c03ee3.json
迷深实战-本体库/libraries/setting/provisional/cand-setting-cf35ad6ee512.json
迷深实战-本体库/libraries/setting/provisional/cand-setting-d0e9712ea29f.json
迷深实战-本体库/libraries/setting/provisional/cand-setting-d16f673be9e9.json
迷深实战-本体库/libraries/setting/provisional/cand-setting-d1e3392e3953.json
迷深实战-本体库/libraries/setting/provisional/cand-setting-d2d15212ad9b.json
迷深实战-本体库/libraries/setting/provisional/cand-setting-d332190863c1.json
迷深实战-本体库/libraries/setting/provisional/cand-setting-d3b977b73d63.json
迷深实战-本体库/libraries/setting/provisional/cand-setting-d3db42906b3d.json
迷深实战-本体库/libraries/setting/provisional/cand-setting-d4cf7e34db36.json
迷深实战-本体库/libraries/setting/provisional/cand-setting-d4d7fb27946b.json
迷深实战-本体库/libraries/setting/provisional/cand-setting-d4ecc1174cc7.json
迷深实战-本体库/libraries/setting/provisional/cand-setting-d53109872be0.json
迷深实战-本体库/libraries/setting/provisional/cand-setting-d61047e44504.json
迷深实战-本体库/libraries/setting/provisional/cand-setting-d67132f38b89.json
迷深实战-本体库/libraries/setting/provisional/cand-setting-d7659db5567a.json
迷深实战-本体库/libraries/setting/provisional/cand-setting-d79be3ee78a6.json
迷深实战-本体库/libraries/setting/provisional/cand-setting-d7a391a5bcca.json
迷深实战-本体库/libraries/setting/provisional/cand-setting-d7cea3b37dd3.json
迷深实战-本体库/libraries/setting/provisional/cand-setting-d80e821db3a6.json
迷深实战-本体库/libraries/setting/provisional/cand-setting-d81c10c4b2bf.json
迷深实战-本体库/libraries/setting/provisional/cand-setting-d837574c927d.json
迷深实战-本体库/libraries/setting/provisional/cand-setting-d84f60ec5757.json
迷深实战-本体库/libraries/setting/provisional/cand-setting-d87ae5d82146.json
迷深实战-本体库/libraries/setting/provisional/cand-setting-d8b7368f7a02.json
迷深实战-本体库/libraries/setting/provisional/cand-setting-d92b9ab1cfd4.json
迷深实战-本体库/libraries/setting/provisional/cand-setting-d9c23103cdab.json
迷深实战-本体库/libraries/setting/provisional/cand-setting-d9ee8b8b63a0.json
迷深实战-本体库/libraries/setting/provisional/cand-setting-da1dbedc2fbc.json
迷深实战-本体库/libraries/setting/provisional/cand-setting-db3078c6ab74.json
迷深实战-本体库/libraries/setting/provisional/cand-setting-db40c9a14d52.json
迷深实战-本体库/libraries/setting/provisional/cand-setting-dc5b57f8fa56.json
迷深实战-本体库/libraries/setting/provisional/cand-setting-dcd3b684d5ef.json
迷深实战-本体库/libraries/setting/provisional/cand-setting-dd2818e16b6a.json
迷深实战-本体库/libraries/setting/provisional/cand-setting-dd43da84fd0c.json
迷深实战-本体库/libraries/setting/provisional/cand-setting-dd9f2009b335.json
迷深实战-本体库/libraries/setting/provisional/cand-setting-de2cecfbc9d5.json
迷深实战-本体库/libraries/setting/provisional/cand-setting-de429713117b.json
迷深实战-本体库/libraries/setting/provisional/cand-setting-de514b766315.json
迷深实战-本体库/libraries/setting/provisional/cand-setting-de94d90e4a81.json
迷深实战-本体库/libraries/setting/provisional/cand-setting-df337baa15ff.json
迷深实战-本体库/libraries/setting/provisional/cand-setting-df49930ef37b.json
迷深实战-本体库/libraries/setting/provisional/cand-setting-dfee596ec18c.json
迷深实战-本体库/libraries/setting/provisional/cand-setting-e004046aed80.json
迷深实战-本体库/libraries/setting/provisional/cand-setting-e02cabd0aa94.json
迷深实战-本体库/libraries/setting/provisional/cand-setting-e20b98d31f94.json
迷深实战-本体库/libraries/setting/provisional/cand-setting-e21d04863dea.json
迷深实战-本体库/libraries/setting/provisional/cand-setting-e24cf327bc5a.json
迷深实战-本体库/libraries/setting/provisional/cand-setting-e2ecbb3d91a1.json
迷深实战-本体库/libraries/setting/provisional/cand-setting-e332f5b52378.json
迷深实战-本体库/libraries/setting/provisional/cand-setting-e357ff1a008a.json
迷深实战-本体库/libraries/setting/provisional/cand-setting-e3c9dc808cee.json
迷深实战-本体库/libraries/setting/provisional/cand-setting-e42d63a20434.json
迷深实战-本体库/libraries/setting/provisional/cand-setting-e43ac51598c2.json
迷深实战-本体库/libraries/setting/provisional/cand-setting-e445d79bfad9.json
迷深实战-本体库/libraries/setting/provisional/cand-setting-e4f37ab2f092.json
迷深实战-本体库/libraries/setting/provisional/cand-setting-e553d117ee5e.json
迷深实战-本体库/libraries/setting/provisional/cand-setting-e56d76cdda65.json
迷深实战-本体库/libraries/setting/provisional/cand-setting-e64df3a2f281.json
迷深实战-本体库/libraries/setting/provisional/cand-setting-e7a8caa417de.json
迷深实战-本体库/libraries/setting/provisional/cand-setting-e7ab0822d702.json
迷深实战-本体库/libraries/setting/provisional/cand-setting-e8d79a2c6f3b.json
迷深实战-本体库/libraries/setting/provisional/cand-setting-e8f0c0b2a344.json
迷深实战-本体库/libraries/setting/provisional/cand-setting-e920d430d40f.json
迷深实战-本体库/libraries/setting/provisional/cand-setting-e92e90c014cc.json
迷深实战-本体库/libraries/setting/provisional/cand-setting-e9629859edbe.json
迷深实战-本体库/libraries/setting/provisional/cand-setting-e9ada0f2f377.json
迷深实战-本体库/libraries/setting/provisional/cand-setting-e9d5e49b4b29.json
迷深实战-本体库/libraries/setting/provisional/cand-setting-e9df067b814f.json
迷深实战-本体库/libraries/setting/provisional/cand-setting-ea001aa4ad04.json
迷深实战-本体库/libraries/setting/provisional/cand-setting-ea4306918ca5.json
迷深实战-本体库/libraries/setting/provisional/cand-setting-eab443ccc02b.json
迷深实战-本体库/libraries/setting/provisional/cand-setting-eaf55d9795c5.json
迷深实战-本体库/libraries/setting/provisional/cand-setting-eb4d741cb021.json
迷深实战-本体库/libraries/setting/provisional/cand-setting-eb82994dfdef.json
迷深实战-本体库/libraries/setting/provisional/cand-setting-ebce586f5834.json
迷深实战-本体库/libraries/setting/provisional/cand-setting-ebf6767fa2d7.json
迷深实战-本体库/libraries/setting/provisional/cand-setting-ec39efa6bed3.json
迷深实战-本体库/libraries/setting/provisional/cand-setting-ec3e866e4dbf.json
迷深实战-本体库/libraries/setting/provisional/cand-setting-ec64c1fd7511.json
迷深实战-本体库/libraries/setting/provisional/cand-setting-ec788270e823.json
迷深实战-本体库/libraries/setting/provisional/cand-setting-eccd2bae8577.json
迷深实战-本体库/libraries/setting/provisional/cand-setting-ed09f9602170.json
迷深实战-本体库/libraries/setting/provisional/cand-setting-ee439080e1ed.json
迷深实战-本体库/libraries/setting/provisional/cand-setting-ee90a71bfa7b.json
迷深实战-本体库/libraries/setting/provisional/cand-setting-eeb2649824fd.json
迷深实战-本体库/libraries/setting/provisional/cand-setting-ef3e4fba281c.json
迷深实战-本体库/libraries/setting/provisional/cand-setting-ef8b5f0a904f.json
迷深实战-本体库/libraries/setting/provisional/cand-setting-efc564b36ba9.json
迷深实战-本体库/libraries/setting/provisional/cand-setting-efef0f1a0092.json
迷深实战-本体库/libraries/setting/provisional/cand-setting-efff18775e0a.json
迷深实战-本体库/libraries/setting/provisional/cand-setting-f0d8164d1b15.json
迷深实战-本体库/libraries/setting/provisional/cand-setting-f11fd18ec150.json
迷深实战-本体库/libraries/setting/provisional/cand-setting-f12d937d4488.json
迷深实战-本体库/libraries/setting/provisional/cand-setting-f1795d36306a.json
迷深实战-本体库/libraries/setting/provisional/cand-setting-f1c2368a0f16.json
迷深实战-本体库/libraries/setting/provisional/cand-setting-f21f383726c8.json
迷深实战-本体库/libraries/setting/provisional/cand-setting-f266906a9ab9.json
迷深实战-本体库/libraries/setting/provisional/cand-setting-f283890419c6.json
迷深实战-本体库/libraries/setting/provisional/cand-setting-f2b15287c220.json
迷深实战-本体库/libraries/setting/provisional/cand-setting-f2ee48226cfa.json
迷深实战-本体库/libraries/setting/provisional/cand-setting-f30d0411118e.json
迷深实战-本体库/libraries/setting/provisional/cand-setting-f34f72dcc3b3.json
迷深实战-本体库/libraries/setting/provisional/cand-setting-f3f29f777616.json
迷深实战-本体库/libraries/setting/provisional/cand-setting-f3fde1108cb9.json
迷深实战-本体库/libraries/setting/provisional/cand-setting-f45e74164627.json
迷深实战-本体库/libraries/setting/provisional/cand-setting-f47390b50d50.json
迷深实战-本体库/libraries/setting/provisional/cand-setting-f47a8ab02f57.json
迷深实战-本体库/libraries/setting/provisional/cand-setting-f4a52a249312.json
迷深实战-本体库/libraries/setting/provisional/cand-setting-f4ed03a7a089.json
迷深实战-本体库/libraries/setting/provisional/cand-setting-f5874967fe24.json
迷深实战-本体库/libraries/setting/provisional/cand-setting-f5911f3bb2ee.json
迷深实战-本体库/libraries/setting/provisional/cand-setting-f599f6f88d0f.json
迷深实战-本体库/libraries/setting/provisional/cand-setting-f62f242e90db.json
迷深实战-本体库/libraries/setting/provisional/cand-setting-f63c4c141c56.json
迷深实战-本体库/libraries/setting/provisional/cand-setting-f6469d920613.json
迷深实战-本体库/libraries/setting/provisional/cand-setting-f77e7589fcc3.json
迷深实战-本体库/libraries/setting/provisional/cand-setting-f7dc3ba4aa9e.json
迷深实战-本体库/libraries/setting/provisional/cand-setting-f7f05f3137e7.json
迷深实战-本体库/libraries/setting/provisional/cand-setting-f8bd0b50f9fa.json
迷深实战-本体库/libraries/setting/provisional/cand-setting-f8d9f39695fc.json
迷深实战-本体库/libraries/setting/provisional/cand-setting-f9153bdcfec6.json
迷深实战-本体库/libraries/setting/provisional/cand-setting-f9162d1a811a.json
迷深实战-本体库/libraries/setting/provisional/cand-setting-f9566c92be24.json
迷深实战-本体库/libraries/setting/provisional/cand-setting-f956dc4a7cfd.json
迷深实战-本体库/libraries/setting/provisional/cand-setting-f9cd073c055e.json
迷深实战-本体库/libraries/setting/provisional/cand-setting-fa81ac6f8fde.json
迷深实战-本体库/libraries/setting/provisional/cand-setting-fac9a0269a1b.json
迷深实战-本体库/libraries/setting/provisional/cand-setting-fad2526b224d.json
迷深实战-本体库/libraries/setting/provisional/cand-setting-faedb71fe4c1.json
迷深实战-本体库/libraries/setting/provisional/cand-setting-fb95cd146114.json
迷深实战-本体库/libraries/setting/provisional/cand-setting-fbce633bc5b6.json
迷深实战-本体库/libraries/setting/provisional/cand-setting-fc3c7504ff30.json
迷深实战-本体库/libraries/setting/provisional/cand-setting-fc5caab3e0aa.json
迷深实战-本体库/libraries/setting/provisional/cand-setting-fcac3e2e5768.json
迷深实战-本体库/libraries/setting/provisional/cand-setting-fcc39a146d01.json
迷深实战-本体库/libraries/setting/provisional/cand-setting-fd24a55b30cb.json
迷深实战-本体库/libraries/setting/provisional/cand-setting-fdea7ae6dd55.json
迷深实战-本体库/libraries/setting/provisional/cand-setting-fe02b87c14d2.json
迷深实战-本体库/libraries/setting/provisional/cand-setting-fe93509f0334.json
迷深实战-本体库/libraries/setting/provisional/cand-setting-ff155ec26235.json
迷深实战-本体库/libraries/setting/provisional/cand-setting-ff15a567626e.json
迷深实战-本体库/libraries/setting/provisional/cand-setting-ff799f932f51.json
迷深实战-本体库/libraries/setting/provisional/cand-setting-ffee9a90d4e0.json
迷深实战-本体库/libraries/timeline/provisional/anchor-v01c0001.json
迷深实战-本体库/libraries/timeline/provisional/anchor-v01c0003.json
迷深实战-本体库/libraries/timeline/provisional/anchor-v01c0004.json
迷深实战-本体库/libraries/timeline/provisional/anchor-v01c0005.json
迷深实战-本体库/libraries/timeline/provisional/anchor-v01c0006.json
迷深实战-本体库/libraries/timeline/provisional/anchor-v01c0007.json
迷深实战-本体库/libraries/timeline/provisional/anchor-v01c0008.json
迷深实战-本体库/libraries/timeline/provisional/anchor-v01c0009.json
迷深实战-本体库/libraries/timeline/provisional/anchor-v01c0012.json
迷深实战-本体库/libraries/timeline/provisional/anchor-v01c0013.json
迷深实战-本体库/libraries/timeline/provisional/anchor-v01c0014.json
迷深实战-本体库/libraries/timeline/provisional/anchor-v01c0015.json
迷深实战-本体库/libraries/timeline/provisional/anchor-v01c0016.json
迷深实战-本体库/libraries/timeline/provisional/anchor-v01c0017.json
迷深实战-本体库/libraries/timeline/provisional/anchor-v01c0018.json
迷深实战-本体库/libraries/timeline/provisional/anchor-v01c0019.json
迷深实战-本体库/libraries/timeline/provisional/anchor-v01c0020.json
迷深实战-本体库/libraries/timeline/provisional/anchor-v01c0023.json
迷深实战-本体库/libraries/timeline/provisional/anchor-v01c0024.json
迷深实战-本体库/libraries/timeline/provisional/anchor-v01c0025.json
迷深实战-本体库/libraries/timeline/provisional/anchor-v01c0026.json
迷深实战-本体库/libraries/timeline/provisional/anchor-v01c0027.json
迷深实战-本体库/libraries/timeline/provisional/anchor-v01c0028.json
迷深实战-本体库/libraries/timeline/provisional/anchor-v01c0029.json
迷深实战-本体库/libraries/timeline/provisional/anchor-v01c0030.json
迷深实战-本体库/libraries/timeline/provisional/anchor-v01c0031.json
迷深实战-本体库/libraries/timeline/provisional/anchor-v01c0032.json
迷深实战-本体库/libraries/timeline/provisional/anchor-v01c0033.json
迷深实战-本体库/libraries/timeline/provisional/anchor-v01c0034.json
迷深实战-本体库/libraries/timeline/provisional/anchor-v01c0037.json
迷深实战-本体库/libraries/timeline/provisional/anchor-v01c0038.json
迷深实战-本体库/libraries/timeline/provisional/anchor-v01c0039.json
迷深实战-本体库/libraries/timeline/provisional/anchor-v01c0040.json
迷深实战-本体库/libraries/timeline/provisional/anchor-v01c0041.json
迷深实战-本体库/libraries/timeline/provisional/anchor-v01c0042.json
迷深实战-本体库/libraries/timeline/provisional/anchor-v01c0043.json
迷深实战-本体库/libraries/timeline/provisional/anchor-v01c0044.json
迷深实战-本体库/libraries/timeline/provisional/anchor-v01c0045.json
迷深实战-本体库/libraries/timeline/provisional/anchor-v01c0046.json
迷深实战-本体库/libraries/timeline/provisional/anchor-v01c0049.json
迷深实战-本体库/libraries/timeline/provisional/anchor-v01c0050.json
迷深实战-本体库/libraries/timeline/provisional/anchor-v01c0051.json
迷深实战-本体库/libraries/timeline/provisional/anchor-v01c0052.json
迷深实战-本体库/libraries/timeline/provisional/anchor-v01c0053.json
迷深实战-本体库/libraries/timeline/provisional/anchor-v01c0054.json
迷深实战-本体库/libraries/timeline/provisional/anchor-v01c0055.json
迷深实战-本体库/libraries/timeline/provisional/anchor-v01c0058.json
迷深实战-本体库/libraries/timeline/provisional/anchor-v01c0059.json
迷深实战-本体库/libraries/timeline/provisional/anchor-v01c0060.json
迷深实战-本体库/libraries/timeline/provisional/anchor-v01c0061.json
迷深实战-本体库/libraries/timeline/provisional/anchor-v01c0062.json
迷深实战-本体库/libraries/timeline/provisional/anchor-v01c0063.json
迷深实战-本体库/libraries/timeline/provisional/anchor-v01c0064.json
迷深实战-本体库/libraries/timeline/provisional/anchor-v01c0065.json
迷深实战-本体库/libraries/timeline/provisional/anchor-v01c0066.json
迷深实战-本体库/libraries/timeline/provisional/anchor-v01c0069.json
迷深实战-本体库/libraries/timeline/provisional/anchor-v01c0070.json
迷深实战-本体库/libraries/timeline/provisional/anchor-v01c0071.json
迷深实战-本体库/libraries/timeline/provisional/anchor-v01c0072.json
迷深实战-本体库/libraries/timeline/provisional/anchor-v01c0073.json
迷深实战-本体库/libraries/timeline/provisional/anchor-v01c0074.json
迷深实战-本体库/libraries/timeline/provisional/anchor-v01c0077.json
迷深实战-本体库/libraries/timeline/provisional/anchor-v01c0078.json
迷深实战-本体库/libraries/timeline/provisional/anchor-v01c0079.json
迷深实战-本体库/libraries/timeline/provisional/anchor-v01c0080.json
迷深实战-本体库/libraries/timeline/provisional/anchor-v01c0081.json
迷深实战-本体库/libraries/timeline/provisional/anchor-v01c0082.json
迷深实战-本体库/libraries/timeline/provisional/anchor-v01c0083.json
迷深实战-本体库/libraries/timeline/provisional/anchor-v01c0084.json
迷深实战-本体库/libraries/timeline/provisional/anchor-v01c0085.json
迷深实战-本体库/libraries/timeline/provisional/anchor-v01c0086.json
迷深实战-本体库/libraries/timeline/provisional/anchor-v01c0089.json
迷深实战-本体库/libraries/timeline/provisional/anchor-v01c0090.json
迷深实战-本体库/libraries/timeline/provisional/anchor-v01c0091.json
迷深实战-本体库/libraries/timeline/provisional/anchor-v01c0092.json
迷深实战-本体库/libraries/timeline/provisional/anchor-v01c0093.json
迷深实战-本体库/libraries/timeline/provisional/anchor-v01c0094.json
迷深实战-本体库/libraries/timeline/provisional/anchor-v01c0095.json
迷深实战-本体库/libraries/timeline/provisional/anchor-v01c0096.json
迷深实战-本体库/libraries/timeline/provisional/anchor-v01c0099.json
迷深实战-本体库/libraries/timeline/provisional/anchor-v01c0100.json
迷深实战-本体库/libraries/timeline/provisional/anchor-v01c0109.json
迷深实战-本体库/libraries/timeline/provisional/anchor-v01c0110.json
迷深实战-本体库/libraries/timeline/provisional/anchor-v01c0112.json
迷深实战-本体库/libraries/timeline/provisional/anchor-v01c0113.json
迷深实战-本体库/libraries/timeline/provisional/anchor-v01c0114.json
迷深实战-本体库/libraries/timeline/provisional/anchor-v01c0115.json
迷深实战-本体库/libraries/timeline/provisional/anchor-v01c0116.json
迷深实战-本体库/libraries/timeline/provisional/anchor-v01c0117.json
迷深实战-本体库/libraries/timeline/provisional/anchor-v01c0118.json
迷深实战-本体库/libraries/timeline/provisional/anchor-v01c0119.json
迷深实战-本体库/libraries/timeline/provisional/anchor-v01c0120.json
迷深实战-本体库/libraries/timeline/provisional/anchor-v01c0121.json
迷深实战-本体库/libraries/timeline/provisional/anchor-v01c0122.json
迷深实战-本体库/libraries/timeline/provisional/anchor-v01c0123.json
迷深实战-本体库/libraries/timeline/provisional/anchor-v01c0124.json
迷深实战-本体库/libraries/timeline/provisional/anchor-v01c0125.json
迷深实战-本体库/libraries/timeline/provisional/anchor-v01c0126.json
迷深实战-本体库/libraries/timeline/provisional/anchor-v01c0127.json
迷深实战-本体库/libraries/timeline/provisional/anchor-v01c0128.json
迷深实战-本体库/libraries/timeline/provisional/anchor-v01c0129.json
迷深实战-本体库/libraries/timeline/provisional/anchor-v01c0130.json
迷深实战-本体库/libraries/timeline/provisional/anchor-v01c0131.json
迷深实战-本体库/libraries/timeline/provisional/anchor-v01c0132.json
迷深实战-本体库/libraries/timeline/provisional/anchor-v01c0133.json
迷深实战-本体库/libraries/timeline/provisional/anchor-v01c0134.json
迷深实战-本体库/libraries/timeline/provisional/anchor-v01c0135.json
迷深实战-本体库/libraries/timeline/provisional/anchor-v01c0136.json
迷深实战-本体库/libraries/timeline/provisional/anchor-v01c0137.json
迷深实战-本体库/libraries/timeline/provisional/anchor-v01c0138.json
迷深实战-本体库/libraries/timeline/provisional/anchor-v01c0139.json
迷深实战-本体库/libraries/timeline/provisional/anchor-v01c0140.json
迷深实战-本体库/libraries/timeline/provisional/anchor-v01c0141.json
迷深实战-本体库/libraries/timeline/provisional/anchor-v01c0142.json
迷深实战-本体库/libraries/timeline/provisional/anchor-v01c0143.json
迷深实战-本体库/libraries/timeline/provisional/anchor-v01c0144.json
迷深实战-本体库/libraries/timeline/provisional/anchor-v01c0145.json
迷深实战-本体库/libraries/timeline/provisional/anchor-v01c0146.json
迷深实战-本体库/libraries/timeline/provisional/anchor-v01c0147.json
迷深实战-本体库/libraries/timeline/provisional/anchor-v01c0148.json
迷深实战-本体库/libraries/timeline/provisional/anchor-v01c0149.json
迷深实战-本体库/libraries/timeline/provisional/anchor-v01c0150.json
迷深实战-本体库/libraries/timeline/provisional/anchor-v01c0151.json
迷深实战-本体库/libraries/timeline/provisional/anchor-v01c0152.json
迷深实战-本体库/libraries/timeline/provisional/anchor-v01c0153.json
迷深实战-本体库/libraries/timeline/provisional/anchor-v01c0154.json
迷深实战-本体库/libraries/timeline/provisional/anchor-v01c0155.json
迷深实战-本体库/libraries/timeline/provisional/anchor-v01c0156.json
迷深实战-本体库/libraries/timeline/provisional/anchor-v01c0157.json
迷深实战-本体库/libraries/timeline/provisional/anchor-v01c0158.json
迷深实战-本体库/libraries/timeline/provisional/anchor-v01c0159.json
迷深实战-本体库/libraries/timeline/provisional/anchor-v01c0160.json
迷深实战-本体库/libraries/timeline/provisional/anchor-v01c0161.json
迷深实战-本体库/libraries/timeline/provisional/anchor-v01c0162.json
迷深实战-本体库/libraries/timeline/provisional/anchor-v01c0163.json
迷深实战-本体库/libraries/timeline/provisional/anchor-v01c0164.json
迷深实战-本体库/libraries/timeline/provisional/anchor-v01c0165.json
迷深实战-本体库/libraries/timeline/provisional/anchor-v01c0166.json
迷深实战-本体库/libraries/timeline/provisional/anchor-v01c0168.json
迷深实战-本体库/libraries/timeline/provisional/anchor-v01c0169.json
迷深实战-本体库/libraries/timeline/provisional/anchor-v01c0170.json
迷深实战-本体库/libraries/timeline/provisional/anchor-v01c0171.json
迷深实战-本体库/libraries/timeline/provisional/anchor-v01c0172.json
迷深实战-本体库/libraries/timeline/provisional/anchor-v01c0173.json
迷深实战-本体库/libraries/timeline/provisional/anchor-v01c0174.json
迷深实战-本体库/libraries/timeline/provisional/anchor-v01c0175.json
迷深实战-本体库/libraries/timeline/provisional/anchor-v01c0176.json
迷深实战-本体库/libraries/timeline/provisional/anchor-v01c0177.json
迷深实战-本体库/libraries/timeline/provisional/anchor-v01c0178.json
迷深实战-本体库/libraries/timeline/provisional/anchor-v01c0179.json
迷深实战-本体库/libraries/timeline/provisional/anchor-v01c0180.json
迷深实战-本体库/libraries/timeline/provisional/anchor-v01c0181.json
迷深实战-本体库/libraries/timeline/provisional/anchor-v01c0182.json
迷深实战-本体库/libraries/timeline/provisional/anchor-v01c0183.json
迷深实战-本体库/libraries/timeline/provisional/anchor-v01c0184.json
迷深实战-本体库/libraries/timeline/provisional/anchor-v01c0185.json
迷深实战-本体库/libraries/timeline/provisional/anchor-v01c0186.json
迷深实战-本体库/libraries/timeline/provisional/anchor-v01c0187.json
迷深实战-本体库/libraries/timeline/provisional/anchor-v01c0188.json
迷深实战-本体库/libraries/timeline/provisional/anchor-v01c0189.json
迷深实战-本体库/libraries/timeline/provisional/anchor-v01c0190.json
迷深实战-本体库/libraries/timeline/provisional/anchor-v01c0191.json
迷深实战-本体库/libraries/timeline/provisional/anchor-v01c0192.json
迷深实战-本体库/libraries/timeline/provisional/anchor-v01c0193.json
迷深实战-本体库/libraries/timeline/provisional/anchor-v01c0194.json
迷深实战-本体库/libraries/timeline/provisional/anchor-v01c0195.json
迷深实战-本体库/libraries/timeline/provisional/anchor-v01c0196.json
迷深实战-本体库/libraries/timeline/provisional/anchor-v01c0197.json
迷深实战-本体库/libraries/timeline/provisional/anchor-v01c0198.json
迷深实战-本体库/libraries/timeline/provisional/anchor-v01c0199.json
迷深实战-本体库/libraries/timeline/provisional/anchor-v01c0200.json
迷深实战-本体库/libraries/timeline/provisional/anchor-v01c0201.json
迷深实战-本体库/libraries/timeline/provisional/anchor-v01c0202.json
迷深实战-本体库/libraries/timeline/provisional/anchor-v01c0203.json
迷深实战-本体库/libraries/timeline/provisional/anchor-v01c0204.json
迷深实战-本体库/libraries/timeline/provisional/anchor-v01c0205.json
迷深实战-本体库/libraries/timeline/provisional/anchor-v01c0206.json
迷深实战-本体库/libraries/timeline/provisional/anchor-v01c0207.json
迷深实战-本体库/libraries/timeline/provisional/anchor-v01c0208.json
迷深实战-本体库/libraries/timeline/provisional/anchor-v01c0209.json
迷深实战-本体库/libraries/timeline/provisional/anchor-v01c0210.json
迷深实战-本体库/libraries/timeline/provisional/anchor-v01c0212.json
迷深实战-本体库/libraries/timeline/provisional/anchor-v01c0213.json
迷深实战-本体库/libraries/timeline/provisional/anchor-v01c0214.json
迷深实战-本体库/libraries/timeline/provisional/anchor-v01c0215.json
迷深实战-本体库/libraries/timeline/provisional/anchor-v01c0216.json
迷深实战-本体库/libraries/timeline/provisional/anchor-v01c0217.json
迷深实战-本体库/libraries/timeline/provisional/anchor-v01c0218.json
迷深实战-本体库/libraries/timeline/provisional/anchor-v01c0219.json
迷深实战-本体库/libraries/timeline/provisional/anchor-v01c0220.json
迷深实战-本体库/libraries/timeline/provisional/anchor-v01c0221.json
迷深实战-本体库/libraries/timeline/provisional/anchor-v01c0222.json
迷深实战-本体库/libraries/timeline/provisional/anchor-v01c0223.json
迷深实战-本体库/libraries/timeline/provisional/anchor-v01c0224.json
迷深实战-本体库/libraries/timeline/provisional/anchor-v01c0225.json
迷深实战-本体库/libraries/timeline/provisional/anchor-v01c0226.json
迷深实战-本体库/libraries/timeline/provisional/anchor-v01c0227.json
迷深实战-本体库/libraries/timeline/provisional/anchor-v01c0228.json
迷深实战-本体库/libraries/timeline/provisional/anchor-v01c0229.json
迷深实战-本体库/libraries/timeline/provisional/anchor-v01c0230.json
迷深实战-本体库/quarantine-zone/adjudications.jsonl
迷深实战-本体库/quarantine-zone/items.jsonl
迷深实战-本体库/supersede-index.jsonl
===== 工作区(depth1) =====
迷深实战-工作区/_build_ch0124_extract.py
迷深实战-工作区/context-pack.md
迷深实战-工作区/rolling-summary.md
迷深实战-工作区/子代理并行亲抽-评估与放量方案.md
===== 工作区各子目录文件数 =====
ab-gate : 5
anchors : 2
candidates : 406
embedding : 136
gate1 : 201
logs : 305
manifest : 203
runners : 14
slice : 189
trial-v0-本体库 : 81
评分 : 23
