subject,predicate,object,status,source_record_id
"相川涡波","家人定位(视为妹妹)","玛利亚","provisional"
"斯诺·沃克","情报传递(手环关键)","拉丝缇娅拉","provisional"
"相川涡波","随身持有(『所有物』内·战后回归)","阿雷亚斯家的宝剑","provisional"
"相川涡波","谎称出身","法尼亚","provisional"
"诺斯菲","时间轴扭曲·唤回现世(与罗德共同)","王近卫骑士团","provisional"
"拉丝缇娅拉·弗茨亚茨","等级调整支援","玛利亚","provisional"
"相川涡波","魅惑魔法覆写其魔眼(封印)","古奈尔","provisional"
"诺文","子孙对战(压胜)","芬里尔·阿雷亚斯","provisional"
"相川涡波","道歉之约(未遂)","玛利亚","provisional"
"诺斯菲","自称思慕·复婚志向（据诺斯菲声称）","相川涡波","provisional"
"始祖涡波","夫妻(千年前·徒具形式婚姻)","诺斯菲","provisional"
"相川涡波","获得称号","胆怯之力","provisional"
"拉丝缇娅拉","游泳指导(与塞拉共同)","玛利亚","provisional"
"港口军阶最高的联合国军人","引路·送行(被威压应对)","相川涡波","provisional"
"罗德","交战（记忆承接·第五十之试练）","相川涡波","provisional"
"西娅·勒伽西","侄女(据海莉称)","帕林库洛·勒伽西","provisional"
"莱纳","绝对信赖(全权委托)","相川涡波","provisional"
"莱纳","同队监护(装病风波)","露洁","provisional"
"海莉","记忆之旅引导(临终永别)","相川涡波","provisional"
"海因·赫勒比勒夏因","遗托(三人幸福)","莱纳","provisional"
"海因·赫勒比勒夏因","遗托(三人幸福)","莱纳","provisional"
"斯诺·沃克","求婚(因轻松)","相川涡波","provisional"
"相川涡波","魔力供给(诅咒纹样联结)","莉帕","provisional"
"斯诺·沃克","异世界同行之约(顺手为之)","相川涡波","provisional"
"缇达","使用","『黑骑兵之裹足』","provisional"
"相川涡波","使用者","DistanceMute","provisional"
"克洛伊","千金(军属)","希达尔克家","provisional"
"相川涡波","契约（背叛式救出）","罗德","provisional"
"雷纳尔多","装备打造与强行调校","莱纳","provisional"
"海莉・维斯普洛佩","竞争对手(最深部争夺·不厮杀约定)","相川涡波","provisional"
"帕林库洛","选中英雄(艾尔米拉德断言)","相川涡波","provisional"
"格连","兄妹(无血缘·叙述)","斯诺·沃克","provisional"
"缇娅拉","终战对峙(打头)","次元之理的盗窃者","provisional"
"使徒西斯","讨伐宣言(先行'送他归西')","帕林库洛","provisional"
"莱纳","弟子(剑术·经佩剑传承)","诺文","provisional"
"玛利亚","表示名(全名)","玛利亚·迪斯特拉斯","provisional"
"相川涡波","曾交战(受损已恢复)","帕林库洛","provisional"
"缇亚","真魔法觉醒","神圣魔法","provisional"
"相川涡波","持用(剑术再现)","阿雷亚斯家的宝剑","provisional"
"相川涡波","继承习得","阿雷亚斯流剑术","provisional"
"相川涡波","追杀使徒","使徒西斯","provisional"
"相川涡波","魔法道具赠与(戒指)","莉帕","provisional"
"相川涡波","魔法道具赠与(戒指)","莉帕","provisional"
"玛利亚","挚友告别(互剜双目)","阿尔缇","provisional"
"塞拉·雷迪安特","侍奉主从(大小姐称呼)","拉丝缇娅拉","provisional"
"帕林库洛","庇护于(史诗探索者)","劳拉维亚","provisional"
"海因","教育洗脑(三年)","拉丝缇娅拉","provisional"
"莱纳","计划同盟(誓言协力·内含毁约预案)","拉丝缇娅拉","provisional"
"雷纳尔多","祖孙(祖父·孙女)","贝丝","provisional"
"罗德","守护·期望和平（据本人自述）","佩艾希亚","provisional"
"拉丝缇娅拉","暗杀计划配合指示","斯诺·沃克","provisional"
"『表示』","机制包含","【队伍】","provisional"
"帕林库洛·勒伽西","能力借用(同类守护者)","缇达","provisional"
"相川涡波","感应师承(身心一致条件)","诺文","provisional"
"缇亚","勧告单飞","相川涡波","provisional"
"莱纳","挑战·交战（单挑）","诺斯菲","provisional"
"相川涡波","共同特训伙伴(队长副队长)","拉丝缇娅拉","provisional"
"相川涡波","教祖(与缇娅拉共同缔造)","莱文教","provisional"
"相川涡波","同一人(失忆·失力)","始祖涡波","provisional"
"始祖涡波","战败(致瘫痪·千年前)","使徒西斯","provisional"
"拉丝缇娅拉","雪耻宣言","艾德","provisional"
"诺文","亡者自白(留恋驱动)","『地之理的盗窃者』","provisional"
"贝丝","师徒传授（千年前）","相川涡波","provisional"
"缇缇","视同弟弟(中意)","莱纳","provisional"
"艾德","师徒·强化支援","露洁","provisional"
"艾德","师徒·强化支援","露洁","provisional"
"相川涡波","前卫依赖(抱大腿/被架空)","玛利亚","provisional"
"相川涡波","约定(带回艾德·换资助)","雷纳尔多","provisional"
"相川涡波","决战共斗规划(火焰障壁分割)","玛利亚","provisional"
"相川涡波","习得","『Connection』","provisional"
"相川涡波","使用(连携『感应』)","『剑术』","provisional"
"相川涡波","持有运用(二刀流)","新月琉璃","provisional"
"莱纳","队长救出(寻人急行)","西娅·勒伽西","provisional"
"相川涡波","装备使用","阿雷亚斯家的宝剑诺文","provisional"
"诺斯菲","元夫妻(昔日婚姻·本章重提)","相川涡波","provisional"
"贝丝","祖孙(孙女)","雷纳尔多","provisional"
"相川涡波","宝剑不在身边(战后)","阿雷亚斯家的宝剑","provisional"
"帕林库洛·勒伽西","双重记忆宿主(勒伽西)","勒伽西","provisional"
"贝丝","祖孙","雷纳尔多・沃尔斯","provisional"
"拉丝缇娅拉","同一性否定(非海因)","海莉","provisional"
"拉古涅·卡伊库欧拉","决斗投降","相川涡波","provisional"
"相川涡波","秘密交换之约","拉丝缇娅拉","provisional"
"莱纳","夺剑袭击(元老院指示)","『阿雷亚斯家的宝剑诺文』","provisional"
"罗德","义姐弟宣言(单方面家人化)","莱纳","provisional"
"雷纳尔多•沃尔斯","千年守望(救她不得)","罗德•缇缇","provisional"
"罗德","使用","『咏唱』","provisional"
"始祖涡波","共同消失·弃北赴南（据学者手记'背叛'表述）","罗德・缇缇","provisional"
"罗德","君臣（王与第一个臣子·宰相）","艾德","provisional"
"罗德","姐弟（缇缇与艾德）","艾德","provisional"
"罗德•缇缇","支配之王·国王(庭师)","佩艾希亚","provisional"
"相川涡波","直传魔法运用(全力喊出)","莱纳","provisional"
"相川涡波","日常受照顾(连日购粮)","杂货铺店主","provisional"
"斯诺·沃克","旅程支援","玛利亚","provisional"
"相川涡波","千年『契·约』（重誓有效）","缇缇","provisional"
"相川涡波","买主与奴隶(既往)","玛利亚","provisional"
"冰结魔法","包含魔法","《冻结》","provisional"
"拉丝缇娅拉","赌约(舞斗大会)","相川涡波","provisional"
"拉古涅·卡伊库欧拉","魔石危险警示(感应警报)","『阿雷亚斯家的宝剑诺文』","provisional"
"缇缇","装备穿着","『飞翔翠石制轻铠路易芬理德』","provisional"
"帕林库洛","集中削弱(仿真战全败宿敌)","塞拉·雷迪安特","provisional"
"相川涡波","使用","『Default』","provisional"
"相川涡波","奇妙信赖(王牌前不死)","帕林库洛","provisional"
"艾德","魔法教导(据莱纳自述)","莱纳","provisional"
"缇亚","先天技能拥有","良机","provisional"
"玛利亚","最后的楔子(叱责·无可替代宣告)","相川涡波","provisional"
"玛利亚","最后的楔子(叱责·无可替代宣告)","相川涡波","provisional"
"格连","提供深层情报","拉丝缇娅拉","provisional"
"相川涡波","呼唤与体内应答","相川阳滝","provisional"
"风龙（艾尔芬里斯）","支配(天空)","六十六层","provisional"
"莱纳","兄长敬重(实力将超越)","海因","provisional"
"缇缇","塞钱援助提案（伪善论）","艾尔・昆图斯","provisional"
"相川涡波","次战主题(西斯讨伐)","使徒西斯","provisional"
"帕林库洛·勒伽西","愿望代行(体内使徒)","使徒勒伽西","provisional"
"相川涡波","称号（次元之理的盗窃者）","理的盗窃者","provisional"
"相川涡波","就职店员","酒馆","provisional"
"玛利亚","魔石同化的技能影响","阿尔缇","provisional"
"玛利亚","魔石同化的技能影响","阿尔缇","provisional"
"海莉・维斯普洛佩","再诞材料与本体(失败)","海因","provisional"
"莱纳","双剑持有(战后)","阿雷亚斯家的宝剑","provisional"
"雷纳尔多·沃尔斯","带走(据罗德告知)","莱纳","provisional"
"塞拉·雷迪安特","主从绝对服从","拉丝缇娅拉","provisional"
"帕林库洛","事前散播(妨碍)","『缇娅拉大人的血』","provisional"
"诺文","剑圣称号受让(史上最强宣言)","相川涡波","provisional"
"格连","入队同行","玛利亚","provisional"
"玛利亚","存在证明演说与代价不容独担","相川涡波","provisional"
"玛利亚","存在证明演说与代价不容独担","相川涡波","provisional"
"相川涡波","习得","『Foam』","provisional"
"莱纳","师从(魔法)","罗德·缇缇","provisional"
"海莉·维斯普洛佩","愿望既知(来源不明)","相川涡波","provisional"
"拉丝缇娅拉·弗茨亚茨","未传达之情与归来之约","相川涡波","provisional"
"相川涡波","决斗胜(过密真冬)","佩露修娜·库艾伽","provisional"
"玛利亚","前卫后卫搭档","相川涡波","provisional"
"罗德","幼年同一（同一人物·回忆像）","草绿色头发的女孩","provisional"
"诺文","夜袭同盟(利害一致)","莱纳","provisional"
"陌生的声音","唤醒引导（命拾书读书）","罗德","provisional"
"艾德","最能拯救者(涡波内心断言)","罗德","provisional"
"相川涡波","追踪营救","缇亚","provisional"
"相川涡波","指挥掩护(回避代行)","莱纳","provisional"
"海莉","原料起源与同一性否定","海因","provisional"
"基督·欧亚","对·起誓","『魔石线』","provisional"
"缇亚","误射致死风险(拉丝缇娅拉评估)","斯诺·沃克","provisional"
"缇亚","依存(失去后失衡)","基督·欧亚","provisional"
"诺斯菲","朋友","罗德·缇缇","provisional"
"相川涡波","本土汇合后再访意向","玛利亚","provisional"
"罗德","最擅长魔法(自称)","自由之风","provisional"
"缇莉・琉克","所属(魔法使)","史诗探索者","provisional"
"塞拉·雷迪安特","声称基督拐骗","拉丝缇娅拉","provisional"
"拉丝缇娅拉","技能持有(冻结魔法·血中多数)","冻结魔法","provisional"
"拉丝缇娅拉","敌对(复仇)","艾德","provisional"
"『支配之王』（书籍）","题材即","北方","provisional"
"拉丝缇娅拉","离任安排(拜托带走)","斯诺·沃克","provisional"
"罗德·缇缇","吞噬→守护者化(据本人自述)","世界奉还阵","provisional"
"相川涡波","技能点强化","次元魔法","provisional"
"帕林库洛","施加诅咒(助力解放)","海因","provisional"
"沃克家","悬赏奖金（据酒馆探索者传闻）","相川涡波","provisional"
"缇缇","仅稍聊·单方面的致歉和被致歉","迪普拉库拉","provisional"
"雷纳尔多","锻冶师徒与全面协助","相川涡波","provisional"
"芙兰琉莱","率领(考试小队)","斯诺·沃克","provisional"
"玛利亚","留守守护受托(『LivingLegend号』)","『LivingLegend号』","provisional"
"帕林库洛","愿望性敌对(无条件为敌)","相川涡波","provisional"
"帕林库洛","愿望性敌对(无条件为敌)","相川涡波","provisional"
"相川涡波","使用(广域搜索·重绘地图)","维度・多重展开","provisional"
"莱纳","称呼'基督'(旧识身份延续)","相川涡波","provisional"
"莱纳","称呼'基督'(旧识身份延续)","相川涡波","provisional"
"斯诺·沃克","义母(感觉像唠叨的姑姑)","斯诺的义母","provisional"
"诺斯菲","南侧对战","莱纳","provisional"
"始祖涡波","结界打造","佩艾希亚","provisional"
"雷纳尔多","欲以武器守护","莱纳","provisional"
"古奈尔","千年前相识","相川涡波","provisional"
"玛利亚","约定遵守(海盗应对)","相川涡波","provisional"
"使徒勒伽西","寄宿(据称·现持有其力)","帕林库洛·勒伽西","provisional"
"艾德","技术供给与资金卷逃（据拉古涅声称）","弗茨亚茨","provisional"
"相川涡波","原守护者(自述'自家庭院')","劳拉维亚","provisional"
"相川涡波","传授『咏唱』·我流魔法真髓","莱纳","provisional"
"迪亚布罗·西斯","责难'舍弃基督之名'(据西斯声称)","相川涡波","provisional"
"相川涡波","装备","阿雷亚斯家的宝剑","provisional"
"罗德·缇缇","拒斥·断绝","艾德","provisional"
"雷纳尔多·沃尔斯","使命自任（亲手了断孙女·拒让他人）","贝丝","provisional"
"相川涡波","前卫×后卫顶级协同","玛利亚","provisional"
"罗德","使用","『Ex・Wind』","provisional"
"帕林库洛","魔石黑剑化持有","缇达","provisional"
"日樱","就职（看板娘）","瓦尔德的酒馆","provisional"
"艾德","咏唱扩散归因（据涡波）","代价咏唱体系","provisional"
"相川涡波","救出质询与目的确认","缇亚","provisional"
"相川涡波","救出质询与目的确认","缇亚","provisional"
"始祖涡波","决裂(千年前)","缇娅拉","provisional"
"始祖涡波","决裂(千年前)","缇娅拉","provisional"
"莉帕","愿望实现宣言(安心态)","相川涡波","provisional"
"玛利亚·迪斯特拉斯","手环破坏(自火熔解)","手环","provisional"
"缇达","教诲(不屈从不讲理)","相川涡波","provisional"
"海莉","成长否定(临别赠言+圆场致歉)","相川涡波","provisional"
"海莉","成长否定(临别赠言+圆场致歉)","相川涡波","provisional"
"帕林库洛·勒伽西","战场求援遭拒(半守护者规则)","迪亚布罗·西斯","provisional"
"王近卫骑士团","仰赖(希望·生存路标·据骑士)","『支配之王』","provisional"
"艾德","北方再现(自称完成)","佩艾希亚","provisional"
"罗德・缇缇","风魔法师徒(师)","莱纳","provisional"
"玛利亚","驻留(据称)","西迷宫遗址","provisional"
"拉丝缇娅拉","胜利宣言(诅咒粉碎后)","帕林库洛","provisional"
"莱纳","骑士侍奉(我主)","相川涡波","provisional"
"缇亚","使用(觉醒连发)","『紫苑』","provisional"
"雷纳尔多","次元之戒关联(据言行推断)","相川涡波","provisional"
"相川涡波","宿怨决战(最后通牒·宣战布告)","帕林库洛","provisional"
"缇亚","梦中呼唤旧假名","基督·欧亚","provisional"
"诺斯菲","思慕（自述）","相川涡波","provisional"
"相川涡波","使用","『维度・多重展开』","provisional"
"塞拉·雷迪安特","侍奉·万事摆第一位","拉丝缇娅拉","provisional"
"佩艾希亚","成员国","北方同盟","provisional"
"相川涡波","宝石变现委托","格连","provisional"
"拉丝缇娅拉","主治医疗(持续照看)","白色的少女","provisional"
"罗德","留恋坦白(拖延回地上)","相川涡波","provisional"
"缇缇","最小的弟弟（自称）","莱纳","provisional"
"拉丝缇娅拉","实战初使用(复合鲜血魔法)","复合鲜血魔法『假想诺文・阿雷亚斯』","provisional"
"相川涡波","传授魔法运用（不久前）","莱纳","provisional"
"莱纳","继承(魔力/灵魂/家名之光)","海莉","provisional"
"莱纳","继承(魔力/灵魂/家名之光)","海莉","provisional"
"缇缇","亲如姐妹","斯诺·沃克","provisional"
"拉丝缇娅拉","权力压制","斐勒卢托","provisional"
"莱纳","守护宣言(以命相护)","基督·欧亚","provisional"
"莱纳","守护宣言(以命相护)","基督·欧亚","provisional"
"莱纳","佩用(左手·水晶魔法)","阿雷亚斯家的宝剑","provisional"
"诺文","技能《感应》授予(继承)","相川涡波","provisional"
"诺斯菲","袭击致重伤（旗帜·光箭）","雷纳尔多·沃尔斯","provisional"
"拉丝缇娅拉","先天技能拥有","神圣魔法","provisional"
"艾德","交战围攻（中庭1对2）","帕林库洛","provisional"
"罗德","庭师(城市维护)","佩艾希亚","provisional"
"莱纳","交战(试练对手)","诺斯菲","provisional"
"赛莉","着用","白石玉衣","provisional"
"相川涡波","兄妹羁绊(归还动机)","相川阳滝","provisional"
"帕林库洛","诅咒施加(深层心理写入)","相川涡波","provisional"
"诺斯菲","层主(察觉侵入)","六十层","provisional"
"罗德","过去身份（据本人自述）","『支配之王』","provisional"
"塞拉·雷迪安特","声称基督藏匿","拉丝缇娅拉","provisional"
"罗德","王号(被称为)","『支配之王』","provisional"
"天上之七骑士","隶属于(国度)","弗茨亚茨","provisional"
"玛利亚","魔石持有(继承)","阿尔缇","provisional"
"玛利亚","训诫·真心担忧(前奴隶视点)","相川涡波","provisional"
"相川涡波","会长(挂名)","史诗探索者","provisional"
"诺文","魔石化(留恋实现)","阿雷亚斯家的宝剑","provisional"
"相川涡波","使用者","魔法『冻结』","provisional"
"相川涡波","使用（紧急回避+脱围）","Default","provisional"
"相川涡波","面会求谈（旧诱拐对立未了）","拉丝缇娅拉","provisional"
"罗德・缇缇","支配·领主（自称Lord，兽人服从）","『北』的王国","provisional"
"相川涡波","杀意确立(犹豫消除)","帕林库洛","provisional"
"始祖涡波","空间制造(北之王国再现·为罗德)","罗德・缇缇","provisional"
"相川涡波","称呼保证(缇亚就是缇亚)","缇亚","provisional"
"相川涡波","称呼保证(缇亚就是缇亚)","缇亚","provisional"
"斯诺·沃克","挑战（连战连败）","艾德","provisional"
"相川涡波","恋慕·命运之人(告白被拒后不变)","拉丝缇娅拉","provisional"
"使徒西斯","危险警告(『狂王』改称)","支配之王","provisional"
"迪亚布罗·西斯","称呼'盟友'(魔力变换劲敌自认)","相川涡波","provisional"
"雷纳尔多","千年照护(怨恨并存)","罗德","provisional"
"罗德","盗取(自称)","风之理","provisional"
"缇亚","被误认(使徒西斯再临)","使徒西斯","provisional"
"缇亚","被误认(使徒西斯再临)","使徒西斯","provisional"
"相川涡波","会长(曾任·守护者)","史诗探索者","provisional"
"帕林库洛","世界奉还阵压制(魔石不足化)","拉丝缇娅拉","provisional"
"缇亚","结伴组队","相川涡波","provisional"
"相川涡波","魔法命名法传授","莱纳","provisional"
"相川涡波","会长(名号堂堂利用)","史诗探索者","provisional"
"缇亚","协力击杀(神圣魔法固化)","缇达","provisional"
"菲伊？厄鲁斯","蓄意标的(娈获目标)","塞拉·雷迪安特","provisional"
"莱纳","爱用","『堕落使徒』","provisional"
"魔法『连接』","直通信道","联合国","provisional"
"相川涡波","挚友(已送别)","诺文","provisional"
"雷纳尔多","装备锻修供给","莱纳","provisional"
"联合国","称呼『本土』","拜伦西斯大陆","provisional"
"雷纳尔多","锻造·风属性化改造","『Sylph・堕落使徒』","provisional"
"诺文","双剑授予（继承源）","莱纳","provisional"
"LizardFlyer","栖息(遍布全层)","六十五层","provisional"
"玛利亚","协同作战(融合魔法·决斗场·让先单挑)","相川涡波","provisional"
"诺斯菲","索求结合『证明』","相川涡波","provisional"
"相川涡波","定期训练之约","拉丝缇娅拉","provisional"
"斯诺·沃克","婚约者主张(决斗誓言)","相川涡波","provisional"
"阿尔肯","设局挑衅","缇亚","provisional"
"相川涡波","将错就错的救助愿望","相川阳滝","provisional"
"斯诺·沃克","结婚赌约(准决赛对决)","拉丝缇娅拉","provisional"
"塞拉·雷迪安特","先天技能拥有","直感","provisional"
"莱纳","骑士侍奉→同伴宣言","相川涡波","provisional"
"罗德·缇缇","镇守（五十层=其阶层）","五十层","provisional"
"相川涡波","锻造(制作)","始祖和魔王的魔剑BraveFluorite","provisional"
"缇亚","珍握(替代剑)","艾丽娅的发夹","provisional"
"塞拉·雷迪安特","决斗中使用","『Growth』","provisional"
"相川涡波","技能持有(暴走发动)","『？？？』","provisional"
"《寒冰》","应用衍生","『寒冰·速成箭』","provisional"
"缇缇","完全信任(同行同伴)","相川涡波","provisional"
"基督·欧亚","接受决斗","塞拉·雷迪安特","provisional"
"玛利亚","恋慕(据阿尔缇言)","相川涡波","provisional"
"基督·欧亚","发誓帮忙寻找","拉丝缇娅拉","provisional"
"相川涡波","击杀","巨狼","provisional"
"拉丝缇娅拉","加入队伍","相川涡波","provisional"
"塞拉·雷迪安特","狼化同行(通话)","拉古涅·卡伊库欧拉","provisional"
"缇亚","后天技能拥有","剑术","provisional"
"克洛伊·希达尔克","副官辅佐(代理副传令官)","斯诺·沃克","provisional"
"艾德","半死体化进言与拒援","帕林库洛","provisional"
"斯诺·沃克","恋爱告白(自立宣言)","相川涡波","provisional"
"相川涡波","'诓骗了王'罪嫌(据艾德声称)","支配之王","provisional"
"相川涡波","剑术师承","诺文","provisional"
"诺文","赠礼授剑","相川涡波","provisional"
"斯诺·沃克","暗之理创伤战逃与回归","帕林库洛·勒伽西","provisional"
"斯诺·沃克","暗之理创伤战逃与回归","帕林库洛·勒伽西","provisional"
"缇亚","先天技能拥有","过捕护","provisional"
"次元之理的盗窃者","兄妹(阳滝即其一切)","相川阳滝","provisional"
"使徒勒伽西","体内同居(愿望蒙蔽)","帕林库洛","provisional"
"罗德","咒术发动","忘却扩散（Reverse）","provisional"
"相川涡波","求败·求处决","帕林库洛・勒伽西","provisional"
"缇亚","自报名与表示名相异","迪亚布罗·西斯","provisional"
"拉丝缇娅拉","拒绝·契约解除·诀别","相川涡波","provisional"
"缇亚","复仇杀意(旧伤)","帕林库洛","provisional"
"缇娅拉","吸血鬼讨伐共斗(千年前)","相川涡波","provisional"
"斯诺·沃克","窃听(振动魔法)","相川涡波","provisional"
"拉丝缇娅拉","旧识(同乡说掩饰)","缇亚","provisional"
"莱纳","师承(风魔法·罗德教导)","罗德","provisional"
"使徒西斯","置换/夺舍(共用身体)","缇亚","provisional"
"莱纳","弟子(风魔法·罗德教导)","罗德·缇缇","provisional"
"相川涡波","同源对照(判例1不合并)","始祖涡波","provisional"
"相川涡波","朋友（自认）·欲加救济","罗德・缇缇","provisional"
"始祖涡波","决裂(千年前)","使徒西斯","provisional"
"始祖涡波","决裂(千年前)","使徒西斯","provisional"
"缇亚","扭曲恋慕","相川涡波","provisional"
"相川涡波","『连接』情感共有(拒绝中止)","莉帕","provisional"
"海因","相识(评价)","塞拉·雷迪安特","provisional"
"莉帕","魔法寄宿(据缇缇)","玛利亚","provisional"
"拉丝缇娅拉","安抚守护宣言","斯诺·沃克","provisional"
"波鲁扎克","保护关切(兄长范)","斯诺·沃克","provisional"
"拉丝缇娅拉","初遇救助(追述)","相川涡波","provisional"
"艾德","背叛(促成南方团结)","南方联盟","provisional"
"相川涡波","雇佣(锻冶帮手)·秘密协力","雷纳尔多•沃尔斯","provisional"
"迪亚布罗·西斯","欺骗与实验利用","次元之理的盗窃者","provisional"
"斯诺·沃克","对决自任(了断向前)","帕林库洛","provisional"
"拉丝缇娅拉","非法入侵","旅店","provisional"
"拉丝缇娅拉","非法入侵","旅店","provisional"
"基督·欧亚","血液材料补充(据海莉称)","海莉·维斯普洛佩","provisional"
"艾德","责问背叛","相川涡波","provisional"
"相川涡波","宝剑转投（LevelDown解除）","莱纳","provisional"
"芙兰琉莱","姐弟","莱纳•赫勒比勒夏因","provisional"
"帕林库洛","悲愿欺瞒与牺牲","南军高官","provisional"
"相川涡波","抵达未至领域(据诺斯菲)","相川阳滝","provisional"
"玛利亚","组合魔法搭档(职责分割)","缇亚","provisional"
"拉丝缇娅拉","七骑士旧同僚证言(战力)","帕林库洛","provisional"
"相川涡波","身体归还·统合交涉意向","始祖涡波","provisional"
"玛利亚","火焰魔法专家承继(比拟)","阿尔缇","provisional"
"帕林库洛·勒伽西","再诞制造后舍弃(据海莉称)","海莉·维斯普洛佩","provisional"
"莱纳","最后一击遮断·骂声促起","相川涡波","provisional"
"莉帕","逆流输血(魔力记忆感情)","相川涡波","provisional"
"海莉","拦路对峙→放行","相川涡波","provisional"
"艾德","『Sleep』强制入睡(压制反对)","西娅·勒伽西","provisional"
"北方同盟","交战对手（胜败互斥·并证）","南方联盟","provisional"
"拉丝缇娅拉","在迷宫偶然结识(据塞拉声称)","基督·欧亚","provisional"
"缇娅拉","缔造者(传说)","莱文教","provisional"
"缇娅拉","缔造者(传说)","莱文教","provisional"
"缇亚","使用(觉醒连发)","『斯特拉斯领域』","provisional"
"诺斯菲","治疗担当(初战败北后)","始祖涡波","provisional"
"缇缇","获得(一见钟情指名)","飞翔翠石制轻铠路易芬理德","provisional"
"相川涡波","获得称号","深翠之始","provisional"
"莉帕","使命转换(杀→助)","诺文","provisional"
"拉丝缇娅拉","战斗规制(混乱8.00禁战斗)","相川涡波","provisional"
"相川涡波","涉嫌欺瞒下的信任抉择","拉丝缇娅拉","provisional"
"迪亚布罗·西斯","原初搭档","基督·欧亚","provisional"
"斯诺·沃克","对等伙伴(握手)","相川涡波","provisional"
"雷纳尔多","锻冶师承(指导)","相川涡波","provisional"
"拉古涅·卡伊库欧拉","内应(反仪式派)","塞拉·雷迪安特","provisional"
"拉古涅·卡伊库欧拉","剑士憧憬（却拒持其剑）","诺文","provisional"
"帕林库洛","胜负执念(求胜·求超越)","相川涡波","provisional"
"帕林库洛・勒伽西","赌命精神魔法连击","相川涡波","provisional"
"相川涡波","遭遇战·误认海因","海莉・维斯普洛佩","provisional"
"缇亚","先天技能拥有","续命","provisional"
"诺斯菲","夫妻(据诺斯菲声称)","相川涡波","provisional"
"使徒西斯","初战击败(千年前)","始祖涡波","provisional"
"拉丝缇娅拉","爱剑分离(现存大圣堂)","天剑『诺亚』","provisional"
"相川涡波","技能持有(冻结魔法仅两种)","冻结魔法","provisional"
"斯诺·沃克","肩担护送","莉帕","provisional"
"克劳","传授迷宫心得（引以为傲）","相川涡波","provisional"
"缇缇","收养·拟制家人","爷爷","provisional"
"诺斯菲","守护者代理（代行五十层召唤与封路）","罗德·缇缇","provisional"
"玛利亚","复仇杀意","帕林库洛","provisional"
"莱纳","便条指示(战备·被执行)","相川涡波","provisional"
"露洁","共鸣魔法搭档","诺瓦露","provisional"
"相川涡波","迷宫带出(据缇缇)","缇缇","provisional"
"拉丝缇娅拉","恋情援助(撮合)","玛利亚","provisional"
"伊丽莎白・沃尔斯","孙女(血亲·继承雷纳尔多血脉)","雷纳尔多","provisional"
"相川涡波","魂之『连接』（强制）","罗德","provisional"
"缇亚","先天技能拥有","神圣魔法","provisional"
"缇亚","职能重叠(神圣魔法·据涡波)","拉丝缇娅拉","provisional"
"罗德・缇缇","授业师徒(风魔法·咏唱)","莱纳","provisional"
"基督·欧亚","带·潜入迷宫升级","玛利亚","provisional"
"相川涡波","赌局清算·全财产剥夺(驱逐)","菲伊・厄鲁斯","provisional"
"海因","战死(断后交换)","拉丝缇娅拉","provisional"
"相川涡波","获得称号","通行无阻的水军","provisional"
"相川涡波","持续欺骗","罗德","provisional"
"斯诺·沃克","撒娇依赖(谄媚缇亚)","缇亚","provisional"
"相川涡波","约定达成（最理想形式）","雷纳尔多","provisional"
"相川涡波","告白→回绝","拉丝缇娅拉","provisional"
"艾德","后备之王资格认定(放弃)","玛利亚","provisional"
"斯诺·沃克","咆哮源头(龙之化身)","『龙之咆哮』","provisional"
"拉丝缇娅拉","持有技能","《完全治愈》","provisional"
"雷纳尔多","锻冶水准超越(数个段位)","艾利巴茨·利拜斯","provisional"
"玛利亚","魔石同化","守护者的魔石","provisional"
"莱纳","呼名共鸣·全力注入","阿雷亚斯家的宝剑","provisional"
"相川涡波","拘束刑具借用(旧物再利用)","『史诗探索者』","provisional"
"缇莉·琉克","名誉会长安置(名号借用)","相川涡波","provisional"
"菲伊？厄鲁斯","人身抵债赌局·剥削企图","相川涡波","provisional"
"拉丝缇娅拉","剑术师承(据海莉称)","海因·赫勒比勒夏因","provisional"
"莱纳","神圣魔法净化与'基督'称呼","相川涡波","provisional"
"雷纳尔多","地上归返协力(薪水支援·带回艾德约定)","相川涡波","provisional"
"相川涡波","使用者","Default","provisional"
"贝丝","使用（火焰辅助型）","炎之剑（贝丝版·火焰辅助定位）","provisional"
"相川涡波","师从(锻冶)","雷纳尔多","provisional"
"拉丝缇娅拉","敕封骑士","海因","provisional"
"缇娅拉","师徒称呼·师父(千年前)","始祖涡波","provisional"
"相川涡波","装备购入","MegistusBoots","provisional"
"斯诺·沃克","不再放弃誓约(据斯诺自述)","相川涡波","provisional"
"艾德","姐弟(弟·双守护者)","罗德·缇缇","provisional"
"莱纳","队伍同伴(前卫·受指挥)","相川涡波","provisional"
"相川涡波","武器出借","新月琉璃制直剑","provisional"
"海莉·维斯普洛佩","解放(40层守护者)","艾德","provisional"
"拉丝缇娅拉","单干毛病责备","相川涡波","provisional"
"罗德・缇缇","总角之交·孤儿院旧识（据英雄谭/涂鸦）","艾德","provisional"
"诺斯菲","环境调整（拉回战争时代·受托）","佩艾希亚","provisional"
"克劳","常客","酒馆","provisional"
"雷纳尔多","旧识(千年前两次相遇)","始祖涡波","provisional"
"艾利巴茨·利拜斯","锻冶协力(师匠)","相川涡波","provisional"
"相川涡波","繋心交流→战意消失·初恋","魔石人类侍女四少女","provisional"
"阿尔缇","断言(血无余量)","拉丝缇娅拉","provisional"
"缇缇","姐弟(王与宰相)","艾德","provisional"
"雷纳尔多","祖父(为孙女操心)","贝斯","provisional"
"莱纳","并肩缘由重定义·拒谢","相川涡波","provisional"
"格连","倒戈护卫(称号交棒后)","拉丝缇娅拉","provisional"
"缇达","使用","『讴歌不平的叛逆者』","provisional"
"诺斯菲","照料(瘫痪期陪护)","始祖涡波","provisional"
"罗德・缇缇","同型守护者（据涡波评价）","诺文","provisional"
"帕林库洛","事实扭曲(阳滝生存隐瞒)","相川涡波","provisional"
"塞拉·雷迪安特","主从侍奉(骑士·独断行事获追认)","拉丝缇娅拉","provisional"
"缇达","自称镇守","20层","provisional"
"缇亚","朋友宣言(真正敌人错位)","相川涡波","provisional"
"缇亚","朋友宣言(真正敌人错位)","相川涡波","provisional"
"拉丝缇娅拉","身份唯一知情者","相川涡波","provisional"
"相川涡波","尊敬(望其记忆者认可)","海因","provisional"
"艾利巴茨","专属锻冶师","史诗探索者","provisional"
"斯诺·沃克","外表相像·同为『龙』之『魔人』","赛鲁多拉","provisional"
"大将军","职务代行(负伤期由斯诺代行总司令)","斯诺·沃克","provisional"
"相川涡波","联结继续(感情共有)","莉帕","provisional"
"相川涡波","超度(过去的自己)","始祖涡波","provisional"
"相川涡波","超度(过去的自己)","始祖涡波","provisional"
"格连","旧同伴(义理)","帕林库洛","provisional"
"帕林库洛","特性归属","暗之理的盗窃者","provisional"
"始祖涡波","兄妹(千年前同行)","相川阳滝","provisional"
"芙洛拉・塞斯提亚","王女(次女·第四继承权)","塞斯提亚国","provisional"
"拉丝缇娅拉","先天技能拥有","血术","provisional"
"相川涡波","回以信赖·遗言践行","海莉","provisional"
"斯诺·沃克","同行出逃(七人)","相川涡波","provisional"
"莱纳","交战被制（先袭→双臂脱臼→被射入连接）","诺斯菲","provisional"
"缇缇","千年前同归于尽（旧事）","诺斯菲","provisional"
"莉帕","随行","玛利亚","provisional"
"相川涡波","护婚宣誓(胜我先行)","斯诺·沃克","provisional"
"相川涡波","曾经喜欢(失忆期间·自认)","帕林库洛","provisional"
"相川涡波","受托背叛·致死(千年前·据罗德声称)","罗德•缇缇","provisional"
"相川涡波","捕获目标(压制→挣脱→再追)","迪亚布罗·西斯","provisional"
"始祖涡波","完成","『DistanceMute』","provisional"
"相川涡波","『反馈』返还之『爱情』对象","拉丝缇娅拉","provisional"
"相川涡波","获得(怪物掉落)","魔法石","provisional"
"诺瓦露","复仇执念(败北洗刷)","相川涡波","provisional"
"诺斯菲","任性委托（令罗德复元·已达成）","相川涡波","provisional"
"弗茨亚茨","物资输送(船队停泊)","柯尔库","provisional"
"缇娅拉","魂抽取救援(复活筹划)","相川阳滝","provisional"
"相川涡波","『大灾害』对决（一年前）","帕林库洛","provisional"
"相川涡波","决意营救","拉丝缇娅拉","provisional"
"缇达・兰斯","守护骑士(诺斯菲三骑士之一)","诺斯菲","provisional"
"使徒西斯","盟友","始祖涡波","provisional"
"相川涡波","拯救宣言（真正的『道路』）","罗德","provisional"
"莱纳","同队护卫同行","西娅·勒伽西","provisional"
"帕林库洛","下一轮回候选(点名)","斯诺·沃克","provisional"
"帕林库洛","下一轮回候选(点名)","斯诺·沃克","provisional"
"相川涡波","组合运营(Dimension×通信)","斯诺·沃克","provisional"
"艾德","掳走","相川阳滝","provisional"
"海莉","力量赠与·'赫勒比勒夏因家的最强'","莱纳","provisional"
"塞拉·雷迪安特","后天技能拥有","剑术","provisional"
"玛利亚","接纳宣言(打醒自暴自弃)","相川涡波","provisional"
"相川涡波","生命削减发动(HP代魔力)","『过密次元的真冬』","provisional"
"帕林库洛・勒伽西","死亡宣称与复活宣言","相川阳滝","provisional"
"罗德","善意中立(对等交涉)","相川涡波","provisional"
"迪普拉库拉","致使疯狂(传承口径)","北之王","provisional"
"雷纳尔多·沃尔斯","授剑（Sylph・堕落使徒）","莱纳","provisional"
"帕林库洛","魔石同化(强化)","缇达","provisional"
"诺斯菲","守护者代理(风之理的盗窃者)","罗德·缇缇","provisional"
"相川涡波","主从命令（骑士效忠·临战任命）","莱纳","provisional"
"罗德•缇缇","旅店房主·房客(对等交涉)","相川涡波","provisional"
"始祖涡波","致其计划失败","使徒勒伽西","provisional"
"诺斯菲","『御旗』·战时领袖·南方的救世主","南方阵营","provisional"
"罗德·缇缇","镇守阶层(风之理的盗窃者)","五十层","provisional"
"相川涡波","救出目标(捕获西斯为前提)","缇亚","provisional"
"玛利亚","名义俘虏·实际关照","西娅・勒伽西","provisional"
"罗德·缇缇","联手协战（毁门封路·前后夹击）","诺斯菲","provisional"
"相川涡波","水中战力起用(全勤方针)","斯诺·沃克","provisional"
"莉帕","警戒协助(有条件)","相川涡波","provisional"
"相川涡波","冻结魔法才能归属(妹妹)","相川阳滝","provisional"
"相川涡波","使徒情报索求(不杀理由)","帕林库洛","provisional"
"相川涡波","会长(最上层领导)","史诗探索者","provisional"
"诺斯菲","利害一致·临时协作","贝丝","provisional"
"塞拉·雷迪安特","上门求决斗","基督·欧亚","provisional"
"相川涡波","获得称号","洗涤黑暗之人","provisional"
"莉帕","『连接』(新造于塞拉)","塞拉·雷迪安特","provisional"
"罗德・缇缇","旧识自称'姐姐'(单侧记忆)","相川涡波","provisional"
"罗德","时间轴扭曲·唤回现世(与诺斯菲共同)","王近卫骑士团","provisional"
"莱纳","免疫(魅惑之光不起效)","光之御旗（NosfyFlag）","provisional"
"诺斯菲","朋友(自称·阻止崩壊卷入)","罗德","provisional"
"斯诺·沃克","借用婉拒(不惯用剑·不擅应付)","阿雷亚斯家的宝剑","provisional"
"海莉","求情代辩(阴影代披露)","斯诺·沃克","provisional"
"莱纳","主从契约(宣誓效忠)","相川涡波","provisional"
"相川涡波","击杀(拔除魔石)","艾尔芬里斯","provisional"
"莱纳","血亲裁定与结局接受","海莉","provisional"
"斯诺·沃克","隶属（南方联盟）","南方联盟","provisional"
"LizardFlyer","栖息(游荡怪物)","六十五层","provisional"
"莱纳","攻防胶着战","帕林库洛・勒伽西","provisional"
"HighSkyBeryl","用于修复强化","『堕落使徒』","provisional"
"拉丝缇娅拉","认输(打假赛合意)","相川涡波","provisional"
"斯诺·沃克","恋慕宣言(不放弃)","相川涡波","provisional"
"诺斯菲","战斗指导(物理免疫指点)","莱纳","provisional"
"相川涡波","获得一部分","『窃夺世界之理』","provisional"
"罗德","魔法传授·庭师共事","莱纳","provisional"
"缇亚","先天技能拥有","断罪","provisional"
"罗德","同行组队(四人攻略)","相川涡波","provisional"
"相川涡波","队内最强妨害×火力组合","玛利亚","provisional"
"艾尔芬里斯","魔力归属守护(自认)","罗德・缇缇","provisional"
"艾尔米拉德·希达尔克","婚约(两家同意)","斯诺·沃克","provisional"
"艾尔米拉德·希达尔克","婚约(两家同意)","斯诺·沃克","provisional"
"相川涡波","体内共存守护(双魔石并立)","相川阳滝","provisional"
"相川涡波","联结断绝","莉帕","provisional"
"雷纳尔多","持有(千年前)","神铁锻冶","provisional"
"斯诺·沃克","恋慕坚持(不放弃宣言)","相川涡波","provisional"
"相川涡波","兄妹(原世界·行动原理)","相川阳滝","provisional"
"艾德","宰相","佩艾希亚","provisional"
"缇缇","专属持有(获赠)","始祖和魔王的魔剑BraveFluorite","provisional"
"艾尔・昆图斯","境遇相仿的相互信赖","艾米丽","provisional"
"基督·欧亚","同指(据本章对话推定)","相川涡波","provisional"
"基督·欧亚","同指(据本章对话推定)","相川涡波","provisional"
"使徒勒伽西","背叛(背刺)","始祖涡波","provisional"
"斯诺·沃克","龙人臂力粉碎(断臂·飞踢)","帕林库洛","provisional"
"西娅・勒伽西","叔侄(侄女)","帕林库洛","provisional"
"阿尔缇","血传魔法(全部火炎魔法)","玛利亚","provisional"
"诺瓦露","侍奉志愿(主从缔结预告)","相川涡波","provisional"
"缇娅拉","师徒羁绊与千年誓言","次元之理的盗窃者","provisional"
"艾德","麾下辅佐","支配之王","provisional"
"艾德","麾下辅佐","支配之王","provisional"
"帕林库洛","入会规则制定(已废除)","史诗探索者","provisional"
"斯诺·沃克","水中守护(义手相牵)","缇亚","provisional"
"赛莉","所属·支持者","史诗探索者","provisional"
"罗德","旧识(千年前)","诺文","provisional"
"缇缇","教训·力量意志传承(→涡波/莱纳)","相川涡波","provisional"
"伊丽莎白・沃尔斯","团长代理(据巡逻骑士·涡波推断)","王近卫骑士团","provisional"
"相川涡波","使用假名","基督·欧亚","provisional"
"相川涡波","使用假名","基督·欧亚","provisional"
"帕林库洛","体内使徒同宿(完败确认)","使徒勒伽西","provisional"
"帕林库洛・勒伽西","『救赎』施与者","相川涡波","provisional"
"相川涡波","接引计划（带回罗德处使其振作）","艾德","provisional"
"雷纳尔多·沃尔斯","祖父-孙女（沃尔斯血统·直系）","贝丝","provisional"
"海因·赫勒比勒夏因","临终托付·旧楔子(异邦人称呼)","相川涡波","provisional"
"相川涡波","命名者","『维度·决战演算』","provisional"
"西娅·勒伽西","侄女-叔父亲缘","帕林库洛","provisional"
"海莉・维斯普洛佩","追击拦截（不让敌人逃走）","相川涡波","provisional"
"隐居的老夫妇","收养·养亲（据英雄谭/涂鸦）","罗德・缇缇","provisional"
"相川涡波","敌对认定（谈判不可）","诺斯菲","provisional"
"塞拉·雷迪安特","主从护卫(女仆·称大小姐)","拉丝缇娅拉","provisional"
"塞拉·雷迪安特","主从护卫(女仆·称大小姐)","拉丝缇娅拉","provisional"
"塞拉·雷迪安特","主从护卫(女仆·称大小姐)","拉丝缇娅拉","provisional"
"店员姐姐","好感与遗憾","玛利亚","provisional"
"相川涡波","团长(千年前·据骑士断罪宣称)","王近卫骑士团","provisional"
"使徒西斯","治疗实验(致怪物化死亡)","相川阳滝","provisional"
"缇亚","赎罪·梦想实现誓愿('使徒一人')","相川涡波","provisional"
"缇亚","使用(唯一攻击魔法)","『火焰箭』","provisional"
"相川涡波","探索指挥听命","玛利亚","provisional"
"相川涡波","拾得(搜刮)","奥兰（Oria）大剑","provisional"
"莉帕","耳语说服(担载交涉)","斯诺·沃克","provisional"
"相川涡波","自我牺牲争论与共同生存誓约","莱纳","provisional"
"缇缇","驱使(分裂热量冷却)","自由之风","provisional"
"沃尔斯","锻冶师承(被指认)","相川涡波","provisional"
"诺文","剑术传授(约定实行)","莱纳","provisional"
"诺文","剑术传授(约定实行)","莱纳","provisional"
"北方同盟","交战(境界战争)","南方联盟","provisional"
"相川涡波","同伴·协力(迷宫)","莱纳","provisional"
"莱纳","和解协力·同伴（经维斯调解）","相川涡波","provisional"
"诺文","宿敌玩伴(厮杀即交流)","莉帕","provisional"
"海莉·维斯普洛佩","敌对·唯一愿望不相容(据海莉称)","相川涡波","provisional"
"拉丝缇娅拉","强制升级(魔法)","相川涡波","provisional"
"诺文","剑术传授(阿雷亚斯家)","莱纳•赫勒比勒夏因","provisional"
"莱纳","宣誓成为其骑士（继承兄长意志·守护现人神）","拉丝缇娅拉·弗茨亚茨","provisional"
"莱纳","使用者","Jaeger·Wind","provisional"
"始祖涡波","技能打造(为不放弃拯救阳滝)","『最深部之誓约者』","provisional"
"拉丝缇娅拉","信赖(意识全托)","相川涡波","provisional"
"莱纳","主从(骑士服从)","相川涡波","provisional"
"『支配之王』","再临·北方强势支撑(据叙述)","北方同盟","provisional"
"帕林库洛","吞石继承(缇达之力)","缇达","provisional"
"罗德","交战(五十层决战)","相川涡波","provisional"
"海莉・维斯普洛佩","剑术同源·实力凌驾","海因","provisional"
"相川涡波","意外援军·牺牲（涡波回想）","维斯·海利普洛佩","provisional"
"斯诺·沃克","老公宣称(婚姻自称)","相川涡波","provisional"
"莱纳","复仇袭击(三人敌视)","拉丝缇娅拉","provisional"
"莱纳","剑技借用(魔石请托)","诺文","provisional"
"海莉","决斗(相刺/败死)","帕林库洛","provisional"
"海莉","决斗(相刺/败死)","帕林库洛","provisional"
"相川涡波","愧疚(诱至迷宫之失)","缇亚","provisional"
"阿尔缇","封锁退路协助","缇达","provisional"
"拉丝缇娅拉","日常谈论(据塞拉声称)","基督·欧亚","provisional"
"相川涡波","命令(压制诺斯菲)(据诺斯菲转述)","莱纳","provisional"
"西娅·勒伽西","书信情报提供（帕林库洛所在地）","相川涡波","provisional"
"海莉","保密约定与道别","莱纳","provisional"
"海莉","保密约定与道别","莱纳","provisional"
"相川涡波","队伍分工(斥候后卫×骑士前卫)","莱纳","provisional"
"艾德","记忆显现魔法(一年前)","拉丝缇娅拉","provisional"
"莉帕","驻留(据称)","西迷宫遗址","provisional"
"使徒西斯","身体共有","缇亚","provisional"
"莱纳","佩用(右手·强化风魔法)","Sylph・堕落使徒","provisional"
"相川涡波","咏唱模仿(炎蛇·弃用)","阿尔缇","provisional"
"塞拉·雷迪安特","别扭的信赖(经拉丝缇娅拉中介)","相川涡波","provisional"
"缇莉・琉克","应援(结婚推动)","斯诺·沃克","provisional"
"拉丝缇娅拉","曾在迷宫救助","基督·欧亚","provisional"
"诺斯菲","请求入住·获准居住","佩艾希亚","provisional"
"海因","护卫同行","拉丝缇娅拉","provisional"
"海因","护卫同行","拉丝缇娅拉","provisional"
"玛利亚","秘密共有(既知异邦人与妹妹之事)","相川涡波","provisional"
"拉丝缇娅拉","敌意(主张制伏)","莱纳","provisional"
"莱纳","攻略同行(死斗共历)","相川涡波","provisional"
"莱纳","义弟","海因","provisional"
"拉丝缇娅拉","崇拜与感情同化(逆鳞)","缇娅拉","provisional"
"罗德","称呼(己方所呼)","『魔王』","provisional"
"使徒西斯","控制","缇亚","provisional"
"艾米丽","神圣魔法后援","艾尔・昆图斯","provisional"
"相川涡波","击败(番外战冰结固定)","莉帕","provisional"
"拉丝缇娅拉","升级加点执行(全魔力)","相川涡波","provisional"
"相川涡波","剑术借用(化解魔剑)","诺文","provisional"
"相川涡波","留守指示与节制请求","玛利亚","provisional"
"莱纳","新弟弟（据诺斯菲宣告·同为风属性）","罗德·缇缇","provisional"
"相川涡波","先天技能拥有","剑术","provisional"
"拉丝缇娅拉","救治看护","海莉·维斯普洛佩","provisional"
"拉丝缇娅拉","救治看护","海莉·维斯普洛佩","provisional"
"莱纳","堪称天敌（据涡波描述）","诺斯菲","provisional"
"艾尔米拉德·希达尔克","正道工事委托","史诗探索者","provisional"
"相川涡波","击杀","爪瑙蝎","provisional"
"艾德","治疗者(绿色魔力光)","海莉·维斯普洛佩","provisional"
"缇缇","姐弟相认诉求","艾德","provisional"
"相川涡波","装备打造委托","艾利巴茨","provisional"
"迪亚布罗·西斯","剑之所有主张","阿雷亚斯家的宝剑","provisional"
"海莉","魂托付(据莱纳自述)","莱纳","provisional"
"贝丝","好意(仰慕)","相川涡波","provisional"
"海莉","遗言托付(呼唤/使用所有技能)","相川涡波","provisional"
"海莉","遗言托付(呼唤/使用所有技能)","相川涡波","provisional"
"塞拉·雷迪安特","主从忠诚(称大小姐)","拉丝缇娅拉","provisional"
"玛利亚","实力追赶(火焰)","阿尔缇","provisional"
"海因","真决斗(要求离境)","相川涡波","provisional"
"雷鲁·桑库斯","情报告知(试练报酬)","相川涡波","provisional"
"帕林库洛","决斗致死","海因","provisional"
"诺文","证言(迷宫建造者存在)","『某人』","provisional"
"相川涡波","战场协作(怪物排除)","莱纳","provisional"
"相川涡波","使用(索敌·侦察·观内)","『维度』","provisional"
"拉丝缇娅拉","强行同行要求(不想再后悔)","相川涡波","provisional"
"贝丝","约定玩伴·担忧","罗德","provisional"
"拉丝缇娅拉","意志代行(受托)","相川涡波","provisional"
"形式・捩菖蒲（Torsion）","劣化模仿(剑身附着)","Torsion","provisional"
"莱纳","习得·复苏(失传大魔法)","TowersSus・Wind","provisional"
"『表示』","机制包含","【持有物品】","provisional"
"相川涡波","好友(自任监护人)","莉帕","provisional"
"相川涡波","魔法打造(为对付阿雷亚斯·据缇缇)","格林・利姆・莉帕","provisional"
"相川涡波","兄妹·守护使命","相川阳滝","provisional"
"相川涡波","讨伐目标(DistanceMute一击计划)","艾尔芬里斯","provisional"
"相川涡波","始祖（据莱纳称）","莱文教","provisional"
"相川涡波","击杀","甲壳海妖","provisional"
"相川涡波","获得(守护者掉落)","守护者的魔石","provisional"
"相川涡波","背负潜行(翻墙要求)","玛利亚","provisional"
"玛利亚","战斗分工托付(专攻帕林库洛)","相川涡波","provisional"
"缇娅拉","奠基","『DistanceMute』","provisional"
"相川涡波","救助誓言(不依赖帕林库洛)","相川阳滝","provisional"
"相川涡波","锻冶师承(打下手)","雷纳尔多","provisional"
"格连","未能战胜","守护者","provisional"
"莱纳","装备使用(佩剑)","阿雷亚斯家的宝剑诺文","provisional"
"诺斯菲","千年前交战敌对（自爆式死亡·被大陆吞噬）","罗德","provisional"
"莱纳","兄弟(辈分最小弟弟·自居代替)","海因","provisional"
"相川涡波","劳资雇佣(工房打工)","雷纳尔多","provisional"
"缇缇","意气相投","艾利巴茨·利拜斯","provisional"
"雷纳尔多","对峙(负伤状态)","诺斯菲","provisional"
"始祖涡波","追求(夺魔石错装)","相川阳滝","provisional"
"始祖涡波","追求(夺魔石错装)","相川阳滝","provisional"
"拉丝缇娅拉","方针冲突(大打出手)","玛利亚","provisional"
"相川涡波","制作者(赠与)","泳衣（涡波手制八件）","provisional"
"魔石人类","崇敬效劳(现人神崇拜)","拉丝缇娅拉","provisional"
"斯诺·沃克","肩担护送","缇亚","provisional"
"拉丝缇娅拉","说话方式感染(模仿)","诺文","provisional"
"塞拉·雷迪安特","上司(现任)","莱纳","provisional"
"缇缇","强制同行旅伴(魔王命令)","古奈尔","provisional"
"斯诺·沃克","妹妹","格连","provisional"
"缇亚","憧憬/唯一同伴","基督·欧亚","provisional"
"始祖涡波","愿望原本归属（据帕林库洛声称）","相川阳滝","provisional"
"使徒西斯","交战围攻（中庭1对2）","帕林库洛","provisional"
"诺斯菲","护卫同行(敬称涡波大人)","相川涡波","provisional"
"诺斯菲","护卫同行(敬称涡波大人)","相川涡波","provisional"
"使徒勒伽西","狡猾欺骗","缇娅拉","provisional"
"帕林库洛","体内同居(愿望蒙蔽)","勒伽西","provisional"
"艾德","归责指控(千年前北方惨剧)","始祖涡波","provisional"
"莉帕","『连接』唯一维持对象","相川涡波","provisional"
"拉丝缇娅拉","过失指摘(直言批评)","相川涡波","provisional"
"贝丝","崇敬·执念(恋慕推定)","相川涡波","provisional"
"佩艾希亚的骑士们","崇拜（支配之王/救世主）","罗德","provisional"
"拉丝缇娅拉","施加回复魔法治愈","相川涡波","provisional"
"缇娅拉","徒弟(师承·魔法所创)","始祖涡波","provisional"
"相川涡波","装备使用（拔出应战·弹开旗杆）","新月琉璃","provisional"
"拉丝缇娅拉","赌场筹钱指令(绝对不准输)","相川涡波","provisional"
"西娅·勒伽西","继承使徒之力(约十年前·后被夺)","使徒勒伽西","provisional"
"帕林库洛","情报交易(守护者讨伐↔真相)","相川涡波","provisional"
"相川涡波","创始会长(千年前)","英格利特商会","provisional"
"罗德","失去（最重要宝物·永不可复得）","翠色石子","provisional"
"相川涡波","恋慕(被《？？？》分解重塑态)","拉丝缇娅拉","provisional"
"相川涡波","缇达魔石返还要求(通牒首项)","帕林库洛","provisional"
"艾德","留置(阳滝在其手上·涡波拟夺回)","相川阳滝","provisional"
"相川涡波","敌对交战（五十层·被其投入连接）","诺斯菲","provisional"
"罗德","魔法师徒","莱纳","provisional"
"西娅·勒伽西","同姓亲族(仇敌亲人)","帕林库洛·勒伽西","provisional"
"相川涡波","受援(无数次)","风的所有者","provisional"
"莱纳","注意力转移(掩护)","罗德","provisional"
"诺斯菲","朋友（质问变革）","缇缇","provisional"
"拉丝缇娅拉","敌视与命名(IllWill)","技能『？？？』","provisional"
"莉帕","着用(左手无名指)→收纳","戒指『晶盾』","provisional"
"莉帕","魔力传送(两人份)","相川涡波","provisional"
"海莉·维斯普洛佩","名字一字差·类海因联想","海因","provisional"
"拉丝缇娅拉","亲近纠缠(同房共浴)","玛利亚","provisional"
"罗德·缇缇","称号（支配之王·千年前北之最强战力）","『支配之王』","provisional"
"诺瓦露","主人侍奉志愿","相川涡波","provisional"
"莱纳","主从(臣从)","相川涡波","provisional"
"雷鲁·桑库斯","交易承接与真相条件","相川涡波","provisional"
"帕林库洛","推荐书报名(国家推荐)","相川涡波","provisional"
"罗德","庭师·维护","佩艾希亚","provisional"
"莱纳","信赖坚守(待苏醒抗敌)","相川涡波","provisional"
"『次元之理的盗窃者』","创造者(赋予杀诺文使命)","莉帕","provisional"
"『次元之理的盗窃者』","创造者(赋予杀诺文使命)","莉帕","provisional"
"斯诺·沃克","屠龙策划(名声制造)","相川涡波","provisional"
"诺斯菲","唯一目的之追寻","相川涡波","provisional"
"相川涡波","压倒性制压(两秒夺目断臂·十秒将军)","帕林库洛","provisional"
"斯诺·沃克","双方协助","拉丝缇娅拉","provisional"
"斯诺·沃克","恋爱自觉(拉丝缇娅拉指认)","相川涡波","provisional"
"阿尔缇","自愿随行(求信任)","相川涡波","provisional"
"莱纳","魂之继承(据涡波陈述)","海莉","provisional"
"相川涡波","挚友·剑与咏唱之继承","诺文","provisional"
"相川涡波","使用(首次长距离空间压缩)","Default","provisional"
"相川涡波","魔力相性·冰火协同(拟似共鸣)","玛利亚","provisional"
"艾尔米拉德·希达尔克","体术练度凌驾(互殴)","相川涡波","provisional"
"雷纳尔多","锻冶雇佣与考察托付","相川涡波","provisional"
"始祖涡波","制造再诞容器(据海莉声称)","相川涡波","provisional"
"诺斯菲","押送监禁(流星带回·逃跑途径削减)","相川涡波","provisional"
"缇缇","佩剑持有","『始祖和魔王的魔剑BraveFluorite』","provisional"
"缇缇","王与宰相(过家家→真)·守护誓约","艾德","provisional"
"斯诺·沃克","安心源依赖","相川涡波","provisional"
"海莉·维斯普洛佩","同型技能『所有物』共有","相川涡波","provisional"
"莱纳","骑士·牵制任务达成","相川涡波","provisional"
"诺文","战胜后身份揭露","芬里尔·阿雷亚斯","provisional"
"莱纳","养子(前骑士)","赫勒比勒夏因家","provisional"
"相川涡波","使用者","魔法『连接』","provisional"
"相川涡波","无血缘救助宣言","相川阳滝","provisional"
"罗德","交战(第五十之试练)","相川涡波","provisional"
"帕林库洛","隶属于","天上之七骑士","provisional"
"迪亚布罗·西斯","同指(状态屏名·存疑留R4)","缇亚","provisional"
"相川涡波","曾打下手(锻冶协助)","艾利巴茨·利拜斯","provisional"
"相川涡波","探索竞争(先抵最深部)","西娅·勒伽西","provisional"
"相川涡波","探索竞争(先抵最深部)","西娅·勒伽西","provisional"
"莱纳","骑士·同伴(同行决意)","相川涡波","provisional"
"艾德","镇守阶层","四十层","provisional"
"相川涡波","追捕·围攻方针","帕林库洛","provisional"
"塞拉·雷迪安特","价值观同盟·私下慰藉","相川涡波","provisional"
"塞拉·雷迪安特","主从(侍从)","拉丝缇娅拉","provisional"
"相川涡波","探索竞争(对手意识)","西娅·勒伽西","provisional"
"西斯","引导(传承口径)","缇娅拉","provisional"
"缇缇","同行旅伴","相川涡波","provisional"
"缇缇","同行旅伴","相川涡波","provisional"
"缇缇","同行旅伴","相川涡波","provisional"
"缇亚","营救协力宣言","拉丝缇娅拉","provisional"
"诺斯菲","契约『妻子』(自称身份)","相川涡波","provisional"
"大圣堂地下的沉眠少女","容器(再诞预定)","缇娅拉","provisional"
"艾尔米拉德·希达尔克","会长","公会『绝世』","provisional"
"罗德","守护者","佩艾希亚","provisional"
"罗德","武器使用","铳剑","provisional"
"缇亚","魔力驱动(一人启动失败作)","『LivingLegend号』","provisional"
"相川涡波","身体借用(宿于妹妹身体)","相川阳滝","provisional"
"『Ex・Wind』","同型魔法(原型)","莱纳","provisional"
"相川涡波","游泳指导约定","玛利亚","provisional"
"相川涡波","游泳指导约定","玛利亚","provisional"
"西娅·勒伽西","看护搀扶","海莉·维斯普洛佩","provisional"
"古奈尔","异端之子·灭族执行者(千年前)","吸血种（吸血鬼）","provisional"
"艾尔・昆图斯","出人头地之约（二人组）","艾米丽","provisional"
"雷纳尔多","师徒传授(锻冶·魔法道具修复·铭刻魔术式)","相川涡波","provisional"
"罗德·缇缇","同一人(本人承认)","支配之王","provisional"
"露洁","交战·重力追捕(面试执行方)","相川涡波","provisional"
"拉丝缇娅拉","宣告人情债","相川涡波","provisional"
"相川涡波","使用","『维度・决战演算』","provisional"
"相川涡波","带入『这里』计划","艾德","provisional"
"斯诺·沃克","求爱（再挑战宣言）","相川涡波","provisional"
"始祖涡波","异世界同行契约·积极协助(千年前)","赛鲁多拉","provisional"
"塞拉·雷迪安特","宿敌·请求处决(据塞拉指控)","菲伊？厄鲁斯","provisional"
"诺斯菲","协谋同盟(约定重新来过·共构四人之国)","罗德·缇缇","provisional"
"店员姐姐","来客记忆（一年前『有钱人』）","相川涡波","provisional"
"罗德・缇缇","家人(自称姐弟·非血缘)","艾德","provisional"
"海因","兄弟(弟)","莱纳","provisional"
"艾德","信赖平行(受魔石人类信赖)","拉丝缇娅拉","provisional"
"罗德","挚友与右腕","赛鲁多拉","provisional"
"诺斯菲","同行照看(牵手同眠)","罗德","provisional"
"雷纳尔多","工房雇佣与托付","相川涡波","provisional"
"莱纳","战友(称『基督』)","相川涡波","provisional"
"莱纳","战友(称『基督』)","相川涡波","provisional"
"罗德","宿敌（同归于尽）","诺斯菲","provisional"
"相川涡波","传授诺文剑技","拉丝缇娅拉","provisional"
"莱纳","手足(海因之弟)","海因","provisional"
"莉帕","分开行动方针","相川涡波","provisional"
"帕林库洛","宿敌(胜负已决)","相川涡波","provisional"
"诺斯菲","镇守（自称六十层守护者·SixtyGuardian）","六十层","provisional"
"露洁","挚友·制止","诺瓦露","provisional"
"基督","战胜(据莱纳声称)","诺文","provisional"
"缇亚","共鸣魔法共同开发","玛利亚","provisional"
"玛利亚","虚弱警示→援助决意","相川涡波","provisional"
"格连","兄妹(崩坏看护)","斯诺·沃克","provisional"
"拉丝缇娅拉","圣血回收作业","魔石人类","provisional"
"缇缇","同孤儿院出身·好友·旧部","赛鲁多拉","provisional"
"相川涡波","决意救回缇亚(不惜越险)","缇亚","provisional"
"斐勒卢托・夏鲁梭斯","技术买取（血刻咏唱魔石人类）","艾德","provisional"
"相川涡波","恋慕(告白冻结)","拉丝缇娅拉","provisional"
"莱纳","装备持有(昨日新入手·换装启用)","赫勒比勒夏因之神圣双剑『片翼』","provisional"
"芙兰琉莱","率领(考试小队)","艾尔娜","provisional"
"相川涡波","剑技习得","诺文","provisional"
"玛利亚","警戒(杀意待命→旁观客人对应)","海莉・维斯普洛佩","provisional"
"玛利亚","火焰牵制·逃亡封锁","迪亚布罗·西斯","provisional"
"佩艾希亚臣民","君民（强加之期待→谢罪解放）","缇缇","provisional"
"相川涡波","真名自白(所有物宣言)","玛利亚","provisional"
"基督·欧亚","将·留在家中","玛利亚","provisional"
"雷纳尔多","充实装备(锻冶强化)","莱纳","provisional"
"莱纳","称呼(基督)","相川涡波","provisional"
"古奈尔","称名与传颂约定","缇缇","provisional"
"塞拉·雷迪安特","决斗碾压(昨日·赌注保密条款)","莱纳","provisional"
"相川涡波","使用其身体","相川阳滝","provisional"
"帕林库洛","联结供魔(自称MP无限)","世界奉还阵","provisional"
"斯诺·沃克","总司令·最高领导人","南方联盟","provisional"
"拉丝缇娅拉","评『数值所无法展现的数值』（涡波转述）","拉古涅·卡伊库欧拉","provisional"
"斯诺·沃克","队伍代理领导·贯彻委托","相川涡波","provisional"
"艾德","『面试』测试(逼入绝境验本性)","相川涡波","provisional"
"艾德","『面试』测试(逼入绝境验本性)","相川涡波","provisional"
"LizardFlyer","使用(翅膀振动发动)","魔法相杀","provisional"
"相川涡波","恋慕(心上人)","拉丝缇娅拉","provisional"
"莱纳","主从（臣事·受命）","基督·欧亚","provisional"
"帕林库洛","煽动操纵","海因","provisional"
"弗茨亚茨","盟主霸权(执牛耳)","南方联盟","provisional"
"风龙（艾尔芬里斯）","守层(六十六层BOSS)","六十六层","provisional"
"玛利亚","复仇宣言(回礼预备)","帕林库洛","provisional"
"拉丝缇娅拉","使用者","鲜血魔法『芬里尔・阿雷亚斯』","provisional"
"相川涡波","受雇护卫","芙兰琉莱","provisional"
"相川涡波","决斗胜","侯普思·约克鲁","provisional"
"始祖涡波","创造（愿望规则空间）","第五十层『这里』","provisional"
"相川涡波","卑鄙挑衅诱敌","罗德","provisional"
"相川涡波","获得称号","绿之克星","provisional"
"缇亚","复仇宣言(砍伤隐痛)","帕林库洛","provisional"
"诺文","临终道别(黑发挚友们)","相川涡波","provisional"
"相川涡波","制服(决斗)","阿尔肯","provisional"
"使徒西斯","凭依显现(『置换』)","迪亚布罗·西斯","provisional"
"莱文教","传承记载(异世界存在)","异世界","provisional"
"缇娅拉","灵魂誓约(千年追随)","次元之理的盗窃者","provisional"
"相川涡波","水中探索专责指定(强制连行)","斯诺·沃克","provisional"
"罗德","物理毁灭","佩艾希亚","provisional"
"帕林库洛","作战协力(解结界+导演)","相川涡波","provisional"
"诺斯菲","亲昵接近(依偎求眠)","相川涡波","provisional"
"海莉","追击支援(马车托付+中军方位)","相川涡波","provisional"
"拉丝缇娅拉","持有武器","天剑诺亚","provisional"
"艾利巴茨·利拜斯","订制制作","Red・StingDagger","provisional"
"诺斯菲","持有·运用（右手生成·千变万化应战）","光之御旗（NosfiFLAG）","provisional"
"帕林库洛・勒伽西","制造者与再诞成败之争","海莉","provisional"
"雷纳尔多","断后托付（父辈式）","相川涡波","provisional"
"始祖涡波","兄妹(兄)","阳滝","provisional"
"相川涡波","千年前婚姻（双方同意废弃）","诺斯菲","provisional"
"莱纳","守护骑士","拉丝缇娅拉","provisional"
"诺文","弟子指导(剑术第二号)","莱纳","provisional"
"帕林库洛","能力借用(尸体液化补给)","缇达","provisional"
"斯诺·沃克","游泳教学请求(被拒)","相川涡波","provisional"
"始祖涡波","传授魔弹（据罗德声称）","罗德","provisional"
"玛利亚","唤回适任(声音传达)","缇亚","provisional"
"罗德・缇缇","教诲(不逃避过去)","相川涡波","provisional"
"基督·欧亚","使用(观察状态)","『注视』","provisional"
"海莉","再会预告(瓦尔德本土据点)","拉丝缇娅拉","provisional"
"莉帕","动机诱导(妹妹触发参战)","相川涡波","provisional"
"使徒勒伽西","阻断记忆继承","始祖涡波","provisional"
"次元之理的盗窃者","复仇敌对(总账清算)","使徒西斯","provisional"
"缇缇","极力避免与其一对一(千年前)","法芙纳","provisional"
"莉帕","姐妹称呼(同居照料)","玛利亚","provisional"
"克洛伊・希达尔克","敌视→守约托付","相川涡波","provisional"
"玛利亚","提高级别建议(未被接受)","拉丝缇娅拉","provisional"
"帕林库洛・勒伽西","超脱宣言对喊","海因","provisional"
"帕林库洛","魔石同化","守护者的魔石","provisional"
"莱纳","忌避·苦手(拒不介入)","诺斯菲","provisional"
"艾利巴茨·利拜斯","锻冶受托","相川涡波","provisional"
"莱纳","接受其选择的结局","海莉·维斯普洛佩","provisional"
"斯诺·沃克","地位抬升代理（弗茨亚茨）","拉丝缇娅拉","provisional"
"劳拉维亚","直辖","史诗探索者","provisional"
"莱纳","多次挑战未破","艾尔芬里斯","provisional"
"帕林库洛","宿敌决战(败死)","相川涡波","provisional"
"帕林库洛","宿敌决战(败死)","相川涡波","provisional"
"贝丝","部下（千年前·骑士团长麾下）","相川涡波","provisional"
"缇缇","同一人物(罗德・缇缇)","罗德","provisional"
"玛利亚","好意直球(独自守护)","相川涡波","provisional"
"玛利亚","好意直球(独自守护)","相川涡波","provisional"
"斯诺·沃克","养兄妹(沃克家收养,无血缘)","格连","provisional"
"相川涡波","击杀","大蛤","provisional"
"玛利亚","计划阻止(以我为优先)","拉丝缇娅拉","provisional"
"相川涡波","接引承诺(把真正的弟弟带来)","艾德","provisional"
"使徒西斯","盟友与千年契约","始祖涡波","provisional"
"诺斯菲","旧友挽留与决裂","罗德・缇缇","provisional"
"塞拉·雷迪安特","护送归船","拉丝缇娅拉","provisional"
"拉丝缇娅拉","旧识警戒","斯诺·沃克","provisional"
"魔石人类侍女四少女","奇袭执行与调整（受其指挥）","斐勒卢托・夏鲁梭斯","provisional"
"海莉","材料源·身体谦让(记忆共存)","海因","provisional"
"西娅","侄女(情报源)","帕林库洛","provisional"
"拉丝缇娅拉","守护同盟(自我 exposing 说服)","斯诺·沃克","provisional"
"克洛伊","护卫·护送","芙洛拉・塞斯提亚","provisional"
"莱纳","『魔法阵』本来归属声称","相川涡波","provisional"
"诺文","技能『感应』继承","相川涡波","provisional"
"『表示』","机制包含","【状态】","provisional"
"『表示』","机制包含","【状态】","provisional"
"相川涡波","使用(制压五骑·大量MP)","维度・决战演算","provisional"
"拉丝缇娅拉","曾扑倒并施加魔法","基督·欧亚","provisional"
"海莉","协助领队(好友+欠恩)","西娅·勒伽西","provisional"
"诺斯菲","敌对·断退路与挟持移送","相川涡波","provisional"
"冰结魔法","包含魔法","《寒冰》","provisional"
"海莉・维斯普洛佩","大小姐敬称(海因记忆延续)","拉丝缇娅拉","provisional"
"相川涡波","刻意压抑感情","拉丝缇娅拉","provisional"
"使徒西斯","身体争夺胜利·人格吞并(据海莉)","缇亚","provisional"
"相川涡波","恋慕自觉","拉丝缇娅拉","provisional"
"阿尔缇","同化(悲恋实现)","玛利亚","provisional"
"使徒西斯","敌对(先行击杀·封印)","帕林库洛·勒伽西","provisional"
"诺斯菲","『这里』现状元凶（据涡波判断）","佩艾希亚","provisional"
"相川涡波","意志中继(纹样联结)","莉帕","provisional"
"缇莉・琉克","人情(所持)","魔法屋","provisional"
"相川涡波","剑术传授(千年前·据战法反推)","王近卫骑士团","provisional"
"相川涡波","情同父子(涡波自认)","雷纳尔多","provisional"
"拉丝缇娅拉","力量象征(据塞拉)","联合国","provisional"
"罗德","讲授魔法基础（基础咏唱）","相川涡波","provisional"
"帕林库洛","记忆之约践行(限定记忆问答)","相川涡波","provisional"
"莱纳","装备使用(新获·专用化)","赫勒比勒夏因之神圣双剑『片翼』","provisional"
"相川涡波","心传心（过去先例）","莉帕","provisional"
"拉丝缇娅拉","同行育成·能力飞越","缇亚","provisional"
"相川涡波","寻妹誓愿(回原世界确认)","相川阳滝","provisional"
"相川涡波","追击目标(逃走前行动救伙伴)","使徒西斯","provisional"
"艾尔・昆图斯","常客（练习场使用）","魔法屋","provisional"
"缇莉・琉克","会长辅佐","史诗探索者","provisional"
"相川涡波","兄妹(体内共存→被迫分离)","相川阳滝","provisional"
"相川涡波","兄妹(体内共存→被迫分离)","相川阳滝","provisional"
"莉帕","千年夜话(第一个朋友)","诺文","provisional"
"莉帕","骑乘作战(人马一体)","塞拉·雷迪安特","provisional"
"诺斯菲","和解·守护者同侪（旧敌）","罗德","provisional"
"罗德","阶层归属(宣告)","五十层","provisional"
"相川涡波","就职（未经允许擅自离职的店员）","瓦尔德的酒馆","provisional"
"玲小姐","就职","酒馆","provisional"
"玲小姐","就职","酒馆","provisional"
"克劳","传授Boss情报","相川涡波","provisional"
"罗德・缇缇","情报来源(据罗德言)","莱纳","provisional"
"雷纳尔多·沃尔斯","祖孙（雷纳尔多为祖父）","贝丝","provisional"
"相川涡波","短暂回收(得而复失)","缇达","provisional"
"缇亚","魔力共振(络合)","玛利亚","provisional"
"艾德","协作締结","使徒西斯","provisional"
"芙兰琉莱","恋慕(据阿尔缇言)","基督·欧亚","provisional"
"海莉·维斯普洛佩","协助领队(欠人情)","西娅·勒伽西","provisional"
"雷纳尔多","修复强化更名","RokhBringer","provisional"
"相川涡波","预定之战(变强动机)","帕林库洛","provisional"
"塞拉·雷迪安特","劝阻无效(主从难谏)","拉丝缇娅拉","provisional"
"克劳","庇护","基督·欧亚","provisional"
"水晶魔法『Quartz』","力量经宝剑转换自","『地之理的盗窃者』","provisional"
"相川涡波","决意带离(宣言)","罗德","provisional"
"海因","兄弟(莱纳=弟)","莱纳","provisional"
"相川涡波","击杀","黑环萤","provisional"
"支配之王","杀害(千年前)","诺斯菲","provisional"
"缇亚","舍身掩护","相川涡波","provisional"
"塞拉·雷迪安特","敕令文书交付","相川涡波","provisional"
"相川涡波","婚约候补(格连推荐,大会宣称)","斯诺·沃克","provisional"
"罗德·缇缇","和解·友(初交同性朋友)","诺斯菲","provisional"
"艾尔米拉德·希达尔克","兄妹(兄)","克洛伊·希达尔克","provisional"
"塞拉","女仆(劝谏无力)","拉丝缇娅拉","provisional"
"莱纳","魔法师从(艾德与罗德)","艾德","provisional"
"海莉","同队(因伤休养中)","西娅·勒伽西","provisional"
"相川阳滝","容貌相像(发更长·肤更白)","玛利亚","provisional"
"罗德","毁弃","王之肖像画","provisional"
"罗德・缇缇","王(千年前·统合北方众多国家·据雷纳尔多)","『北』的王国","provisional"
"艾德","带走（莱纳目击证言）","相川阳滝","provisional"
"艾德","仇敌宣称(始祖)","相川涡波","provisional"
"艾德","仇敌宣称(始祖)","相川涡波","provisional"
"贝丝","敌对（最后留恋·索战）","相川涡波","provisional"
"阿尔缇","选定观察对象","芙兰琉莱","provisional"
"基督·欧亚","决斗中使用","『Dimension』","provisional"
"芙洛拉・塞斯提亚","友人","古奈尔","provisional"
"西娅・勒伽西","亲和尝试","缇达的魔石","provisional"
"始祖涡波","选任守护者","诺斯菲","provisional"
"诺斯菲","朋友(已和好)","罗德·缇缇","provisional"
"相川涡波","旧情自认(失忆期)","帕林库洛","provisional"
"使徒西斯","讨伐(传说)","迪普拉库拉","provisional"
"使徒西斯","讨伐(传说)","迪普拉库拉","provisional"
"帕林库洛","威胁(舍弃防御突击宣言)","玛利亚","provisional"
"玛利亚","加入队伍","相川涡波","provisional"
"帕林库洛","愿望代行(体内使徒)","使徒勒伽西","provisional"
"莱纳","主从(骑士试问·协助追爱)","相川涡波","provisional"
"拉古涅·卡伊库欧拉","就任总长（自称·多重偶然）","『天上的七骑士』","provisional"
"罗德","旧识","缇达","provisional"
"帕林库洛","魔石化剑偷袭(缇达魔石)","相川涡波","provisional"
"拉丝缇娅拉","打赌胜者(离开瓦尔法拉之赌)","相川涡波","provisional"
"缇亚","约定(圣诞祭同游)","相川涡波","provisional"
"相川涡波","前卫后卫分工(斥候辅助)","莱纳","provisional"
"缇达","临终托付","阿尔缇","provisional"
"海因","恋爱戏剧计划(导演)","拉丝缇娅拉","provisional"
"相川涡波","使用（交锋·指敌·章末挥出）","新月琉璃制直剑","provisional"
"相川涡波","地上交战（过去·涡波自述最乱来的一战）","帕林库洛","provisional"
"相川涡波","初次告白","拉丝缇娅拉","provisional"
"相川涡波","同伴(并肩试练)","莱纳","provisional"
"艾利巴茨·利拜斯","制作(倾尽心血)","飞翔翠石制轻铠路易芬理德","provisional"
"相川涡波","护送同行·会面担保人","诺斯菲","provisional"
"拉丝缇娅拉","阻拦突破(踢飞)","莱纳","provisional"
"拉丝缇娅拉","鲜血魔法借取其技术","芬里尔・阿雷亚斯","provisional"
"缇亚","斩痕复仇","帕林库洛","provisional"
"贝丝","领民·亲近问候（称罗德大人）","罗德・缇缇","provisional"
"罗德・缇缇","英雄『支配之王』(史书定位)","佩艾希亚","provisional"
"帕林库洛","统率与违令救护","帕林库洛的部下","provisional"
"帕林库洛","言语击溃(加速决口)","玛利亚","provisional"
"斯诺·沃克","精神创伤再现·战逃","帕林库洛","provisional"
"玛利亚","处决之约('缇亚完全消失则动手')","缇亚","provisional"
"海莉","战场移送","玛利亚","provisional"
"诺文","生前所用认领","阿雷亚斯家的宝剑","provisional"
"缇亚","名字源自传说","使徒西斯","provisional"
"始祖涡波","释放者(原版)","Torsion","provisional"
"莉帕","创造目的(杀死诺文)与共存","诺文","provisional"
"帕林库洛·勒伽西","篡夺使徒之力(据帕林库洛自述)","西娅·勒伽西","provisional"
"海莉","告知(基督=信仰的始祖)","莱纳","provisional"
"罗德","一对一决战（各个击破）","相川涡波","provisional"
"相川涡波","同门(诺文剑术/共鸣剑术)","莱纳","provisional"
"莱纳•赫勒比勒夏因","骑士宣誓(继承兄长意志)","拉丝缇娅拉","provisional"
"始祖涡波","师徒(和解·千年计划共同者)","缇娅拉","provisional"
"罗德","随行同行","相川涡波","provisional"
"斯诺的义母","工具化统治(婚约强制)","斯诺·沃克","provisional"
"相川涡波","敌对确认与诀别","帕林库洛・勒伽西","provisional"
"莱纳","断剑双剑操演(魔力风刃化修补)","Rokh·Bringer","provisional"
"相川涡波","劝诱入伙(和解)","莱纳","provisional"
"使徒西斯","强制婚姻安排(吸收敌方阵营)","诺斯菲","provisional"
"相川涡波","追赶·救援目标","缇亚","provisional"
"诺文","技能继承与成长恩义(感应)","相川涡波","provisional"
"莱纳","初识·诅咒残渣影响·不擅应付","诺斯菲","provisional"
"塞拉·雷迪安特","信赖(大小姐认同)","拉丝缇娅拉","provisional"
"阿尔缇","撮合(恋之委托)","芙兰琉莱","provisional"
"莱纳","护卫同行","相川涡波","provisional"
"相川涡波","莱文教始祖(据莱纳叙述)","莱文教","provisional"
"罗德・缇缇","朋友之爱与劝进(自称)","诺斯菲","provisional"
"帕林库洛・勒伽西","精神将死·存在根基刨除","相川涡波","provisional"
"基督","挚友·借剑(据莱纳)","诺文","provisional"
"拉丝缇娅拉","交涉(先斩后奏)","店长","provisional"
"斯诺·沃克","曾单方面厌恶(以前)","诺文","provisional"
"罗德·缇缇","理盗取(风之理)","『自由之风』","provisional"
"艾利巴茨·利拜斯","协作完成(戒体+引线术式)","戒指『晶盾』","provisional"
"海莉","勇气赐予·阵暴走之因","帕林库洛・勒伽西","provisional"
"斯诺·沃克","婚约主张(决斗誓言依据)","相川涡波","provisional"
"莱纳","被迫交战(同情但应战)","相川涡波","provisional"
"帕林库洛","真相宣告·言语攻撃(非魔法)","相川涡波","provisional"
"罗德•缇缇","姐弟(非血缘·总角之交)","艾德","provisional"
"罗德·缇缇","『弟弟』替身指定","莱纳","provisional"
"相川涡波","先天技能拥有","冰结魔法","provisional"
"莱纳","实力匹敌","诺斯菲","provisional"
"缇缇","姐弟（守护使命而活）","艾德","provisional"
"拉丝缇娅拉","剑技兴趣与修习对象","诺文","provisional"
"世界奉还阵","同系统同源(据称)","迷宫","provisional"
"克劳","朋友","基督·欧亚","provisional"
"拉丝缇娅拉","烧船许可(代理指示)","玛利亚","provisional"
"相川涡波","装备使用(弹开五剑·斩伤四肢)","新月琉璃制直剑","provisional"
"迪亚布罗·西斯","自称最了解缇亚(拒绝归还身体)","缇亚","provisional"
"塞拉·雷迪安特","对决自任(不成器的同僚)","帕林库洛","provisional"
"相川涡波","迷宫同行(逆行64→60层)","莱纳","provisional"
"拉丝缇娅拉","剑技借用(鲜血魔法记忆)","芬里尔·阿雷亚斯","provisional"
"相川涡波","回归动机(不弃妹妹)","相川阳滝","provisional"
"斯诺·沃克","逃离失败(追兵连环阴谋)","沃克家","provisional"
"海莉·维斯普洛佩","再诞身体材料(据海莉称)","海因·赫勒比勒夏因","provisional"
"海莉·维斯普洛佩","观察者·崩壊警告","相川涡波","provisional"
"相川涡波","密令传达(计划内容不明)","拉丝缇娅拉","provisional"
"西娅·勒伽西","书信提供(追击线索)","相川涡波","provisional"
"『Foam』","辅助","『Dimension』","provisional"
"『Foam』","辅助","『Dimension』","provisional"
"勒伽西","背叛(背刺)","始祖涡波","provisional"
"诺文","最后留恋(挚友告白)","莉帕","provisional"
"帕林库洛","战斗心理战预定·以真实捣乱内心(据海莉预告)","相川涡波","provisional"
"莱纳","前队长(部下)","西娅","provisional"
"克劳","相识","店长","provisional"
"拉丝缇娅拉","脸颊轻吻安抚","塞拉·雷迪安特","provisional"
"缇娅拉","师徒和解共谋(救阳滝计划)","始祖涡波","provisional"
"莱纳","装备更新之援(神铁锻冶)","雷纳尔多","provisional"
"缇亚","击杀","悬影","provisional"
"斯诺·沃克","采集(考试课题)","不会消失的火焰","provisional"
"艾尔芬里斯","镇守(通往六十五层的阶梯)","六十六层","provisional"
"格连","铺设功臣(据说)","『正道』","provisional"
"拉丝缇娅拉","告白拒绝(先喜后怒·据基督回忆)","相川涡波","provisional"
"艾德","教导(师事)","莱纳","provisional"
"艾德","教导(师事)","莱纳","provisional"
"玛利亚","自我牺牲禁止令(奴隶救助警告)","相川涡波","provisional"
"海莉","观察兴趣(最不安定警告)","相川涡波","provisional"
"使徒迪普拉库拉","理的盗窃者说明者","罗德","provisional"
"帕林库洛","第二十之试练(代理主持)","相川涡波","provisional"
"帕林库洛","再会约定的欺诈式履行","相川阳滝","provisional"
"帕林库洛・勒伽西","『二十之试练』完全跨越认证","相川涡波","provisional"
"相川涡波","同门师承（共师诺文之『剑术』）","莱纳","provisional"
"莉帕","创造(始祖最高杰作)","『始祖』","provisional"
"相川涡波","自我定位(同伴兼搭档)","斯诺·沃克","provisional"
"斯诺·沃克","成员不信任(强度差)","史诗探索者","provisional"
"塞拉·雷迪安特","游泳指导(与拉丝缇娅拉共同)","缇亚","provisional"
"塞拉·雷迪安特","后天技能拥有","神圣魔法","provisional"
"帕林库洛","精神改篡(封印？？？)","相川涡波","provisional"
"相川涡波","现存唯一亲人","相川阳滝","provisional"
"帕林库洛","呼称(旧友)","海因","provisional"
"帕林库洛","呼称(旧友)","海因","provisional"
"罗德","单方面家人化(姐姐宣言)","莱纳","provisional"
"相川涡波","敌对认定·斩杀决意（放弃和解）","诺斯菲","provisional"
"艾德","仰慕期待（姐姐=无敌崇高）","缇缇","provisional"
"诺斯菲","诱导·正论说服(操纵)","罗德·缇缇","provisional"
"莉帕","贯穿袭击(不认输)","诺文","provisional"
"莉帕","国民级联结","劳拉维亚","provisional"
"帕林库洛","救命恩人(植入记忆)","相川涡波","provisional"
"莱纳","队伍加入(协力讨龙)","相川涡波","provisional"
"伊丽莎白・沃尔斯","出自(家名·宅邸在近)","沃尔斯家","provisional"
"帕林库洛·勒伽西","预定决战对手(等待英雄)","相川涡波","provisional"
"相川涡波","获得称号","缭乱踏破","provisional"
"雷纳尔多·沃尔斯","托付（罗德之事·遗言改口+促逃）","相川涡波","provisional"
"相川涡波","装备","艾尔芬（Elfen）外套","provisional"
"缇缇","王（注定君临）","佩艾希亚","provisional"
"艾尔・昆图斯","受雇陪护（报酬含封口费）","相川涡波","provisional"
"艾德","魔法影响(庭院草原化·精神衰弱)","拉丝缇娅拉","provisional"
"经理","最高负责人(经营)","魔法屋","provisional"
"格连","义兄(无血缘·长期守护)","斯诺·沃克","provisional"
"拉丝缇娅拉","留信声称私奔","基督·欧亚","provisional"
"莉帕","『连接』转移撤退(抱起撤出)","塞拉·雷迪安特","provisional"
"诺文","愿望交易(实现愿望↔死亡)","相川涡波","provisional"
"相川涡波","义手制作(探索装备)","缇亚","provisional"
"莉帕","『连接』(已断)","相川涡波","provisional"
"玛利亚","拼命说服·不可替代宣言","相川涡波","provisional"
"帕林库洛","魔石同化","缇达","provisional"
"相川涡波","技能掌握(昨日)","指挥","provisional"
"相川涡波","强行使用(遭反噬)","地魔法『Earth』","provisional"
"缇亚","击杀","森之女王","provisional"
"艾尔米拉德·希达尔克","长男义务(家族繁荣)","希达尔克家","provisional"
"相川涡波","使用(敌状态鉴识·危险度判读)","『表示』","provisional"
"艾利巴茨","锻造(决赛双剑)","史诗探索者","provisional"
"莱纳","质问·潜在一战(据其自述)","帕林库洛","provisional"
"次元之理的盗窃者","兄妹(妹·唯一不可替代)","相川阳滝","provisional"
"基督·欧亚","就职店员","酒馆","provisional"
"缇娅拉","后继者选定","莱纳","provisional"
"相川涡波","骑士团团长（受谢罪致谢）","佩艾希亚臣民","provisional"
"艾德","师徒·强化支援","诺瓦露","provisional"
"艾德","师徒·强化支援","诺瓦露","provisional"
"艾德","师徒·强化支援","诺瓦露","provisional"
"露洁","无战意·求手下留情","相川涡波","provisional"
"基督·欧亚","打倒","缇达","provisional"
"莱纳","主从(骑士侍奉)","基督","provisional"
"罗德·缇缇","亲昵旧交自称(禁敬语/姐姐自称)","相川涡波","provisional"
"莱纳","监视(白天分工)","罗德・缇缇","provisional"
"海莉・维斯普洛佩","土产关联(涡波推断)","帕林库洛","provisional"
"相川涡波","圣诞祭败北(同状况重演)","帕林库洛","provisional"
"帕林库洛","婚事委托(斯诺×涡波促成)","格连","provisional"
"诺文","门客护卫(滞留)","史诗探索者","provisional"
"波鲁扎克","兄长般关心(代言杂务)","斯诺·沃克","provisional"
"诺斯菲","杀害(支配之王)","缇缇","provisional"
"相川涡波","挚友·告别范本","诺文","provisional"
"拉丝缇娅拉","本质相似(被造物)","相川涡波","provisional"
"艾尔米拉德·希达尔克","主席骑士","艾尔多拉琉学院","provisional"
"缇亚","先天技能拥有","集中收束","provisional"
"帕林库洛","排除预定(大姐·小妹妹退场)","玛利亚","provisional"
"相川涡波","同一性体认(过去与未来的自己)","始祖涡波","provisional"
"罗德・缇缇","义姐弟(无血缘·同孤儿院出身·据雷纳尔多'据说')","艾德","provisional"
"克洛伊·希达尔克","驻港手续斡旋","『LivingLegend号』","provisional"
"艾利巴茨·利拜斯","奉献(为会长锻冶)","相川涡波","provisional"
"帕林库洛","战场求援遭拒(半守护者规则)","迪亚布罗·西斯","provisional"
"始祖涡波","制造『器』·为『再诞』准备魔石人类(据海莉推测)","相川涡波","provisional"
"相川涡波","获得(怪物掉落)","黑虫石","provisional"
"斯诺·沃克","辅佐约定(手环忠告)","相川涡波","provisional"
"罗德・缇缇","自称倾慕·感恩（'最喜欢涡涡'）","相川涡波","provisional"
"相川涡波","使用者","技能『感应』","provisional"
"帕林库洛","偷袭斩伤","缇亚","provisional"
"诺文","近卫骑士(生前)","圣女大人","provisional"
"帕林库洛·勒伽西","救济之手(提出与被拒)","相川涡波","provisional"
"艾利巴茨·利拜斯","订制制作","白石纱衣","provisional"
"帕林库洛","亲和分离(魔石脱落)","缇达","provisional"
"相川涡波","命名者(据罗德言)","魔王城","provisional"
"艾米丽","身份判明（素体·据涡波『表示』确认）","『魔石人类』","provisional"
"海莉·维斯普洛佩","重新钉入的楔子(阻止牵手·要求逞强)","相川涡波","provisional"
"始祖涡波","造界报恩(称魔之王)","罗德","provisional"
"诺文","友情确立","相川涡波","provisional"
"海莉","信赖确认(选择相信·坚强肯定)","相川涡波","provisional"
"相川涡波","兄妹(全世界全次元最好·魂体颠倒)","相川阳滝","provisional"
"帕林库洛·勒伽西","叔侄","西娅·勒伽西","provisional"
"魔王城","同正式名并称","佩艾希亚城","provisional"
"相川涡波","带来承诺(自地上带至地下会罗德·顺水推舟)","艾德","provisional"
"帕林库洛","干涉魔石化剑(无亲和)","缇达","provisional"
"莱纳","师徒训练再开之约","阿雷亚斯家的宝剑","provisional"
"帕林库洛·勒伽西","愿望性敌对(无条件为敌)","相川涡波","provisional"
"拉丝缇娅拉","劣位(魔法威力·据拉丝缇娅拉)","缇亚","provisional"
"莱纳","持用（魔剑）","Sylph・堕落使徒","provisional"
"塞拉·雷迪安特","仿真战全胜·实战不敌","帕林库洛","provisional"
"诺斯菲","等待和解来访","罗德","provisional"
"帕林库洛・勒伽西","缠缚捕缚·固有技能爆发诱导","相川涡波","provisional"
"玛利亚","索敌能力匹敌","相川涡波","provisional"
"罗德·缇缇","挽留·再访之约(永远等待)","相川涡波","provisional"
"玛利亚","说服归船·照顾同行","拉丝缇娅拉","provisional"
"莱纳","新弟弟(被诺斯菲指认)","罗德·缇缇","provisional"
"相川涡波","装备锻造主顾","艾利巴茨·利拜斯","provisional"
"缇缇","魔法测试攻击协力","相川涡波","provisional"
"相川涡波","罪恶感(夺走梦想与手腕)","缇亚","provisional"
"雷迪安特","倒戈(骑士敕封)","拉丝缇娅拉","provisional"
"佩艾希亚军民","期待重压","罗德","provisional"
"相川涡波","对立开战(拒绝臣从·宣战受诺)","罗德·缇缇","provisional"
"莱纳","授勋骑士·虔诚信徒(始祖忠诚誓约)","莱文教","provisional"
"拉丝缇娅拉","同伴自称(单方宣称)","相川涡波","provisional"
"罗德・缇缇","嘱咐禁入其它房间","相川涡波","provisional"
"莉帕","连接知情与机动支援","相川涡波","provisional"
"莱纳","全权信任","相川涡波","provisional"
"拉丝缇娅拉","持用(自满之剑)","新月琉璃制直剑","provisional"
"相川涡波","装备使用(前卫开路)","新月琉璃制直剑","provisional"
"艾德","效忠誓愿(再造王国待再临)","支配之王","provisional"
"相川涡波","技能持有(反向诱发)","『？？？』","provisional"
"缇亚","隐瞒道歉(神圣魔法)","相川涡波","provisional"
"佩艾希亚","结界再现于","迷宫里侧","provisional"
"玛利亚","击杀(单杀)","跃犬","provisional"
"阿尔缇","协同探索(炎剑前卫)","相川涡波","provisional"
"相川涡波","劣位(魔力操作精度·据拉丝缇娅拉)","玛利亚","provisional"
"始祖涡波","盟友(千年前)","使徒西斯","provisional"
"迪亚布罗·西斯","泄愤袭击(别墅摧毁)","雷鲁·桑库斯","provisional"
"『暗之理的盗窃者』","指摘（无名字/魔石人类/救妹虚假）","相川涡波","provisional"
"相川涡波","锻冶帮工(预定)","雷纳尔多・沃尔斯","provisional"
"始祖涡波","夫妻（妻子）","诺斯菲","provisional"
"草绿色头发的女孩","视为宝物","翠色石子","provisional"
"艾利巴茨·利拜斯","初期成员·专属锻冶师(工房现场负责人)","史诗探索者","provisional"
"玛利亚","告白(家人+异性)","相川涡波","provisional"
"莱纳","同行同伴（多日同吃同住的同性友人）","相川涡波","provisional"
"莱纳•赫勒比勒夏因","魔力与灵魂吸收","维斯•海利普洛佩","provisional"
"相川涡波","击杀","锯齿甲虫","provisional"
"相川涡波","兄妹(唯一家人·复活确信)","相川阳滝","provisional"
"帕林库洛","天敌魔法压制(千年前吞噬者·称『死神』)","莉帕","provisional"
"艾利巴茨·利拜斯","订制制作","水羽衣SinkedShell","provisional"
"诺文","传授『感应』","相川涡波","provisional"
"相川涡波","装备(受托)","阿雷亚斯家的宝剑","provisional"
"帕林库洛·勒伽西","悲愿欺瞒与牺牲","南军高官","provisional"
"相川涡波","决斗胜者(正式决斗)","诺文","provisional"
"相川涡波","雪之骑士(主持人冠名)","斯诺·沃克","provisional"
"帕林库洛","结婚安排(设计)","斯诺·沃克","provisional"
"玛利亚","侍奉照料(红茶·值班提案)","拉丝缇娅拉","provisional"
"相川涡波","战斗预定（守护者之战）","罗德・缇缇","provisional"
"PaleGriffin","栖息(幻想生物)","六十三层","provisional"
"史诗探索者","本部位于","劳拉维亚","provisional"
"相川涡波","会长(名义·永久保留·无权限)","史诗探索者","provisional"
"基督·欧亚","决斗中使用","『Foam』","provisional"
"贝丝","使用（强袭·追击·MP耗尽）","FlameAccel","provisional"
"克洛伊・希达尔克","副官忠诚·敬慕","斯诺·沃克","provisional"
"相川涡波","人工呼吸之吻(第二次丧失感情)","拉丝缇娅拉","provisional"
"相川涡波","人工呼吸之吻(第二次丧失感情)","拉丝缇娅拉","provisional"
"阿尔缇","师父(魔法亲授)","玛利亚","provisional"
"波鲁扎克","会长辅佐","史诗探索者","provisional"
"相川涡波","当众解围","斯诺·沃克","provisional"
"芙洛拉","主从同行(车队代管)","古奈尔","provisional"
"相川涡波","契约《让我过得开心》","拉丝缇娅拉","provisional"
"克洛伊·希达尔克","受援协同(敬意)","相川涡波","provisional"
"罗德·缇缇","五十层守护者(数百年未在岗)","迷宫","provisional"
"玛利亚","身体顾忌与同伴呼唤","缇亚","provisional"
"玛利亚","身体顾忌与同伴呼唤","缇亚","provisional"
"相川涡波","主攻分工协商","罗德·缇缇","provisional"
"玛利亚","安抚托付(如对孩子)","拉丝缇娅拉","provisional"
"诺文","师徒(剑之后继者宣言)","相川涡波","provisional"
"缇亚","声称自己是男性","缇亚","provisional"
"罗德·缇缇","初遇拦截(解除敌意)","斯诺·沃克","provisional"
"相川涡波","现居","魔王城","provisional"
"相川涡波","制作提供(35层探索装备)","木制的义手","provisional"
"古奈尔","领头人·运营者","英格利特商会","provisional"
"艾德","实力测试投石","相川涡波","provisional"
"艾利巴茨·利拜斯","锻冶协作深化","相川涡波","provisional"
"斯诺·沃克","水中守护搭档(义手联结)","缇亚","provisional"
"伊丽莎白・沃尔斯","奉命追捕·截击(据骑士『拖住他』)","相川涡波","provisional"
"相川涡波","问答恩赐(感谢·从容之源)","帕林库洛","provisional"
"相川涡波","旧友·千年前商业合伙","古奈尔","provisional"
"莱纳","以『基督』/劳拉维亚英雄相称","相川涡波","provisional"
"艾利巴茨","打造","『飞翔翠石制轻铠路易芬理德』","provisional"
"佩艾希亚的骑士们","搜捕犯人","相川涡波","provisional"
"拉丝缇娅拉","活祭容器(转交身体)","圣人缇娅拉","provisional"
"缇亚","首次剑杀","飞鱼","provisional"
"玛利亚","魔法对拼胜而未倒","帕林库洛・勒伽西","provisional"
"艾尔米拉德·希达尔克","负面评价(卑屈懒散·意志薄弱·胆小)","斯诺·沃克","provisional"
"相川涡波","接引决意（几天内带回）","艾德","provisional"
"诺斯菲","夫妻(千年前·形式婚姻)","始祖涡波","provisional"
"诺斯菲","夫妻(千年前·形式婚姻)","始祖涡波","provisional"
"诺文","决赛对愿望(格连芬里尔共识)","相川涡波","provisional"
"古奈尔","建国者","历基亚国","provisional"
"诺斯菲","夫妻(千年前)","相川涡波","provisional"
"相川涡波","『联结』同调与分离行动方针","莉帕","provisional"
"相川涡波","恋慕不变·再会之约","拉丝缇娅拉","provisional"
"帕林库洛","此前有接触","基督·欧亚","provisional"
"相川涡波","特化专精(属性不适)","次元魔术","provisional"
"诺文","最强称号继受(格连有意让出)","格连","provisional"
"海莉","道路指引(答案授予)","相川涡波","provisional"
"雷鲁","会长辅佐","史诗探索者","provisional"
"拉丝缇娅拉","力挺辩护(受害经历者立场)","莱文教","provisional"
"拉丝缇娅拉","力挺辩护(受害经历者立场)","莱文教","provisional"
"海莉","营救计划","莱纳","provisional"
"海莉","营救计划","莱纳","provisional"
"相川涡波","决斗胜","塞拉·雷迪安特","provisional"
"缇亚","持有(被主角观察到)","神圣魔法","provisional"
"使徒迪普拉库拉","据称所在(据玛利亚引西娅情报)","世界树（Yggdrasil）","provisional"
"相川涡波","击败(决赛死斗)","诺文","provisional"
"莱纳","体内宿魂(可内省征询)","维斯·海利普洛佩","provisional"
"罗德·缇缇","归路封锁(食物断绝·开战)","相川涡波","provisional"
"罗德·缇缇","魔法传授","莱纳","provisional"
"玛利亚·迪斯特拉斯","身份同一指认(涡波记忆统合)","相川阳滝","provisional"
"塞拉·雷迪安特","仿真战全胜","帕林库洛","provisional"
"缇缇","同行同伴(二人组)","相川涡波","provisional"
"玛利亚","炎剑袭击(混乱狂化)","相川涡波","provisional"
"雷纳尔多","关心(锻冶动力前提)","罗德","provisional"
"缇缇","姐弟","艾德","provisional"
"克洛伊·希达尔克","部下敬仰(上下级)","斯诺·沃克","provisional"
"相川涡波","装备","附有咒印的投掷短刀","provisional"
"帕林库洛・勒伽西","义理完遂宣言","缇达","provisional"
"相川涡波","掌舵驾驶","LivingLegend号","provisional"
"相川涡波","临战佩剑(宝剑不在时)","新月琉璃制直剑","provisional"
"艾尔芬里斯","掉落魔石","HighSkyBeryl","provisional"
"相川涡波","定期共同特训(约定)","拉丝缇娅拉·弗茨亚茨","provisional"
"相川涡波","前卫/后卫·阵型分工","拉丝缇娅拉","provisional"
"帕林库洛·勒伽西","真相宣告与宿怨决战","相川涡波","provisional"
"帕林库洛·勒伽西","真相宣告与宿怨决战","相川涡波","provisional"
"帕林库洛","跟踪观察(自称我主心仪之人)","相川涡波","provisional"
"罗德","朋友(首个同性朋友)","诺斯菲","provisional"
"罗德","姐弟（罗德为姊）","艾德","provisional"
"塞拉·雷迪安特","对·起誓","『魔石线』","provisional"
"玛利亚","寻找挂念(单方)","相川涡波","provisional"
"拉丝缇娅拉","守护(家人)","魔石人类","provisional"
"缇亚","装备","阿雷亚斯家的宝剑","provisional"
"诺文","家训使命(最强剑士)","阿雷亚斯家（剑圣名门）","provisional"
"格连","兄妹(其为兄)","斯诺·沃克","provisional"
"拉丝缇娅拉","先天技能拥有","拟神之眼","provisional"
"斐勒卢托・夏鲁梭斯","大圣堂神官之奉仕","拉丝缇娅拉","provisional"
"相川涡波","使用者","次元魔术","provisional"
"始祖涡波","策反投北·麾下驰援（据学者手记）","罗德・缇缇","provisional"
"缇亚","托付保管","阿雷亚斯家的宝剑","provisional"
"缇缇","非家人自白","莱纳","provisional"
"罗德・缇缇","修行指导（过烈致魔力耗空）","莱纳","provisional"
"海因","预言死期(恳求带离)","拉丝缇娅拉","provisional"
"艾尔米拉德·希达尔克","英雄憧憬(胜涡波即英雄)","相川涡波","provisional"
"相川涡波","剑术感应承继(本章失效)","诺文","provisional"
"相川涡波","剑术感应承继(本章失效)","诺文","provisional"
"相川涡波","剑术感应承继(本章失效)","诺文","provisional"
"诺斯菲","武器持用","诺斯菲的旗帜","provisional"
"海莉","材料与身体让渡","海因","provisional"
"相川涡波","救出决意(侵蚀中仍前行)","缇亚","provisional"
"诺斯菲","照料(千年前·自失期)","始祖涡波","provisional"
"相川涡波","未互相理解之后悔","阿尔缇","provisional"
"相川涡波","记忆同一性自觉(存疑)","始祖涡波","provisional"
"莱纳","秘密监视(受涡波指派)","罗德","provisional"
"相川涡波","共鸣剑术共创·即兴魔法络合","莱纳","provisional"
"玛利亚","骑乘协力(攻城)","塞拉","provisional"
"拉丝缇娅拉","物语主人公与契约","相川涡波","provisional"
"玛利亚","职能重叠(索敌·据拉丝缇娅拉)","拉丝缇娅拉","provisional"
"相川涡波","围巾交付(约定完成)","诺文","provisional"
"莱纳","魔力与魂的吸收","海莉","provisional"
"缇缇","同伴(地上庆祝·用涡涡的钱买酒)","相川涡波","provisional"
"芙兰琉莱","击杀(小队)","军团蝠","provisional"
"斯诺·沃克","搭档关系(对等互助)","相川涡波","provisional"
"相川涡波","锻冶受雇(打下手)","雷纳尔多","provisional"
"克劳","酒馆熟人(前辈探索者·劝酒)","相川涡波","provisional"
"相川涡波","行踪索敌(讨伐对象)","帕林库洛","provisional"
"始祖涡波","次元魔法空间构筑(据罗德转述+涡波推断)","『北方』王国","provisional"
"海因","遗托之楔","相川涡波","provisional"
"相川涡波","地上再出发邀约(崩坏后)","雷纳尔多","provisional"
"缇缇","单方面朋友（被宣告绝交）","诺斯菲","provisional"
"拉丝缇娅拉","涉嫌长期隐瞒(技能名)","相川涡波","provisional"
"玛利亚","『动手』之约","缇亚","provisional"
"相川涡波","宿敌(胜负已决)","帕林库洛","provisional"
"帕林库洛","亲和崩溃分离","缇达","provisional"
"迪亚布罗·西斯","身体共有(缇亚和西斯共同存在)","缇亚","provisional"
"莱纳","前队长(部下)","芙兰琉莱","provisional"
"拉丝缇娅拉","安慰庇护","缇亚","provisional"
"阿尔缇","教诲(不欺骗自己)","相川涡波","provisional"
"玛利亚","恋慕好意(求背)","相川涡波","provisional"
"相川涡波","敌意解消(和解)","莱纳","provisional"
"始祖涡波","向世界复仇的动机（据罗德称全为阳滝）","相川阳滝","provisional"
"相川涡波","同行逃亡与讨伐使徒二人组","罗德","provisional"
"斯诺·沃克","关系质询","古奈尔","provisional"
"相川涡波","一同归地宣言","莱纳","provisional"
"罗德","称呼(敌方所呼)","『狂王』","provisional"
"相川涡波","自认过失(道歉)","玛利亚","provisional"
"海莉·维斯普洛佩","竞争对手(不互相厮杀约定)","相川涡波","provisional"
"诺文","剑术传授","相川涡波","provisional"
"拉丝缇娅拉","容器身份丧失(加护补正解除)","圣人缇娅拉","provisional"
"相川涡波","制作者(初作)","戒指『晶盾』","provisional"
"芬里尔・阿雷亚斯","现任当主","阿雷亚斯家","provisional"
"雷纳尔多","雇主·类父之情","相川涡波","provisional"
"玛利亚","魔石继承·视觉代偿","阿尔缇","provisional"
"罗德・缇缇","被吞噬·守护者化(据罗德言)","世界奉还阵","provisional"
"相川涡波","步法师承","诺文","provisional"
"斯诺·沃克","旧识(重逢·预告形)","相川涡波","provisional"
"帕林库洛·勒伽西","将军供职","南方联盟","provisional"
"拉丝缇娅拉","施升级魔法","玛利亚","provisional"
"露洁","师事(魔石人类们的老师)","艾德","provisional"
"露洁","师事(魔石人类们的老师)","艾德","provisional"
"帕林库洛·勒伽西","幼年好友(已断绝)","海因","provisional"
"缇亚","获赠装备","艾丽娅的发夹","provisional"
"相川涡波","教诲受承(火之理)","阿尔缇","provisional"
"塞拉·雷迪安特","隶属于","天上之七骑士","provisional"
"缇达","使用","『哀哭之仔的黑暗』","provisional"
"相川涡波","后天技能拥有","次元魔法","provisional"
"斯诺·沃克","司令官驻任(代理总司令)","圣柯尔库堡","provisional"
"罗德","叱退（拒绝援军）","佩艾希亚的骑士们","provisional"
"罗德","被囚（千年）","奈落之底","provisional"
"艾德","家人(罗德之亲)","罗德·缇缇","provisional"
"诺斯菲","称号·所持（光之御旗·千年前南之最强战力）","光之御旗（NosfiFLAG）","provisional"
"罗德·缇缇","阶层守护(守护者)","五十层","provisional"
"相川涡波","探索搭档（两人队伍·第五次）","莱纳","provisional"
"海因·赫勒比勒夏因","体内共存","莱纳","provisional"
"海因·赫勒比勒夏因","体内共存","莱纳","provisional"
"海莉","阵中道标·真相指引","相川涡波","provisional"
"克洛伊・希达尔克","亲属（据维度状态判读）","艾尔米拉德·希达尔克","provisional"
"相川涡波","宿怨对峙与处刑授权","帕林库洛","provisional"
"艾德","敌视·讨伐誓言","始祖涡波","provisional"
"相川涡波","兄妹(记忆植入)","玛利亚","provisional"
"缇缇","支持同盟·婚事撮合","斯诺·沃克","provisional"
"缇缇","非家人自白·最大理解者否定","相川涡波","provisional"
"缇缇","身份辞退宣言","支配之王","provisional"
"帕林库洛・勒伽西","复活许诺","相川阳滝","provisional"
"缇缇","使用（发动）","『LimitBreak・SehrWind・G・EndBurst』","provisional"
"罗德·缇缇","玩伴(千年鬼抓人·杀过几次)","艾尔芬里斯","provisional"
"相川涡波","愤怒·拒从提案","『？？？』","provisional"
"艾尔米拉德·希达尔克","单方面宣战(竞争)","相川涡波","provisional"
"艾德","等待其归来（据涡波陈述）·罗德闻名即僵","罗德・缇缇","provisional"
"艾德","忠臣宰相(据雷纳尔多·坚信王之归还战斗到最后一刻)","罗德・缇缇","provisional"
"海莉","守护者唤醒(推测)","40层守护者","provisional"
"相川涡波","畏惧(仇敌自觉)","帕林库洛","provisional"
"相川涡波","装备购入","ChromeGlove","provisional"
"斯诺·沃克","最强英雄执念(不放弃宣言)","斯诺的义母","provisional"
"罗德","咏唱传授","莱纳","provisional"
"帕林库洛","旧怨(砍其一剑)","迪亚布罗·西斯","provisional"
"雷纳尔多","锻冶师的装备救济","莱纳","provisional"
"『Foam』","组合技","『次元雪』","provisional"
"罗德","打工引荐","相川涡波","provisional"
"相川涡波","遮挡守护与撤离未遂","玛利亚","provisional"
"相川涡波","领队任命(留守保护)","斯诺·沃克","provisional"
"拉丝缇娅拉","守护主君(承兄遗愿)","莱纳","provisional"
"次元魔法","包含魔法","《维度》","provisional"
"相川涡波","本土追讨宣言(周回二度)","帕林库洛","provisional"
"相川涡波","使用（轨道回避+章末发动）","维度・决战演算","provisional"
"罗德","解救与统率（麾下最高将领）","沃尔斯将军","provisional"
"诺文","孩子们声援(留恋实现)","孤儿院的孩子们","provisional"
"佩露修娜·库艾伽","七骑士末席招募(被拒)","相川涡波","provisional"
"相川涡波","跨越(第三十之试练)","诺文","provisional"
"斯诺·沃克","对等伙伴(约定再确认)","相川涡波","provisional"
"相川涡波","记忆统合(假名告白)","基督·欧亚","provisional"
"相川涡波","强夺·购入军马","艾尔乌纳","provisional"
"莉帕","感情根源(大哥哥记忆培育)","相川涡波","provisional"
"帕林库洛","教诲(自己就是自己)","相川涡波","provisional"
"塞拉·雷迪安特","欲夺回","拉丝缇娅拉","provisional"
"使徒西斯","欺骗利用(盟友)","次元之理的盗窃者","provisional"
"莱纳","曾长期使用(自称解释)","阿雷亚斯家的宝剑","provisional"
"海莉","止手救溺与逞强接力","相川涡波","provisional"
"相川涡波","定期共同特训(约定)","拉丝缇娅拉","provisional"
"相川涡波","创始者（浸透世界的『咏唱』原典）","复合咒术『咏唱』","provisional"
"相川涡波","使用(强行军连用)","『加速』","provisional"
"诺文","剑赌注(决赛)","相川涡波","provisional"
"莱纳","监视(防碍事)","罗德","provisional"
"罗德","千年滞留(永远等待宣言)","佩艾希亚","provisional"
"拉古涅·卡伊库欧拉","内应忠告","相川涡波","provisional"
"诺文・阿雷亚斯","守护骑士(诺斯菲三骑士之一)","诺斯菲","provisional"
"缇亚","先天技能拥有","属性魔法","provisional"
"玛利亚·迪斯特拉斯","义眼(火焰探知)","阿尔缇","provisional"
"罗德","否认己名（拒斥）","『支配之王』（称号）","provisional"
"『维度』","衍生","『维度·多重展开』","provisional"
"店长","庇护（镇场宣言）","相川涡波","provisional"
"莱纳","师徒(师从缇缇)","缇缇","provisional"
"莱纳","主从(我主之骑士)","相川涡波","provisional"
"芙兰琉莱","姐姐立场(阻止莱纳)","莱纳","provisional"
"相川涡波","对决正式开始","帕林库洛","provisional"
"艾利巴茨·利拜斯","所属锻冶师","史诗探索者","provisional"
"诺斯菲","执念(独占)","相川涡波","provisional"
"莉帕","愿望对立(守护诺文)","相川涡波","provisional"
"塞拉·雷迪安特","誓忠骑士(秘书·护卫队长)","拉丝缇娅拉","provisional"
"基督·欧亚","使用(旁听情报/空间把握)","『Dimension』","provisional"
"相川涡波","魔法特训搭档(后卫二人组)","拉丝缇娅拉","provisional"
"莱纳","咏唱习得(轻量)","『天路垂临』『续道碧霄』","provisional"
"玛利亚","共鸣魔法搭档(后卫二人组)","缇亚","provisional"
"帕林库洛","夺取记忆(据涡波回忆重申)","相川涡波","provisional"
"帕林库洛","召唤躯壳(灌毒+唆使)","始祖涡波","provisional"
"帕林库洛","召唤躯壳(灌毒+唆使)","始祖涡波","provisional"
"相川涡波","警戒(过去·未卸心防)","阿尔缇","provisional"
"诺斯菲","并肩共斗(姐妹相称)","罗德","provisional"
"相川涡波","称『魔王』(据罗德)","罗德","provisional"
"沃克家","政治联姻压力","斯诺·沃克","provisional"
"『维度』","衍生(近战特化)","『维度·决战演算』","provisional"
"始祖涡波","同一人物(过去之身)","相川涡波","provisional"
"芬里尔·阿雷亚斯","守护(先祖所托)","缇亚","provisional"
"相川涡波","设计者(生前)","『表示』","provisional"
"相川涡波","使用(索敌·侦察·识人)","『维度』","provisional"
"贝丝","债责追问（千年前团长·背叛指控）","相川涡波","provisional"
"帕林库洛","诞生渊源关联·弱点全知(相性克制)","拉丝缇娅拉","provisional"
"莱纳","持用（双剑之一）","阿雷亚斯家的宝剑","provisional"
"诺斯菲","盲信·绝对信赖(近乎神)","相川涡波","provisional"
"莱纳","受托守护","拉丝缇娅拉","provisional"
"格连","所属(末席·暂留)","史诗探索者","provisional"
"塞拉·雷迪安特","泳衣重做要求·设计之约","相川涡波","provisional"
"艾尔米拉德·希达尔克","道具释放(脚尖)","『Impulse』","provisional"
"缇缇","友人(缇缇单方面视为)","诺斯菲","provisional"
"相川涡波","招式命名者（据缇缇）","魔法（FlyShoots）","provisional"
"法芙纳・赫勒比勒夏因","守护骑士(诺斯菲三骑士之一)","诺斯菲","provisional"
"GreenHighElement","栖息(精灵系怪物)","六十四层","provisional"
"艾德","臣从(待其归来)","支配之王","provisional"
"相川涡波","调停守望(带回家人誓言)","罗德","provisional"
"相川涡波","愿望实现承诺（罗德称'第二次'）","罗德・缇缇","provisional"
"缇缇","招式使用","北铳王流古武术","provisional"
"缇缇","义姐弟定位（非恋爱）","相川涡波","provisional"
"？？？","感情干涉(分解重塑/发动临界)","相川涡波","provisional"
"莱纳","杀意宣战(违令)","诺斯菲","provisional"
"缇娅拉","沉眠寄宿于体内","拉丝缇娅拉","provisional"
"缇缇","作别·誓不归(据莱纳言)","佩艾希亚","provisional"
"帕林库洛","再诞施术者(据莱纳声称)","海莉","provisional"
"罗德","魔法传授(Jaeger·Wind)","莱纳","provisional"
"莱纳","养子弟弟","芙兰琉莱","provisional"
"缇娅拉","抽魂保全(假死救存)","相川阳滝","provisional"
"艾德","暗中介入(上下其手)","弗茨亚茨","provisional"
"缇缇","使用（手上生成）","『风之铳剑』","provisional"
"格连","同伴(义理·自称讨厌其人)","帕林库洛","provisional"
"莉帕","连接受信·魔力供给","相川涡波","provisional"
"艾尔米拉德·希达尔克","托付救助斯诺","相川涡波","provisional"
"缇亚","先天技能拥有","神之加护","provisional"
"斐勒卢托","总指挥","拉丝缇娅拉","provisional"
"拉丝缇娅拉","拦阻受降与放行","艾德","provisional"
"莱纳","复归邀请（暂缓）","『天上的七骑士』","provisional"
"阿尔缇","守护者阶层写照自述（据涡波回想其言）","第十层","provisional"
"相川涡波","昔日共同开发(通信机·据艾德)","艾德","provisional"
"缇缇","佩剑托付(勇者之剑预定)","斯诺·沃克","provisional"
"克洛伊","提供马车(规格小而品级高)","相川涡波","provisional"
"莱纳","问罪预约(依回答一战)","帕林库洛","provisional"
"斯诺·沃克","振动魔法窃听(持续)","相川涡波","provisional"
"斯诺·沃克","振动魔法窃听(持续)","相川涡波","provisional"
"拉丝缇娅拉","未传达之情与归来之约","相川涡波","provisional"
"古奈尔","同行脱逃(单方离队)","相川涡波","provisional"
"拉丝缇娅拉","对等交涉对抗","艾德","provisional"
"帕林库洛·勒伽西","出身","勒伽西家","provisional"
"缇亚","弟子(火之理盗窃者)","阿尔缇","provisional"
"次元之理的盗窃者","师徒(师·共创体系·救赎过往)","缇娅拉","provisional"
"始祖涡波","千年前被救(悔恨缘起)","缇娅拉","provisional"
"海因","轰飞逃亡","佩露修娜·库艾伽","provisional"
"莱纳","装备持有(双剑其一)","Sylph・堕落使徒","provisional"
"帕林库洛·勒伽西","好友·再诞成败争讼","海因·赫勒比勒夏因","provisional"
"艾德","拥立为王·自任宰相（据拉古涅声称）","『支配之王（Lord）』","provisional"
"相川涡波","使用(线状连结·毫米级测距)","维度・多重展开","provisional"
"诺文","锻冶协力","相川涡波","provisional"
"相川涡波","心上人(自白)","拉丝缇娅拉","provisional"
"莱纳","吾主之骑士（主从）","相川涡波","provisional"
"阿尔缇","师父(魔法指导)","缇亚","provisional"
"缇娅拉","千年单方恋慕(据拉丝缇娅拉声称)","相川涡波","provisional"
"海莉","拦路禁止通行(自伤式说服)","相川涡波","provisional"
"相川涡波","旧战记忆对照","帕林库洛·勒伽西","provisional"
"艾德","逼境鉴定(面试)","相川涡波","provisional"
"相川涡波","下杀手回避委托","拉丝缇娅拉","provisional"
"艾德","暗中操纵","北方同盟","provisional"
"相川涡波","击败(北区第四轮互殴)","艾尔米拉德·希达尔克","provisional"
"相川涡波","装备共同锻造(地下)","雷纳尔多","provisional"
"艾利巴茨·利拜斯","装备制作受谢","相川涡波","provisional"
"始祖涡波","初遇即错过(千年前)","罗德","provisional"
"相川涡波","奇袭压制与魔力比拼","迪亚布罗·西斯","provisional"
"帕林库洛的部下","舍身死守掩护撤离","帕林库洛","provisional"
"莱纳","行程目标承接（便条）","相川涡波","provisional"
"始祖涡波","师徒(师父)","圣人缇娅拉","provisional"
"缇亚","击杀","锯齿甲虫","provisional"
"帕林库洛","编造故事欺骗(当面自认)","相川涡波","provisional"
"相川涡波","追讨共识(七人同心)","帕林库洛","provisional"
"莱纳","剑术继承","诺文","provisional"
"斯诺·沃克","嫉妒(被众人守护)","拉丝缇娅拉","provisional"
"相川涡波","前世同一自认(始祖涡波)","始祖涡波","provisional"
"相川涡波","离别之托（万一照顾大家）","斯诺·沃克","provisional"
"相川涡波","价值观同调(诚实责任观)","塞拉·雷迪安特","provisional"
"拉丝缇娅拉","船舶让渡","相川涡波","provisional"
"莉帕","挚友与引导","相川涡波","provisional"
"莉帕","联结操纵(经验汲取)","帕林库洛","provisional"
"相川涡波","憎恶之敌·六人合力压制目标","帕林库洛","provisional"
"拉丝缇娅拉","肉体源自(再造)","圣人缇娅拉","provisional"
"缇缇","血统（混有其血）","夏比","provisional"
"相川涡波","对等朋友宣言与哥哥定位","莱纳","provisional"
"拉丝缇娅拉","再诞容器(推断)","圣人缇娅拉","provisional"
"相川涡波","杂务分派(收支核算)","斯诺·沃克","provisional"
"玛利亚","告白与契约拒绝","相川涡波","provisional"
"塞拉","同僚(自述)","帕林库洛·勒伽西","provisional"
"相川涡波","获得称号","深海之黑暗","provisional"
"支配之王（Lord）","盟主","北方同盟","provisional"
"莉帕","'欧尼酱'称呼","相川涡波","provisional"
"相川涡波","光魔法之次元再现","诺斯菲","provisional"
"海莉","临终托付","莱纳","provisional"
"缇亚","体内共存反抗","迪亚布罗·西斯","provisional"
"缇亚","体内共存反抗","迪亚布罗·西斯","provisional"
"缇娅拉","魔法共同研发(推定)","相川涡波","provisional"
"相川涡波","羁绊(近血缘·互相赎罪)","玛利亚","provisional"
"帕林库洛","儿时玩伴(神童)","海因","provisional"
"莱纳","记忆诱饵入队(不视其为兄)","海莉","provisional"
"莱纳","记忆诱饵入队(不视其为兄)","海莉","provisional"
"相川涡波","击溃与招揽(单方面交锋)","菲洛·艾尔巴特","provisional"
"相川涡波","击溃与招揽(单方面交锋)","菲洛·艾尔巴特","provisional"
"拉丝缇娅拉","舞斗大会先援","斯诺·沃克","provisional"
"勒伽西家","千年继承使命","使徒勒伽西","provisional"
"斯诺·沃克","败北(精神攻防护送昏厥)","拉丝缇娅拉","provisional"
"相川涡波","魔石关联(失去)","相川阳滝","provisional"
"雷纳尔多","全面协助(对风龙装备·费用后付·对罗德保密)","相川涡波","provisional"
"阿尔缇","评价(接近不死之身)","缇达","provisional"
"塞拉·雷迪安特","应约接受决斗条件","基督·欧亚","provisional"
"相川涡波","拒绝·救出誓言","罗德·缇缇","provisional"
"相川涡波","追击决战(世界奉还阵阻止+总账清算)","帕林库洛","provisional"
"艾尔米拉德·希达尔克","守护决斗(人情偿还)","相川涡波","provisional"
"克洛伊·希达尔克","出身家门(同姓反推)","希达尔克家","provisional"
"诺斯菲","倾慕·千年思念（单方·自述）","相川涡波","provisional"
"帕林库洛","真正愿望=战胜对方","相川涡波","provisional"
"诺斯菲","自称朋友(据诺斯菲声称)","罗德","provisional"
"缇缇","风魔法推进","LivingLegend号","provisional"
"相川涡波","人工呼吸接吻(夺吻担责)","拉丝缇娅拉","provisional"
"相川涡波","再访约定(保证)","罗德","provisional"
"罗德·缇缇","致死对决·自爆吞没(千年前终战)","诺斯菲","provisional"
"拉丝缇娅拉","『血』与『魂』教导(回想)","相川涡波","provisional"
"雷纳尔多","祖孙（雷纳尔多=贝丝祖父）","贝丝","provisional"
"始祖涡波","次元魔术唯一传授者(自称)","相川涡波","provisional"
"相川涡波","取出使用","新月琉璃制直剑","provisional"
"帕林库洛","俘虏(扛走)","玛利亚","provisional"
"诺斯菲","治疗照料(千年前战败后)","始祖涡波","provisional"
"帕林库洛","魔石宿主(守护者缇达)","缇达","provisional"
"帕林库洛","魔石宿主(守护者缇达)","缇达","provisional"
"相川涡波","退会宣言(与斯诺)","史诗探索者","provisional"
"海莉","背后守护与冷静规戒","相川涡波","provisional"
"始祖涡波","施加于迷宫的术式","『可以让所有人幸福的魔法』","provisional"
"相川涡波","外套赠与(兽化对应)","塞拉·雷迪安特","provisional"
"罗德","使用","魔弹『风之矢・散花』","provisional"
"相川涡波","敌对(反击筹备中)","帕林库洛","provisional"
"相川涡波","恋心（我喜欢的人·当面告白）","拉丝缇娅拉","provisional"
"缇亚","技能持有(？？？)","『？？？』","provisional"
"斯诺·沃克","告白(恋慕)","相川涡波","provisional"
"始祖涡波","背叛（据罗德称系其本人拜托所致）","罗德・缇缇","provisional"
"玛利亚","习得","『Firefly』","provisional"
"相川涡波","伙伴·同性朋友誓愿(互相协助)","莱纳","provisional"
"诺斯菲","事先灌注魔力·事后耗尽（据诺斯菲声称）","相川涡波","provisional"
"艾德","回收确保(王之器)","王之器","provisional"
"风龙（艾尔芬里斯）","掉落物","HighSkyBeryl","provisional"
"斯诺·沃克","代理总司令","柯尔库","provisional"
"相川涡波","同貌·疑似同一存在","次元之理的盗窃者","provisional"
"帕林库洛","客人庇护(孤立诱导)","相川涡波","provisional"
"拉丝缇娅拉","托付","相川涡波","provisional"
"海因·赫勒比勒夏因","记忆传承(海莉知识本源·据其自陈)","海莉","provisional"
"拉丝缇娅拉","冠国名之姓(王称名权贵)","弗茨亚茨","provisional"
"基督·欧亚","居住","旅店","provisional"
"塞拉·雷迪安特","末席所属","天上之七骑士","provisional"
"罗德","世界归属(罗德的世界)","佩艾希亚","provisional"
"罗德","称号(被称为)","『风之理的盗窃者』","provisional"
"诺斯菲","敌称『狂王』(据罗德)","罗德","provisional"
"玛利亚","复仇宣言(回礼)","帕林库洛","provisional"
"贝丝","生前部下对团长的怨恨清算","相川涡波","provisional"
"帕林库洛·勒伽西","幼年好友(已断绝)","格连","provisional"
"相川涡波","接引约定（不带期待的艾德）","罗德","provisional"
"罗德·缇缇","友·孩童时代重来之约","诺斯菲","provisional"
"诺文","剑术修行师承","相川涡波","provisional"
"帕林库洛・勒伽西","宿敌决战·求杀与杀意应答","相川涡波","provisional"
"相川涡波","千年前敌对（问题归属）","理的盗窃者","provisional"
"缇亚","使用(觉醒连发)","『神圣箭』","provisional"
"诺文","剑技传承于","相川涡波","provisional"
"诺斯菲","爱慕执念(自称)","相川涡波","provisional"
"诺斯菲","朋友（信任）","罗德","provisional"
"莉帕","千年前共游证言(被吞入大地前)","诺文","provisional"
"王近卫骑士团","指控背叛·索还『支配之王』(据骑士)","相川涡波","provisional"
"相川涡波","火攻旧事(据涡波口述)","玛利亚","provisional"
"诺斯菲","消灭提案(将军灵魂解放)","雷纳尔多","provisional"
"罗德","视为近卫骑士团长涡波（认知投射）","相川涡波","provisional"
"相川涡波","买入解放","玛利亚","provisional"
"相川涡波","击杀(第二十之试练)","缇达","provisional"
"相川涡波","朋友","罗德","provisional"
"帕林库洛·勒伽西","缇达魔石持有(涡波要求交出)","缇达","provisional"
"罗德·缇缇","憤怨·灵魂解放决定","雷纳尔多·沃尔斯","provisional"
"阿尔缇","唆使倒戈(悲恋实现)","玛利亚","provisional"
"斯诺·沃克","副会长","史诗探索者","provisional"
"诺斯菲","全面奉献(伴侣义务自任·贴身侍奉)","相川涡波","provisional"
"帕林库洛·勒伽西","幼年好友(已断绝)","雷鲁","provisional"
"始祖涡波","师徒(师父)","缇娅拉","provisional"
"始祖涡波","师徒(师父)","缇娅拉","provisional"
"相川涡波","出借·新月琉璃制直剑","拉丝缇娅拉","provisional"
"古奈尔","名誉欠番姫·名义元首(顾问)","历基亚国","provisional"
"莉帕","诅咒解放(杀死诺文完成)","诺文","provisional"
"相川涡波","最首要目的(妹妹·迷宫最深部)","相川阳滝","provisional"
"缇亚","'基督'恒定认同(不曾视为涡波)","相川涡波","provisional"
"诺斯菲","『朋友』(自称·欲和好)","罗德","provisional"
"罗德·缇缇","『臣子』要求与永留强制(被拒)","相川涡波","provisional"
"莱纳","协助骑士","相川涡波","provisional"
"相川涡波","剑法同源(被菲洛辨认)","阿雷亚斯家","provisional"
"莉帕","辅佐安排","斯诺·沃克","provisional"
"罗德","人生感悟影响","诺斯菲","provisional"
"玛利亚","呼名借力(火焰)","阿尔缇","provisional"
"相川涡波","隐瞒与救济誓约","罗德","provisional"
"诺斯菲","好友·对涡波分工（据诺斯菲声称）","罗德","provisional"
"相川涡波","赌局碾压·全财产剥夺","菲伊？厄鲁斯","provisional"
"使徒西斯","掳走","缇亚","provisional"
"缇莉・琉克","偏爱(送行称呼)","缇缇","provisional"
"始祖涡波","复活计划(魔石共体驱使)","相川阳滝","provisional"
"罗德","房东房客(交易式朋友自称)","相川涡波","provisional"
"玛利亚","维护(免罪抗辩)","相川涡波","provisional"
"缇娅拉","创造（拯救世界之魔法）","『可以让所有人幸福的魔法』","provisional"
"阿尔缇","敌转同伴·驰援参战(耶梦加得之炎)","相川涡波","provisional"
"缇亚","扭曲恋慕(据莉帕揭穿)","相川涡波","provisional"
"缇亚","本土向导","相川涡波","provisional"
"迪亚布罗·西斯","旧主误认(基督=涡波)","相川涡波","provisional"
"玛利亚","恋慕(公开告白)","相川涡波","provisional"
"相川涡波","剑术传授(诺文流)","拉丝缇娅拉·弗茨亚茨","provisional"
"罗德","雇佣(庭师·自警团)兼风魔法指导","莱纳","provisional"
"拉丝缇娅拉","心怀恋慕(据塞拉转述)","相川涡波","provisional"
"相川涡波","持有(兼作精工工具)","阿雷亚斯家的宝剑","provisional"
"拉丝缇娅拉","烧船许可(授意)","玛利亚","provisional"
"相川涡波","咏唱继承(致亲爱的一闪)","诺文","provisional"
"玛利亚","混合魔法融合运用(Flame+Impulse)","Impulse","provisional"
"玛利亚","习得","『Impulse』","provisional"
"莱纳","敌对宣言(本章成立)","艾德","provisional"
"莱纳","敌对宣言(本章成立)","艾德","provisional"
"雷纳尔多","祖孙（牵手同逝）","贝丝","provisional"
"始祖涡波","兄妹(兄·妹)","相川阳滝","provisional"
"始祖涡波","兄妹(兄·妹)","相川阳滝","provisional"
"拉丝缇娅拉","恋慕(自称超喜欢·因自卑无法相信)","相川涡波","provisional"
"诺斯菲","守护者任命(身亡后选拔)","始祖涡波","provisional"
"相川涡波","同伴·性格相通的朋友","拉丝缇娅拉","provisional"
"斯诺·沃克","诀别宣战(当面宣言)","沃克家","provisional"
"斐勒卢托・夏鲁梭斯","再诞仪式主持（过去）","缇娅拉","provisional"
"帕林库洛·勒伽西","上司部下","帕林库洛的部下","provisional"
"相川涡波","救命恩人(奴隶处境营救)","西娅·勒伽西","provisional"
"莱纳","队长救出与护卫","西娅","provisional"
"北方同盟","是类型","组织(联盟)","provisional","cand-entity-0013930c15ba"
"『龙之咆哮』","是类型","魔法(龙系·声)","provisional","cand-entity-011514d20d70"
"支配之王（Lord）","是类型","人物/存在(北方同盟盟主·称号)","provisional","cand-entity-01b74756783b"
"『并列思考』","是类型","魔法(技能)","provisional","cand-entity-01df50125682"
"钢蛛","是类型","人物(迷宫生物)","provisional","cand-entity-0201415c3317"
"过密次元的真冬","是类型","魔法(次元系)","provisional","cand-entity-02de44b48ff2"
"次元之冬","是类型","魔法(冬系妨害)","provisional","cand-entity-039d7ac18b00-m"
"次元之冬","是类型","魔法(冬系妨害)","provisional","cand-entity-039d7ac18b00-m3"
"次元之冬","是类型","魔法(冬系妨害)","provisional","cand-entity-039d7ac18b00-m4"
"次元之冬","是类型","魔法(冬系妨害)","provisional","cand-entity-039d7ac18b00"
"维斯•海利普洛佩","是类型","人物","provisional","cand-entity-03bacab1e54a"
"六十层","是类型","地点(迷宫)","provisional","cand-entity-03f7e01f933a-m2"
"六十层","是类型","地点(迷宫)","provisional","cand-entity-03f7e01f933a"
"『维度』","是类型","技能(涡波固有)","provisional","cand-entity-056f6f081f86-m2"
"『维度』","是类型","技能(涡波固有)","provisional","cand-entity-056f6f081f86"
"捩菖蒲","是类型","魔法(次元魔术)","provisional","cand-entity-064d3153b4f9"
"DeepDurahan","是类型","人物(世界奉还阵召唤怪物)","provisional","cand-entity-06d403f16c76"
"罗德•缇缇","是类型","人物(守护者·风之理的盗窃者)","provisional","cand-entity-08c366cd22c7"
"隐居的老夫妇","是类型","人物(罗德养亲·兽人)","provisional","cand-entity-098a0f2ac488"
"基督·欧亚","是类型","人物","provisional","cand-entity-0ae5575ed143-m-m-m"
"基督·欧亚","是类型","人物","provisional","cand-entity-0ae5575ed143-m-m"
"基督·欧亚","是类型","人物","provisional","cand-entity-0ae5575ed143-m"
"基督·欧亚","是类型","人物","provisional","cand-entity-0ae5575ed143-m5"
"基督·欧亚","是类型","人物","provisional","cand-entity-0ae5575ed143"
"赛莉","是类型","人物","provisional","cand-entity-0b07c5658ab3-m"
"赛莉","是类型","人物","provisional","cand-entity-0b07c5658ab3"
"魔石『门』的戒指","是类型","物品(魔石道具)","provisional","cand-entity-0c5f1fe34912"
"Torsion","是类型","技能(次元魔法)","provisional","cand-entity-0c9ca61ca7c8"
"缇莉·琉克","是类型","人物","provisional","cand-entity-0cd494fd698f-m-m-m"
"缇莉·琉克","是类型","人物","provisional","cand-entity-0cd494fd698f-m-m"
"缇莉·琉克","是类型","人物","provisional","cand-entity-0cd494fd698f-m"
"缇莉·琉克","是类型","人物","provisional","cand-entity-0cd494fd698f"
"技能『魔法战斗』","是类型","技能","provisional","cand-entity-0d4a95768a85"
"甲壳海妖","是类型","人物(迷宫生物)","provisional","cand-entity-0d8256fc5051"
"Light・幻影（Phantom）","是类型","魔法(光属性·诺斯菲)","provisional","cand-entity-0daf6c41b10c"
"阿雷亚斯流共鸣剑术","是类型","技能(剑技·共鸣)","provisional","cand-entity-0dbb678b07b4"
"火犬","是类型","人物(迷宫生物)","provisional","cand-entity-0e98f42838c6"
"连接","是类型","魔法(据点设置)","provisional","cand-entity-0ec63b2cb56d"
"缇亚","是类型","人物","provisional","cand-entity-0f0405a8285b-m-m-m-m-m-m-m-m-m-m-m-m-m-m-m-m-m-m-m-m-m-m-m-m-m-m-m-m-m-m-m-m-m-m-m-m-m-m-m"
"缇亚","是类型","人物","provisional","cand-entity-0f0405a8285b-m-m-m-m-m-m-m-m-m-m-m-m-m-m-m-m-m-m-m-m-m-m-m-m-m-m-m-m-m-m-m-m-m-m-m-m-m-m"
"缇亚","是类型","人物","provisional","cand-entity-0f0405a8285b-m-m-m-m-m-m-m-m-m-m-m-m-m-m-m-m-m-m-m-m-m-m-m-m-m-m-m-m-m-m-m-m-m-m-m-m-m"
"缇亚","是类型","人物","provisional","cand-entity-0f0405a8285b-m-m-m-m-m-m-m-m-m-m-m-m-m-m-m-m-m-m-m-m-m-m-m-m-m-m-m-m-m-m-m-m-m-m-m-m"
"缇亚","是类型","人物","provisional","cand-entity-0f0405a8285b-m-m-m-m-m-m-m-m-m-m-m-m-m-m-m-m-m-m-m-m-m-m-m-m-m-m-m-m-m-m-m-m-m-m-m"
"缇亚","是类型","人物","provisional","cand-entity-0f0405a8285b-m-m-m-m-m-m-m-m-m-m-m-m-m-m-m-m-m-m-m-m-m-m-m-m-m-m-m-m-m-m-m-m-m-m"
"缇亚","是类型","人物","provisional","cand-entity-0f0405a8285b-m-m-m-m-m-m-m-m-m-m-m-m-m-m-m-m-m-m-m-m-m-m-m-m-m-m-m-m-m-m-m-m-m"
"缇亚","是类型","人物","provisional","cand-entity-0f0405a8285b-m-m-m-m-m-m-m-m-m-m-m-m-m-m-m-m-m-m-m-m-m-m-m-m-m-m-m-m-m-m-m-m"
"缇亚","是类型","人物","provisional","cand-entity-0f0405a8285b-m-m-m-m-m-m-m-m-m-m-m-m-m-m-m-m-m-m-m-m-m-m-m-m-m-m-m-m-m-m-m"
"缇亚","是类型","人物","provisional","cand-entity-0f0405a8285b-m-m-m-m-m-m-m-m-m-m-m-m-m-m-m-m-m-m-m-m-m-m-m-m-m-m-m-m-m-m"
"缇亚","是类型","人物","provisional","cand-entity-0f0405a8285b-m-m-m-m-m-m-m-m-m-m-m-m-m-m-m-m-m-m-m-m-m-m-m-m-m-m-m-m-m"
"缇亚","是类型","人物","provisional","cand-entity-0f0405a8285b-m-m-m-m-m-m-m-m-m-m-m-m-m-m-m-m-m-m-m-m-m-m-m-m-m-m-m-m"
"缇亚","是类型","人物","provisional","cand-entity-0f0405a8285b-m-m-m-m-m-m-m-m-m-m-m-m-m-m-m-m-m-m-m-m-m-m-m-m-m-m-m"
"缇亚","是类型","人物","provisional","cand-entity-0f0405a8285b-m-m-m-m-m-m-m-m-m-m-m-m-m-m-m-m-m-m-m-m-m-m-m-m-m-m"
"缇亚","是类型","人物","provisional","cand-entity-0f0405a8285b-m-m-m-m-m-m-m-m-m-m-m-m-m-m-m-m-m-m-m-m-m-m-m-m-m"
"缇亚","是类型","人物","provisional","cand-entity-0f0405a8285b-m-m-m-m-m-m-m-m-m-m-m-m-m-m-m-m-m-m-m-m-m-m-m-m"
"缇亚","是类型","人物","provisional","cand-entity-0f0405a8285b-m-m-m-m-m-m-m-m-m-m-m-m-m-m-m-m-m-m-m-m-m-m-m"
"缇亚","是类型","人物","provisional","cand-entity-0f0405a8285b-m-m-m-m-m-m-m-m-m-m-m-m-m-m-m-m-m-m-m-m-m-m"
"缇亚","是类型","人物","provisional","cand-entity-0f0405a8285b-m-m-m-m-m-m-m-m-m-m-m-m-m-m-m-m-m-m-m-m-m"
"缇亚","是类型","人物","provisional","cand-entity-0f0405a8285b-m-m-m-m-m-m-m-m-m-m-m-m-m-m-m-m-m-m-m-m"
"缇亚","是类型","人物","provisional","cand-entity-0f0405a8285b-m-m-m-m-m-m-m-m-m-m-m-m-m-m-m-m-m-m-m"
"缇亚","是类型","人物","provisional","cand-entity-0f0405a8285b-m-m-m-m-m-m-m-m-m-m-m-m-m-m-m-m-m-m"
"缇亚","是类型","人物","provisional","cand-entity-0f0405a8285b-m-m-m-m-m-m-m-m-m-m-m-m-m-m-m-m-m"
"缇亚","是类型","人物","provisional","cand-entity-0f0405a8285b-m-m-m-m-m-m-m-m-m-m-m-m-m-m-m-m"
"缇亚","是类型","人物","provisional","cand-entity-0f0405a8285b-m-m-m-m-m-m-m-m-m-m-m-m-m-m-m"
"缇亚","是类型","人物","provisional","cand-entity-0f0405a8285b-m-m-m-m-m-m-m-m-m-m-m-m-m-m"
"缇亚","是类型","人物","provisional","cand-entity-0f0405a8285b-m-m-m-m-m-m-m-m-m-m-m-m-m"
"缇亚","是类型","人物","provisional","cand-entity-0f0405a8285b-m-m-m-m-m-m-m-m-m-m-m-m"
"缇亚","是类型","人物","provisional","cand-entity-0f0405a8285b-m-m-m-m-m-m-m-m-m-m-m"
"缇亚","是类型","人物","provisional","cand-entity-0f0405a8285b-m-m-m-m-m-m-m-m-m-m"
"缇亚","是类型","人物","provisional","cand-entity-0f0405a8285b-m-m-m-m-m-m-m-m-m"
"缇亚","是类型","人物","provisional","cand-entity-0f0405a8285b-m-m-m-m-m-m-m-m"
"缇亚","是类型","人物","provisional","cand-entity-0f0405a8285b-m-m-m-m-m-m-m"
"缇亚","是类型","人物","provisional","cand-entity-0f0405a8285b-m-m-m-m-m-m"
"缇亚","是类型","人物","provisional","cand-entity-0f0405a8285b-m-m-m-m-m"
"缇亚","是类型","人物","provisional","cand-entity-0f0405a8285b-m-m-m-m"
"缇亚","是类型","人物","provisional","cand-entity-0f0405a8285b-m-m-m"
"缇亚","是类型","人物","provisional","cand-entity-0f0405a8285b-m-m"
"缇亚","是类型","人物","provisional","cand-entity-0f0405a8285b-m"
"缇亚","是类型","人物","provisional","cand-entity-0f0405a8285b-m41"
"缇亚","是类型","人物","provisional","cand-entity-0f0405a8285b-m42"
"缇亚","是类型","人物","provisional","cand-entity-0f0405a8285b-m43"
"缇亚","是类型","人物","provisional","cand-entity-0f0405a8285b-m44"
"缇亚","是类型","人物","provisional","cand-entity-0f0405a8285b-m45"
"缇亚","是类型","人物","provisional","cand-entity-0f0405a8285b-m46"
"缇亚","是类型","人物","provisional","cand-entity-0f0405a8285b-m47"
"缇亚","是类型","人物","provisional","cand-entity-0f0405a8285b-m48"
"缇亚","是类型","人物","provisional","cand-entity-0f0405a8285b-m49"
"缇亚","是类型","人物","provisional","cand-entity-0f0405a8285b-m50"
"缇亚","是类型","人物","provisional","cand-entity-0f0405a8285b-m51"
"缇亚","是类型","人物","provisional","cand-entity-0f0405a8285b"
"巨型西瓜虫","是类型","人物(本土大型怪物)","provisional","cand-entity-0f1bf13a6466"
"次元决战演算『先谭』","是类型","魔法(次元系)","provisional","cand-entity-0f92a1314f71"
"狂怒者","是类型","人物(迷宫生物)","provisional","cand-entity-0fd57f50c857"
"光之御旗（NosfyFlag）","是类型","魔法(魅惑之光·先天咒术式)","provisional","cand-entity-100f02f006c5"
"缇达・兰斯","是类型","人物(千年前·守护骑士)","provisional","cand-entity-103470e2eb81"
"技能『异邦人』","是类型","技能(固有)","provisional","cand-entity-104fe9609289"
"勒伽西","是类型","人物(使徒)","provisional","cand-entity-106ade3052f4-m"
"勒伽西","是类型","人物(使徒)","provisional","cand-entity-106ade3052f4-m3"
"勒伽西","是类型","人物(使徒)","provisional","cand-entity-106ade3052f4"
"振动魔法","是类型","魔法(斯诺使用)","provisional","cand-entity-11458368a1d6"
"RioshethEagle","是类型","怪物(五十五层断崖带·鸟型)","provisional","cand-entity-119e846c9de4"
"阿雷亚斯家的宝剑诺文","是类型","道具(剑)","provisional","cand-entity-121b4652fa68-m"
"阿雷亚斯家的宝剑诺文","是类型","道具(剑)","provisional","cand-entity-121b4652fa68-m3"
"阿雷亚斯家的宝剑诺文","是类型","道具(剑)","provisional","cand-entity-121b4652fa68-m4"
"阿雷亚斯家的宝剑诺文","是类型","道具(剑)","provisional","cand-entity-121b4652fa68-m5"
"阿雷亚斯家的宝剑诺文","是类型","道具(剑)","provisional","cand-entity-121b4652fa68-m6"
"阿雷亚斯家的宝剑诺文","是类型","道具(剑)","provisional","cand-entity-121b4652fa68"
"西娅","是类型","人物","provisional","cand-entity-13974ba88dee-m"
"西娅","是类型","人物","provisional","cand-entity-13974ba88dee"
"Growth","是类型","魔法(强化·辅助)","provisional","cand-entity-147c2bc1a772-m"
"Growth","是类型","魔法(强化·辅助)","provisional","cand-entity-147c2bc1a772"
"五十六层","是类型","地点(迷宫)","provisional","cand-entity-14bcf15cf50d-m2"
"五十六层","是类型","地点(迷宫)","provisional","cand-entity-14bcf15cf50d"
"Sehr・Wind","是类型","魔法(风系)","provisional","cand-entity-15241c091be5"
"PiercePigeon","是类型","人物(迷宫62层怪物)","provisional","cand-entity-164a09052ecf-m2"
"PiercePigeon","是类型","人物(迷宫62层怪物)","provisional","cand-entity-164a09052ecf"
"转光枪（Brionac）","是类型","武器(光属性·长枪)","provisional","cand-entity-167296b57eb5"
"艾利巴茨·利拜斯","是类型","人物","provisional","cand-entity-16db8c35eeb2-m-m-m"
"艾利巴茨·利拜斯","是类型","人物","provisional","cand-entity-16db8c35eeb2-m-m"
"艾利巴茨·利拜斯","是类型","人物","provisional","cand-entity-16db8c35eeb2-m"
"艾利巴茨·利拜斯","是类型","人物","provisional","cand-entity-16db8c35eeb2-m5"
"艾利巴茨·利拜斯","是类型","人物","provisional","cand-entity-16db8c35eeb2"
"缇娅拉","是类型","人物(传说·圣人/莱文教缔造者)","provisional","cand-entity-17b0896801e2-m"
"缇娅拉","是类型","人物(传说·圣人/莱文教缔造者)","provisional","cand-entity-17b0896801e2-m3"
"缇娅拉","是类型","人物(传说·圣人/莱文教缔造者)","provisional","cand-entity-17b0896801e2-m4"
"缇娅拉","是类型","人物(传说·圣人/莱文教缔造者)","provisional","cand-entity-17b0896801e2-m5"
"缇娅拉","是类型","人物(传说·圣人/莱文教缔造者)","provisional","cand-entity-17b0896801e2"
"技能『锻冶』","是类型","技能","provisional","cand-entity-1849ebb23bf9"
"公会","是类型","设施(情报收集场所)","provisional","cand-entity-1865ea21a99a"
"TauzSchuss·Wind","是类型","技能(莱纳·风魔法)","provisional","cand-entity-18f4f055e0e5"
"相川阳滝","是类型","人物","provisional","cand-entity-19f341955628-m-m-m-m-m-m-m-m-m-m-m"
"相川阳滝","是类型","人物","provisional","cand-entity-19f341955628-m-m-m-m-m-m-m-m-m-m"
"相川阳滝","是类型","人物","provisional","cand-entity-19f341955628-m-m-m-m-m-m-m-m-m"
"相川阳滝","是类型","人物","provisional","cand-entity-19f341955628-m-m-m-m-m-m-m-m"
"相川阳滝","是类型","人物","provisional","cand-entity-19f341955628-m-m-m-m-m-m-m"
"相川阳滝","是类型","人物","provisional","cand-entity-19f341955628-m-m-m-m-m-m"
"相川阳滝","是类型","人物","provisional","cand-entity-19f341955628-m-m-m-m-m"
"相川阳滝","是类型","人物","provisional","cand-entity-19f341955628-m-m-m-m"
"相川阳滝","是类型","人物","provisional","cand-entity-19f341955628-m-m-m"
"相川阳滝","是类型","人物","provisional","cand-entity-19f341955628-m-m"
"相川阳滝","是类型","人物","provisional","cand-entity-19f341955628-m"
"相川阳滝","是类型","人物","provisional","cand-entity-19f341955628-m13"
"相川阳滝","是类型","人物","provisional","cand-entity-19f341955628-m14"
"相川阳滝","是类型","人物","provisional","cand-entity-19f341955628-m15"
"相川阳滝","是类型","人物","provisional","cand-entity-19f341955628-m16"
"相川阳滝","是类型","人物","provisional","cand-entity-19f341955628-m17"
"相川阳滝","是类型","人物","provisional","cand-entity-19f341955628-m18"
"相川阳滝","是类型","人物","provisional","cand-entity-19f341955628-m19"
"相川阳滝","是类型","人物","provisional","cand-entity-19f341955628-m20"
"相川阳滝","是类型","人物","provisional","cand-entity-19f341955628-m21"
"相川阳滝","是类型","人物","provisional","cand-entity-19f341955628-m22"
"相川阳滝","是类型","人物","provisional","cand-entity-19f341955628-m23"
"相川阳滝","是类型","人物","provisional","cand-entity-19f341955628-m24"
"相川阳滝","是类型","人物","provisional","cand-entity-19f341955628-m25"
"相川阳滝","是类型","人物","provisional","cand-entity-19f341955628-m26"
"相川阳滝","是类型","人物","provisional","cand-entity-19f341955628-m27"
"相川阳滝","是类型","人物","provisional","cand-entity-19f341955628-m28"
"相川阳滝","是类型","人物","provisional","cand-entity-19f341955628-m29"
"相川阳滝","是类型","人物","provisional","cand-entity-19f341955628-m30"
"相川阳滝","是类型","人物","provisional","cand-entity-19f341955628-m31"
"相川阳滝","是类型","人物","provisional","cand-entity-19f341955628-m32"
"相川阳滝","是类型","人物","provisional","cand-entity-19f341955628-m33"
"相川阳滝","是类型","人物","provisional","cand-entity-19f341955628"
"五十四层","是类型","地点(迷宫)","provisional","cand-entity-1afc3a78553d"
"波尔札克","是类型","人物","provisional","cand-entity-1b3fc9035d23"
"『魔石线』","是类型","载体(世界奉还阵载体)","provisional","cand-entity-1b4096d568dc"
"最深部之誓约者","是类型","技能","provisional","cand-entity-1b6f00db33a4-m2"
"最深部之誓约者","是类型","技能","provisional","cand-entity-1b6f00db33a4"
"『连接』","是类型","魔法(转移)","provisional","cand-entity-1b9c6aca9efc-m2"
"『连接』","是类型","魔法(转移)","provisional","cand-entity-1b9c6aca9efc-m3"
"『连接』","是类型","魔法(转移)","provisional","cand-entity-1b9c6aca9efc"
"『始祖』","是类型","人物(传说)","provisional","cand-entity-1c5cf8850f40"
"技能『缝纫』","是类型","技能(生产)","provisional","cand-entity-1c9fd60bf924"
"BloodSword","是类型","道具(迷宫拾得剑)","provisional","cand-entity-1d00fdf763aa"
"次元斩裂剑","是类型","魔法(次元系)","provisional","cand-entity-1d152f25c90b"
"帕林库洛・勒伽西","是类型","人物","provisional","cand-entity-1e5ff0127231-m2"
"帕林库洛・勒伽西","是类型","人物","provisional","cand-entity-1e5ff0127231-m3"
"帕林库洛・勒伽西","是类型","人物","provisional","cand-entity-1e5ff0127231-m4"
"帕林库洛・勒伽西","是类型","人物","provisional","cand-entity-1e5ff0127231"
"西娅·勒伽西","是类型","人物","provisional","cand-entity-1f4926be69cc-m-m-m-m-m-m"
"西娅·勒伽西","是类型","人物","provisional","cand-entity-1f4926be69cc-m-m-m-m-m"
"西娅·勒伽西","是类型","人物","provisional","cand-entity-1f4926be69cc-m-m-m-m"
"西娅·勒伽西","是类型","人物","provisional","cand-entity-1f4926be69cc-m-m-m"
"西娅·勒伽西","是类型","人物","provisional","cand-entity-1f4926be69cc-m-m"
"西娅·勒伽西","是类型","人物","provisional","cand-entity-1f4926be69cc-m"
"西娅·勒伽西","是类型","人物","provisional","cand-entity-1f4926be69cc"
"藏书室","是类型","地点(魔王城内)","provisional","cand-entity-1fb28fe7c0d9"
"SkyRunner","是类型","怪物(五十五层·风属性·狼型)","provisional","cand-entity-20724c6ab558"
"技能『神铁锻冶』","是类型","技能(生产)","provisional","cand-entity-214d136cf2e6"
"Foam","是类型","魔法(次元魔法)","provisional","cand-entity-2243563f1a1e"
"形式・捩菖蒲（Torsion）","是类型","魔法(次元属性·涡波·攻击魔力)","provisional","cand-entity-237563cfdd18"
"拟神之眼","是类型","技能(拉丝缇娅拉固有)","provisional","cand-entity-23a927488e25"
"诺斯菲","是类型","人物(迷宫六十层守护者)","provisional","cand-entity-23ef103d5db4-m"
"诺斯菲","是类型","人物(迷宫六十层守护者)","provisional","cand-entity-23ef103d5db4-m10"
"诺斯菲","是类型","人物(迷宫六十层守护者)","provisional","cand-entity-23ef103d5db4-m11"
"诺斯菲","是类型","人物(迷宫六十层守护者)","provisional","cand-entity-23ef103d5db4-m12"
"诺斯菲","是类型","人物(迷宫六十层守护者)","provisional","cand-entity-23ef103d5db4-m13"
"诺斯菲","是类型","人物(迷宫六十层守护者)","provisional","cand-entity-23ef103d5db4-m14"
"诺斯菲","是类型","人物(迷宫六十层守护者)","provisional","cand-entity-23ef103d5db4-m15"
"诺斯菲","是类型","人物(迷宫六十层守护者)","provisional","cand-entity-23ef103d5db4-m16"
"诺斯菲","是类型","人物(迷宫六十层守护者)","provisional","cand-entity-23ef103d5db4-m17"
"诺斯菲","是类型","人物(迷宫六十层守护者)","provisional","cand-entity-23ef103d5db4-m18"
"诺斯菲","是类型","人物(迷宫六十层守护者)","provisional","cand-entity-23ef103d5db4-m19"
"诺斯菲","是类型","人物(迷宫六十层守护者)","provisional","cand-entity-23ef103d5db4-m3"
"诺斯菲","是类型","人物(迷宫六十层守护者)","provisional","cand-entity-23ef103d5db4-m4"
"诺斯菲","是类型","人物(迷宫六十层守护者)","provisional","cand-entity-23ef103d5db4-m5"
"诺斯菲","是类型","人物(迷宫六十层守护者)","provisional","cand-entity-23ef103d5db4-m6"
"诺斯菲","是类型","人物(迷宫六十层守护者)","provisional","cand-entity-23ef103d5db4-m7"
"诺斯菲","是类型","人物(迷宫六十层守护者)","provisional","cand-entity-23ef103d5db4-m8"
"诺斯菲","是类型","人物(迷宫六十层守护者)","provisional","cand-entity-23ef103d5db4-m9"
"诺斯菲","是类型","人物(迷宫六十层守护者)","provisional","cand-entity-23ef103d5db4"
"巨狼","是类型","人物(迷宫生物)","provisional","cand-entity-255e7700c612"
"技能『所有物』","是类型","技能(异空间魔法)","provisional","cand-entity-25ce3a56a9ba"
"芬里尔・阿雷亚斯","是类型","人物(阿雷亚斯家当主·元剑圣)","provisional","cand-entity-25f0e160744b"
"技能『并列思考』","是类型","技能","provisional","cand-entity-27ba4e8ea602-m"
"技能『并列思考』","是类型","技能","provisional","cand-entity-27ba4e8ea602-m3"
"技能『并列思考』","是类型","技能","provisional","cand-entity-27ba4e8ea602-m4"
"技能『并列思考』","是类型","技能","provisional","cand-entity-27ba4e8ea602"
"罗德","是类型","人物","provisional","cand-entity-27c49ddf5cb5-m10"
"罗德","是类型","人物","provisional","cand-entity-27c49ddf5cb5-m11"
"罗德","是类型","人物","provisional","cand-entity-27c49ddf5cb5-m2"
"罗德","是类型","人物","provisional","cand-entity-27c49ddf5cb5-m3"
"罗德","是类型","人物","provisional","cand-entity-27c49ddf5cb5-m4"
"罗德","是类型","人物","provisional","cand-entity-27c49ddf5cb5-m5"
"罗德","是类型","人物","provisional","cand-entity-27c49ddf5cb5-m6"
"罗德","是类型","人物","provisional","cand-entity-27c49ddf5cb5-m7"
"罗德","是类型","人物","provisional","cand-entity-27c49ddf5cb5-m8"
"罗德","是类型","人物","provisional","cand-entity-27c49ddf5cb5-m9"
"罗德","是类型","人物","provisional","cand-entity-27c49ddf5cb5"
"店长","是类型","人物","provisional","cand-entity-28c3cd8aab22-m"
"店长","是类型","人物","provisional","cand-entity-28c3cd8aab22-m3"
"店长","是类型","人物","provisional","cand-entity-28c3cd8aab22-m4"
"店长","是类型","人物","provisional","cand-entity-28c3cd8aab22-m5"
"店长","是类型","人物","provisional","cand-entity-28c3cd8aab22"
"始祖涡波","是类型","人物(千年前·始祖)","provisional","cand-entity-28ea7f2630b1-m"
"始祖涡波","是类型","人物(千年前·始祖)","provisional","cand-entity-28ea7f2630b1-m10"
"始祖涡波","是类型","人物(千年前·始祖)","provisional","cand-entity-28ea7f2630b1-m11"
"始祖涡波","是类型","人物(千年前·始祖)","provisional","cand-entity-28ea7f2630b1-m12"
"始祖涡波","是类型","人物(千年前·始祖)","provisional","cand-entity-28ea7f2630b1-m13"
"始祖涡波","是类型","人物(千年前·始祖)","provisional","cand-entity-28ea7f2630b1-m14"
"始祖涡波","是类型","人物(千年前·始祖)","provisional","cand-entity-28ea7f2630b1-m15"
"始祖涡波","是类型","人物(千年前·始祖)","provisional","cand-entity-28ea7f2630b1-m16"
"始祖涡波","是类型","人物(千年前·始祖)","provisional","cand-entity-28ea7f2630b1-m17"
"始祖涡波","是类型","人物(千年前·始祖)","provisional","cand-entity-28ea7f2630b1-m18"
"始祖涡波","是类型","人物(千年前·始祖)","provisional","cand-entity-28ea7f2630b1-m19"
"始祖涡波","是类型","人物(千年前·始祖)","provisional","cand-entity-28ea7f2630b1-m20"
"始祖涡波","是类型","人物(千年前·始祖)","provisional","cand-entity-28ea7f2630b1-m3"
"始祖涡波","是类型","人物(千年前·始祖)","provisional","cand-entity-28ea7f2630b1-m4"
"始祖涡波","是类型","人物(千年前·始祖)","provisional","cand-entity-28ea7f2630b1-m5"
"始祖涡波","是类型","人物(千年前·始祖)","provisional","cand-entity-28ea7f2630b1-m6"
"始祖涡波","是类型","人物(千年前·始祖)","provisional","cand-entity-28ea7f2630b1-m7"
"始祖涡波","是类型","人物(千年前·始祖)","provisional","cand-entity-28ea7f2630b1-m8"
"始祖涡波","是类型","人物(千年前·始祖)","provisional","cand-entity-28ea7f2630b1-m9"
"始祖涡波","是类型","人物(千年前·始祖)","provisional","cand-entity-28ea7f2630b1"
"《LivingLegend》号","是类型","道具(魔石船)","provisional","cand-entity-293b13557b0a"
"艾尔・昆图斯","是类型","人物(新人探索者·原奴隶)","provisional","cand-entity-295e5130b284-m2"
"艾尔・昆图斯","是类型","人物(新人探索者·原奴隶)","provisional","cand-entity-295e5130b284"
"猛毒火蜥蜴","是类型","人物(迷宫生物)","provisional","cand-entity-2a4234c3ec00"
"康纳·塔利亚","是类型","人物","provisional","cand-entity-2a52facd1f0f"
"拉丝缇娅拉·弗茨亚茨","是类型","人物","provisional","cand-entity-2a7e2bdde4fe-m-m"
"拉丝缇娅拉·弗茨亚茨","是类型","人物","provisional","cand-entity-2a7e2bdde4fe-m"
"拉丝缇娅拉·弗茨亚茨","是类型","人物","provisional","cand-entity-2a7e2bdde4fe-m4"
"拉丝缇娅拉·弗茨亚茨","是类型","人物","provisional","cand-entity-2a7e2bdde4fe"
"珍珠鱼","是类型","人物(迷宫生物)","provisional","cand-entity-2aec7f62bf5b"
"海因","是类型","人物","provisional","cand-entity-2b0d2b1a0571-m-m-m-m-m-m-m-m"
"海因","是类型","人物","provisional","cand-entity-2b0d2b1a0571-m-m-m-m-m-m-m"
"海因","是类型","人物","provisional","cand-entity-2b0d2b1a0571-m-m-m-m-m-m"
"海因","是类型","人物","provisional","cand-entity-2b0d2b1a0571-m-m-m-m-m"
"海因","是类型","人物","provisional","cand-entity-2b0d2b1a0571-m-m-m-m"
"海因","是类型","人物","provisional","cand-entity-2b0d2b1a0571-m-m-m"
"海因","是类型","人物","provisional","cand-entity-2b0d2b1a0571-m-m"
"海因","是类型","人物","provisional","cand-entity-2b0d2b1a0571-m"
"海因","是类型","人物","provisional","cand-entity-2b0d2b1a0571-m10"
"海因","是类型","人物","provisional","cand-entity-2b0d2b1a0571-m11"
"海因","是类型","人物","provisional","cand-entity-2b0d2b1a0571-m12"
"海因","是类型","人物","provisional","cand-entity-2b0d2b1a0571-m13"
"海因","是类型","人物","provisional","cand-entity-2b0d2b1a0571"
"王之器","是类型","人物(艾德所称呼的战场少女)","provisional","cand-entity-2b740f6abe23-m2"
"王之器","是类型","人物(艾德所称呼的战场少女)","provisional","cand-entity-2b740f6abe23"
"托尔普・特鲁克","是类型","人物(长生种·龙种)","provisional","cand-entity-2ba188efe57b"
"帕林库洛的宝剑","是类型","道具(剑)","provisional","cand-entity-2c92cdf931e4"
"HighSkyBeryl","是类型","物品(魔石)","provisional","cand-entity-2ce5c41d52e6"
"威尔·琉克","是类型","人物","provisional","cand-entity-2ecb0ee6d28f"
"『Default』","是类型","魔法(次元魔术)","provisional","cand-entity-2eceb027c88f"
"五十一层","是类型","地点(迷宫·空洞层)","provisional","cand-entity-300830d3b6b8"
"南军高官","是类型","人物(南军·无名职务称呼)","provisional","cand-entity-329250d1416f-m2"
"南军高官","是类型","人物(南军·无名职务称呼)","provisional","cand-entity-329250d1416f"
"技能『？？？』","是类型","技能(固有·正体不明)","provisional","cand-entity-33219640fb27"
"五十九层","是类型","地点(迷宫)","provisional","cand-entity-38652c7eb839"
"诺文","是类型","人物","provisional","cand-entity-38664d360d49-m-m-m-m-m-m-m-m-m-m-m-m-m-m-m-m-m-m-m-m-m-m"
"诺文","是类型","人物","provisional","cand-entity-38664d360d49-m-m-m-m-m-m-m-m-m-m-m-m-m-m-m-m-m-m-m-m-m"
"诺文","是类型","人物","provisional","cand-entity-38664d360d49-m-m-m-m-m-m-m-m-m-m-m-m-m-m-m-m-m-m-m-m"
"诺文","是类型","人物","provisional","cand-entity-38664d360d49-m-m-m-m-m-m-m-m-m-m-m-m-m-m-m-m-m-m-m"
"诺文","是类型","人物","provisional","cand-entity-38664d360d49-m-m-m-m-m-m-m-m-m-m-m-m-m-m-m-m-m-m"
"诺文","是类型","人物","provisional","cand-entity-38664d360d49-m-m-m-m-m-m-m-m-m-m-m-m-m-m-m-m-m"
"诺文","是类型","人物","provisional","cand-entity-38664d360d49-m-m-m-m-m-m-m-m-m-m-m-m-m-m-m-m"
"诺文","是类型","人物","provisional","cand-entity-38664d360d49-m-m-m-m-m-m-m-m-m-m-m-m-m-m-m"
"诺文","是类型","人物","provisional","cand-entity-38664d360d49-m-m-m-m-m-m-m-m-m-m-m-m-m-m"
"诺文","是类型","人物","provisional","cand-entity-38664d360d49-m-m-m-m-m-m-m-m-m-m-m-m-m"
"诺文","是类型","人物","provisional","cand-entity-38664d360d49-m-m-m-m-m-m-m-m-m-m-m-m"
"诺文","是类型","人物","provisional","cand-entity-38664d360d49-m-m-m-m-m-m-m-m-m-m-m"
"诺文","是类型","人物","provisional","cand-entity-38664d360d49-m-m-m-m-m-m-m-m-m-m"
"诺文","是类型","人物","provisional","cand-entity-38664d360d49-m-m-m-m-m-m-m-m-m"
"诺文","是类型","人物","provisional","cand-entity-38664d360d49-m-m-m-m-m-m-m-m"
"诺文","是类型","人物","provisional","cand-entity-38664d360d49-m-m-m-m-m-m-m"
"诺文","是类型","人物","provisional","cand-entity-38664d360d49-m-m-m-m-m-m"
"诺文","是类型","人物","provisional","cand-entity-38664d360d49-m-m-m-m-m"
"诺文","是类型","人物","provisional","cand-entity-38664d360d49-m-m-m-m"
"诺文","是类型","人物","provisional","cand-entity-38664d360d49-m-m-m"
"诺文","是类型","人物","provisional","cand-entity-38664d360d49-m-m"
"诺文","是类型","人物","provisional","cand-entity-38664d360d49-m"
"诺文","是类型","人物","provisional","cand-entity-38664d360d49-m24"
"诺文","是类型","人物","provisional","cand-entity-38664d360d49-m25"
"诺文","是类型","人物","provisional","cand-entity-38664d360d49-m26"
"诺文","是类型","人物","provisional","cand-entity-38664d360d49"
"DarkFisher","是类型","魔法(暗系妨害)","provisional","cand-entity-388525fee507"
"莱纳","是类型","人物","provisional","cand-entity-3982f65529a8-m-m-m-m-m-m-m-m-m-m-m-m-m-m"
"莱纳","是类型","人物","provisional","cand-entity-3982f65529a8-m-m-m-m-m-m-m-m-m-m-m-m-m"
"莱纳","是类型","人物","provisional","cand-entity-3982f65529a8-m-m-m-m-m-m-m-m-m-m-m-m"
"莱纳","是类型","人物","provisional","cand-entity-3982f65529a8-m-m-m-m-m-m-m-m-m-m-m"
"莱纳","是类型","人物","provisional","cand-entity-3982f65529a8-m-m-m-m-m-m-m-m-m-m"
"莱纳","是类型","人物","provisional","cand-entity-3982f65529a8-m-m-m-m-m-m-m-m-m"
"莱纳","是类型","人物","provisional","cand-entity-3982f65529a8-m-m-m-m-m-m-m-m"
"莱纳","是类型","人物","provisional","cand-entity-3982f65529a8-m-m-m-m-m-m-m"
"莱纳","是类型","人物","provisional","cand-entity-3982f65529a8-m-m-m-m-m-m"
"莱纳","是类型","人物","provisional","cand-entity-3982f65529a8-m-m-m-m-m"
"莱纳","是类型","人物","provisional","cand-entity-3982f65529a8-m-m-m-m"
"莱纳","是类型","人物","provisional","cand-entity-3982f65529a8-m-m-m"
"莱纳","是类型","人物","provisional","cand-entity-3982f65529a8-m-m"
"莱纳","是类型","人物","provisional","cand-entity-3982f65529a8-m"
"莱纳","是类型","人物","provisional","cand-entity-3982f65529a8-m16"
"莱纳","是类型","人物","provisional","cand-entity-3982f65529a8-m17"
"莱纳","是类型","人物","provisional","cand-entity-3982f65529a8-m18"
"莱纳","是类型","人物","provisional","cand-entity-3982f65529a8-m19"
"莱纳","是类型","人物","provisional","cand-entity-3982f65529a8-m20"
"莱纳","是类型","人物","provisional","cand-entity-3982f65529a8-m21"
"莱纳","是类型","人物","provisional","cand-entity-3982f65529a8-m22"
"莱纳","是类型","人物","provisional","cand-entity-3982f65529a8-m23"
"莱纳","是类型","人物","provisional","cand-entity-3982f65529a8-m24"
"莱纳","是类型","人物","provisional","cand-entity-3982f65529a8-m25"
"莱纳","是类型","人物","provisional","cand-entity-3982f65529a8-m26"
"莱纳","是类型","人物","provisional","cand-entity-3982f65529a8-m27"
"莱纳","是类型","人物","provisional","cand-entity-3982f65529a8-m28"
"莱纳","是类型","人物","provisional","cand-entity-3982f65529a8-m29"
"莱纳","是类型","人物","provisional","cand-entity-3982f65529a8-m30"
"莱纳","是类型","人物","provisional","cand-entity-3982f65529a8-m31"
"莱纳","是类型","人物","provisional","cand-entity-3982f65529a8-m32"
"莱纳","是类型","人物","provisional","cand-entity-3982f65529a8-m33"
"莱纳","是类型","人物","provisional","cand-entity-3982f65529a8-m34"
"莱纳","是类型","人物","provisional","cand-entity-3982f65529a8-m35"
"莱纳","是类型","人物","provisional","cand-entity-3982f65529a8-m36"
"莱纳","是类型","人物","provisional","cand-entity-3982f65529a8-m37"
"莱纳","是类型","人物","provisional","cand-entity-3982f65529a8-m38"
"莱纳","是类型","人物","provisional","cand-entity-3982f65529a8-m39"
"莱纳","是类型","人物","provisional","cand-entity-3982f65529a8-m40"
"莱纳","是类型","人物","provisional","cand-entity-3982f65529a8-m41"
"莱纳","是类型","人物","provisional","cand-entity-3982f65529a8-m42"
"莱纳","是类型","人物","provisional","cand-entity-3982f65529a8-m43"
"莱纳","是类型","人物","provisional","cand-entity-3982f65529a8-m44"
"莱纳","是类型","人物","provisional","cand-entity-3982f65529a8-m45"
"莱纳","是类型","人物","provisional","cand-entity-3982f65529a8-m46"
"莱纳","是类型","人物","provisional","cand-entity-3982f65529a8-m47"
"莱纳","是类型","人物","provisional","cand-entity-3982f65529a8-m48"
"莱纳","是类型","人物","provisional","cand-entity-3982f65529a8-m49"
"莱纳","是类型","人物","provisional","cand-entity-3982f65529a8-m50"
"莱纳","是类型","人物","provisional","cand-entity-3982f65529a8-m51"
"莱纳","是类型","人物","provisional","cand-entity-3982f65529a8-m52"
"莱纳","是类型","人物","provisional","cand-entity-3982f65529a8-m53"
"莱纳","是类型","人物","provisional","cand-entity-3982f65529a8-m54"
"莱纳","是类型","人物","provisional","cand-entity-3982f65529a8-m55"
"莱纳","是类型","人物","provisional","cand-entity-3982f65529a8-m56"
"莱纳","是类型","人物","provisional","cand-entity-3982f65529a8-m57"
"莱纳","是类型","人物","provisional","cand-entity-3982f65529a8-m58"
"莱纳","是类型","人物","provisional","cand-entity-3982f65529a8-m59"
"莱纳","是类型","人物","provisional","cand-entity-3982f65529a8-m60"
"莱纳","是类型","人物","provisional","cand-entity-3982f65529a8-m61"
"莱纳","是类型","人物","provisional","cand-entity-3982f65529a8"
"『堕落使徒』","是类型","道具(魔剑)","provisional","cand-entity-398e4d4707c4"
"白色的少女","是类型","人物(魔石人类)","provisional","cand-entity-39beebbd913b"
"雷纳尔多·沃尔斯","是类型","人物(千年前·将军)","provisional","cand-entity-3a123cec0974-m2"
"雷纳尔多·沃尔斯","是类型","人物(千年前·将军)","provisional","cand-entity-3a123cec0974"
"艾利巴茨","是类型","人物(锻冶师)","provisional","cand-entity-3b28bcc065d6-m2"
"艾利巴茨","是类型","人物(锻冶师)","provisional","cand-entity-3b28bcc065d6-m3"
"艾利巴茨","是类型","人物(锻冶师)","provisional","cand-entity-3b28bcc065d6"
"三名年幼魔石人类（不同型号）","是类型","人物(魔石人类·群体)","provisional","cand-entity-3b2df984aa78"
"WhiteSnake","是类型","怪物(迷宫·白蛇)","provisional","cand-entity-3b4fa5845f5d"
"LivingLegend号","是类型","载具(船)","provisional","cand-entity-3bcc38c5650e"
"拉丝缇娅拉","是类型","人物","provisional","cand-entity-3be971ec494c-m-m-m-m-m-m-m-m-m-m-m-m-m-m-m-m-m-m-m-m-m-m-m-m-m-m-m-m-m-m-m-m-m-m-m-m-m-m-m-m-m-m-m-m-m-m-m-m-m-m"
"拉丝缇娅拉","是类型","人物","provisional","cand-entity-3be971ec494c-m-m-m-m-m-m-m-m-m-m-m-m-m-m-m-m-m-m-m-m-m-m-m-m-m-m-m-m-m-m-m-m-m-m-m-m-m-m-m-m-m-m-m-m-m-m-m-m-m"
"拉丝缇娅拉","是类型","人物","provisional","cand-entity-3be971ec494c-m-m-m-m-m-m-m-m-m-m-m-m-m-m-m-m-m-m-m-m-m-m-m-m-m-m-m-m-m-m-m-m-m-m-m-m-m-m-m-m-m-m-m-m-m-m-m-m"
"拉丝缇娅拉","是类型","人物","provisional","cand-entity-3be971ec494c-m-m-m-m-m-m-m-m-m-m-m-m-m-m-m-m-m-m-m-m-m-m-m-m-m-m-m-m-m-m-m-m-m-m-m-m-m-m-m-m-m-m-m-m-m-m-m"
"拉丝缇娅拉","是类型","人物","provisional","cand-entity-3be971ec494c-m-m-m-m-m-m-m-m-m-m-m-m-m-m-m-m-m-m-m-m-m-m-m-m-m-m-m-m-m-m-m-m-m-m-m-m-m-m-m-m-m-m-m-m-m-m"
"拉丝缇娅拉","是类型","人物","provisional","cand-entity-3be971ec494c-m-m-m-m-m-m-m-m-m-m-m-m-m-m-m-m-m-m-m-m-m-m-m-m-m-m-m-m-m-m-m-m-m-m-m-m-m-m-m-m-m-m-m-m-m"
"拉丝缇娅拉","是类型","人物","provisional","cand-entity-3be971ec494c-m-m-m-m-m-m-m-m-m-m-m-m-m-m-m-m-m-m-m-m-m-m-m-m-m-m-m-m-m-m-m-m-m-m-m-m-m-m-m-m-m-m-m-m"
"拉丝缇娅拉","是类型","人物","provisional","cand-entity-3be971ec494c-m-m-m-m-m-m-m-m-m-m-m-m-m-m-m-m-m-m-m-m-m-m-m-m-m-m-m-m-m-m-m-m-m-m-m-m-m-m-m-m-m-m-m"
"拉丝缇娅拉","是类型","人物","provisional","cand-entity-3be971ec494c-m-m-m-m-m-m-m-m-m-m-m-m-m-m-m-m-m-m-m-m-m-m-m-m-m-m-m-m-m-m-m-m-m-m-m-m-m-m-m-m-m-m"
"拉丝缇娅拉","是类型","人物","provisional","cand-entity-3be971ec494c-m-m-m-m-m-m-m-m-m-m-m-m-m-m-m-m-m-m-m-m-m-m-m-m-m-m-m-m-m-m-m-m-m-m-m-m-m-m-m-m-m"
"拉丝缇娅拉","是类型","人物","provisional","cand-entity-3be971ec494c-m-m-m-m-m-m-m-m-m-m-m-m-m-m-m-m-m-m-m-m-m-m-m-m-m-m-m-m-m-m-m-m-m-m-m-m-m-m-m-m"
"拉丝缇娅拉","是类型","人物","provisional","cand-entity-3be971ec494c-m-m-m-m-m-m-m-m-m-m-m-m-m-m-m-m-m-m-m-m-m-m-m-m-m-m-m-m-m-m-m-m-m-m-m-m-m-m-m"
"拉丝缇娅拉","是类型","人物","provisional","cand-entity-3be971ec494c-m-m-m-m-m-m-m-m-m-m-m-m-m-m-m-m-m-m-m-m-m-m-m-m-m-m-m-m-m-m-m-m-m-m-m-m-m-m"
"拉丝缇娅拉","是类型","人物","provisional","cand-entity-3be971ec494c-m-m-m-m-m-m-m-m-m-m-m-m-m-m-m-m-m-m-m-m-m-m-m-m-m-m-m-m-m-m-m-m-m-m-m-m-m"
"拉丝缇娅拉","是类型","人物","provisional","cand-entity-3be971ec494c-m-m-m-m-m-m-m-m-m-m-m-m-m-m-m-m-m-m-m-m-m-m-m-m-m-m-m-m-m-m-m-m-m-m-m-m"
"拉丝缇娅拉","是类型","人物","provisional","cand-entity-3be971ec494c-m-m-m-m-m-m-m-m-m-m-m-m-m-m-m-m-m-m-m-m-m-m-m-m-m-m-m-m-m-m-m-m-m-m-m"
"拉丝缇娅拉","是类型","人物","provisional","cand-entity-3be971ec494c-m-m-m-m-m-m-m-m-m-m-m-m-m-m-m-m-m-m-m-m-m-m-m-m-m-m-m-m-m-m-m-m-m-m"
"拉丝缇娅拉","是类型","人物","provisional","cand-entity-3be971ec494c-m-m-m-m-m-m-m-m-m-m-m-m-m-m-m-m-m-m-m-m-m-m-m-m-m-m-m-m-m-m-m-m-m"
"拉丝缇娅拉","是类型","人物","provisional","cand-entity-3be971ec494c-m-m-m-m-m-m-m-m-m-m-m-m-m-m-m-m-m-m-m-m-m-m-m-m-m-m-m-m-m-m-m-m"
"拉丝缇娅拉","是类型","人物","provisional","cand-entity-3be971ec494c-m-m-m-m-m-m-m-m-m-m-m-m-m-m-m-m-m-m-m-m-m-m-m-m-m-m-m-m-m-m-m"
"拉丝缇娅拉","是类型","人物","provisional","cand-entity-3be971ec494c-m-m-m-m-m-m-m-m-m-m-m-m-m-m-m-m-m-m-m-m-m-m-m-m-m-m-m-m-m-m"
"拉丝缇娅拉","是类型","人物","provisional","cand-entity-3be971ec494c-m-m-m-m-m-m-m-m-m-m-m-m-m-m-m-m-m-m-m-m-m-m-m-m-m-m-m-m-m"
"拉丝缇娅拉","是类型","人物","provisional","cand-entity-3be971ec494c-m-m-m-m-m-m-m-m-m-m-m-m-m-m-m-m-m-m-m-m-m-m-m-m-m-m-m-m"
"拉丝缇娅拉","是类型","人物","provisional","cand-entity-3be971ec494c-m-m-m-m-m-m-m-m-m-m-m-m-m-m-m-m-m-m-m-m-m-m-m-m-m-m-m"
"拉丝缇娅拉","是类型","人物","provisional","cand-entity-3be971ec494c-m-m-m-m-m-m-m-m-m-m-m-m-m-m-m-m-m-m-m-m-m-m-m-m-m-m"
"拉丝缇娅拉","是类型","人物","provisional","cand-entity-3be971ec494c-m-m-m-m-m-m-m-m-m-m-m-m-m-m-m-m-m-m-m-m-m-m-m-m-m"
"拉丝缇娅拉","是类型","人物","provisional","cand-entity-3be971ec494c-m-m-m-m-m-m-m-m-m-m-m-m-m-m-m-m-m-m-m-m-m-m-m-m"
"拉丝缇娅拉","是类型","人物","provisional","cand-entity-3be971ec494c-m-m-m-m-m-m-m-m-m-m-m-m-m-m-m-m-m-m-m-m-m-m-m"
"拉丝缇娅拉","是类型","人物","provisional","cand-entity-3be971ec494c-m-m-m-m-m-m-m-m-m-m-m-m-m-m-m-m-m-m-m-m-m-m"
"拉丝缇娅拉","是类型","人物","provisional","cand-entity-3be971ec494c-m-m-m-m-m-m-m-m-m-m-m-m-m-m-m-m-m-m-m-m-m"
"拉丝缇娅拉","是类型","人物","provisional","cand-entity-3be971ec494c-m-m-m-m-m-m-m-m-m-m-m-m-m-m-m-m-m-m-m-m"
"拉丝缇娅拉","是类型","人物","provisional","cand-entity-3be971ec494c-m-m-m-m-m-m-m-m-m-m-m-m-m-m-m-m-m-m-m"
"拉丝缇娅拉","是类型","人物","provisional","cand-entity-3be971ec494c-m-m-m-m-m-m-m-m-m-m-m-m-m-m-m-m-m-m"
"拉丝缇娅拉","是类型","人物","provisional","cand-entity-3be971ec494c-m-m-m-m-m-m-m-m-m-m-m-m-m-m-m-m-m"
"拉丝缇娅拉","是类型","人物","provisional","cand-entity-3be971ec494c-m-m-m-m-m-m-m-m-m-m-m-m-m-m-m-m"
"拉丝缇娅拉","是类型","人物","provisional","cand-entity-3be971ec494c-m-m-m-m-m-m-m-m-m-m-m-m-m-m-m"
"拉丝缇娅拉","是类型","人物","provisional","cand-entity-3be971ec494c-m-m-m-m-m-m-m-m-m-m-m-m-m-m"
"拉丝缇娅拉","是类型","人物","provisional","cand-entity-3be971ec494c-m-m-m-m-m-m-m-m-m-m-m-m-m"
"拉丝缇娅拉","是类型","人物","provisional","cand-entity-3be971ec494c-m-m-m-m-m-m-m-m-m-m-m-m"
"拉丝缇娅拉","是类型","人物","provisional","cand-entity-3be971ec494c-m-m-m-m-m-m-m-m-m-m-m"
"拉丝缇娅拉","是类型","人物","provisional","cand-entity-3be971ec494c-m-m-m-m-m-m-m-m-m-m"
"拉丝缇娅拉","是类型","人物","provisional","cand-entity-3be971ec494c-m-m-m-m-m-m-m-m-m"
"拉丝缇娅拉","是类型","人物","provisional","cand-entity-3be971ec494c-m-m-m-m-m-m-m-m"
"拉丝缇娅拉","是类型","人物","provisional","cand-entity-3be971ec494c-m-m-m-m-m-m-m"
"拉丝缇娅拉","是类型","人物","provisional","cand-entity-3be971ec494c-m-m-m-m-m-m"
"拉丝缇娅拉","是类型","人物","provisional","cand-entity-3be971ec494c-m-m-m-m-m"
"拉丝缇娅拉","是类型","人物","provisional","cand-entity-3be971ec494c-m-m-m-m"
"拉丝缇娅拉","是类型","人物","provisional","cand-entity-3be971ec494c-m-m-m"
"拉丝缇娅拉","是类型","人物","provisional","cand-entity-3be971ec494c-m-m"
"拉丝缇娅拉","是类型","人物","provisional","cand-entity-3be971ec494c-m"
"拉丝缇娅拉","是类型","人物","provisional","cand-entity-3be971ec494c-m52"
"拉丝缇娅拉","是类型","人物","provisional","cand-entity-3be971ec494c-m53"
"拉丝缇娅拉","是类型","人物","provisional","cand-entity-3be971ec494c-m54"
"拉丝缇娅拉","是类型","人物","provisional","cand-entity-3be971ec494c-m55"
"拉丝缇娅拉","是类型","人物","provisional","cand-entity-3be971ec494c-m56"
"拉丝缇娅拉","是类型","人物","provisional","cand-entity-3be971ec494c-m57"
"拉丝缇娅拉","是类型","人物","provisional","cand-entity-3be971ec494c-m58"
"拉丝缇娅拉","是类型","人物","provisional","cand-entity-3be971ec494c-m59"
"拉丝缇娅拉","是类型","人物","provisional","cand-entity-3be971ec494c-m60"
"拉丝缇娅拉","是类型","人物","provisional","cand-entity-3be971ec494c-m61"
"拉丝缇娅拉","是类型","人物","provisional","cand-entity-3be971ec494c-m62"
"拉丝缇娅拉","是类型","人物","provisional","cand-entity-3be971ec494c-m63"
"拉丝缇娅拉","是类型","人物","provisional","cand-entity-3be971ec494c-m64"
"拉丝缇娅拉","是类型","人物","provisional","cand-entity-3be971ec494c-m65"
"拉丝缇娅拉","是类型","人物","provisional","cand-entity-3be971ec494c-m66"
"拉丝缇娅拉","是类型","人物","provisional","cand-entity-3be971ec494c-m67"
"拉丝缇娅拉","是类型","人物","provisional","cand-entity-3be971ec494c-m68"
"拉丝缇娅拉","是类型","人物","provisional","cand-entity-3be971ec494c-m69"
"拉丝缇娅拉","是类型","人物","provisional","cand-entity-3be971ec494c-m70"
"拉丝缇娅拉","是类型","人物","provisional","cand-entity-3be971ec494c-m71"
"拉丝缇娅拉","是类型","人物","provisional","cand-entity-3be971ec494c"
"西娅・勒伽西","是类型","人物","provisional","cand-entity-3d467b91ce6c-m2"
"西娅・勒伽西","是类型","人物","provisional","cand-entity-3d467b91ce6c"
"『Firefly』","是类型","技能魔法","provisional","cand-entity-3dae2ff694ea"
"飞鱼","是类型","人物(迷宫生物)","provisional","cand-entity-3e7247ac21f2"
"TowersSus・Wind","是类型","魔法(风系大魔法)","provisional","cand-entity-3e7cf53cea26"
"克劳","是类型","人物","provisional","cand-entity-3ee856ee4181-m-m"
"克劳","是类型","人物","provisional","cand-entity-3ee856ee4181-m"
"克劳","是类型","人物","provisional","cand-entity-3ee856ee4181-m4"
"克劳","是类型","人物","provisional","cand-entity-3ee856ee4181-m5"
"克劳","是类型","人物","provisional","cand-entity-3ee856ee4181"
"砂上漂","是类型","人物(迷宫怪物·31层)","provisional","cand-entity-3f7e90aecf98"
"IllusionistKnight","是类型","怪物(迷宫·人形铠甲)","provisional","cand-entity-3fd2a308bfea"
"里约鹰","是类型","人物(迷宫生物)","provisional","cand-entity-4071b2fd451b"
"史诗探索者","是类型","组织(公会)","provisional","cand-entity-41c82e970a4a-m2"
"史诗探索者","是类型","组织(公会)","provisional","cand-entity-41c82e970a4a"
"Sylph・堕落使徒","是类型","道具(魔剑)","provisional","cand-entity-4202e5eb423e-m2"
"Sylph・堕落使徒","是类型","道具(魔剑)","provisional","cand-entity-4202e5eb423e"
"艾尔娜","是类型","人物","provisional","cand-entity-423b89ddcf48"
"『阿雷亚斯家的宝剑诺文』","是类型","道具(剑)","provisional","cand-entity-43499aac051c"
"迪亚布罗·西斯","是类型","人物","provisional","cand-entity-43aa55ba3673-m-m-m-m-m-m"
"迪亚布罗·西斯","是类型","人物","provisional","cand-entity-43aa55ba3673-m-m-m-m-m"
"迪亚布罗·西斯","是类型","人物","provisional","cand-entity-43aa55ba3673-m-m-m-m"
"迪亚布罗·西斯","是类型","人物","provisional","cand-entity-43aa55ba3673-m-m-m"
"迪亚布罗·西斯","是类型","人物","provisional","cand-entity-43aa55ba3673-m-m"
"迪亚布罗·西斯","是类型","人物","provisional","cand-entity-43aa55ba3673-m"
"迪亚布罗·西斯","是类型","人物","provisional","cand-entity-43aa55ba3673-m8"
"迪亚布罗·西斯","是类型","人物","provisional","cand-entity-43aa55ba3673"
"艾德","是类型","人物(四十守护者)","provisional","cand-entity-43aa892f43d2-m-m-m-m-m"
"艾德","是类型","人物(四十守护者)","provisional","cand-entity-43aa892f43d2-m-m-m-m"
"艾德","是类型","人物(四十守护者)","provisional","cand-entity-43aa892f43d2-m-m-m"
"艾德","是类型","人物(四十守护者)","provisional","cand-entity-43aa892f43d2-m-m"
"艾德","是类型","人物(四十守护者)","provisional","cand-entity-43aa892f43d2-m"
"艾德","是类型","人物(四十守护者)","provisional","cand-entity-43aa892f43d2-m10"
"艾德","是类型","人物(四十守护者)","provisional","cand-entity-43aa892f43d2-m11"
"艾德","是类型","人物(四十守护者)","provisional","cand-entity-43aa892f43d2-m12"
"艾德","是类型","人物(四十守护者)","provisional","cand-entity-43aa892f43d2-m13"
"艾德","是类型","人物(四十守护者)","provisional","cand-entity-43aa892f43d2-m14"
"艾德","是类型","人物(四十守护者)","provisional","cand-entity-43aa892f43d2-m15"
"艾德","是类型","人物(四十守护者)","provisional","cand-entity-43aa892f43d2-m16"
"艾德","是类型","人物(四十守护者)","provisional","cand-entity-43aa892f43d2-m17"
"艾德","是类型","人物(四十守护者)","provisional","cand-entity-43aa892f43d2-m18"
"艾德","是类型","人物(四十守护者)","provisional","cand-entity-43aa892f43d2-m19"
"艾德","是类型","人物(四十守护者)","provisional","cand-entity-43aa892f43d2-m20"
"艾德","是类型","人物(四十守护者)","provisional","cand-entity-43aa892f43d2-m21"
"艾德","是类型","人物(四十守护者)","provisional","cand-entity-43aa892f43d2-m22"
"艾德","是类型","人物(四十守护者)","provisional","cand-entity-43aa892f43d2-m23"
"艾德","是类型","人物(四十守护者)","provisional","cand-entity-43aa892f43d2-m24"
"艾德","是类型","人物(四十守护者)","provisional","cand-entity-43aa892f43d2-m25"
"艾德","是类型","人物(四十守护者)","provisional","cand-entity-43aa892f43d2-m26"
"艾德","是类型","人物(四十守护者)","provisional","cand-entity-43aa892f43d2-m27"
"艾德","是类型","人物(四十守护者)","provisional","cand-entity-43aa892f43d2-m28"
"艾德","是类型","人物(四十守护者)","provisional","cand-entity-43aa892f43d2-m29"
"艾德","是类型","人物(四十守护者)","provisional","cand-entity-43aa892f43d2-m30"
"艾德","是类型","人物(四十守护者)","provisional","cand-entity-43aa892f43d2-m31"
"艾德","是类型","人物(四十守护者)","provisional","cand-entity-43aa892f43d2-m7"
"艾德","是类型","人物(四十守护者)","provisional","cand-entity-43aa892f43d2-m8"
"艾德","是类型","人物(四十守护者)","provisional","cand-entity-43aa892f43d2-m9"
"艾德","是类型","人物(四十守护者)","provisional","cand-entity-43aa892f43d2"
"大蜈蚣","是类型","人物(大空洞产出怪物)","provisional","cand-entity-46ad6ee07709"
"莱纳•赫勒比勒夏因","是类型","人物","provisional","cand-entity-478e406e6664"
"漩涡蚁狮","是类型","人物(迷宫生物)","provisional","cand-entity-47c00b9763d7"
"芬里尔·阿雷亚斯","是类型","人物","provisional","cand-entity-49145827627e-m-m"
"芬里尔·阿雷亚斯","是类型","人物","provisional","cand-entity-49145827627e-m"
"芬里尔·阿雷亚斯","是类型","人物","provisional","cand-entity-49145827627e"
"LizardFlyer","是类型","人物(迷宫65层怪物)","provisional","cand-entity-495bc6080034"
"闪耀吧炎之剑","是类型","魔法(火焰系奥义)","provisional","cand-entity-49e7deea20b9"
"黯淡之龙","是类型","人物(迷宫外怪物)","provisional","cand-entity-4ab9827996b7"
"DivineShield","是类型","魔法(防壁)","provisional","cand-entity-4b051e4e02c5"
"海因·赫勒比勒夏因","是类型","人物","provisional","cand-entity-4cd68e1d3308-m-m"
"海因·赫勒比勒夏因","是类型","人物","provisional","cand-entity-4cd68e1d3308-m"
"海因·赫勒比勒夏因","是类型","人物","provisional","cand-entity-4cd68e1d3308-m4"
"海因·赫勒比勒夏因","是类型","人物","provisional","cand-entity-4cd68e1d3308-m5"
"海因·赫勒比勒夏因","是类型","人物","provisional","cand-entity-4cd68e1d3308"
"ColorlessUnicorn","是类型","人物(迷宫62层怪物)","provisional","cand-entity-4d04f519b15c-m2"
"ColorlessUnicorn","是类型","人物(迷宫62层怪物)","provisional","cand-entity-4d04f519b15c"
"斯诺","是类型","人物","provisional","cand-entity-4d649382f5e1"
"雷鲁·桑库斯","是类型","人物","provisional","cand-entity-4e6abd571844-m-m"
"雷鲁·桑库斯","是类型","人物","provisional","cand-entity-4e6abd571844-m"
"雷鲁·桑库斯","是类型","人物","provisional","cand-entity-4e6abd571844"
"暗之理的盗窃者","是类型","守护者称号(暗之理)","provisional","cand-entity-50dd664ea8ea"
"五十层","是类型","地点(迷宫·罗德的阶层)","provisional","cand-entity-5143b61e4ee8"
"冰结剑·冰刃","是类型","魔法(冰结系)","provisional","cand-entity-519cf7123097"
"Centidreadnought","是类型","人物(怪物)","provisional","cand-entity-5355e22e1cee"
"风龙（艾尔芬里斯）","是类型","怪物(迷宫六十六层支配者)","provisional","cand-entity-538afa03c7e6-m2"
"风龙（艾尔芬里斯）","是类型","怪物(迷宫六十六层支配者)","provisional","cand-entity-538afa03c7e6"
"拉丝缇娅拉的手记","是类型","道具(手记)","provisional","cand-entity-5504183a54d7"
"《维度》","是类型","技能魔法","provisional","cand-entity-5665520f5751-m2"
"《维度》","是类型","技能魔法","provisional","cand-entity-5665520f5751"
"无序之风","是类型","魔法(风系妨害)","provisional","cand-entity-57c9b2e9dd6e"
"光魔法","是类型","魔法体系(光属性)","provisional","cand-entity-587f91748a16"
"古尔亚德","是类型","地点(国/势力)","provisional","cand-entity-58d777b73662"
"理的盗窃者","是类型","人物/存在(称号·千年前的敌对者)","provisional","cand-entity-597c6230ab8d"
"斯科纳・伊格德拉西尔","是类型","人物(长生种·树人)","provisional","cand-entity-59bcff7ad15a"
"保管室","是类型","地点(佩艾希亚城内·绘画)","provisional","cand-entity-5aa4bff0ad51"
"缇达","是类型","人物(迷宫生物)","provisional","cand-entity-5adc784f40f7-m2-m-m"
"缇达","是类型","人物(迷宫生物)","provisional","cand-entity-5adc784f40f7-m2-m"
"缇达","是类型","人物(迷宫生物)","provisional","cand-entity-5adc784f40f7-m2"
"缇达","是类型","人物(迷宫生物)","provisional","cand-entity-5adc784f40f7-m5"
"缇达","是类型","人物","provisional","cand-entity-5adc784f40f7"
"兜牢宫","是类型","人物(迷宫生物)","provisional","cand-entity-5c4f15d04381"
"宝石鱼","是类型","怪物(迷宫·鱼形)","provisional","cand-entity-5c81f43fd2ed-m2"
"宝石鱼","是类型","怪物(迷宫·鱼形)","provisional","cand-entity-5c81f43fd2ed"
"斯诺的义母","是类型","人物","provisional","cand-entity-5ca6dea0a170-m"
"斯诺的义母","是类型","人物","provisional","cand-entity-5ca6dea0a170"
"艾尔芬里斯","是类型","怪物(风龙)","provisional","cand-entity-5e5c88a0c3e4-m2"
"艾尔芬里斯","是类型","怪物(风龙)","provisional","cand-entity-5e5c88a0c3e4-m3"
"艾尔芬里斯","是类型","怪物(风龙)","provisional","cand-entity-5e5c88a0c3e4-m4"
"艾尔芬里斯","是类型","怪物(风龙)","provisional","cand-entity-5e5c88a0c3e4-m5"
"艾尔芬里斯","是类型","怪物(风龙)","provisional","cand-entity-5e5c88a0c3e4-m6"
"艾尔芬里斯","是类型","怪物(风龙)","provisional","cand-entity-5e5c88a0c3e4"
"PaleGriffin","是类型","人物(迷宫63层怪物)","provisional","cand-entity-5e5f0c9a66ef-m2"
"PaleGriffin","是类型","人物(迷宫63层怪物)","provisional","cand-entity-5e5f0c9a66ef"
"伊丽莎白・沃尔斯","是类型","人物(佩艾希亚·骑士·贝丝酱成年态)","provisional","cand-entity-5f0db4a6c2a9-m2"
"伊丽莎白・沃尔斯","是类型","人物(佩艾希亚·骑士·贝丝酱成年态)","provisional","cand-entity-5f0db4a6c2a9"
"Jaeger·Wind","是类型","技能(莱纳·风魔法)","provisional","cand-entity-5f5ce14ce6b0-m2"
"Jaeger·Wind","是类型","技能(莱纳·风魔法)","provisional","cand-entity-5f5ce14ce6b0"
"艾尔米拉德·希达尔克","是类型","人物","provisional","cand-entity-6010c4590776-m-m"
"艾尔米拉德·希达尔克","是类型","人物","provisional","cand-entity-6010c4590776-m"
"艾尔米拉德·希达尔克","是类型","人物","provisional","cand-entity-6010c4590776-m4"
"艾尔米拉德·希达尔克","是类型","人物","provisional","cand-entity-6010c4590776-m5"
"艾尔米拉德·希达尔克","是类型","人物","provisional","cand-entity-6010c4590776-m6"
"艾尔米拉德·希达尔克","是类型","人物","provisional","cand-entity-6010c4590776"
"联合国","是类型","组织(国家联合)","provisional","cand-entity-6038ed1432f1"
"兰斯","是类型","人物(骑士·诺斯菲三骑士之一)","provisional","cand-entity-60f4ff1b3b55"
"白石玉衣","是类型","道具(防具)","provisional","cand-entity-612a3445abc5"
"次元之戒","是类型","道具(魔法戒指·MP储存)","provisional","cand-entity-6182138522a7-m2"
"次元之戒","是类型","道具(魔法戒指·MP储存)","provisional","cand-entity-6182138522a7"
"异世界","是类型","地点(涡波的原世界)","provisional","cand-entity-62207c592d51"
"莉帕","是类型","人物(知性魔法)","provisional","cand-entity-62211c4ac0fd-m-m-m-m-m-m-m-m-m-m-m-m-m-m-m-m-m-m-m-m-m-m-m-m-m-m-m-m-m-m-m-m-m-m"
"莉帕","是类型","人物(知性魔法)","provisional","cand-entity-62211c4ac0fd-m-m-m-m-m-m-m-m-m-m-m-m-m-m-m-m-m-m-m-m-m-m-m-m-m-m-m-m-m-m-m-m-m"
"莉帕","是类型","人物(知性魔法)","provisional","cand-entity-62211c4ac0fd-m-m-m-m-m-m-m-m-m-m-m-m-m-m-m-m-m-m-m-m-m-m-m-m-m-m-m-m-m-m-m-m"
"莉帕","是类型","人物(知性魔法)","provisional","cand-entity-62211c4ac0fd-m-m-m-m-m-m-m-m-m-m-m-m-m-m-m-m-m-m-m-m-m-m-m-m-m-m-m-m-m-m-m"
"莉帕","是类型","人物(知性魔法)","provisional","cand-entity-62211c4ac0fd-m-m-m-m-m-m-m-m-m-m-m-m-m-m-m-m-m-m-m-m-m-m-m-m-m-m-m-m-m-m"
"莉帕","是类型","人物(知性魔法)","provisional","cand-entity-62211c4ac0fd-m-m-m-m-m-m-m-m-m-m-m-m-m-m-m-m-m-m-m-m-m-m-m-m-m-m-m-m-m"
"莉帕","是类型","人物(知性魔法)","provisional","cand-entity-62211c4ac0fd-m-m-m-m-m-m-m-m-m-m-m-m-m-m-m-m-m-m-m-m-m-m-m-m-m-m-m-m"
"莉帕","是类型","人物(知性魔法)","provisional","cand-entity-62211c4ac0fd-m-m-m-m-m-m-m-m-m-m-m-m-m-m-m-m-m-m-m-m-m-m-m-m-m-m-m"
"莉帕","是类型","人物(知性魔法)","provisional","cand-entity-62211c4ac0fd-m-m-m-m-m-m-m-m-m-m-m-m-m-m-m-m-m-m-m-m-m-m-m-m-m-m"
"莉帕","是类型","人物(知性魔法)","provisional","cand-entity-62211c4ac0fd-m-m-m-m-m-m-m-m-m-m-m-m-m-m-m-m-m-m-m-m-m-m-m-m-m"
"莉帕","是类型","人物(知性魔法)","provisional","cand-entity-62211c4ac0fd-m-m-m-m-m-m-m-m-m-m-m-m-m-m-m-m-m-m-m-m-m-m-m-m"
"莉帕","是类型","人物(知性魔法)","provisional","cand-entity-62211c4ac0fd-m-m-m-m-m-m-m-m-m-m-m-m-m-m-m-m-m-m-m-m-m-m-m"
"莉帕","是类型","人物(知性魔法)","provisional","cand-entity-62211c4ac0fd-m-m-m-m-m-m-m-m-m-m-m-m-m-m-m-m-m-m-m-m-m-m"
"莉帕","是类型","人物(知性魔法)","provisional","cand-entity-62211c4ac0fd-m-m-m-m-m-m-m-m-m-m-m-m-m-m-m-m-m-m-m-m-m"
"莉帕","是类型","人物(知性魔法)","provisional","cand-entity-62211c4ac0fd-m-m-m-m-m-m-m-m-m-m-m-m-m-m-m-m-m-m-m-m"
"莉帕","是类型","人物(知性魔法)","provisional","cand-entity-62211c4ac0fd-m-m-m-m-m-m-m-m-m-m-m-m-m-m-m-m-m-m-m"
"莉帕","是类型","人物(知性魔法)","provisional","cand-entity-62211c4ac0fd-m-m-m-m-m-m-m-m-m-m-m-m-m-m-m-m-m-m"
"莉帕","是类型","人物(知性魔法)","provisional","cand-entity-62211c4ac0fd-m-m-m-m-m-m-m-m-m-m-m-m-m-m-m-m-m"
"莉帕","是类型","人物(知性魔法)","provisional","cand-entity-62211c4ac0fd-m-m-m-m-m-m-m-m-m-m-m-m-m-m-m-m"
"莉帕","是类型","人物(知性魔法)","provisional","cand-entity-62211c4ac0fd-m-m-m-m-m-m-m-m-m-m-m-m-m-m-m"
"莉帕","是类型","人物(知性魔法)","provisional","cand-entity-62211c4ac0fd-m-m-m-m-m-m-m-m-m-m-m-m-m-m"
"莉帕","是类型","人物(知性魔法)","provisional","cand-entity-62211c4ac0fd-m-m-m-m-m-m-m-m-m-m-m-m-m"
"莉帕","是类型","人物(知性魔法)","provisional","cand-entity-62211c4ac0fd-m-m-m-m-m-m-m-m-m-m-m-m"
"莉帕","是类型","人物(知性魔法)","provisional","cand-entity-62211c4ac0fd-m-m-m-m-m-m-m-m-m-m-m"
"莉帕","是类型","人物(知性魔法)","provisional","cand-entity-62211c4ac0fd-m-m-m-m-m-m-m-m-m-m"
"莉帕","是类型","人物(知性魔法)","provisional","cand-entity-62211c4ac0fd-m-m-m-m-m-m-m-m-m"
"莉帕","是类型","人物(知性魔法)","provisional","cand-entity-62211c4ac0fd-m-m-m-m-m-m-m-m"
"莉帕","是类型","人物(知性魔法)","provisional","cand-entity-62211c4ac0fd-m-m-m-m-m-m-m"
"莉帕","是类型","人物(知性魔法)","provisional","cand-entity-62211c4ac0fd-m-m-m-m-m-m"
"莉帕","是类型","人物(知性魔法)","provisional","cand-entity-62211c4ac0fd-m-m-m-m-m"
"莉帕","是类型","人物(知性魔法)","provisional","cand-entity-62211c4ac0fd-m-m-m-m"
"莉帕","是类型","人物(知性魔法)","provisional","cand-entity-62211c4ac0fd-m-m-m"
"莉帕","是类型","人物(知性魔法)","provisional","cand-entity-62211c4ac0fd-m-m"
"莉帕","是类型","人物(知性魔法)","provisional","cand-entity-62211c4ac0fd-m"
"莉帕","是类型","人物(知性魔法)","provisional","cand-entity-62211c4ac0fd-m36"
"莉帕","是类型","人物(知性魔法)","provisional","cand-entity-62211c4ac0fd-m37"
"莉帕","是类型","人物(知性魔法)","provisional","cand-entity-62211c4ac0fd-m38"
"莉帕","是类型","人物(知性魔法)","provisional","cand-entity-62211c4ac0fd-m39"
"莉帕","是类型","人物(知性魔法)","provisional","cand-entity-62211c4ac0fd-m40"
"莉帕","是类型","人物(知性魔法)","provisional","cand-entity-62211c4ac0fd-m41"
"莉帕","是类型","人物(知性魔法)","provisional","cand-entity-62211c4ac0fd-m42"
"莉帕","是类型","人物(知性魔法)","provisional","cand-entity-62211c4ac0fd-m43"
"莉帕","是类型","人物(知性魔法)","provisional","cand-entity-62211c4ac0fd"
"南方联盟","是类型","组织(联盟)","provisional","cand-entity-637e12c0b615"
"魔法相杀","是类型","技能(魔力干涉)","provisional","cand-entity-638fa26005f8"
"店员姐姐","是类型","人物(魔法屋店员·精灵耳)","provisional","cand-entity-6510d4bfa2ab"
"赛鲁多拉","是类型","人物","provisional","cand-entity-65145986fb5c-m2"
"赛鲁多拉","是类型","人物","provisional","cand-entity-65145986fb5c-m3"
"赛鲁多拉","是类型","人物","provisional","cand-entity-65145986fb5c-m4"
"赛鲁多拉","是类型","人物","provisional","cand-entity-65145986fb5c"
"罗德・缇缇","是类型","人物(五十之守护者)","provisional","cand-entity-65787929a6fb-m2"
"罗德・缇缇","是类型","人物(五十之守护者)","provisional","cand-entity-65787929a6fb-m3"
"罗德・缇缇","是类型","人物(五十之守护者)","provisional","cand-entity-65787929a6fb-m4"
"罗德・缇缇","是类型","人物(五十之守护者)","provisional","cand-entity-65787929a6fb-m5"
"罗德・缇缇","是类型","人物(五十之守护者)","provisional","cand-entity-65787929a6fb-m6"
"罗德・缇缇","是类型","人物(五十之守护者)","provisional","cand-entity-65787929a6fb"
"大圣堂地下的沉眠少女","是类型","人物(已逝·原文未命名)","provisional","cand-entity-66bb0b98524f"
"同死神相伴的魔女","是类型","人物(传闻称号)","provisional","cand-entity-682605d3d648"
"神铁锻冶","是类型","技能(锻冶系)","provisional","cand-entity-69f11af2c7d3-m2"
"神铁锻冶","是类型","技能(锻冶系)","provisional","cand-entity-69f11af2c7d3"
"缇娅拉·弗茨亚茨","是类型","人物","provisional","cand-entity-6aca64481a1a"
"维度・决战演算","是类型","魔法(维度系)","provisional","cand-entity-6b1909449578-m2"
"维度・决战演算","是类型","魔法(维度系)","provisional","cand-entity-6b1909449578"
"使徒勒伽西","是类型","人物(使徒)","provisional","cand-entity-6c930aff2557-m-m"
"使徒勒伽西","是类型","人物(使徒)","provisional","cand-entity-6c930aff2557-m"
"使徒勒伽西","是类型","人物(使徒)","provisional","cand-entity-6c930aff2557-m4"
"使徒勒伽西","是类型","人物(使徒)","provisional","cand-entity-6c930aff2557-m5"
"使徒勒伽西","是类型","人物(使徒)","provisional","cand-entity-6c930aff2557-m6"
"使徒勒伽西","是类型","人物(使徒)","provisional","cand-entity-6c930aff2557-m7"
"使徒勒伽西","是类型","人物(使徒)","provisional","cand-entity-6c930aff2557"
"Ex・Wind","是类型","魔法(风系)","provisional","cand-entity-6d0652b452f9"
"『维度・决战演算』","是类型","魔法(次元魔术)","provisional","cand-entity-6e8fff3333e1"
"世界奉还阵","是类型","魔法(术式)","provisional","cand-entity-6ebb61f605db-m2"
"世界奉还阵","是类型","魔法(术式)","provisional","cand-entity-6ebb61f605db-m3"
"世界奉还阵","是类型","魔法(术式)","provisional","cand-entity-6ebb61f605db-m4"
"世界奉还阵","是类型","魔法(术式)","provisional","cand-entity-6ebb61f605db"
"玛利亚","是类型","人物","provisional","cand-entity-6ec55f218d59-m-m-m-m-m-m-m-m-m-m-m-m-m-m-m-m-m-m-m-m-m-m-m-m-m-m-m-m-m-m-m-m-m-m-m-m-m-m-m-m"
"玛利亚","是类型","人物","provisional","cand-entity-6ec55f218d59-m-m-m-m-m-m-m-m-m-m-m-m-m-m-m-m-m-m-m-m-m-m-m-m-m-m-m-m-m-m-m-m-m-m-m-m-m-m-m"
"玛利亚","是类型","人物","provisional","cand-entity-6ec55f218d59-m-m-m-m-m-m-m-m-m-m-m-m-m-m-m-m-m-m-m-m-m-m-m-m-m-m-m-m-m-m-m-m-m-m-m-m-m-m"
"玛利亚","是类型","人物","provisional","cand-entity-6ec55f218d59-m-m-m-m-m-m-m-m-m-m-m-m-m-m-m-m-m-m-m-m-m-m-m-m-m-m-m-m-m-m-m-m-m-m-m-m-m"
"玛利亚","是类型","人物","provisional","cand-entity-6ec55f218d59-m-m-m-m-m-m-m-m-m-m-m-m-m-m-m-m-m-m-m-m-m-m-m-m-m-m-m-m-m-m-m-m-m-m-m-m"
"玛利亚","是类型","人物","provisional","cand-entity-6ec55f218d59-m-m-m-m-m-m-m-m-m-m-m-m-m-m-m-m-m-m-m-m-m-m-m-m-m-m-m-m-m-m-m-m-m-m-m"
"玛利亚","是类型","人物","provisional","cand-entity-6ec55f218d59-m-m-m-m-m-m-m-m-m-m-m-m-m-m-m-m-m-m-m-m-m-m-m-m-m-m-m-m-m-m-m-m-m-m"
"玛利亚","是类型","人物","provisional","cand-entity-6ec55f218d59-m-m-m-m-m-m-m-m-m-m-m-m-m-m-m-m-m-m-m-m-m-m-m-m-m-m-m-m-m-m-m-m-m"
"玛利亚","是类型","人物","provisional","cand-entity-6ec55f218d59-m-m-m-m-m-m-m-m-m-m-m-m-m-m-m-m-m-m-m-m-m-m-m-m-m-m-m-m-m-m-m-m"
"玛利亚","是类型","人物","provisional","cand-entity-6ec55f218d59-m-m-m-m-m-m-m-m-m-m-m-m-m-m-m-m-m-m-m-m-m-m-m-m-m-m-m-m-m-m-m"
"玛利亚","是类型","人物","provisional","cand-entity-6ec55f218d59-m-m-m-m-m-m-m-m-m-m-m-m-m-m-m-m-m-m-m-m-m-m-m-m-m-m-m-m-m-m"
"玛利亚","是类型","人物","provisional","cand-entity-6ec55f218d59-m-m-m-m-m-m-m-m-m-m-m-m-m-m-m-m-m-m-m-m-m-m-m-m-m-m-m-m-m"
"玛利亚","是类型","人物","provisional","cand-entity-6ec55f218d59-m-m-m-m-m-m-m-m-m-m-m-m-m-m-m-m-m-m-m-m-m-m-m-m-m-m-m-m"
"玛利亚","是类型","人物","provisional","cand-entity-6ec55f218d59-m-m-m-m-m-m-m-m-m-m-m-m-m-m-m-m-m-m-m-m-m-m-m-m-m-m-m"
"玛利亚","是类型","人物","provisional","cand-entity-6ec55f218d59-m-m-m-m-m-m-m-m-m-m-m-m-m-m-m-m-m-m-m-m-m-m-m-m-m-m"
"玛利亚","是类型","人物","provisional","cand-entity-6ec55f218d59-m-m-m-m-m-m-m-m-m-m-m-m-m-m-m-m-m-m-m-m-m-m-m-m-m"
"玛利亚","是类型","人物","provisional","cand-entity-6ec55f218d59-m-m-m-m-m-m-m-m-m-m-m-m-m-m-m-m-m-m-m-m-m-m-m-m"
"玛利亚","是类型","人物","provisional","cand-entity-6ec55f218d59-m-m-m-m-m-m-m-m-m-m-m-m-m-m-m-m-m-m-m-m-m-m-m"
"玛利亚","是类型","人物","provisional","cand-entity-6ec55f218d59-m-m-m-m-m-m-m-m-m-m-m-m-m-m-m-m-m-m-m-m-m-m"
"玛利亚","是类型","人物","provisional","cand-entity-6ec55f218d59-m-m-m-m-m-m-m-m-m-m-m-m-m-m-m-m-m-m-m-m-m"
"玛利亚","是类型","人物","provisional","cand-entity-6ec55f218d59-m-m-m-m-m-m-m-m-m-m-m-m-m-m-m-m-m-m-m-m"
"玛利亚","是类型","人物","provisional","cand-entity-6ec55f218d59-m-m-m-m-m-m-m-m-m-m-m-m-m-m-m-m-m-m-m"
"玛利亚","是类型","人物","provisional","cand-entity-6ec55f218d59-m-m-m-m-m-m-m-m-m-m-m-m-m-m-m-m-m-m"
"玛利亚","是类型","人物","provisional","cand-entity-6ec55f218d59-m-m-m-m-m-m-m-m-m-m-m-m-m-m-m-m-m"
"玛利亚","是类型","人物","provisional","cand-entity-6ec55f218d59-m-m-m-m-m-m-m-m-m-m-m-m-m-m-m-m"
"玛利亚","是类型","人物","provisional","cand-entity-6ec55f218d59-m-m-m-m-m-m-m-m-m-m-m-m-m-m-m"
"玛利亚","是类型","人物","provisional","cand-entity-6ec55f218d59-m-m-m-m-m-m-m-m-m-m-m-m-m-m"
"玛利亚","是类型","人物","provisional","cand-entity-6ec55f218d59-m-m-m-m-m-m-m-m-m-m-m-m-m"
"玛利亚","是类型","人物","provisional","cand-entity-6ec55f218d59-m-m-m-m-m-m-m-m-m-m-m-m"
"玛利亚","是类型","人物","provisional","cand-entity-6ec55f218d59-m-m-m-m-m-m-m-m-m-m-m"
"玛利亚","是类型","人物","provisional","cand-entity-6ec55f218d59-m-m-m-m-m-m-m-m-m-m"
"玛利亚","是类型","人物","provisional","cand-entity-6ec55f218d59-m-m-m-m-m-m-m-m-m"
"玛利亚","是类型","人物","provisional","cand-entity-6ec55f218d59-m-m-m-m-m-m-m-m"
"玛利亚","是类型","人物","provisional","cand-entity-6ec55f218d59-m-m-m-m-m-m-m"
"玛利亚","是类型","人物","provisional","cand-entity-6ec55f218d59-m-m-m-m-m-m"
"玛利亚","是类型","人物","provisional","cand-entity-6ec55f218d59-m-m-m-m-m"
"玛利亚","是类型","人物","provisional","cand-entity-6ec55f218d59-m-m-m-m"
"玛利亚","是类型","人物","provisional","cand-entity-6ec55f218d59-m-m-m"
"玛利亚","是类型","人物","provisional","cand-entity-6ec55f218d59-m-m"
"玛利亚","是类型","人物","provisional","cand-entity-6ec55f218d59-m"
"玛利亚","是类型","人物","provisional","cand-entity-6ec55f218d59-m42"
"玛利亚","是类型","人物","provisional","cand-entity-6ec55f218d59-m43"
"玛利亚","是类型","人物","provisional","cand-entity-6ec55f218d59-m44"
"玛利亚","是类型","人物","provisional","cand-entity-6ec55f218d59-m45"
"玛利亚","是类型","人物","provisional","cand-entity-6ec55f218d59-m46"
"玛利亚","是类型","人物","provisional","cand-entity-6ec55f218d59-m47"
"玛利亚","是类型","人物","provisional","cand-entity-6ec55f218d59-m48"
"玛利亚","是类型","人物","provisional","cand-entity-6ec55f218d59-m49"
"玛利亚","是类型","人物","provisional","cand-entity-6ec55f218d59-m50"
"玛利亚","是类型","人物","provisional","cand-entity-6ec55f218d59-m51"
"玛利亚","是类型","人物","provisional","cand-entity-6ec55f218d59-m52"
"玛利亚","是类型","人物","provisional","cand-entity-6ec55f218d59-m53"
"玛利亚","是类型","人物","provisional","cand-entity-6ec55f218d59-m54"
"玛利亚","是类型","人物","provisional","cand-entity-6ec55f218d59-m55"
"玛利亚","是类型","人物","provisional","cand-entity-6ec55f218d59-m56"
"玛利亚","是类型","人物","provisional","cand-entity-6ec55f218d59-m57"
"玛利亚","是类型","人物","provisional","cand-entity-6ec55f218d59-m58"
"玛利亚","是类型","人物","provisional","cand-entity-6ec55f218d59-m59"
"玛利亚","是类型","人物","provisional","cand-entity-6ec55f218d59-m60"
"玛利亚","是类型","人物","provisional","cand-entity-6ec55f218d59-m61"
"玛利亚","是类型","人物","provisional","cand-entity-6ec55f218d59-m62"
"玛利亚","是类型","人物","provisional","cand-entity-6ec55f218d59-m63"
"玛利亚","是类型","人物","provisional","cand-entity-6ec55f218d59-m64"
"玛利亚","是类型","人物","provisional","cand-entity-6ec55f218d59"
"五十七层","是类型","地点(迷宫)","provisional","cand-entity-6f2c719d438b-m2"
"五十七层","是类型","地点(迷宫)","provisional","cand-entity-6f2c719d438b"
"『DistanceMute』","是类型","魔法(次元魔术)","provisional","cand-entity-6f931966575f"
"AngeloBaïOnnette","是类型","魔法(风属性·罗德·武器构筑)","provisional","cand-entity-6fff57f86e5c"
"DarkCloth","是类型","魔法(暗系强化)","provisional","cand-entity-7034d2eae60f"
"风之矢","是类型","魔法(风属性·罗德)","provisional","cand-entity-7126b1b9aabc"
"圣人缇娅拉","是类型","人物(传说)","provisional","cand-entity-71e69da729d4-m"
"圣人缇娅拉","是类型","人物(传说)","provisional","cand-entity-71e69da729d4-m3"
"圣人缇娅拉","是类型","人物(传说)","provisional","cand-entity-71e69da729d4"
"Connection","是类型","魔法(转移门)","provisional","cand-entity-73714c449cd3"
"六十五层","是类型","地点(迷宫阶层)","provisional","cand-entity-742fe8b4b934-m2"
"六十五层","是类型","地点(迷宫阶层)","provisional","cand-entity-742fe8b4b934"
"缇缇","是类型","人物(魔人·『支配之王』)","provisional","cand-entity-75b8d316350b-m2"
"缇缇","是类型","人物(魔人·『支配之王』)","provisional","cand-entity-75b8d316350b-m3"
"缇缇","是类型","人物(魔人·『支配之王』)","provisional","cand-entity-75b8d316350b"
"六十六层","是类型","地点(迷宫阶层)","provisional","cand-entity-76ce27f980e6-m2"
"六十六层","是类型","地点(迷宫阶层)","provisional","cand-entity-76ce27f980e6"
"技能『诈术』","是类型","技能","provisional","cand-entity-76fa133cc906"
"LineSquitter","是类型","人物(迷宫生物)","provisional","cand-entity-77f870bd4cf1"
"技能『魔力冰结化』","是类型","技能","provisional","cand-entity-7932c6090c1e"
"『次元之冬·终霜（Di·Winter·Frost）』","是类型","魔法(次元系)","provisional","cand-entity-79f3a664b39c"
"相川涡波","是类型","人物","provisional","cand-entity-7bfeec89472b-m-m-m-m-m-m-m-m-m-m-m-m-m-m-m-m-m-m-m-m-m-m-m-m-m-m-m-m-m-m-m-m-m-m-m-m-m-m-m-m-m-m-m-m-m-m-m-m-m-m-m-m-m-m-m-m-m-m-m-m-m-m-m-m-m-m-m-m-m-m-m-m-m-m-m-m-m"
"相川涡波","是类型","人物","provisional","cand-entity-7bfeec89472b-m-m-m-m-m-m-m-m-m-m-m-m-m-m-m-m-m-m-m-m-m-m-m-m-m-m-m-m-m-m-m-m-m-m-m-m-m-m-m-m-m-m-m-m-m-m-m-m-m-m-m-m-m-m-m-m-m-m-m-m-m-m-m-m-m-m-m-m-m-m-m-m-m-m-m-m"
"相川涡波","是类型","人物","provisional","cand-entity-7bfeec89472b-m-m-m-m-m-m-m-m-m-m-m-m-m-m-m-m-m-m-m-m-m-m-m-m-m-m-m-m-m-m-m-m-m-m-m-m-m-m-m-m-m-m-m-m-m-m-m-m-m-m-m-m-m-m-m-m-m-m-m-m-m-m-m-m-m-m-m-m-m-m-m-m-m-m-m"
"相川涡波","是类型","人物","provisional","cand-entity-7bfeec89472b-m-m-m-m-m-m-m-m-m-m-m-m-m-m-m-m-m-m-m-m-m-m-m-m-m-m-m-m-m-m-m-m-m-m-m-m-m-m-m-m-m-m-m-m-m-m-m-m-m-m-m-m-m-m-m-m-m-m-m-m-m-m-m-m-m-m-m-m-m-m-m-m-m-m"
"相川涡波","是类型","人物","provisional","cand-entity-7bfeec89472b-m-m-m-m-m-m-m-m-m-m-m-m-m-m-m-m-m-m-m-m-m-m-m-m-m-m-m-m-m-m-m-m-m-m-m-m-m-m-m-m-m-m-m-m-m-m-m-m-m-m-m-m-m-m-m-m-m-m-m-m-m-m-m-m-m-m-m-m-m-m-m-m-m"
"相川涡波","是类型","人物","provisional","cand-entity-7bfeec89472b-m-m-m-m-m-m-m-m-m-m-m-m-m-m-m-m-m-m-m-m-m-m-m-m-m-m-m-m-m-m-m-m-m-m-m-m-m-m-m-m-m-m-m-m-m-m-m-m-m-m-m-m-m-m-m-m-m-m-m-m-m-m-m-m-m-m-m-m-m-m-m-m"
"相川涡波","是类型","人物","provisional","cand-entity-7bfeec89472b-m-m-m-m-m-m-m-m-m-m-m-m-m-m-m-m-m-m-m-m-m-m-m-m-m-m-m-m-m-m-m-m-m-m-m-m-m-m-m-m-m-m-m-m-m-m-m-m-m-m-m-m-m-m-m-m-m-m-m-m-m-m-m-m-m-m-m-m-m-m-m"
"相川涡波","是类型","人物","provisional","cand-entity-7bfeec89472b-m-m-m-m-m-m-m-m-m-m-m-m-m-m-m-m-m-m-m-m-m-m-m-m-m-m-m-m-m-m-m-m-m-m-m-m-m-m-m-m-m-m-m-m-m-m-m-m-m-m-m-m-m-m-m-m-m-m-m-m-m-m-m-m-m-m-m-m-m-m"
"相川涡波","是类型","人物","provisional","cand-entity-7bfeec89472b-m-m-m-m-m-m-m-m-m-m-m-m-m-m-m-m-m-m-m-m-m-m-m-m-m-m-m-m-m-m-m-m-m-m-m-m-m-m-m-m-m-m-m-m-m-m-m-m-m-m-m-m-m-m-m-m-m-m-m-m-m-m-m-m-m-m-m-m-m"
"相川涡波","是类型","人物","provisional","cand-entity-7bfeec89472b-m-m-m-m-m-m-m-m-m-m-m-m-m-m-m-m-m-m-m-m-m-m-m-m-m-m-m-m-m-m-m-m-m-m-m-m-m-m-m-m-m-m-m-m-m-m-m-m-m-m-m-m-m-m-m-m-m-m-m-m-m-m-m-m-m-m-m-m"
"相川涡波","是类型","人物","provisional","cand-entity-7bfeec89472b-m-m-m-m-m-m-m-m-m-m-m-m-m-m-m-m-m-m-m-m-m-m-m-m-m-m-m-m-m-m-m-m-m-m-m-m-m-m-m-m-m-m-m-m-m-m-m-m-m-m-m-m-m-m-m-m-m-m-m-m-m-m-m-m-m-m-m"
"相川涡波","是类型","人物","provisional","cand-entity-7bfeec89472b-m-m-m-m-m-m-m-m-m-m-m-m-m-m-m-m-m-m-m-m-m-m-m-m-m-m-m-m-m-m-m-m-m-m-m-m-m-m-m-m-m-m-m-m-m-m-m-m-m-m-m-m-m-m-m-m-m-m-m-m-m-m-m-m-m-m"
"相川涡波","是类型","人物","provisional","cand-entity-7bfeec89472b-m-m-m-m-m-m-m-m-m-m-m-m-m-m-m-m-m-m-m-m-m-m-m-m-m-m-m-m-m-m-m-m-m-m-m-m-m-m-m-m-m-m-m-m-m-m-m-m-m-m-m-m-m-m-m-m-m-m-m-m-m-m-m-m-m"
"相川涡波","是类型","人物","provisional","cand-entity-7bfeec89472b-m-m-m-m-m-m-m-m-m-m-m-m-m-m-m-m-m-m-m-m-m-m-m-m-m-m-m-m-m-m-m-m-m-m-m-m-m-m-m-m-m-m-m-m-m-m-m-m-m-m-m-m-m-m-m-m-m-m-m-m-m-m-m-m"
"相川涡波","是类型","人物","provisional","cand-entity-7bfeec89472b-m-m-m-m-m-m-m-m-m-m-m-m-m-m-m-m-m-m-m-m-m-m-m-m-m-m-m-m-m-m-m-m-m-m-m-m-m-m-m-m-m-m-m-m-m-m-m-m-m-m-m-m-m-m-m-m-m-m-m-m-m-m-m"
"相川涡波","是类型","人物","provisional","cand-entity-7bfeec89472b-m-m-m-m-m-m-m-m-m-m-m-m-m-m-m-m-m-m-m-m-m-m-m-m-m-m-m-m-m-m-m-m-m-m-m-m-m-m-m-m-m-m-m-m-m-m-m-m-m-m-m-m-m-m-m-m-m-m-m-m-m-m"
"相川涡波","是类型","人物","provisional","cand-entity-7bfeec89472b-m-m-m-m-m-m-m-m-m-m-m-m-m-m-m-m-m-m-m-m-m-m-m-m-m-m-m-m-m-m-m-m-m-m-m-m-m-m-m-m-m-m-m-m-m-m-m-m-m-m-m-m-m-m-m-m-m-m-m-m-m"
"相川涡波","是类型","人物","provisional","cand-entity-7bfeec89472b-m-m-m-m-m-m-m-m-m-m-m-m-m-m-m-m-m-m-m-m-m-m-m-m-m-m-m-m-m-m-m-m-m-m-m-m-m-m-m-m-m-m-m-m-m-m-m-m-m-m-m-m-m-m-m-m-m-m-m-m"
"相川涡波","是类型","人物","provisional","cand-entity-7bfeec89472b-m-m-m-m-m-m-m-m-m-m-m-m-m-m-m-m-m-m-m-m-m-m-m-m-m-m-m-m-m-m-m-m-m-m-m-m-m-m-m-m-m-m-m-m-m-m-m-m-m-m-m-m-m-m-m-m-m-m-m"
"相川涡波","是类型","人物","provisional","cand-entity-7bfeec89472b-m-m-m-m-m-m-m-m-m-m-m-m-m-m-m-m-m-m-m-m-m-m-m-m-m-m-m-m-m-m-m-m-m-m-m-m-m-m-m-m-m-m-m-m-m-m-m-m-m-m-m-m-m-m-m-m-m-m"
"相川涡波","是类型","人物","provisional","cand-entity-7bfeec89472b-m-m-m-m-m-m-m-m-m-m-m-m-m-m-m-m-m-m-m-m-m-m-m-m-m-m-m-m-m-m-m-m-m-m-m-m-m-m-m-m-m-m-m-m-m-m-m-m-m-m-m-m-m-m-m-m-m"
"相川涡波","是类型","人物","provisional","cand-entity-7bfeec89472b-m-m-m-m-m-m-m-m-m-m-m-m-m-m-m-m-m-m-m-m-m-m-m-m-m-m-m-m-m-m-m-m-m-m-m-m-m-m-m-m-m-m-m-m-m-m-m-m-m-m-m-m-m-m-m-m"
"相川涡波","是类型","人物","provisional","cand-entity-7bfeec89472b-m-m-m-m-m-m-m-m-m-m-m-m-m-m-m-m-m-m-m-m-m-m-m-m-m-m-m-m-m-m-m-m-m-m-m-m-m-m-m-m-m-m-m-m-m-m-m-m-m-m-m-m-m-m-m"
"相川涡波","是类型","人物","provisional","cand-entity-7bfeec89472b-m-m-m-m-m-m-m-m-m-m-m-m-m-m-m-m-m-m-m-m-m-m-m-m-m-m-m-m-m-m-m-m-m-m-m-m-m-m-m-m-m-m-m-m-m-m-m-m-m-m-m-m-m-m"
"相川涡波","是类型","人物","provisional","cand-entity-7bfeec89472b-m-m-m-m-m-m-m-m-m-m-m-m-m-m-m-m-m-m-m-m-m-m-m-m-m-m-m-m-m-m-m-m-m-m-m-m-m-m-m-m-m-m-m-m-m-m-m-m-m-m-m-m-m"
"相川涡波","是类型","人物","provisional","cand-entity-7bfeec89472b-m-m-m-m-m-m-m-m-m-m-m-m-m-m-m-m-m-m-m-m-m-m-m-m-m-m-m-m-m-m-m-m-m-m-m-m-m-m-m-m-m-m-m-m-m-m-m-m-m-m-m-m"
"相川涡波","是类型","人物","provisional","cand-entity-7bfeec89472b-m-m-m-m-m-m-m-m-m-m-m-m-m-m-m-m-m-m-m-m-m-m-m-m-m-m-m-m-m-m-m-m-m-m-m-m-m-m-m-m-m-m-m-m-m-m-m-m-m-m-m"
"相川涡波","是类型","人物","provisional","cand-entity-7bfeec89472b-m-m-m-m-m-m-m-m-m-m-m-m-m-m-m-m-m-m-m-m-m-m-m-m-m-m-m-m-m-m-m-m-m-m-m-m-m-m-m-m-m-m-m-m-m-m-m-m-m-m"
"相川涡波","是类型","人物","provisional","cand-entity-7bfeec89472b-m-m-m-m-m-m-m-m-m-m-m-m-m-m-m-m-m-m-m-m-m-m-m-m-m-m-m-m-m-m-m-m-m-m-m-m-m-m-m-m-m-m-m-m-m-m-m-m-m"
"相川涡波","是类型","人物","provisional","cand-entity-7bfeec89472b-m-m-m-m-m-m-m-m-m-m-m-m-m-m-m-m-m-m-m-m-m-m-m-m-m-m-m-m-m-m-m-m-m-m-m-m-m-m-m-m-m-m-m-m-m-m-m-m"
"相川涡波","是类型","人物","provisional","cand-entity-7bfeec89472b-m-m-m-m-m-m-m-m-m-m-m-m-m-m-m-m-m-m-m-m-m-m-m-m-m-m-m-m-m-m-m-m-m-m-m-m-m-m-m-m-m-m-m-m-m-m-m"
"相川涡波","是类型","人物","provisional","cand-entity-7bfeec89472b-m-m-m-m-m-m-m-m-m-m-m-m-m-m-m-m-m-m-m-m-m-m-m-m-m-m-m-m-m-m-m-m-m-m-m-m-m-m-m-m-m-m-m-m-m-m"
"相川涡波","是类型","人物","provisional","cand-entity-7bfeec89472b-m-m-m-m-m-m-m-m-m-m-m-m-m-m-m-m-m-m-m-m-m-m-m-m-m-m-m-m-m-m-m-m-m-m-m-m-m-m-m-m-m-m-m-m-m"
"相川涡波","是类型","人物","provisional","cand-entity-7bfeec89472b-m-m-m-m-m-m-m-m-m-m-m-m-m-m-m-m-m-m-m-m-m-m-m-m-m-m-m-m-m-m-m-m-m-m-m-m-m-m-m-m-m-m-m-m"
"相川涡波","是类型","人物","provisional","cand-entity-7bfeec89472b-m-m-m-m-m-m-m-m-m-m-m-m-m-m-m-m-m-m-m-m-m-m-m-m-m-m-m-m-m-m-m-m-m-m-m-m-m-m-m-m-m-m-m"
"相川涡波","是类型","人物","provisional","cand-entity-7bfeec89472b-m-m-m-m-m-m-m-m-m-m-m-m-m-m-m-m-m-m-m-m-m-m-m-m-m-m-m-m-m-m-m-m-m-m-m-m-m-m-m-m-m-m"
"相川涡波","是类型","人物","provisional","cand-entity-7bfeec89472b-m-m-m-m-m-m-m-m-m-m-m-m-m-m-m-m-m-m-m-m-m-m-m-m-m-m-m-m-m-m-m-m-m-m-m-m-m-m-m-m-m"
"相川涡波","是类型","人物","provisional","cand-entity-7bfeec89472b-m-m-m-m-m-m-m-m-m-m-m-m-m-m-m-m-m-m-m-m-m-m-m-m-m-m-m-m-m-m-m-m-m-m-m-m-m-m-m-m"
"相川涡波","是类型","人物","provisional","cand-entity-7bfeec89472b-m-m-m-m-m-m-m-m-m-m-m-m-m-m-m-m-m-m-m-m-m-m-m-m-m-m-m-m-m-m-m-m-m-m-m-m-m-m-m"
"相川涡波","是类型","人物","provisional","cand-entity-7bfeec89472b-m-m-m-m-m-m-m-m-m-m-m-m-m-m-m-m-m-m-m-m-m-m-m-m-m-m-m-m-m-m-m-m-m-m-m-m-m-m"
"相川涡波","是类型","人物","provisional","cand-entity-7bfeec89472b-m-m-m-m-m-m-m-m-m-m-m-m-m-m-m-m-m-m-m-m-m-m-m-m-m-m-m-m-m-m-m-m-m-m-m-m-m"
"相川涡波","是类型","人物","provisional","cand-entity-7bfeec89472b-m-m-m-m-m-m-m-m-m-m-m-m-m-m-m-m-m-m-m-m-m-m-m-m-m-m-m-m-m-m-m-m-m-m-m-m"
"相川涡波","是类型","人物","provisional","cand-entity-7bfeec89472b-m-m-m-m-m-m-m-m-m-m-m-m-m-m-m-m-m-m-m-m-m-m-m-m-m-m-m-m-m-m-m-m-m-m-m"
"相川涡波","是类型","人物","provisional","cand-entity-7bfeec89472b-m-m-m-m-m-m-m-m-m-m-m-m-m-m-m-m-m-m-m-m-m-m-m-m-m-m-m-m-m-m-m-m-m-m"
"相川涡波","是类型","人物","provisional","cand-entity-7bfeec89472b-m-m-m-m-m-m-m-m-m-m-m-m-m-m-m-m-m-m-m-m-m-m-m-m-m-m-m-m-m-m-m-m-m"
"相川涡波","是类型","人物","provisional","cand-entity-7bfeec89472b-m-m-m-m-m-m-m-m-m-m-m-m-m-m-m-m-m-m-m-m-m-m-m-m-m-m-m-m-m-m-m-m"
"相川涡波","是类型","人物","provisional","cand-entity-7bfeec89472b-m-m-m-m-m-m-m-m-m-m-m-m-m-m-m-m-m-m-m-m-m-m-m-m-m-m-m-m-m-m-m"
"相川涡波","是类型","人物","provisional","cand-entity-7bfeec89472b-m-m-m-m-m-m-m-m-m-m-m-m-m-m-m-m-m-m-m-m-m-m-m-m-m-m-m-m-m-m"
"相川涡波","是类型","人物","provisional","cand-entity-7bfeec89472b-m-m-m-m-m-m-m-m-m-m-m-m-m-m-m-m-m-m-m-m-m-m-m-m-m-m-m-m-m"
"相川涡波","是类型","人物","provisional","cand-entity-7bfeec89472b-m-m-m-m-m-m-m-m-m-m-m-m-m-m-m-m-m-m-m-m-m-m-m-m-m-m-m-m"
"相川涡波","是类型","人物","provisional","cand-entity-7bfeec89472b-m-m-m-m-m-m-m-m-m-m-m-m-m-m-m-m-m-m-m-m-m-m-m-m-m-m-m"
"相川涡波","是类型","人物","provisional","cand-entity-7bfeec89472b-m-m-m-m-m-m-m-m-m-m-m-m-m-m-m-m-m-m-m-m-m-m-m-m-m-m"
"相川涡波","是类型","人物","provisional","cand-entity-7bfeec89472b-m-m-m-m-m-m-m-m-m-m-m-m-m-m-m-m-m-m-m-m-m-m-m-m-m"
"相川涡波","是类型","人物","provisional","cand-entity-7bfeec89472b-m-m-m-m-m-m-m-m-m-m-m-m-m-m-m-m-m-m-m-m-m-m-m-m"
"相川涡波","是类型","人物","provisional","cand-entity-7bfeec89472b-m-m-m-m-m-m-m-m-m-m-m-m-m-m-m-m-m-m-m-m-m-m-m"
"相川涡波","是类型","人物","provisional","cand-entity-7bfeec89472b-m-m-m-m-m-m-m-m-m-m-m-m-m-m-m-m-m-m-m-m-m-m"
"相川涡波","是类型","人物","provisional","cand-entity-7bfeec89472b-m-m-m-m-m-m-m-m-m-m-m-m-m-m-m-m-m-m-m-m-m"
"相川涡波","是类型","人物","provisional","cand-entity-7bfeec89472b-m-m-m-m-m-m-m-m-m-m-m-m-m-m-m-m-m-m-m-m"
"相川涡波","是类型","人物","provisional","cand-entity-7bfeec89472b-m-m-m-m-m-m-m-m-m-m-m-m-m-m-m-m-m-m-m"
"相川涡波","是类型","人物","provisional","cand-entity-7bfeec89472b-m-m-m-m-m-m-m-m-m-m-m-m-m-m-m-m-m-m"
"相川涡波","是类型","人物","provisional","cand-entity-7bfeec89472b-m-m-m-m-m-m-m-m-m-m-m-m-m-m-m-m-m"
"相川涡波","是类型","人物","provisional","cand-entity-7bfeec89472b-m-m-m-m-m-m-m-m-m-m-m-m-m-m-m-m"
"相川涡波","是类型","人物","provisional","cand-entity-7bfeec89472b-m-m-m-m-m-m-m-m-m-m-m-m-m-m-m"
"相川涡波","是类型","人物","provisional","cand-entity-7bfeec89472b-m-m-m-m-m-m-m-m-m-m-m-m-m-m"
"相川涡波","是类型","人物","provisional","cand-entity-7bfeec89472b-m-m-m-m-m-m-m-m-m-m-m-m-m"
"相川涡波","是类型","人物","provisional","cand-entity-7bfeec89472b-m-m-m-m-m-m-m-m-m-m-m-m"
"相川涡波","是类型","人物","provisional","cand-entity-7bfeec89472b-m-m-m-m-m-m-m-m-m-m-m"
"相川涡波","是类型","人物","provisional","cand-entity-7bfeec89472b-m-m-m-m-m-m-m-m-m-m"
"相川涡波","是类型","人物","provisional","cand-entity-7bfeec89472b-m-m-m-m-m-m-m-m-m"
"相川涡波","是类型","人物","provisional","cand-entity-7bfeec89472b-m-m-m-m-m-m-m-m"
"相川涡波","是类型","人物","provisional","cand-entity-7bfeec89472b-m-m-m-m-m-m-m"
"相川涡波","是类型","人物","provisional","cand-entity-7bfeec89472b-m-m-m-m-m-m"
"相川涡波","是类型","人物","provisional","cand-entity-7bfeec89472b-m-m-m-m-m"
"相川涡波","是类型","人物","provisional","cand-entity-7bfeec89472b-m-m-m-m"
"相川涡波","是类型","人物","provisional","cand-entity-7bfeec89472b-m-m-m"
"相川涡波","是类型","人物","provisional","cand-entity-7bfeec89472b-m-m"
"相川涡波","是类型","人物","provisional","cand-entity-7bfeec89472b-m"
"相川涡波","是类型","人物","provisional","cand-entity-7bfeec89472b-m100"
"相川涡波","是类型","人物","provisional","cand-entity-7bfeec89472b-m101"
"相川涡波","是类型","人物","provisional","cand-entity-7bfeec89472b-m102"
"相川涡波","是类型","人物","provisional","cand-entity-7bfeec89472b-m103"
"相川涡波","是类型","人物","provisional","cand-entity-7bfeec89472b-m104"
"相川涡波","是类型","人物","provisional","cand-entity-7bfeec89472b-m105"
"相川涡波","是类型","人物","provisional","cand-entity-7bfeec89472b-m106"
"相川涡波","是类型","人物","provisional","cand-entity-7bfeec89472b-m107"
"相川涡波","是类型","人物","provisional","cand-entity-7bfeec89472b-m108"
"相川涡波","是类型","人物","provisional","cand-entity-7bfeec89472b-m109"
"相川涡波","是类型","人物","provisional","cand-entity-7bfeec89472b-m110"
"相川涡波","是类型","人物","provisional","cand-entity-7bfeec89472b-m111"
"相川涡波","是类型","人物","provisional","cand-entity-7bfeec89472b-m112"
"相川涡波","是类型","人物","provisional","cand-entity-7bfeec89472b-m113"
"相川涡波","是类型","人物","provisional","cand-entity-7bfeec89472b-m114"
"相川涡波","是类型","人物","provisional","cand-entity-7bfeec89472b-m115"
"相川涡波","是类型","人物","provisional","cand-entity-7bfeec89472b-m116"
"相川涡波","是类型","人物","provisional","cand-entity-7bfeec89472b-m117"
"相川涡波","是类型","人物","provisional","cand-entity-7bfeec89472b-m118"
"相川涡波","是类型","人物","provisional","cand-entity-7bfeec89472b-m119"
"相川涡波","是类型","人物","provisional","cand-entity-7bfeec89472b-m120"
"相川涡波","是类型","人物","provisional","cand-entity-7bfeec89472b-m121"
"相川涡波","是类型","人物","provisional","cand-entity-7bfeec89472b-m122"
"相川涡波","是类型","人物","provisional","cand-entity-7bfeec89472b-m123"
"相川涡波","是类型","人物","provisional","cand-entity-7bfeec89472b-m124"
"相川涡波","是类型","人物","provisional","cand-entity-7bfeec89472b-m125"
"相川涡波","是类型","人物","provisional","cand-entity-7bfeec89472b-m126"
"相川涡波","是类型","人物","provisional","cand-entity-7bfeec89472b-m127"
"相川涡波","是类型","人物","provisional","cand-entity-7bfeec89472b-m128"
"相川涡波","是类型","人物","provisional","cand-entity-7bfeec89472b-m129"
"相川涡波","是类型","人物","provisional","cand-entity-7bfeec89472b-m130"
"相川涡波","是类型","人物","provisional","cand-entity-7bfeec89472b-m131"
"相川涡波","是类型","人物","provisional","cand-entity-7bfeec89472b-m132"
"相川涡波","是类型","人物","provisional","cand-entity-7bfeec89472b-m133"
"相川涡波","是类型","人物","provisional","cand-entity-7bfeec89472b-m134"
"相川涡波","是类型","人物","provisional","cand-entity-7bfeec89472b-m135"
"相川涡波","是类型","人物","provisional","cand-entity-7bfeec89472b-m136"
"相川涡波","是类型","人物","provisional","cand-entity-7bfeec89472b-m137"
"相川涡波","是类型","人物","provisional","cand-entity-7bfeec89472b-m138"
"相川涡波","是类型","人物","provisional","cand-entity-7bfeec89472b-m139"
"相川涡波","是类型","人物","provisional","cand-entity-7bfeec89472b-m140"
"相川涡波","是类型","人物","provisional","cand-entity-7bfeec89472b-m141"
"相川涡波","是类型","人物","provisional","cand-entity-7bfeec89472b-m142"
"相川涡波","是类型","人物","provisional","cand-entity-7bfeec89472b-m143"
"相川涡波","是类型","人物","provisional","cand-entity-7bfeec89472b-m144"
"相川涡波","是类型","人物","provisional","cand-entity-7bfeec89472b-m145"
"相川涡波","是类型","人物","provisional","cand-entity-7bfeec89472b-m146"
"相川涡波","是类型","人物","provisional","cand-entity-7bfeec89472b-m147"
"相川涡波","是类型","人物","provisional","cand-entity-7bfeec89472b-m148"
"相川涡波","是类型","人物","provisional","cand-entity-7bfeec89472b-m149"
"相川涡波","是类型","人物","provisional","cand-entity-7bfeec89472b-m150"
"相川涡波","是类型","人物","provisional","cand-entity-7bfeec89472b-m151"
"相川涡波","是类型","人物","provisional","cand-entity-7bfeec89472b-m152"
"相川涡波","是类型","人物","provisional","cand-entity-7bfeec89472b-m153"
"相川涡波","是类型","人物","provisional","cand-entity-7bfeec89472b-m154"
"相川涡波","是类型","人物","provisional","cand-entity-7bfeec89472b-m155"
"相川涡波","是类型","人物","provisional","cand-entity-7bfeec89472b-m156"
"相川涡波","是类型","人物","provisional","cand-entity-7bfeec89472b-m157"
"相川涡波","是类型","人物","provisional","cand-entity-7bfeec89472b-m158"
"相川涡波","是类型","人物","provisional","cand-entity-7bfeec89472b-m159"
"相川涡波","是类型","人物","provisional","cand-entity-7bfeec89472b-m79"
"相川涡波","是类型","人物","provisional","cand-entity-7bfeec89472b-m80"
"相川涡波","是类型","人物","provisional","cand-entity-7bfeec89472b-m81"
"相川涡波","是类型","人物","provisional","cand-entity-7bfeec89472b-m82"
"相川涡波","是类型","人物","provisional","cand-entity-7bfeec89472b-m83"
"相川涡波","是类型","人物","provisional","cand-entity-7bfeec89472b-m84"
"相川涡波","是类型","人物","provisional","cand-entity-7bfeec89472b-m85"
"相川涡波","是类型","人物","provisional","cand-entity-7bfeec89472b-m86"
"相川涡波","是类型","人物","provisional","cand-entity-7bfeec89472b-m87"
"相川涡波","是类型","人物","provisional","cand-entity-7bfeec89472b-m88"
"相川涡波","是类型","人物","provisional","cand-entity-7bfeec89472b-m89"
"相川涡波","是类型","人物","provisional","cand-entity-7bfeec89472b-m90"
"相川涡波","是类型","人物","provisional","cand-entity-7bfeec89472b-m91"
"相川涡波","是类型","人物","provisional","cand-entity-7bfeec89472b-m92"
"相川涡波","是类型","人物","provisional","cand-entity-7bfeec89472b-m93"
"相川涡波","是类型","人物","provisional","cand-entity-7bfeec89472b-m94"
"相川涡波","是类型","人物","provisional","cand-entity-7bfeec89472b-m95"
"相川涡波","是类型","人物","provisional","cand-entity-7bfeec89472b-m96"
"相川涡波","是类型","人物","provisional","cand-entity-7bfeec89472b-m97"
"相川涡波","是类型","人物","provisional","cand-entity-7bfeec89472b-m98"
"相川涡波","是类型","人物","provisional","cand-entity-7bfeec89472b-m99"
"相川涡波","是类型","人物","provisional","cand-entity-7bfeec89472b"
"海莉・维斯普洛佩","是类型","人物","provisional","cand-entity-7d1164642642-m2"
"海莉・维斯普洛佩","是类型","人物","provisional","cand-entity-7d1164642642"
"侯普思·约克鲁","是类型","人物","provisional","cand-entity-7d29d91c920f"
"格连","是类型","人物","provisional","cand-entity-7d375a26a456-m-m-m-m-m-m-m-m-m-m-m-m-m"
"格连","是类型","人物","provisional","cand-entity-7d375a26a456-m-m-m-m-m-m-m-m-m-m-m-m"
"格连","是类型","人物","provisional","cand-entity-7d375a26a456-m-m-m-m-m-m-m-m-m-m-m"
"格连","是类型","人物","provisional","cand-entity-7d375a26a456-m-m-m-m-m-m-m-m-m-m"
"格连","是类型","人物","provisional","cand-entity-7d375a26a456-m-m-m-m-m-m-m-m-m"
"格连","是类型","人物","provisional","cand-entity-7d375a26a456-m-m-m-m-m-m-m-m"
"格连","是类型","人物","provisional","cand-entity-7d375a26a456-m-m-m-m-m-m-m"
"格连","是类型","人物","provisional","cand-entity-7d375a26a456-m-m-m-m-m-m"
"格连","是类型","人物","provisional","cand-entity-7d375a26a456-m-m-m-m-m"
"格连","是类型","人物","provisional","cand-entity-7d375a26a456-m-m-m-m"
"格连","是类型","人物","provisional","cand-entity-7d375a26a456-m-m-m"
"格连","是类型","人物","provisional","cand-entity-7d375a26a456-m-m"
"格连","是类型","人物","provisional","cand-entity-7d375a26a456-m"
"格连","是类型","人物","provisional","cand-entity-7d375a26a456-m15"
"格连","是类型","人物","provisional","cand-entity-7d375a26a456-m16"
"格连","是类型","人物","provisional","cand-entity-7d375a26a456"
"行路渐歧（Default）","是类型","魔法(次元魔术·空间断层)","provisional","cand-entity-7d583ae8a966"
"注视","是类型","技能(鉴定/察知)","provisional","cand-entity-7d8070f21df8"
"技能『表示』","是类型","技能(分析魔法)","provisional","cand-entity-7f6f64b99c29-m2"
"技能『表示』","是类型","技能(分析魔法)","provisional","cand-entity-7f6f64b99c29"
"斐勒卢托","是类型","人物","provisional","cand-entity-7f748ea0f202-m"
"斐勒卢托","是类型","人物","provisional","cand-entity-7f748ea0f202-m3"
"斐勒卢托","是类型","人物","provisional","cand-entity-7f748ea0f202"
"佩艾希亚的骑士们","是类型","人物(群体)","provisional","cand-entity-7f8b9a643e41"
"『Flame・Accel』","是类型","魔法(热系·加速)","provisional","cand-entity-7fa2f3b60624"
"『耶梦加得之霜』","是类型","魔法(冻结系)","provisional","cand-entity-7fb670cf4c09"
"SehrWind","是类型","魔法(风系)","provisional","cand-entity-800cfce79589-m2"
"SehrWind","是类型","魔法(风系)","provisional","cand-entity-800cfce79589"
"『次元之理的盗窃者』","是类型","人物(莉帕的创造者·千年前)","provisional","cand-entity-80856e1326c0-m"
"『次元之理的盗窃者』","是类型","人物(莉帕的创造者·千年前)","provisional","cand-entity-80856e1326c0"
"『炎之矢』","是类型","技能魔法","provisional","cand-entity-81fa10b10f53"
"魔石","是类型","道具(怪物掉落)","provisional","cand-entity-82695df93408"
"『暗之理的盗窃者』","是类型","人物(守护者)","provisional","cand-entity-82b7f152625e"
"阿雷亚斯家的宝剑","是类型","道具(剑)","provisional","cand-entity-82f940188466-m-m-m-m"
"阿雷亚斯家的宝剑","是类型","道具(剑)","provisional","cand-entity-82f940188466-m-m-m"
"阿雷亚斯家的宝剑","是类型","道具(剑)","provisional","cand-entity-82f940188466-m-m"
"阿雷亚斯家的宝剑","是类型","道具(剑)","provisional","cand-entity-82f940188466-m"
"阿雷亚斯家的宝剑","是类型","道具(剑)","provisional","cand-entity-82f940188466-m10"
"阿雷亚斯家的宝剑","是类型","道具(剑)","provisional","cand-entity-82f940188466-m11"
"阿雷亚斯家的宝剑","是类型","道具(剑)","provisional","cand-entity-82f940188466-m12"
"阿雷亚斯家的宝剑","是类型","道具(剑)","provisional","cand-entity-82f940188466-m6"
"阿雷亚斯家的宝剑","是类型","道具(剑)","provisional","cand-entity-82f940188466-m7"
"阿雷亚斯家的宝剑","是类型","道具(剑)","provisional","cand-entity-82f940188466-m8"
"阿雷亚斯家的宝剑","是类型","道具(剑)","provisional","cand-entity-82f940188466-m9"
"阿雷亚斯家的宝剑","是类型","道具(剑)","provisional","cand-entity-82f940188466"
"菲伊？厄鲁斯","是类型","人物(奴隶商人·地下商人)","provisional","cand-entity-854b51c044fe"
"克洛伊","是类型","人物(军人)","provisional","cand-entity-85655052e486-m2"
"克洛伊","是类型","人物(军人)","provisional","cand-entity-85655052e486"
"贝丝","是类型","人物(兽人·猫耳少女)","provisional","cand-entity-86a5a3cb5257-m2"
"贝丝","是类型","人物(兽人·猫耳少女)","provisional","cand-entity-86a5a3cb5257-m3"
"贝丝","是类型","人物(兽人·猫耳少女)","provisional","cand-entity-86a5a3cb5257"
"基督","是类型","人物(莱纳的主君)","provisional","cand-entity-86bb166a7190"
"次元魔术","是类型","魔法(次元系)","provisional","cand-entity-87208bc222ba"
"爷爷","是类型","人物(魔人·北境老夫妇·缇缇养祖父)","provisional","cand-entity-887598333732"
"水晶蚁","是类型","人物(迷宫怪物·31层)","provisional","cand-entity-8a8a62a276a2"
"雷纳尔多・沃尔斯","是类型","人物(锻冶师)","provisional","cand-entity-8ad06884171f"
"芙兰琉莱","是类型","人物","provisional","cand-entity-8ae9c655dfbf-m-m-m-m-m-m"
"芙兰琉莱","是类型","人物","provisional","cand-entity-8ae9c655dfbf-m-m-m-m-m"
"芙兰琉莱","是类型","人物","provisional","cand-entity-8ae9c655dfbf-m-m-m-m"
"芙兰琉莱","是类型","人物","provisional","cand-entity-8ae9c655dfbf-m-m-m"
"芙兰琉莱","是类型","人物","provisional","cand-entity-8ae9c655dfbf-m-m"
"芙兰琉莱","是类型","人物","provisional","cand-entity-8ae9c655dfbf-m"
"芙兰琉莱","是类型","人物","provisional","cand-entity-8ae9c655dfbf"
"克洛伊·希达尔克","是类型","人物","provisional","cand-entity-8c98631a92ca-m2"
"克洛伊·希达尔克","是类型","人物","provisional","cand-entity-8c98631a92ca"
"深红弥诺陶洛斯","是类型","人物(迷宫生物)","provisional","cand-entity-8d1549ae46d1"
"五十五层","是类型","地点(迷宫)","provisional","cand-entity-8daa690fc77a"
"海莉·维斯普洛佩","是类型","人物(魔石人类)","provisional","cand-entity-8e0743a0106e-m"
"海莉·维斯普洛佩","是类型","人物(魔石人类)","provisional","cand-entity-8e0743a0106e-m3"
"海莉·维斯普洛佩","是类型","人物(魔石人类)","provisional","cand-entity-8e0743a0106e"
"一再反转之光（Re・Light）","是类型","魔法(光属性·诺斯菲)","provisional","cand-entity-8e710c2f6232-m2"
"一再反转之光（Re・Light）","是类型","魔法(光属性·诺斯菲)","provisional","cand-entity-8e710c2f6232"
"Rokh·Bringer","是类型","道具(魔剑)","provisional","cand-entity-8ebe05424b14"
"港口军阶最高的联合国军人","是类型","人物(联合国军·无专名职务称呼)","provisional","cand-entity-8f516f269fc4"
"缇莉・琉克","是类型","人物(魔法使)","provisional","cand-entity-913913082231-m2"
"缇莉・琉克","是类型","人物(魔法使)","provisional","cand-entity-913913082231-m3"
"缇莉・琉克","是类型","人物(魔法使)","provisional","cand-entity-913913082231-m4"
"缇莉・琉克","是类型","人物(魔法使)","provisional","cand-entity-913913082231"
"斐勒卢托・夏鲁梭斯","是类型","人物(弗茨亚茨大圣堂神官)","provisional","cand-entity-923d6b54539e"
"魔石人类","是类型","人物(群体)","provisional","cand-entity-92698096ef1b"
"斯特鲁","是类型","怪物(39层植物型)","provisional","cand-entity-927a22e234a0-m2"
"斯特鲁","是类型","怪物(39层植物型)","provisional","cand-entity-927a22e234a0"
"持有物品","是类型","技能(物品收纳)","provisional","cand-entity-9331291c5daf"
"芙洛拉","是类型","人物(公主)","provisional","cand-entity-941bd223de1e"
"最深部","是类型","地点","provisional","cand-entity-9451dee0db68"
"阿尔肯","是类型","人物","provisional","cand-entity-95728e75ff0b"
"杂货铺店主","是类型","人物(佩艾希亚·兽人女性·粮铺)","provisional","cand-entity-9612d472e801"
"水之理的盗窃者","是类型","人物(理的盗窃者)","provisional","cand-entity-963d05df3789"
"魔王城","是类型","地点(城堡·迷宫第66层里侧)","provisional","cand-entity-9723e7fa8df9-m2"
"魔王城","是类型","地点(城堡·迷宫第66层里侧)","provisional","cand-entity-9723e7fa8df9"
"草绿色头发的女孩","是类型","人物(罗德幼年·回忆像)","provisional","cand-entity-977c935699b4"
"新月琉璃","是类型","道具(剑)","provisional","cand-entity-9a1dd180f288-m2"
"新月琉璃","是类型","道具(剑)","provisional","cand-entity-9a1dd180f288-m3"
"新月琉璃","是类型","道具(剑)","provisional","cand-entity-9a1dd180f288"
"塞拉","是类型","人物","provisional","cand-entity-9ae559226b4d-m-m-m"
"塞拉","是类型","人物","provisional","cand-entity-9ae559226b4d-m-m"
"塞拉","是类型","人物","provisional","cand-entity-9ae559226b4d-m"
"塞拉","是类型","人物","provisional","cand-entity-9ae559226b4d"
"Zeitlos·Wind","是类型","魔法(风)","provisional","cand-entity-9afd84e21410"
"魔力风刃化","是类型","魔法(应用技术)","provisional","cand-entity-9ba66ba77725-m2"
"魔力风刃化","是类型","魔法(应用技术)","provisional","cand-entity-9ba66ba77725"
"『北方』王国","是类型","地点(过去王国·于迷宫66层里侧重现)","provisional","cand-entity-9be8c9eaeef6"
"『FlmaeArrow・散花』","是类型","技能魔法","provisional","cand-entity-9c73381b866c"
"兵蚁群","是类型","人物(迷宫生物)","provisional","cand-entity-9d7eed15735d"
"炎之蛇（耶梦加得之炎）","是类型","魔法(玛利亚炎系)","provisional","cand-entity-9e563d5cd78c"
"『暗之理的盗窃者』的『魔石』","是类型","道具(魔石)","provisional","cand-entity-9ee8797613f1"
"AllConfess","是类型","道具(迷宫拾得轻盔)","provisional","cand-entity-9f06e87af0cf"
"罗德·缇缇","是类型","人物(迷宫五十层守护者)","provisional","cand-entity-9f2e523cc01a-m-m"
"罗德·缇缇","是类型","人物(迷宫五十层守护者)","provisional","cand-entity-9f2e523cc01a-m"
"罗德·缇缇","是类型","人物(迷宫五十层守护者)","provisional","cand-entity-9f2e523cc01a-m4"
"罗德·缇缇","是类型","人物(迷宫五十层守护者)","provisional","cand-entity-9f2e523cc01a"
"龙之风","是类型","魔法(龙系)","provisional","cand-entity-9f96b4e6599e"
"西斯","是类型","人物(使徒)","provisional","cand-entity-9f9ff3d7f976"
"空白之戒","是类型","道具(戒指)","provisional","cand-entity-9ffd768303b4"
"GreenHighElement","是类型","人物(迷宫64层怪物·精灵)","provisional","cand-entity-a007e52948e3-m2"
"GreenHighElement","是类型","人物(迷宫64层怪物·精灵)","provisional","cand-entity-a007e52948e3"
"DistanceMute","是类型","技能(次元魔法)","provisional","cand-entity-a020d413d21c-m"
"DistanceMute","是类型","技能(次元魔法)","provisional","cand-entity-a020d413d21c-m3"
"DistanceMute","是类型","技能(次元魔法)","provisional","cand-entity-a020d413d21c"
"克洛伊・希达尔克","是类型","人物(军人·舰队指挥官)","provisional","cand-entity-a146efe7d573-m2"
"克洛伊・希达尔克","是类型","人物(军人·舰队指挥官)","provisional","cand-entity-a146efe7d573"
"大蛤","是类型","人物(迷宫生物)","provisional","cand-entity-a17dcbe7ea55"
"干死帕林库洛小队","是类型","组织(讨伐小队)","provisional","cand-entity-a268cfc94763"
"帕林库洛·勒伽西","是类型","人物","provisional","cand-entity-a29d16db9478-m-m-m-m-m"
"帕林库洛·勒伽西","是类型","人物","provisional","cand-entity-a29d16db9478-m-m-m-m"
"帕林库洛·勒伽西","是类型","人物","provisional","cand-entity-a29d16db9478-m-m-m"
"帕林库洛·勒伽西","是类型","人物","provisional","cand-entity-a29d16db9478-m-m"
"帕林库洛·勒伽西","是类型","人物","provisional","cand-entity-a29d16db9478-m"
"帕林库洛·勒伽西","是类型","人物","provisional","cand-entity-a29d16db9478-m7"
"帕林库洛·勒伽西","是类型","人物","provisional","cand-entity-a29d16db9478-m8"
"帕林库洛·勒伽西","是类型","人物","provisional","cand-entity-a29d16db9478-m9"
"帕林库洛·勒伽西","是类型","人物","provisional","cand-entity-a29d16db9478"
"艾尔米拉德","是类型","人物","provisional","cand-entity-a319d57ed115"
"『维度·决战演算』","是类型","技能魔法","provisional","cand-entity-a32681b6e0a0-m"
"『维度·决战演算』","是类型","技能魔法","provisional","cand-entity-a32681b6e0a0-m3"
"『维度·决战演算』","是类型","技能魔法","provisional","cand-entity-a32681b6e0a0"
"爪瑙蝎","是类型","人物(迷宫生物)","provisional","cand-entity-a45477df03e7"
"戒指『晶盾』","是类型","道具(魔法道具·戒指)","provisional","cand-entity-a47566e989a5-m"
"戒指『晶盾』","是类型","道具(魔法道具·戒指)","provisional","cand-entity-a47566e989a5"
"所有物","是类型","魔法(次元收纳)","provisional","cand-entity-a49f35d766c4"
"『Sylph・堕落使徒』","是类型","道具(剑)","provisional","cand-entity-a4d6452a12ad"
"Dragon・Ardor","是类型","魔法(振动球)","provisional","cand-entity-a4d66dc7c2ae"
"弗茨亚茨","是类型","地名","provisional","cand-entity-a52d4e92e13c"
"『Flame·决战炎域』","是类型","技能魔法","provisional","cand-entity-a54aa73502a8-m2"
"『Flame·决战炎域』","是类型","技能魔法","provisional","cand-entity-a54aa73502a8"
"『加速』","是类型","技能(移动加速·涡波)","provisional","cand-entity-a60676eba631"
"佩露修娜·库艾伽","是类型","人物","provisional","cand-entity-a6a608bc2643-m-m-m"
"佩露修娜·库艾伽","是类型","人物","provisional","cand-entity-a6a608bc2643-m-m"
"佩露修娜·库艾伽","是类型","人物","provisional","cand-entity-a6a608bc2643-m"
"佩露修娜·库艾伽","是类型","人物","provisional","cand-entity-a6a608bc2643-m5"
"佩露修娜·库艾伽","是类型","人物","provisional","cand-entity-a6a608bc2643"
"技能『感应』","是类型","技能(涡波固有)","provisional","cand-entity-a71ae1c03063-m2"
"技能『感应』","是类型","技能(涡波固有)","provisional","cand-entity-a71ae1c03063"
"使徒迪普拉库拉","是类型","人物(传说·使徒)","provisional","cand-entity-a95cf925c348"
"『表示』","是类型","魔法(系统)","provisional","cand-entity-a9996400b867"
"『天路垂临』『续道碧霄』","是类型","技能(风属性轻量咏唱)","provisional","cand-entity-a9ae3b4b1927"
"莱文教","是类型","组织(宗教)","provisional","cand-entity-ab1bd91746a8-m2"
"莱文教","是类型","组织(宗教)","provisional","cand-entity-ab1bd91746a8"
"海莉","是类型","人物","provisional","cand-entity-ab2719634011-m-m-m"
"海莉","是类型","人物","provisional","cand-entity-ab2719634011-m-m"
"海莉","是类型","人物","provisional","cand-entity-ab2719634011-m"
"海莉","是类型","人物","provisional","cand-entity-ab2719634011-m10"
"海莉","是类型","人物","provisional","cand-entity-ab2719634011-m11"
"海莉","是类型","人物","provisional","cand-entity-ab2719634011-m12"
"海莉","是类型","人物","provisional","cand-entity-ab2719634011-m13"
"海莉","是类型","人物","provisional","cand-entity-ab2719634011-m14"
"海莉","是类型","人物","provisional","cand-entity-ab2719634011-m15"
"海莉","是类型","人物","provisional","cand-entity-ab2719634011-m16"
"海莉","是类型","人物","provisional","cand-entity-ab2719634011-m5"
"海莉","是类型","人物","provisional","cand-entity-ab2719634011-m6"
"海莉","是类型","人物","provisional","cand-entity-ab2719634011-m7"
"海莉","是类型","人物","provisional","cand-entity-ab2719634011-m8"
"海莉","是类型","人物","provisional","cand-entity-ab2719634011-m9"
"海莉","是类型","人物","provisional","cand-entity-ab2719634011"
"使徒西斯","是类型","人物(传说·正义的使徒)","provisional","cand-entity-ab2c6486ab38-m-m-m-m"
"使徒西斯","是类型","人物(传说·正义的使徒)","provisional","cand-entity-ab2c6486ab38-m-m-m"
"使徒西斯","是类型","人物(传说·正义的使徒)","provisional","cand-entity-ab2c6486ab38-m-m"
"使徒西斯","是类型","人物(传说·正义的使徒)","provisional","cand-entity-ab2c6486ab38-m"
"使徒西斯","是类型","人物(传说·正义的使徒)","provisional","cand-entity-ab2c6486ab38-m10"
"使徒西斯","是类型","人物(传说·正义的使徒)","provisional","cand-entity-ab2c6486ab38-m11"
"使徒西斯","是类型","人物(传说·正义的使徒)","provisional","cand-entity-ab2c6486ab38-m12"
"使徒西斯","是类型","人物(传说·正义的使徒)","provisional","cand-entity-ab2c6486ab38-m13"
"使徒西斯","是类型","人物(传说·正义的使徒)","provisional","cand-entity-ab2c6486ab38-m14"
"使徒西斯","是类型","人物(传说·正义的使徒)","provisional","cand-entity-ab2c6486ab38-m6"
"使徒西斯","是类型","人物(传说·正义的使徒)","provisional","cand-entity-ab2c6486ab38-m7"
"使徒西斯","是类型","人物(传说·正义的使徒)","provisional","cand-entity-ab2c6486ab38-m8"
"使徒西斯","是类型","人物(传说·正义的使徒)","provisional","cand-entity-ab2c6486ab38-m9"
"使徒西斯","是类型","人物(传说·正义的使徒)","provisional","cand-entity-ab2c6486ab38"
"斯诺·沃克","是类型","人物","provisional","cand-entity-ac0880edb63e-m-m-m-m-m-m-m-m-m-m-m-m-m-m-m-m-m-m-m-m-m-m-m-m-m-m-m-m-m-m"
"斯诺·沃克","是类型","人物","provisional","cand-entity-ac0880edb63e-m-m-m-m-m-m-m-m-m-m-m-m-m-m-m-m-m-m-m-m-m-m-m-m-m-m-m-m-m"
"斯诺·沃克","是类型","人物","provisional","cand-entity-ac0880edb63e-m-m-m-m-m-m-m-m-m-m-m-m-m-m-m-m-m-m-m-m-m-m-m-m-m-m-m-m"
"斯诺·沃克","是类型","人物","provisional","cand-entity-ac0880edb63e-m-m-m-m-m-m-m-m-m-m-m-m-m-m-m-m-m-m-m-m-m-m-m-m-m-m-m"
"斯诺·沃克","是类型","人物","provisional","cand-entity-ac0880edb63e-m-m-m-m-m-m-m-m-m-m-m-m-m-m-m-m-m-m-m-m-m-m-m-m-m-m"
"斯诺·沃克","是类型","人物","provisional","cand-entity-ac0880edb63e-m-m-m-m-m-m-m-m-m-m-m-m-m-m-m-m-m-m-m-m-m-m-m-m-m"
"斯诺·沃克","是类型","人物","provisional","cand-entity-ac0880edb63e-m-m-m-m-m-m-m-m-m-m-m-m-m-m-m-m-m-m-m-m-m-m-m-m"
"斯诺·沃克","是类型","人物","provisional","cand-entity-ac0880edb63e-m-m-m-m-m-m-m-m-m-m-m-m-m-m-m-m-m-m-m-m-m-m-m"
"斯诺·沃克","是类型","人物","provisional","cand-entity-ac0880edb63e-m-m-m-m-m-m-m-m-m-m-m-m-m-m-m-m-m-m-m-m-m-m"
"斯诺·沃克","是类型","人物","provisional","cand-entity-ac0880edb63e-m-m-m-m-m-m-m-m-m-m-m-m-m-m-m-m-m-m-m-m-m"
"斯诺·沃克","是类型","人物","provisional","cand-entity-ac0880edb63e-m-m-m-m-m-m-m-m-m-m-m-m-m-m-m-m-m-m-m-m"
"斯诺·沃克","是类型","人物","provisional","cand-entity-ac0880edb63e-m-m-m-m-m-m-m-m-m-m-m-m-m-m-m-m-m-m-m"
"斯诺·沃克","是类型","人物","provisional","cand-entity-ac0880edb63e-m-m-m-m-m-m-m-m-m-m-m-m-m-m-m-m-m-m"
"斯诺·沃克","是类型","人物","provisional","cand-entity-ac0880edb63e-m-m-m-m-m-m-m-m-m-m-m-m-m-m-m-m-m"
"斯诺·沃克","是类型","人物","provisional","cand-entity-ac0880edb63e-m-m-m-m-m-m-m-m-m-m-m-m-m-m-m-m"
"斯诺·沃克","是类型","人物","provisional","cand-entity-ac0880edb63e-m-m-m-m-m-m-m-m-m-m-m-m-m-m-m"
"斯诺·沃克","是类型","人物","provisional","cand-entity-ac0880edb63e-m-m-m-m-m-m-m-m-m-m-m-m-m-m"
"斯诺·沃克","是类型","人物","provisional","cand-entity-ac0880edb63e-m-m-m-m-m-m-m-m-m-m-m-m-m"
"斯诺·沃克","是类型","人物","provisional","cand-entity-ac0880edb63e-m-m-m-m-m-m-m-m-m-m-m-m"
"斯诺·沃克","是类型","人物","provisional","cand-entity-ac0880edb63e-m-m-m-m-m-m-m-m-m-m-m"
"斯诺·沃克","是类型","人物","provisional","cand-entity-ac0880edb63e-m-m-m-m-m-m-m-m-m-m"
"斯诺·沃克","是类型","人物","provisional","cand-entity-ac0880edb63e-m-m-m-m-m-m-m-m-m"
"斯诺·沃克","是类型","人物","provisional","cand-entity-ac0880edb63e-m-m-m-m-m-m-m-m"
"斯诺·沃克","是类型","人物","provisional","cand-entity-ac0880edb63e-m-m-m-m-m-m-m"
"斯诺·沃克","是类型","人物","provisional","cand-entity-ac0880edb63e-m-m-m-m-m-m"
"斯诺·沃克","是类型","人物","provisional","cand-entity-ac0880edb63e-m-m-m-m-m"
"斯诺·沃克","是类型","人物","provisional","cand-entity-ac0880edb63e-m-m-m-m"
"斯诺·沃克","是类型","人物","provisional","cand-entity-ac0880edb63e-m-m-m"
"斯诺·沃克","是类型","人物","provisional","cand-entity-ac0880edb63e-m-m"
"斯诺·沃克","是类型","人物","provisional","cand-entity-ac0880edb63e-m"
"斯诺·沃克","是类型","人物","provisional","cand-entity-ac0880edb63e-m32"
"斯诺·沃克","是类型","人物","provisional","cand-entity-ac0880edb63e-m33"
"斯诺·沃克","是类型","人物","provisional","cand-entity-ac0880edb63e-m34"
"斯诺·沃克","是类型","人物","provisional","cand-entity-ac0880edb63e-m35"
"斯诺·沃克","是类型","人物","provisional","cand-entity-ac0880edb63e-m36"
"斯诺·沃克","是类型","人物","provisional","cand-entity-ac0880edb63e-m37"
"斯诺·沃克","是类型","人物","provisional","cand-entity-ac0880edb63e-m38"
"斯诺·沃克","是类型","人物","provisional","cand-entity-ac0880edb63e-m39"
"斯诺·沃克","是类型","人物","provisional","cand-entity-ac0880edb63e-m40"
"斯诺·沃克","是类型","人物","provisional","cand-entity-ac0880edb63e-m41"
"斯诺·沃克","是类型","人物","provisional","cand-entity-ac0880edb63e-m42"
"斯诺·沃克","是类型","人物","provisional","cand-entity-ac0880edb63e-m43"
"斯诺·沃克","是类型","人物","provisional","cand-entity-ac0880edb63e-m44"
"斯诺·沃克","是类型","人物","provisional","cand-entity-ac0880edb63e-m45"
"斯诺·沃克","是类型","人物","provisional","cand-entity-ac0880edb63e-m46"
"斯诺·沃克","是类型","人物","provisional","cand-entity-ac0880edb63e"
"千年前的魔导书","是类型","道具(魔导书)","provisional","cand-entity-ac6b8b09574d"
"结晶格雷姆","是类型","人物(迷宫生物)","provisional","cand-entity-ac6ff84baba2"
"跃犬","是类型","人物(迷宫生物)","provisional","cand-entity-ad2f8c722335"
"夏比","是类型","人物","provisional","cand-entity-adc9018769c4"
"波鲁扎克","是类型","人物","provisional","cand-entity-b08a34f3cfb6-m"
"波鲁扎克","是类型","人物","provisional","cand-entity-b08a34f3cfb6-m3"
"波鲁扎克","是类型","人物","provisional","cand-entity-b08a34f3cfb6-m4"
"波鲁扎克","是类型","人物","provisional","cand-entity-b08a34f3cfb6-m5"
"波鲁扎克","是类型","人物","provisional","cand-entity-b08a34f3cfb6"
"QuartzBlade·Size","是类型","技能(剑技)","provisional","cand-entity-b2021cc76f6d"
"军团蝠","是类型","人物(迷宫生物)","provisional","cand-entity-b3cf15cddc2f"
"XiphiasSpear","是类型","怪物(水栖)","provisional","cand-entity-b4394e77be2d"
"『维度・多重展开』","是类型","魔法(次元魔术·派生应用)","provisional","cand-entity-b4432172ec5c"
"伽鲁夫纳多杰里","是类型","人物(迷宫怪物·Boss)","provisional","cand-entity-b6c57d95931f-m"
"伽鲁夫纳多杰里","是类型","人物(迷宫怪物·Boss)","provisional","cand-entity-b6c57d95931f"
"InvisibleField","是类型","魔法(防壁)","provisional","cand-entity-b730f718c9a6"
"地之理的盗窃者","是类型","守护者称号(地之理)","provisional","cand-entity-b820f14acd75"
"『某人』","是类型","人物(迷宫建造者·身份不明)","provisional","cand-entity-b983b55ef886"
"黑环萤","是类型","人物(迷宫生物)","provisional","cand-entity-b9891da097d6"
"阿尔文·科尔森","是类型","人物","provisional","cand-entity-bad242c2cd25"
"？？？","是类型","技能","provisional","cand-entity-bba083f94a9f-m"
"？？？","是类型","技能","provisional","cand-entity-bba083f94a9f"
"魔法『心异解放』","是类型","魔法(精神系妨害)","provisional","cand-entity-bbb79c5d25f7"
"Gravity・Greed","是类型","魔法(重力系)","provisional","cand-entity-bfce868afa91"
"『过密次元的真冬』","是类型","魔法(次元系)","provisional","cand-entity-c0346943ff86"
"守护炎（Egis）","是类型","技能(玛利亚)","provisional","cand-entity-c1642a259321"
"技能『编织』","是类型","技能","provisional","cand-entity-c1c6456934cd"
"ShineArrow","是类型","魔法(光属性·诺斯菲)","provisional","cand-entity-c1f75bc70c07"
"迪普拉库拉","是类型","人物(传说·背叛的使徒)","provisional","cand-entity-c26f783d4813-m"
"迪普拉库拉","是类型","人物(传说·背叛的使徒)","provisional","cand-entity-c26f783d4813-m3"
"迪普拉库拉","是类型","人物(传说·背叛的使徒)","provisional","cand-entity-c26f783d4813-m4"
"迪普拉库拉","是类型","人物(传说·背叛的使徒)","provisional","cand-entity-c26f783d4813"
"塞拉·雷迪安特","是类型","人物","provisional","cand-entity-c4d221e71ea0-m-m-m-m-m-m-m-m-m-m-m-m-m-m-m-m"
"塞拉·雷迪安特","是类型","人物","provisional","cand-entity-c4d221e71ea0-m-m-m-m-m-m-m-m-m-m-m-m-m-m-m"
"塞拉·雷迪安特","是类型","人物","provisional","cand-entity-c4d221e71ea0-m-m-m-m-m-m-m-m-m-m-m-m-m-m"
"塞拉·雷迪安特","是类型","人物","provisional","cand-entity-c4d221e71ea0-m-m-m-m-m-m-m-m-m-m-m-m-m"
"塞拉·雷迪安特","是类型","人物","provisional","cand-entity-c4d221e71ea0-m-m-m-m-m-m-m-m-m-m-m-m"
"塞拉·雷迪安特","是类型","人物","provisional","cand-entity-c4d221e71ea0-m-m-m-m-m-m-m-m-m-m-m"
"塞拉·雷迪安特","是类型","人物","provisional","cand-entity-c4d221e71ea0-m-m-m-m-m-m-m-m-m-m"
"塞拉·雷迪安特","是类型","人物","provisional","cand-entity-c4d221e71ea0-m-m-m-m-m-m-m-m-m"
"塞拉·雷迪安特","是类型","人物","provisional","cand-entity-c4d221e71ea0-m-m-m-m-m-m-m-m"
"塞拉·雷迪安特","是类型","人物","provisional","cand-entity-c4d221e71ea0-m-m-m-m-m-m-m"
"塞拉·雷迪安特","是类型","人物","provisional","cand-entity-c4d221e71ea0-m-m-m-m-m-m"
"塞拉·雷迪安特","是类型","人物","provisional","cand-entity-c4d221e71ea0-m-m-m-m-m"
"塞拉·雷迪安特","是类型","人物","provisional","cand-entity-c4d221e71ea0-m-m-m-m"
"塞拉·雷迪安特","是类型","人物","provisional","cand-entity-c4d221e71ea0-m-m-m"
"塞拉·雷迪安特","是类型","人物","provisional","cand-entity-c4d221e71ea0-m-m"
"塞拉·雷迪安特","是类型","人物","provisional","cand-entity-c4d221e71ea0-m"
"塞拉·雷迪安特","是类型","人物","provisional","cand-entity-c4d221e71ea0-m18"
"塞拉·雷迪安特","是类型","人物","provisional","cand-entity-c4d221e71ea0-m19"
"塞拉·雷迪安特","是类型","人物","provisional","cand-entity-c4d221e71ea0-m20"
"塞拉·雷迪安特","是类型","人物","provisional","cand-entity-c4d221e71ea0-m21"
"塞拉·雷迪安特","是类型","人物","provisional","cand-entity-c4d221e71ea0-m22"
"塞拉·雷迪安特","是类型","人物","provisional","cand-entity-c4d221e71ea0-m23"
"塞拉·雷迪安特","是类型","人物","provisional","cand-entity-c4d221e71ea0-m24"
"塞拉·雷迪安特","是类型","人物","provisional","cand-entity-c4d221e71ea0-m25"
"塞拉·雷迪安特","是类型","人物","provisional","cand-entity-c4d221e71ea0-m26"
"塞拉·雷迪安特","是类型","人物","provisional","cand-entity-c4d221e71ea0-m27"
"塞拉·雷迪安特","是类型","人物","provisional","cand-entity-c4d221e71ea0"
"日樱小姐","是类型","人物(酒馆女性店员)","provisional","cand-entity-c53d96d14bbd"
"法芙纳・赫勒比勒夏因","是类型","人物(千年前·守护骑士)","provisional","cand-entity-c54a387793ee-m2"
"法芙纳・赫勒比勒夏因","是类型","人物(千年前·守护骑士)","provisional","cand-entity-c54a387793ee"
"贝斯","是类型","人物","provisional","cand-entity-c550ec4d23af-m"
"贝斯","是类型","人物","provisional","cand-entity-c550ec4d23af"
"指挥","是类型","技能(指挥系·涡波)","provisional","cand-entity-c5b7b200adf7"
"锯齿甲虫","是类型","人物(迷宫生物)","provisional","cand-entity-c5f8db1423b7"
"『始祖与魔王的魔剑BraveFluorite』","是类型","道具(魔剑)","provisional","cand-entity-c784a9b808c9"
"雷琪","是类型","人物","provisional","cand-entity-c86a35fed1d4"
"露洁","是类型","人物(魔石人类)","provisional","cand-entity-c8e47d826536-m-m-m"
"露洁","是类型","人物(魔石人类)","provisional","cand-entity-c8e47d826536-m-m"
"露洁","是类型","人物(魔石人类)","provisional","cand-entity-c8e47d826536-m"
"露洁","是类型","人物(魔石人类)","provisional","cand-entity-c8e47d826536-m5"
"露洁","是类型","人物(魔石人类)","provisional","cand-entity-c8e47d826536"
"阿尼艾斯·柯鲁纳","是类型","人物","provisional","cand-entity-c99e4044ff46"
"玲小姐","是类型","人物","provisional","cand-entity-c9a06c49bbf8-m"
"玲小姐","是类型","人物","provisional","cand-entity-c9a06c49bbf8-m3"
"玲小姐","是类型","人物","provisional","cand-entity-c9a06c49bbf8"
"Care Full","是类型","技能(莱纳·神圣魔法)","provisional","cand-entity-c9cb1df09d5f"
"雷鲁","是类型","人物","provisional","cand-entity-ca32d6fd1e61-m-m"
"雷鲁","是类型","人物","provisional","cand-entity-ca32d6fd1e61-m"
"雷鲁","是类型","人物","provisional","cand-entity-ca32d6fd1e61-m4"
"雷鲁","是类型","人物","provisional","cand-entity-ca32d6fd1e61"
"Impulse","是类型","魔法(冲击)","provisional","cand-entity-cb57e6e5c644"
"诺文・阿雷亚斯","是类型","人物(千年前·守护骑士)","provisional","cand-entity-cc889c886111"
"帕林库洛","是类型","人物","provisional","cand-entity-ccd0d3ece575-m-m-m-m-m-m-m-m-m-m-m-m-m-m-m-m-m-m-m-m-m-m-m-m-m"
"帕林库洛","是类型","人物","provisional","cand-entity-ccd0d3ece575-m-m-m-m-m-m-m-m-m-m-m-m-m-m-m-m-m-m-m-m-m-m-m-m"
"帕林库洛","是类型","人物","provisional","cand-entity-ccd0d3ece575-m-m-m-m-m-m-m-m-m-m-m-m-m-m-m-m-m-m-m-m-m-m-m"
"帕林库洛","是类型","人物","provisional","cand-entity-ccd0d3ece575-m-m-m-m-m-m-m-m-m-m-m-m-m-m-m-m-m-m-m-m-m-m"
"帕林库洛","是类型","人物","provisional","cand-entity-ccd0d3ece575-m-m-m-m-m-m-m-m-m-m-m-m-m-m-m-m-m-m-m-m-m"
"帕林库洛","是类型","人物","provisional","cand-entity-ccd0d3ece575-m-m-m-m-m-m-m-m-m-m-m-m-m-m-m-m-m-m-m-m"
"帕林库洛","是类型","人物","provisional","cand-entity-ccd0d3ece575-m-m-m-m-m-m-m-m-m-m-m-m-m-m-m-m-m-m-m"
"帕林库洛","是类型","人物","provisional","cand-entity-ccd0d3ece575-m-m-m-m-m-m-m-m-m-m-m-m-m-m-m-m-m-m"
"帕林库洛","是类型","人物","provisional","cand-entity-ccd0d3ece575-m-m-m-m-m-m-m-m-m-m-m-m-m-m-m-m-m"
"帕林库洛","是类型","人物","provisional","cand-entity-ccd0d3ece575-m-m-m-m-m-m-m-m-m-m-m-m-m-m-m-m"
"帕林库洛","是类型","人物","provisional","cand-entity-ccd0d3ece575-m-m-m-m-m-m-m-m-m-m-m-m-m-m-m"
"帕林库洛","是类型","人物","provisional","cand-entity-ccd0d3ece575-m-m-m-m-m-m-m-m-m-m-m-m-m-m"
"帕林库洛","是类型","人物","provisional","cand-entity-ccd0d3ece575-m-m-m-m-m-m-m-m-m-m-m-m-m"
"帕林库洛","是类型","人物","provisional","cand-entity-ccd0d3ece575-m-m-m-m-m-m-m-m-m-m-m-m"
"帕林库洛","是类型","人物","provisional","cand-entity-ccd0d3ece575-m-m-m-m-m-m-m-m-m-m-m"
"帕林库洛","是类型","人物","provisional","cand-entity-ccd0d3ece575-m-m-m-m-m-m-m-m-m-m"
"帕林库洛","是类型","人物","provisional","cand-entity-ccd0d3ece575-m-m-m-m-m-m-m-m-m"
"帕林库洛","是类型","人物","provisional","cand-entity-ccd0d3ece575-m-m-m-m-m-m-m-m"
"帕林库洛","是类型","人物","provisional","cand-entity-ccd0d3ece575-m-m-m-m-m-m-m"
"帕林库洛","是类型","人物","provisional","cand-entity-ccd0d3ece575-m-m-m-m-m-m"
"帕林库洛","是类型","人物","provisional","cand-entity-ccd0d3ece575-m-m-m-m-m"
"帕林库洛","是类型","人物","provisional","cand-entity-ccd0d3ece575-m-m-m-m"
"帕林库洛","是类型","人物","provisional","cand-entity-ccd0d3ece575-m-m-m"
"帕林库洛","是类型","人物","provisional","cand-entity-ccd0d3ece575-m-m"
"帕林库洛","是类型","人物","provisional","cand-entity-ccd0d3ece575-m"
"帕林库洛","是类型","人物","provisional","cand-entity-ccd0d3ece575-m27"
"帕林库洛","是类型","人物","provisional","cand-entity-ccd0d3ece575-m28"
"帕林库洛","是类型","人物","provisional","cand-entity-ccd0d3ece575-m29"
"帕林库洛","是类型","人物","provisional","cand-entity-ccd0d3ece575-m30"
"帕林库洛","是类型","人物","provisional","cand-entity-ccd0d3ece575-m31"
"帕林库洛","是类型","人物","provisional","cand-entity-ccd0d3ece575-m32"
"帕林库洛","是类型","人物","provisional","cand-entity-ccd0d3ece575-m33"
"帕林库洛","是类型","人物","provisional","cand-entity-ccd0d3ece575-m34"
"帕林库洛","是类型","人物","provisional","cand-entity-ccd0d3ece575-m35"
"帕林库洛","是类型","人物","provisional","cand-entity-ccd0d3ece575-m36"
"帕林库洛","是类型","人物","provisional","cand-entity-ccd0d3ece575-m37"
"帕林库洛","是类型","人物","provisional","cand-entity-ccd0d3ece575-m38"
"帕林库洛","是类型","人物","provisional","cand-entity-ccd0d3ece575-m39"
"帕林库洛","是类型","人物","provisional","cand-entity-ccd0d3ece575-m40"
"帕林库洛","是类型","人物","provisional","cand-entity-ccd0d3ece575-m41"
"帕林库洛","是类型","人物","provisional","cand-entity-ccd0d3ece575-m42"
"帕林库洛","是类型","人物","provisional","cand-entity-ccd0d3ece575-m43"
"帕林库洛","是类型","人物","provisional","cand-entity-ccd0d3ece575-m44"
"帕林库洛","是类型","人物","provisional","cand-entity-ccd0d3ece575-m45"
"帕林库洛","是类型","人物","provisional","cand-entity-ccd0d3ece575-m46"
"帕林库洛","是类型","人物","provisional","cand-entity-ccd0d3ece575-m47"
"帕林库洛","是类型","人物","provisional","cand-entity-ccd0d3ece575-m48"
"帕林库洛","是类型","人物","provisional","cand-entity-ccd0d3ece575-m49"
"帕林库洛","是类型","人物","provisional","cand-entity-ccd0d3ece575-m50"
"帕林库洛","是类型","人物","provisional","cand-entity-ccd0d3ece575-m51"
"帕林库洛","是类型","人物","provisional","cand-entity-ccd0d3ece575-m52"
"帕林库洛","是类型","人物","provisional","cand-entity-ccd0d3ece575-m53"
"帕林库洛","是类型","人物","provisional","cand-entity-ccd0d3ece575"
"经理","是类型","人物(职务称呼·劳拉维亚魔法屋经理)","provisional","cand-entity-ccf8aff2f0c3"
"菲洛·艾尔巴特","是类型","人物","provisional","cand-entity-cd0220ee9444-m"
"菲洛·艾尔巴特","是类型","人物","provisional","cand-entity-cd0220ee9444"
"天上之七骑士","是类型","组织(弗茨亚茨骑士团)","provisional","cand-entity-cdf48a94b45b"
"日樱","是类型","人物(瓦尔德的酒馆看板娘)","provisional","cand-entity-ce9d63dd8ff6-m2"
"日樱","是类型","人物(瓦尔德的酒馆看板娘)","provisional","cand-entity-ce9d63dd8ff6"
"翠之护身符","是类型","道具(首饰)","provisional","cand-entity-cea7365c31a9-m2"
"翠之护身符","是类型","道具(首饰)","provisional","cand-entity-cea7365c31a9"
"阿尔缇","是类型","人物(迷宫生物)","provisional","cand-entity-cf424c2d1f29-m12"
"阿尔缇","是类型","人物(迷宫生物)","provisional","cand-entity-cf424c2d1f29-m13"
"阿尔缇","是类型","人物(迷宫生物)","provisional","cand-entity-cf424c2d1f29-m2-m-m-m-m-m-m-m-m-m"
"阿尔缇","是类型","人物(迷宫生物)","provisional","cand-entity-cf424c2d1f29-m2-m-m-m-m-m-m-m-m"
"阿尔缇","是类型","人物(迷宫生物)","provisional","cand-entity-cf424c2d1f29-m2-m-m-m-m-m-m-m"
"阿尔缇","是类型","人物(迷宫生物)","provisional","cand-entity-cf424c2d1f29-m2-m-m-m-m-m-m"
"阿尔缇","是类型","人物(迷宫生物)","provisional","cand-entity-cf424c2d1f29-m2-m-m-m-m-m"
"阿尔缇","是类型","人物(迷宫生物)","provisional","cand-entity-cf424c2d1f29-m2-m-m-m-m"
"阿尔缇","是类型","人物(迷宫生物)","provisional","cand-entity-cf424c2d1f29-m2-m-m-m"
"阿尔缇","是类型","人物(迷宫生物)","provisional","cand-entity-cf424c2d1f29-m2-m-m"
"阿尔缇","是类型","人物(迷宫生物)","provisional","cand-entity-cf424c2d1f29-m2-m"
"阿尔缇","是类型","人物(迷宫生物)","provisional","cand-entity-cf424c2d1f29-m2"
"阿尔缇","是类型","人物","provisional","cand-entity-cf424c2d1f29"
"Dimension","是类型","魔法(次元魔法)","provisional","cand-entity-cfb942a0971c-m2"
"Dimension","是类型","魔法(次元魔法)","provisional","cand-entity-cfb942a0971c"
"『支配之王』","是类型","称号·传说","provisional","cand-entity-d05e19c20f23"
"古奈尔","是类型","人物(吸血种)","provisional","cand-entity-d0d8c52afe8e-m2"
"古奈尔","是类型","人物(吸血种)","provisional","cand-entity-d0d8c52afe8e-m3"
"古奈尔","是类型","人物(吸血种)","provisional","cand-entity-d0d8c52afe8e-m4"
"古奈尔","是类型","人物(吸血种)","provisional","cand-entity-d0d8c52afe8e-m5"
"古奈尔","是类型","人物(吸血种)","provisional","cand-entity-d0d8c52afe8e"
"沙鼠","是类型","人物(迷宫生物)","provisional","cand-entity-d12cc6927f3c"
"维度","是类型","魔法(探知)","provisional","cand-entity-d1ad4d081ff1-m2"
"维度","是类型","魔法(探知)","provisional","cand-entity-d1ad4d081ff1"
"世界冰蛇","是类型","魔法(冰结系攻击)","provisional","cand-entity-d1f1a3b7e062"
"大将军","是类型","人物(职务称呼)","provisional","cand-entity-d235fa2bd1ce"
"『最深部之誓约者』","是类型","技能(前『？？？』)","provisional","cand-entity-d32008e36fa0"
"水晶蚂蚁","是类型","人物(迷宫生物)","provisional","cand-entity-d3f6e5f45b86"
"『龙之风』","是类型","魔法(龙系·风)","provisional","cand-entity-d468b9cf2e32"
"虹之格雷姆","是类型","人物(迷宫生物)","provisional","cand-entity-d504e9b93ce5"
"沃尔斯","是类型","人物","provisional","cand-entity-d5638eefff93"
"混账三骑士","是类型","人物(集体称呼·据缇缇)","provisional","cand-entity-d653015aee5e"
"雷纳尔多","是类型","人物","provisional","cand-entity-d749c3066a3b-m2"
"雷纳尔多","是类型","人物","provisional","cand-entity-d749c3066a3b-m3"
"雷纳尔多","是类型","人物","provisional","cand-entity-d749c3066a3b-m4"
"雷纳尔多","是类型","人物","provisional","cand-entity-d749c3066a3b-m5"
"雷纳尔多","是类型","人物","provisional","cand-entity-d749c3066a3b-m6"
"雷纳尔多","是类型","人物","provisional","cand-entity-d749c3066a3b-m7"
"雷纳尔多","是类型","人物","provisional","cand-entity-d749c3066a3b"
"佩艾希亚","是类型","地点(人工空间·记忆收束城市)","provisional","cand-entity-d858d243496c-m2"
"佩艾希亚","是类型","地点(人工空间·记忆收束城市)","provisional","cand-entity-d858d243496c-m3"
"佩艾希亚","是类型","地点(人工空间·记忆收束城市)","provisional","cand-entity-d858d243496c"
"幻之紫腕（DistanceMute）","是类型","魔法(次元魔术·最高等)","provisional","cand-entity-d8df99c75c0e-m2"
"幻之紫腕（DistanceMute）","是类型","魔法(次元魔术·最高等)","provisional","cand-entity-d8df99c75c0e"
"WindLever","是类型","怪物(鸟型)","provisional","cand-entity-d94c8874269f"
"帕林库洛的部下","是类型","人物(南方联盟士官)","provisional","cand-entity-da591604ef55-m2"
"帕林库洛的部下","是类型","人物(南方联盟士官)","provisional","cand-entity-da591604ef55-m3"
"帕林库洛的部下","是类型","人物(南方联盟士官)","provisional","cand-entity-da591604ef55"
"森之女王","是类型","人物(迷宫生物)","provisional","cand-entity-da941ca3ae90"
"法芙纳","是类型","人物(千年前·守护骑士)","provisional","cand-entity-db25a39d533b"
"北之王","是类型","人物(王)","provisional","cand-entity-db6de89c7476"
"Default","是类型","技能(次元魔法)","provisional","cand-entity-db7241e77490-m2"
"Default","是类型","技能(次元魔法)","provisional","cand-entity-db7241e77490-m3"
"Default","是类型","技能(次元魔法)","provisional","cand-entity-db7241e77490"
"勒伽西家","是类型","家族(贵族武门)","provisional","cand-entity-dc3f7d135f8a"
"新月琉璃制直剑","是类型","道具(剑)","provisional","cand-entity-dcd964d993df-m"
"新月琉璃制直剑","是类型","道具(剑)","provisional","cand-entity-dcd964d993df-m3"
"新月琉璃制直剑","是类型","道具(剑)","provisional","cand-entity-dcd964d993df-m4"
"新月琉璃制直剑","是类型","道具(剑)","provisional","cand-entity-dcd964d993df-m5"
"新月琉璃制直剑","是类型","道具(剑)","provisional","cand-entity-dcd964d993df-m6"
"新月琉璃制直剑","是类型","道具(剑)","provisional","cand-entity-dcd964d993df"
"赫勒比勒夏因家的神圣双剑『片翼』","是类型","道具(武器)","provisional","cand-entity-debc1f7a65a8-m2"
"赫勒比勒夏因家的神圣双剑『片翼』","是类型","道具(武器)","provisional","cand-entity-debc1f7a65a8"
"维度・曲战演算","是类型","魔法(次元属性·涡波·支援)","provisional","cand-entity-e08e23b97d3a"
"Sylph·Rokh·Bringer","是类型","物品(魔剑)","provisional","cand-entity-e2beb9cb5d2d"
"『感应』","是类型","魔法(技能)","provisional","cand-entity-e3050c529dc3"
"芙洛拉・塞斯提亚","是类型","人物(王族公主)","provisional","cand-entity-e7a8c560c323"
"青色魔石","是类型","道具(魔石)","provisional","cand-entity-e871d9408ce8-m2"
"青色魔石","是类型","道具(魔石)","provisional","cand-entity-e871d9408ce8"
"支配之王","是类型","人物(千年前之王·据艾德)","provisional","cand-entity-e8c988c69936-m"
"支配之王","是类型","人物(千年前之王·据艾德)","provisional","cand-entity-e8c988c69936-m3"
"支配之王","是类型","人物(千年前之王·据艾德)","provisional","cand-entity-e8c988c69936"
"艾米丽","是类型","人物(魔石人类·神圣魔法使)","provisional","cand-entity-e8d3a504ef3a-m2"
"艾米丽","是类型","人物(魔石人类·神圣魔法使)","provisional","cand-entity-e8d3a504ef3a"
"『北』的王国","是类型","地点(千年前·王国)","provisional","cand-entity-e8f572c7edcc"
"CallOuter","是类型","道具(迷宫拾得防具)","provisional","cand-entity-e9a454b6cb96"
"悬影","是类型","人物(迷宫生物)","provisional","cand-entity-eac97e1b94fd"
"赫勒比勒夏因之神圣双剑『片翼』","是类型","道具(剑)","provisional","cand-entity-ee50317cc38b-m2"
"赫勒比勒夏因之神圣双剑『片翼』","是类型","道具(剑)","provisional","cand-entity-ee50317cc38b-m3"
"赫勒比勒夏因之神圣双剑『片翼』","是类型","道具(剑)","provisional","cand-entity-ee50317cc38b"
"石英巨蟹","是类型","怪物","provisional","cand-entity-ef2aab4af5fc-m"
"石英巨蟹","是类型","怪物","provisional","cand-entity-ef2aab4af5fc"
"HolyElement","是类型","人物(迷宫61层怪物·精灵)","provisional","cand-entity-ef7d509a23e6-m2"
"HolyElement","是类型","人物(迷宫61层怪物·精灵)","provisional","cand-entity-ef7d509a23e6"
"魔石人类的少女","是类型","人物(魔石人类·再诞容器)","provisional","cand-entity-ef8af1a51eb1"
"『所有物』","是类型","技能","provisional","cand-entity-f0270e649527"
"感应","是类型","技能(感知·涡波)","provisional","cand-entity-f1bd6ddf448e"
"维斯·海利普洛佩","是类型","人物(莱纳体内之魂)","provisional","cand-entity-f2db58ef763a-m2"
"维斯·海利普洛佩","是类型","人物(莱纳体内之魂)","provisional","cand-entity-f2db58ef763a"
"劳拉维亚","是类型","地点(国)","provisional","cand-entity-f3db724f1cf9-m2"
"劳拉维亚","是类型","地点(国)","provisional","cand-entity-f3db724f1cf9"
"维度・多重展开","是类型","魔法(次元系)","provisional","cand-entity-f3edd9496870-m2"
"维度・多重展开","是类型","魔法(次元系)","provisional","cand-entity-f3edd9496870"
"诺瓦露","是类型","人物(魔石人类)","provisional","cand-entity-f40781b2ad95-m-m-m"
"诺瓦露","是类型","人物(魔石人类)","provisional","cand-entity-f40781b2ad95-m-m"
"诺瓦露","是类型","人物(魔石人类)","provisional","cand-entity-f40781b2ad95-m"
"诺瓦露","是类型","人物(魔石人类)","provisional","cand-entity-f40781b2ad95-m5"
"诺瓦露","是类型","人物(魔石人类)","provisional","cand-entity-f40781b2ad95"
"雷纳尔多•沃尔斯","是类型","人物(兽人·锻冶师)","provisional","cand-entity-f4f9bce35458"
"Divaplays・Arrow","是类型","魔法(神圣·共鸣光矢)","provisional","cand-entity-f67acb71127e"
"玛利亚·迪斯特拉斯","是类型","人物","provisional","cand-entity-f74320ac9140-m-m"
"玛利亚·迪斯特拉斯","是类型","人物","provisional","cand-entity-f74320ac9140-m"
"玛利亚·迪斯特拉斯","是类型","人物","provisional","cand-entity-f74320ac9140"
"堕落使徒","是类型","道具(剑)","provisional","cand-entity-f7643cee43c9-m2"
"堕落使徒","是类型","道具(剑)","provisional","cand-entity-f7643cee43c9-m3"
"堕落使徒","是类型","道具(剑)","provisional","cand-entity-f7643cee43c9"
"WindWing","是类型","魔法(风系)","provisional","cand-entity-f7883ca23d65"
"『LivingLegend号』","是类型","载具(客船)","provisional","cand-entity-f845dfd624b9-m2"
"『LivingLegend号』","是类型","载具(客船)","provisional","cand-entity-f845dfd624b9"
"菲伊・厄鲁斯","是类型","人物(恶德商人·奴隶商)","provisional","cand-entity-f87c256e44e2"
"赫勒比勒夏因之神圣双剑·片翼","是类型","物品(武具)","provisional","cand-entity-f87e47356b9e"
"拉古涅·卡伊库欧拉","是类型","人物","provisional","cand-entity-f8f42aa120d9-m-m"
"拉古涅·卡伊库欧拉","是类型","人物","provisional","cand-entity-f8f42aa120d9-m"
"拉古涅·卡伊库欧拉","是类型","人物","provisional","cand-entity-f8f42aa120d9-m4"
"拉古涅·卡伊库欧拉","是类型","人物","provisional","cand-entity-f8f42aa120d9-m5"
"拉古涅·卡伊库欧拉","是类型","人物","provisional","cand-entity-f8f42aa120d9"
"毒之火蜥蜴","是类型","人物(迷宫生物)","provisional","cand-entity-fa1c8c8f2656"
"风龙","是类型","人物(怪物·迷宫第六十六层)","provisional","cand-entity-fbc3ed090d31"
"圣女大人","是类型","人物(传说)","provisional","cand-entity-fd7ccc7f4f3a"
"魔法『致亲爱的一闪』","是类型","魔法(剑技)","provisional","cand-entity-fe334889b519"
"次元之理的盗窃者","是类型","人物(千年前始祖)","provisional","cand-entity-ff62470b318b-m2"
"次元之理的盗窃者","是类型","人物(千年前始祖)","provisional","cand-entity-ff62470b318b"
"涡波邀请格连入队被拒","是类型","event","provisional","cand-event-00323187975d"
"诺斯菲翻脸宣战与黑光自白","是类型","event","provisional","cand-event-0070bd7c157b"
"斯诺精神创伤再现与战逃（168话）","是类型","event","provisional","cand-event-00791b5e8999"
"罗德咏唱自白与魂之魔法阵","是类型","event","provisional","cand-event-009292c728f5"
"千年前真相：救阳滝计划与勒伽西背叛（记忆之旅）","是类型","event","provisional","cand-event-00a0e052bb8e"
"第三天晨间状态确认与全戒充魔","是类型","event","provisional","cand-event-00bc81320fdd"
"搜刮死者与『表示』规则习得","是类型","event","provisional","cand-event-011d8f4be699"
"海因侯普思遭遇与决斗②","是类型","event","provisional","cand-event-014e95d4fc49"
"斯诺窃听暴露与逃亡","是类型","event","provisional","cand-event-01bb3291cebd"
"阳滝死讯直受（涡波）","是类型","event","provisional","cand-event-01d14fd1810e"
"轮盘ALL-IN连胜与赌场禁用","是类型","event","provisional","cand-event-01d9cbe47ce6"
"缇缇『自由之风』制压全域","是类型","event","provisional","cand-event-01da70994cfe"
"斯诺窃听发觉与清晨对质","是类型","event","provisional","cand-event-0266cedfb298"
"死后黑暗：守护者规则宣读与孤之留恋作答","是类型","event","provisional","cand-event-028916a1759a"
"剑与盾的最终激突（胜负未揭）","是类型","event","provisional","cand-event-02d0303f7ba4"
"劳拉维亚社交舞会","是类型","event","provisional","cand-event-02e2d7319ebd"
"涡波vs艾尔米拉德北区第四轮对决","是类型","event","provisional","cand-event-02f29d9482a9"
"复活阳滝计划确立（师徒和解后的千年计划）","是类型","event","provisional","cand-event-02f3346da4cf"
"冰火魔树与无名爆裂魔法对决","是类型","event","provisional","cand-event-031748880ab6"
"决赛第一阶段(师徒剑术对决)","是类型","event","provisional","cand-event-031e9ac61274"
"海因的解放与单骑叛乱","是类型","event","provisional","cand-event-0386f15fafb7"
"裸泳骚动与泳装制作决意","是类型","event","provisional","cand-event-03a7cab93827"
"莱纳对塞拉的决斗败北","是类型","event","provisional","cand-event-03b759b97c4e"
"决战风龙日程确定·请假与对罗德保密","是类型","event","provisional","cand-event-03c18524d614"
"拉丝缇娅拉现身地下房间","是类型","event","provisional","cand-event-03e0b8724f8e"
"『流星』余波重创与按预定生还","是类型","event","provisional","cand-event-03ed6ec5337e"
"莱纳与艾德的一对一交锋（小树枝对双剑）","是类型","event","provisional","cand-event-03edfdba138b"
"魔法命名传授与『风刃剑』初实证","是类型","event","provisional","cand-event-03f0d2ab4bd5"
"圣诞祭落幕之战","是类型","event","provisional","cand-event-041165842450"
"艾德的愿望与『支配之王』的誓约","是类型","event","provisional","cand-event-04282a0c289e"
"泳装制作着手","是类型","event","provisional","cand-event-0440d2e03260"
"无言共鸣『冰・Aegis』再发动与莉帕『连接』魔力传送","是类型","event","provisional","cand-event-0472ce26e804"
"涡波决意检验心意并夜访拉丝缇娅拉","是类型","event","provisional","cand-event-04b702c6804b"
"涡波只身迎击七艘海盗船队","是类型","event","provisional","cand-event-04beaf9614a4"
"说服罗德·向居民报平安","是类型","event","provisional","cand-event-04cfd6f544a2"
"奴隶解放与西斯误认骚动","是类型","event","provisional","cand-event-04d5345cc781"
"缇亚的剑术梦想之争","是类型","event","provisional","cand-event-04e2bb5aa366"
"技能『？？？』对策甲板商谈","是类型","event","provisional","cand-event-0506e6c49e1c"
"零消耗抵达六十层","是类型","event","provisional","cand-event-051f6471087e"
"缇亚约会与芙兰琉莱谈话","是类型","event","provisional","cand-event-053ed2143000"
"并列思考丧失自认（强化论）","是类型","event","provisional","cand-event-05738f9e6e19"
"涡波与莱纳的柯尔库和解","是类型","event","provisional","cand-event-05a92ed3d58e"
"女孩失宝奔逃·孤惊觉其为幼年自己（视角合一）","是类型","event","provisional","cand-event-06b4eb6be2b9"
"探索模式转换：莉帕领队·遇敌即砍","是类型","event","provisional","cand-event-06fe6eaeef7e"
"第五次探索·宣言直返地上与强行军","是类型","event","provisional","cand-event-07406249f621"
"海莉莱纳介入·再诞对质与海莉出阵","是类型","event","provisional","cand-event-07671f093b19"
"托口信与莱纳离队","是类型","event","provisional","cand-event-0797666fd3e5"
"沙海祭坛诅咒剑（Raked・Blade）鉴定与破壊","是类型","event","provisional","cand-event-07a9e6a3b23d"
"诺文败北与消失开始(莉帕袭击)","是类型","event","provisional","cand-event-07c459c2634e"
"当前：挣脱前日谭·死亡诅咒半死体化（夏比变异种显现）·涡波导回更早世界","是类型","event","provisional","cand-event-07dca361e6ca"
"柯尔库安全宣言与本土望见","是类型","event","provisional","cand-event-080adac4effe"
"第二次迷宫探索出发（新阵容）","是类型","event","provisional","cand-event-08404a9fc694"
"千年前涡波与罗德邂逅·咒术Dealing契约成立·编入北方","是类型","event","provisional","cand-event-08919fb42316"
"过去视确认与同伴情报交换","是类型","event","provisional","cand-event-089a19cc444a"
"世界奉还阵『完全解放』·超大型怪物召唤潮","是类型","event","provisional","cand-event-08bb87631c22"
"锻冶师承揭示与神铁锻冶断定","是类型","event","provisional","cand-event-095a5018cc42"
"弥诺陶洛斯战与次元雪开发","是类型","event","provisional","cand-event-09fd81651e4d"
"誓约再燃·章末未知之风","是类型","event","provisional","cand-event-0a0fd655d385"
"全员滞留一万年计划提案","是类型","event","provisional","cand-event-0a17024f61ac"
"西斯的言语攻势与『Shunposhion・Feather』逃脱","是类型","event","provisional","cand-event-0a29e24bc365"
"艾德一行动向（北上兴国/莱纳被捕）","是类型","event","provisional","cand-event-0aca3c09c6d6"
"帕林库洛捏碎心脏·完死体化","是类型","event","provisional","cand-event-0ae7d9d1f0b4"
"拉丝缇娅拉拒绝告白真因判明（怒为缇娅拉）","是类型","event","provisional","cand-event-0ae7fcd355a3"
"城门外居民集议（罗德失约晨）","是类型","event","provisional","cand-event-0b3a18a29d47"
"涡波一年沉眠判明","是类型","event","provisional","cand-event-0b3b449e96e2"
"始祖涡波躯壳『再诞』为相川阳滝","是类型","event","provisional","cand-event-0b71fbf5a7c4"
"归宅佩艾希亚·发现罗德于保管室独泣","是类型","event","provisional","cand-event-0bd63c2aada5"
"白色少女苏醒现身甲板","是类型","event","provisional","cand-event-0c0cb624d6dc"
"斯诺病房对谈与自立","是类型","event","provisional","cand-event-0c262badc113"
"海莉乱入救援与城堡镇压","是类型","event","provisional","cand-event-0c40c341c3bb"
"报酬交涉","是类型","event","provisional","cand-event-0c4104f247e7"
"旗舰接舷与克洛伊初会面","是类型","event","provisional","cand-event-0c4c628ae901"
"莱纳对诺斯菲开战：杀意宣言与双咏唱","是类型","event","provisional","cand-event-0c66e4fe1293"
"真『咏唱』与魔・法『■道落土』构筑（风之道路）","是类型","event","provisional","cand-event-0ce3e897071c"
"千年留恋与悔恨的总吐露","是类型","event","provisional","cand-event-0d05e996de7e"
"罗德要求涡波永留『这里』被拒、说服决裂","是类型","event","provisional","cand-event-0d13ae124135"
"魔王城旅店住宿契约","是类型","event","provisional","cand-event-0d5912501c93"
"涡波×拉丝缇娅拉特训","是类型","event","provisional","cand-event-0dd7db85c4f7"
"60层守护者接触计划（章末）","是类型","event","provisional","cand-event-0ddf5681453f"
"冰火魔树与无名爆裂魔法对决","是类型","event","provisional","cand-event-0e27eaf73613"
"乱战歼灭——涡波后方指挥与新魔法双初用","是类型","event","provisional","cand-event-0e5202c8985b"
"涡波的身份动摇与誓愿再确认","是类型","event","provisional","cand-event-0e5f834e0f36"
"雷纳尔多的铁拳制裁与装备甄别","是类型","event","provisional","cand-event-0e85f9ab9ebd"
"挑衅论战与罗德身份逻辑崩坏","是类型","event","provisional","cand-event-0e94ff9a2cf2"
"『冬之异世界・四重奏』冰沙化决胜与核心两断·获称号","是类型","event","provisional","cand-event-0f353945197d"
"升6级与深层突破","是类型","event","provisional","cand-event-0f5c61f000b0"
"罗德真本事·世界崩壊余波波及","是类型","event","provisional","cand-event-0f7db2a3c93d"
"第五十之试练开幕·崩壊世界近战","是类型","event","provisional","cand-event-0ffc4834b3b4"
"千年孤独崩坏史（两百年至一千年·放弃作为孤）","是类型","event","provisional","cand-event-10033a65da3d"
"63~61层通层与白色怪物","是类型","event","provisional","cand-event-1014bef25778"
"城堡中庭奇袭（压制西斯）","是类型","event","provisional","cand-event-102e5c9afdf9"
"海莉MP枯竭与生命燃烧再开","是类型","event","provisional","cand-event-10343d8d18cc"
"缇缇天职确认（庭师）","是类型","event","provisional","cand-event-103cc5b24537"
"公会运营首日与迷宫再开","是类型","event","provisional","cand-event-10c4ce45f0aa"
"『妻子』事实揭露","是类型","event","provisional","cand-event-10c94290bc4e"
"口头约定兑现·拥抱（物语第一章HappyEnd宣言）","是类型","event","provisional","cand-event-10fe339bc042"
"涡波玛利亚猛攻与西斯神圣魔法铁壁","是类型","event","provisional","cand-event-1119722d58af"
"柯尔库北关突破（ch144）","是类型","event","provisional","cand-event-11df286176d8"
"罗德的『绘画』魔石抽取（最后一击准备）","是类型","event","provisional","cand-event-12ffd28d4e19"
"缇缇勇者断念与装身托付","是类型","event","provisional","cand-event-1339b5aa67c9"
"冻结魔法丧失确认（魔石拔除后）","是类型","event","provisional","cand-event-13548583d95c"
"队伍分派（四人离队/斯诺任领队）","是类型","event","provisional","cand-event-13a7b8344aa7"
"Boss狙击日（三Boss）","是类型","event","provisional","cand-event-13b5511caa3c"
"罗德咏唱失控·过呼吸","是类型","event","provisional","cand-event-13e5bbb054be"
"罗德三策建议","是类型","event","provisional","cand-event-13f45d510fd5"
"罗德的留恋问答与涡波'第二次'承诺","是类型","event","provisional","cand-event-1429b0a4b7e6"
"阳滝被守护者艾德带走(莱纳证言)","是类型","event","provisional","cand-event-148c0611cda9"
"Centidreadnought分割捕获战","是类型","event","provisional","cand-event-14d920d0c544"
"迷宫20-27层攻略与魔剑销毁","是类型","event","provisional","cand-event-1537e1e4d33a"
"御殿对峙:『臣子』要求与拒绝","是类型","event","provisional","cand-event-1544764fa46e"
"前祭游玩","是类型","event","provisional","cand-event-15e36bb3aa94"
"神殿演说与仪式拒绝","是类型","event","provisional","cand-event-163500534a43"
"缝衣恶趣味骚动与信赖波动","是类型","event","provisional","cand-event-1671a9d10dc0"
"莱纳起身宣战与双剑对峙","是类型","event","provisional","cand-event-16cc6be64c9a"
"柯尔库入市与旅店投宿（ch137）","是类型","event","provisional","cand-event-16ef7b6c7662"
"涡波放弃救援士兵与玛利亚制止","是类型","event","provisional","cand-event-17745a67f122"
"海莉之死（决斗落幕与消散）","是类型","event","provisional","cand-event-177acd204f31"
"海莉的颠覆推测揭示——涡波=『再诞』用魔石人类","是类型","event","provisional","cand-event-17af23d26be3"
"缇缇拦截未知飞行者","是类型","event","provisional","cand-event-17ba1e5a3d47"
"柯尔库翻墙潜入","是类型","event","provisional","cand-event-1916acc925c2"
"乐园传言引发移民流入与南军归还要求遭拒","是类型","event","provisional","cand-event-193b16084ef6"
"主角苏醒于迷宫回廊","是类型","event","provisional","cand-event-1958fdaaf0e8"
"斯诺免职令出示与判明","是类型","event","provisional","cand-event-196c5d1e3ade"
"技能『？？？』圣诞祭后再发动（ch126）","是类型","event","provisional","cand-event-1978ff40adbb"
"酒宴翌晨·宿醉缺席与昨夜暴走判明","是类型","event","provisional","cand-event-19a01ee069e3"
"莱纳夜袭与诺文介入","是类型","event","provisional","cand-event-19d7e7dc71aa"
"赫勒比勒夏因之神圣双剑·片翼入手与空祭坛","是类型","event","provisional","cand-event-19f3b9892c5d"
"涡波的初次告白","是类型","event","provisional","cand-event-19fd7810c02a"
"契约执行：三骑士分割成功·王与近卫骑士团长消失·艾德追击遭拒","是类型","event","provisional","cand-event-1b0f08d4af64"
"缇娅拉大人的血·回收进度报告","是类型","event","provisional","cand-event-1b8ba38f7c8d"
"缇缇记忆回归·千年『悲鸣』（五十层世界）","是类型","event","provisional","cand-event-1bde23a9be68"
"Flashback发作与沉入『千年前的梦』","是类型","event","provisional","cand-event-1bf28e2bac79"
"升级作业与状态栏确认（32层休整）","是类型","event","provisional","cand-event-1c02593d25f0"
"各国魔法屋扫货巡游","是类型","event","provisional","cand-event-1d2e9a6c4761"
"涡波自省（失败连锁自觉）","是类型","event","provisional","cand-event-1d4d5962774d"
"维度・多重展开侦查六十五层全貌","是类型","event","provisional","cand-event-1dbee581dc12"
"三人晚餐·诺文败北真相与魔石之剑出示","是类型","event","provisional","cand-event-1de209d9794d"
"莱纳被雷纳尔多·沃尔斯带走(判明)","是类型","event","provisional","cand-event-1e1d2a40d24d"
"支配之王千年史（君临·被弑·地底千年）","是类型","event","provisional","cand-event-1e2255a99c0c"
"莱纳自爆装备检视","是类型","event","provisional","cand-event-1e30cce269d1"
"塞拉『兽化』上阵与阵型转换","是类型","event","provisional","cand-event-1eaf34ccde7f"
"诺斯菲'千年前老婆'曝光骚动","是类型","event","provisional","cand-event-1f6ebcfb0483"
"望台揭示：魔王城=迷宫66层里侧","是类型","event","provisional","cand-event-1f854df056c3"
"阿尔缇随行与善意试探","是类型","event","provisional","cand-event-205019e5d7b1"
"39层猎场开设与斯特鲁讨伐","是类型","event","provisional","cand-event-20c556fe9382"
"斯诺的深夜来访与『夫君』骚动","是类型","event","provisional","cand-event-20ededac97ed"
"城堡中庭奇袭（压制西斯）","是类型","event","provisional","cand-event-2115f927f643"
"次元魔术彻夜开发与Default习得","是类型","event","provisional","cand-event-212af6a67faa"
"涡波以劳拉维亚经验劝诫与罗德落泪","是类型","event","provisional","cand-event-2131546162ac"
"城堡之梦第三场·千年前结局记忆再生","是类型","event","provisional","cand-event-21c0eb8bb070"
"五十一层空洞『Default』垂直突破","是类型","event","provisional","cand-event-21e7efc9fe4e"
"招式命名论战","是类型","event","provisional","cand-event-222f465db02e"
"涡波三目的宣言与继续战斗确认","是类型","event","provisional","cand-event-223273d1ec20"
"大圣堂侦察与阿尔缇确认","是类型","event","provisional","cand-event-225d158317d6"
"圣血散播与回收作业揭示","是类型","event","provisional","cand-event-22d76dc5a7e9"
"基督再谈方针宣言与主从握手","是类型","event","provisional","cand-event-22fda485848f"
"涡波苏醒与记忆回溯（世界奉还阵后）","是类型","event","provisional","cand-event-2328b419e21c"
"斯诺夜访·窃听坦白与自我厌恶风波","是类型","event","provisional","cand-event-234bec8ea691"
"风龙挑战开战","是类型","event","provisional","cand-event-239f4cead47d"
"雷纳尔多讲述罗德千年前王姿与艾德宰相义弟身份","是类型","event","provisional","cand-event-23a177cf06bc"
"圣人缇娅拉的后继者选定（莱纳）","是类型","event","provisional","cand-event-23ef0be66b06"
"罗德制服涡波（速度压制）","是类型","event","provisional","cand-event-243f6708311f"
"舞斗大会结果快马送达","是类型","event","provisional","cand-event-247a12e467b3"
"精神攻击地狱","是类型","event","provisional","cand-event-24e2b1a56ceb"
"斯诺入室禁令与辞职宣言","是类型","event","provisional","cand-event-2509cf642d97"
"戒指『晶盾』锻造（初魔法道具制作）","是类型","event","provisional","cand-event-25453703c33e"
"海莉拦截与『魔石人类』揭示（辩论）","是类型","event","provisional","cand-event-25af2049a6ac"
"血传与代价咏唱修练","是类型","event","provisional","cand-event-2611fb3de8f1"
"增援合流与战局扩大","是类型","event","provisional","cand-event-2618b66466a1"
"缇缇战死·艾德被掳","是类型","event","provisional","cand-event-262f1e395b38"
"船旅第二日剑术特训：涡波传授拉丝缇娅拉诺文剑技并切磋获胜","是类型","event","provisional","cand-event-26cd5415dc6e"
"晶盾授予与试戴（回程路上）","是类型","event","provisional","cand-event-270d17ac58dc"
"『连接』五十五层近路计划改定","是类型","event","provisional","cand-event-28bc55e52911"
"拘束与审讯","是类型","event","provisional","cand-event-28f67ec28ab7"
"诺文的童年起点(阿雷亚斯家旧宅)","是类型","event","provisional","cand-event-28fcde95dbad"
"决赛前晨景(女孩子们的对峙)","是类型","event","provisional","cand-event-290364c81a57"
"涡波升到20级（人类极限领域）","是类型","event","provisional","cand-event-293f7c2be3b5"
"民众声援与罗德的过呼吸恶化","是类型","event","provisional","cand-event-2956ab066a76"
"酒馆四人桌（魔法知识讲座）","是类型","event","provisional","cand-event-2957bc820ab8"
"魔王城茶话会与家人化骚动","是类型","event","provisional","cand-event-296026338f40"
"帕林库洛战后涡波弱化（体内魔石剥离）","是类型","event","provisional","cand-event-29729aa4566e"
"千年前战争史实口述(诺斯菲)","是类型","event","provisional","cand-event-2998a929a0f1"
"诺斯菲头痛发作与留恋膨胀（探索强行继续被劝止）","是类型","event","provisional","cand-event-29d75b57d92a"
"首次迷宫探索（30-34层）","是类型","event","provisional","cand-event-2a3d93e29357"
"留守组烧毁海盗船事件","是类型","event","provisional","cand-event-2b9518fddf33"
"西娅夺还作战成功","是类型","event","provisional","cand-event-2bc9d5259745"
"拉丝缇娅拉的留守决断","是类型","event","provisional","cand-event-2c227943eeac"
"藏书室探索与佩艾希亚史书发现","是类型","event","provisional","cand-event-2ce9f39a2fab"
"诀别早餐与感情剥夺","是类型","event","provisional","cand-event-2cfab4a8cf77"
"阿雷亚斯流共鸣剑术『雪风』创始·千米蜈蚣崩落","是类型","event","provisional","cand-event-2d0ba62423a8"
"四人组逃亡与归宅","是类型","event","provisional","cand-event-2d26690069c9"
"涡波对西斯开战（未完）","是类型","event","provisional","cand-event-2d5575ecc096"
"涡波通读藏书室史书与『支配之王』英雄谭","是类型","event","provisional","cand-event-2d82211840e6"
"雷纳尔多工房访问与委托失败","是类型","event","provisional","cand-event-2e1cf9d69ee9"
"艾德对涡波的畏惧与『初次见面』冲击","是类型","event","provisional","cand-event-2e1faea26f0c"
"舞斗大会警备日与斯诺身世披露","是类型","event","provisional","cand-event-2e7e0447995a"
"长生种情报提供","是类型","event","provisional","cand-event-2edeaf500350"
"千年前史核对（诺斯菲口述×涡波重构）","是类型","event","provisional","cand-event-2ee798d74a11"
"深夜意识沉没（睡魔或烂醉不可辨）","是类型","event","provisional","cand-event-2efa044a94ac"
"教会汇合与二次入迷宫","是类型","event","provisional","cand-event-2f5553585759"
"千年前北方凯旋·与罗德初遇即错过","是类型","event","provisional","cand-event-2f571dde2183"
"六十层守护者初遇·抚摸未消失","是类型","event","provisional","cand-event-2fd65287e277"
"『不带期待的弟弟』方案成立·罗德复元","是类型","event","provisional","cand-event-2feaba9f3f28"
"莱纳被捆与获释","是类型","event","provisional","cand-event-2ffd5ee9c6dc"
"世界奉还阵质询与勒伽西意志说","是类型","event","provisional","cand-event-3015a0738128"
"克洛伊晨间拦阻与说服","是类型","event","provisional","cand-event-308ef1715f83"
"抵达第二迷宫都市达利尔","是类型","event","provisional","cand-event-31ad5b424659"
"大圣堂突破战","是类型","event","provisional","cand-event-31e980470a68"
"西娅夺还作战","是类型","event","provisional","cand-event-3294e794e244"
"罗德吆喝劝退风龙（六十六层和平突破）","是类型","event","provisional","cand-event-329d7b8e12ac"
"涡波自述咒术记忆全失","是类型","event","provisional","cand-event-3349b2dba453"
"幼年好友关系断绝","是类型","event","provisional","cand-event-3364a732db36"
"第三枚戒指交付（三戒齐备）","是类型","event","provisional","cand-event-337185e8e019"
"坠落之梦与黑暗中的悔恨之声","是类型","event","provisional","cand-event-3379e893d2d6"
"沃尔斯带走莱纳之揭示与诺斯菲灭将提案","是类型","event","provisional","cand-event-337e94890ecd"
"孤置身碧青二色的世界（前日谭第一幕）","是类型","event","provisional","cand-event-33871a71353c"
"『LivingLegend号』出港（赴本土柯尔库）","是类型","event","provisional","cand-event-338cb4211dd3"
"罗德劫走诺斯菲（女孩子间的谈话）","是类型","event","provisional","cand-event-33b8d6244d61"
"海莉的拦路对峙与禁止通行宣言","是类型","event","provisional","cand-event-33c3c16006bf"
"涡波只身迎击七艘海盗船队","是类型","event","provisional","cand-event-33d41421b624"
"『感应』首发警报与晶盾收纳","是类型","event","provisional","cand-event-33db636cb698"
"帕林库洛怪物化与『第二十之试炼』开幕","是类型","event","provisional","cand-event-340565f06e0b"
"番外战(训练场四对一)","是类型","event","provisional","cand-event-342b9b9bdfea"
"乱花钱租下新居","是类型","event","provisional","cand-event-3448992303b0"
"涡波苏醒与自我同一性确立","是类型","event","provisional","cand-event-344d515f4823"
"海莉与莱纳乱入阵心","是类型","event","provisional","cand-event-344ea0a0716f"
"两军会战与决斗场介入","是类型","event","provisional","cand-event-347a7899d853"
"莱纳编入涡波队伍","是类型","event","provisional","cand-event-351cdc1dd067"
"佩艾希亚寿命告知重演·罗德狂暴暴风","是类型","event","provisional","cand-event-353b37544ca4"
"魔王城庭院茶会","是类型","event","provisional","cand-event-354f3dd8ba11"
"罗德独自飞返佩艾希亚（离队）","是类型","event","provisional","cand-event-35dd50cd8aeb"
"涡波经『连接』穿门前往『史诗探索者』本部","是类型","event","provisional","cand-event-35fa7572d1c2"
"千年前：『支配之王』与近卫骑士团长涡波消失·弃北赴南","是类型","event","provisional","cand-event-364ffceca53d"
"明日弗茨亚茨访问计划确立","是类型","event","provisional","cand-event-36974ce2b6f4"
"诺文拘束与决赛资格保全","是类型","event","provisional","cand-event-36e4943d786b"
"千年前·商会发展、历基亚国建国与尼特千年","是类型","event","provisional","cand-event-36f0339dee1e"
"诺斯菲与始祖涡波邂逅（自失期照料·父亲大人呼喊）","是类型","event","provisional","cand-event-36f7b6407774"
"阳滝所在揭示——『她就在我的身体里』","是类型","event","provisional","cand-event-3715c7506c37"
"迎接滞留开拓地王族的护送任务（进行中）","是类型","event","provisional","cand-event-3729437e2f93"
"涡波失去技能『并列思考』（自述）","是类型","event","provisional","cand-event-377023ae4e03"
"涡波读尽风之剑术·激怒方针","是类型","event","provisional","cand-event-37782f39b57a"
"第三次迷宫探索·66→63层突破","是类型","event","provisional","cand-event-37b0ad03d1dd"
"缇娅拉身世讲授","是类型","event","provisional","cand-event-37de81cfbf9f"
"露店淘宝与发夹赠礼","是类型","event","provisional","cand-event-38037fcae84a"
"宝石处理商谈决意与同伴去留：斯诺拒行、莉帕留守","是类型","event","provisional","cand-event-3822eb947d6c"
"后卫魔法组合开发（玛利亚耳语提案）","是类型","event","provisional","cand-event-383cb5211b11"
"生还与缇亚谵言","是类型","event","provisional","cand-event-394e4b1666d6"
"目击雷纳尔多与诺斯菲豪宅对峙","是类型","event","provisional","cand-event-399664f096c0"
"锻冶考验与仓库密谈·拯救罗德的托付","是类型","event","provisional","cand-event-39e70c65ff1e"
"半死体帕林库洛十秒败北与坦白问答","是类型","event","provisional","cand-event-39fc184c27bd"
"涡波DistanceMute特攻被弱化版化解·遭擒","是类型","event","provisional","cand-event-3a3ad9d9c50b"
"32层飞行怪歼灭战（组合魔法确立）","是类型","event","provisional","cand-event-3a4a1c1f7be2"
"缇达击杀与遗愿","是类型","event","provisional","cand-event-3a61d4534b09"
"第三十之试练(瓦尔法拉=三十层再现)","是类型","event","provisional","cand-event-3a6d42fc43cb"
"帕林库洛缠缚与『心异解放』连击","是类型","event","provisional","cand-event-3a9bd62c2cda"
"首次迷宫探索成果确认","是类型","event","provisional","cand-event-3aa85ce7af5c"
"涡波的决意：带罗德走出","是类型","event","provisional","cand-event-3aaac28382ac"
"鲜血魔法黑化与缇缇格挡","是类型","event","provisional","cand-event-3b1ffdf2e1f0"
"技能『？？？』第二次暴走（死亡危险×恋心复合·水中战）","是类型","event","provisional","cand-event-3b7043f9f6e8"
"一年后重访瓦尔德的酒馆（日樱·店长·克劳再会）","是类型","event","provisional","cand-event-3bd9d379282a"
"强夺军马与昼夜疾走","是类型","event","provisional","cand-event-3c17d0b2c8e0"
"缇亚的噩梦呓语与叫醒","是类型","event","provisional","cand-event-3c7d7c11ab6c"
"拉古涅情报解禁：艾德治世与北逃宰相","是类型","event","provisional","cand-event-3cb3b5866243"
"魔法屋再访与魔石购入","是类型","event","provisional","cand-event-3cb8fb56e628"
"告白失败确认与再告白宣言","是类型","event","provisional","cand-event-3ccfb3e2de68"
"涡波先谭预知确认·舍弃无伤回避","是类型","event","provisional","cand-event-3cd1e371be79"
"迷宫进度：抵达六十层（自报）","是类型","event","provisional","cand-event-3ce60048f4d4"
"告白被甩公开与斯诺再挑战宣言","是类型","event","provisional","cand-event-3d161483697a"
"诺斯菲『诅咒』净化说明与罗德解脱宣言","是类型","event","provisional","cand-event-3d1b878853b8"
"第二拳·佩艾希亚物理毁灭","是类型","event","provisional","cand-event-3d894a238771"
"缇缇对艾德的诘问（未答）","是类型","event","provisional","cand-event-3dbd06b9f2cb"
"双手环同时破碎与诅咒消失","是类型","event","provisional","cand-event-3e579195de75"
"涡波梦中记忆回放：妹妹阳滝与求医无果","是类型","event","provisional","cand-event-3eb1bc03ac71"
"涡波的恋爱自答与告白冻结","是类型","event","provisional","cand-event-3efedc400b32"
"35层阶梯浸水受阻与折返","是类型","event","provisional","cand-event-3f0b952599bf"
"守护者消灭机制再实证","是类型","event","provisional","cand-event-3f0cafb463fb"
"缇亚身世·使徒西斯篇","是类型","event","provisional","cand-event-3f2c18f3e5bf"
"无序之风封感知·强制同行","是类型","event","provisional","cand-event-3f4cd4a26dad"
"涡波初抵六十层·第六位守护者诺斯菲苏醒","是类型","event","provisional","cand-event-3f524e678f8d"
"斯诺的告白与涡波的保留回答","是类型","event","provisional","cand-event-3f69ba007af1"
"决斗首次交锋","是类型","event","provisional","cand-event-3f860b06080d"
"艾尔芬里斯再讨伐（二人联动）","是类型","event","provisional","cand-event-401944def65d"
"莱纳脱队与战备便条","是类型","event","provisional","cand-event-403aa5a0a6f4"
"向莱纳坦白只会次元魔术","是类型","event","provisional","cand-event-4049113dcd8b"
"玛利亚新魔法试炼","是类型","event","provisional","cand-event-404f555741b2"
"涡波领悟留恋实现之因·怒极开战（章末）","是类型","event","provisional","cand-event-406e7425caf6"
"34层伽鲁夫纳多杰里Boss战：洪水、渡氧之吻与技能『？？？』第二次暴走","是类型","event","provisional","cand-event-40835d3455a8"
"第三天作战部署(手环破坏重申)","是类型","event","provisional","cand-event-40e6551c90fc"
"决斗规则约定成立","是类型","event","provisional","cand-event-40f159157754"
"螺旋阶梯破壊·止步六十五层","是类型","event","provisional","cand-event-40f2bcd35968"
"四少女初恋状态判明与封印骚动","是类型","event","provisional","cand-event-41240fb2244a"
"玛利亚妹妹身份揭晓(涡波自责)","是类型","event","provisional","cand-event-41bc123a71cc"
"涡波的身份动摇与誓愿再确认","是类型","event","provisional","cand-event-41cd45025ff2"
"帕林库洛真意告白——'我一直都是为了胜过涡波才战斗的'","是类型","event","provisional","cand-event-420a8ba5412b"
"海莉发作倒下·魔石夺除与收容决定","是类型","event","provisional","cand-event-423fe245f3f9"
"光之战场移入与三对一合围","是类型","event","provisional","cand-event-4261e83dfea1"
"六十六层初战：艾尔芬里斯攻防败退","是类型","event","provisional","cand-event-42871d326756"
"围攻濒死帕林库洛（四强连击·魔石线发光）","是类型","event","provisional","cand-event-42a6b35a41fc"
"西行旅途开启（柯尔库汇合斯诺后赴西迷宫遗址）","是类型","event","provisional","cand-event-431c685ab8c0"
"罗德破坏佩艾希亚出入口（据诺斯菲·章外）","是类型","event","provisional","cand-event-432d74a3638e"
"病房对话（精神剧变）","是类型","event","provisional","cand-event-432ef99c0539"
"DistanceMute突破与繋心『交流』","是类型","event","provisional","cand-event-4367306a4f98"
"诺斯菲光魔法镇伏六十五层LizardFlyer","是类型","event","provisional","cand-event-456d6e74553d"
"缇亚性别公开（泳装事件）","是类型","event","provisional","cand-event-4590df1bccbd"
"准决赛打假赛(手环互破坏规则)","是类型","event","provisional","cand-event-459320524db1"
"涡波亲口自报全名（古尔亚德）","是类型","event","provisional","cand-event-462e0d55909d"
"『魔石人类』谎言当面揭穿","是类型","event","provisional","cand-event-466741dcb33f"
"诺斯菲自明留恋真目（『说任性的话』）","是类型","event","provisional","cand-event-46d125f61794"
"新人骑士发现涡波与团长代理情报窃听","是类型","event","provisional","cand-event-46e149f3a503"
"LivingLegend号甲板午餐会","是类型","event","provisional","cand-event-46e85a91ba8f"
"飞越城墙：LivingLegend小队战斗打响","是类型","event","provisional","cand-event-47b2624f7cb9"
"涡波剑技斩尽风矢毫发无损","是类型","event","provisional","cand-event-483b05142813"
"独闯宣言与监视分工","是类型","event","provisional","cand-event-48873ccd4b62"
"帕林库洛之战落幕与世界奉还阵暴走崩坏","是类型","event","provisional","cand-event-48dc94e9290f"
"涡波冻结海面赴小岛采沙约10公斤","是类型","event","provisional","cand-event-48e423a52c08"
"涡波的决意（尽头无物→攻略宣言）","是类型","event","provisional","cand-event-497d0fae3273"
"十层对话（阿尔缇体内）","是类型","event","provisional","cand-event-499f94a9785c"
"斯诺·沃克独力出击讨伐怪物群","是类型","event","provisional","cand-event-4b514297ddf3"
"抵达本土与柯尔库潜入","是类型","event","provisional","cand-event-4b786a954dfa"
"平原对峙：魔石人类告知后的辩论与放行","是类型","event","provisional","cand-event-4b86e1cc5251"
"阿尔缇的愿望与守护者真相","是类型","event","provisional","cand-event-4bf5c6c95fb0"
"柯尔库出发·赴达利尔","是类型","event","provisional","cand-event-4c5f31e1c3e4"
"诺斯菲留恋宣告（渴望犯错）","是类型","event","provisional","cand-event-4c7a81164888"
"南方魔人狩猎侵略·村庄毁灭","是类型","event","provisional","cand-event-4c8e8ab45184"
"屋顶魔弹战·骑士认出支配之王与叱退援军","是类型","event","provisional","cand-event-4cc88cf7e0ac"
"共鸣奇袭与首击（冰Aegis冻结眷属→假想诺文・阿雷亚斯→水晶剑）","是类型","event","provisional","cand-event-4d0ec9e979d9"
"屋顶对话与涡波的答案","是类型","event","provisional","cand-event-4d6d78c4e9ec"
"海上战斗不利条件判明","是类型","event","provisional","cand-event-4db5174e29a3"
"海莉乱入救援与城堡镇压","是类型","event","provisional","cand-event-4dfe4d975fce"
"缇缇的动物交流之力判明（支配之王同源·翼人种推测）","是类型","event","provisional","cand-event-4e1015b918c2"
"贝丝赠曲奇","是类型","event","provisional","cand-event-4e22cf5a75d5"
"XiphiasSpear海上决战","是类型","event","provisional","cand-event-4e6628ec2e67"
"伊丽莎白・沃尔斯地震截击登场","是类型","event","provisional","cand-event-4e8764f88314"
"格连初会与斯诺的崩坏","是类型","event","provisional","cand-event-4eebbb86d8f4"
"技能『？？？』命名『最深部之誓约者』","是类型","event","provisional","cand-event-4f4b5b8f431a"
"涡波对帕林库洛剑战（言语压制·渐趋下风·168话）","是类型","event","provisional","cand-event-4f5b7006dee8"
"西斯的讨伐宣言与身体归还拒绝","是类型","event","provisional","cand-event-4f85b3e0c133"
"诺斯菲的败因评定与莱纳的自省","是类型","event","provisional","cand-event-4f8a7afacfef"
"深夜绑缚审问与旧友自白","是类型","event","provisional","cand-event-4fdc8c025e5b"
"贝丝到访·诺斯菲移交战场","是类型","event","provisional","cand-event-502a72a4d0b4"
"二十一层护玛利亚苦战","是类型","event","provisional","cand-event-50654797fece"
"始祖和魔王的魔剑BraveFluorite锻造","是类型","event","provisional","cand-event-50b0d78ad7de"
"阳滝再诞提案与涡波拒绝","是类型","event","provisional","cand-event-50fbb45e1b19"
"告白失败后的酒馆消沉夜","是类型","event","provisional","cand-event-5121e2134f9e"
"甲板全员公开·异世界出身与技能全明示","是类型","event","provisional","cand-event-51443795e101"
"侍女奇袭与莱纳Ex・Wind迎击","是类型","event","provisional","cand-event-518336b859a5"
"涡波魔法开发：Default完成→DistanceMute拔魂实证","是类型","event","provisional","cand-event-51877ab6343f"
"双守护者对峙与和解(佩艾希亚中庭)","是类型","event","provisional","cand-event-51afca5c65a6"
"涡波对帕林库洛冻结攻防（尸体补给破局）","是类型","event","provisional","cand-event-5285b22d2131"
"回收莱纳·信任表态","是类型","event","provisional","cand-event-529f040dff23"
"罗德自白：加速的空壳人生","是类型","event","provisional","cand-event-52f14b872148"
"夜间魔法训练","是类型","event","provisional","cand-event-5320113c9693"
"臣民的谢罪与缇缇的解放","是类型","event","provisional","cand-event-535532bf8f20"
"深层之梦与三重意志传达","是类型","event","provisional","cand-event-53671be1b290"
"涡波×莱纳房内魔法战（拦逃闹战）","是类型","event","provisional","cand-event-537cff88a25a"
"诺文消失(千年生涯终焉)","是类型","event","provisional","cand-event-539996824f37"
"拉丝缇娅拉夜访与入队","是类型","event","provisional","cand-event-539b297a7554"
"对菲伊？厄鲁斯的人身抵债赌局(逆转·全财产剥夺)","是类型","event","provisional","cand-event-53c51e9a1409"
"31层宝石鱼迎击与阵型确认","是类型","event","provisional","cand-event-53cb2c01688f"
"餐厅和食宴与罗德身世问答（ch169）","是类型","event","provisional","cand-event-53e05e770631"
"宅邸崩塌中涡波救出莱纳","是类型","event","provisional","cand-event-54f2636a498e"
"状态彻查与吸血鬼判明","是类型","event","provisional","cand-event-5513f59da13c"
"北方重启境界战争与北方同盟结成（南方视角回顾）","是类型","event","provisional","cand-event-55203e1b7092"
"奴隶少女诓骗未遂与两队合流","是类型","event","provisional","cand-event-554350c52f88"
"南方异变：三骑士成理的盗窃者·圣女诺斯菲登场·孤寄望亡国","是类型","event","provisional","cand-event-554794d37316"
"帕林库洛复活阳滝宣言","是类型","event","provisional","cand-event-554d0887bbae"
"第二迷宫封锁与达利尔大混乱（过去视所见）","是类型","event","provisional","cand-event-561525d9e9b2"
"涡波左臂被余波震断·罗德转入近身捕获","是类型","event","provisional","cand-event-569c687a346a"
"光之御旗支配与莱纳的抗拒","是类型","event","provisional","cand-event-56c731a5223a"
"公馆北奇袭·军马强夺（ch144）","是类型","event","provisional","cand-event-5711ee925bf9"
"甲板游泳教学（全员脱沉）","是类型","event","provisional","cand-event-571df30cd576"
"帕林库洛真相宣告与涡波崩溃—再起","是类型","event","provisional","cand-event-579074c07a03"
"使徒勒伽西背叛——迷宫完成前夜的背刺","是类型","event","provisional","cand-event-57aa8a7ce6b8"
"同伴装备委托与新阶层魔石","是类型","event","provisional","cand-event-57b3ff99ea3c"
"罗德'修行'致莱纳魔力耗空瘫倒","是类型","event","provisional","cand-event-57e3e3df65bc"
"北方领土恢复·南北休战成立与'任务终结'之落空","是类型","event","provisional","cand-event-57ef1539803e"
"海因共赴与记忆走马灯","是类型","event","provisional","cand-event-5822939d5352"
"手环破坏尝试与双拒绝","是类型","event","provisional","cand-event-5870322a779c"
"围巾约定兑现(织围巾和解)","是类型","event","provisional","cand-event-58b500f6c7ca"
"六十三层双守护者共斗歼灭PaleGriffin","是类型","event","provisional","cand-event-59021ab4c2bc"
"轻量咏唱练习（莱纳成·涡波败）","是类型","event","provisional","cand-event-595d935e9fc4"
"八件泳衣制作完成","是类型","event","provisional","cand-event-59c30e8ebe3f"
"『先谭』再发动·确认亿分之一胜利未来","是类型","event","provisional","cand-event-5a4c69b0d7f7"
"水晶魔法Quartz护住基督","是类型","event","provisional","cand-event-5ad9ef2cd222"
"二十二·二十三层突破与制图","是类型","event","provisional","cand-event-5b058b46d35f"
"门戒离船与西娅·勒伽西登场","是类型","event","provisional","cand-event-5bb8d0fbbef4"
"涡波胜利宣言与战后崩溃","是类型","event","provisional","cand-event-5c92cbc34a78"
"涡波的六人集结宣言与二人归船（ch144）","是类型","event","provisional","cand-event-5ca02f5b13f4"
"LivingLegend号出航与七人甲板誓师(周回二度)","是类型","event","provisional","cand-event-5cb098b29c15"
"拉丝缇娅拉情报收集（大圣堂传闻听取）","是类型","event","provisional","cand-event-5cb88cf82ea9"
"元夫妻话题挖出与失忆回避","是类型","event","provisional","cand-event-5d05732405ee"
"千年前瘫痪期·与诺斯菲的邂逅(记忆)","是类型","event","provisional","cand-event-5d2b3f42bd0a"
"基督人生初次饮酒（麦芽酒）","是类型","event","provisional","cand-event-5d2bf24debcb"
"恋心复归——技能升华后对拉丝缇娅拉的感情回归","是类型","event","provisional","cand-event-5d2e49d041d1"
"闭店时遇露宿兜帽少年","是类型","event","provisional","cand-event-5d66d0461d4a"
"练级实验日","是类型","event","provisional","cand-event-5da2e7a36e4c"
"海莉身世自白","是类型","event","provisional","cand-event-5e2849d8f856"
"帕林库洛之死","是类型","event","provisional","cand-event-5e2cac0ef833"
"西斯的自白：契约·千年史观·再邀请","是类型","event","provisional","cand-event-5e56ec709180"
"始祖涡波退场与阳滝肉身再诞","是类型","event","provisional","cand-event-5eef36cb9449"
"地下生活方针决定（章题事件）","是类型","event","provisional","cand-event-5f508f50172b"
"斐勒卢托的鸿门宴招待","是类型","event","provisional","cand-event-5f865a1a3169"
"玛利亚夜访与和解","是类型","event","provisional","cand-event-5f9f2e04d086"
"冒险者领队砍伤主角并以其为饵","是类型","event","provisional","cand-event-5fda55060b09"
"罗德・缇缇入队与最后的迷宫探索","是类型","event","provisional","cand-event-601f17c746cf"
"斯诺与莉帕甲板宝石嬉戏：斯诺炼金无敌宣言","是类型","event","provisional","cand-event-605a9b2db95c"
"舞斗大会首日三轮","是类型","event","provisional","cand-event-605b760829df"
"海因最期（瓦尔德郊外）","是类型","event","provisional","cand-event-60853dd286b9"
"赴豪宅途中骑士追捕","是类型","event","provisional","cand-event-6087a76d2d17"
"诺文魔石宝石变现委托（史诗探索者受理）","是类型","event","provisional","cand-event-60a13331f37a"
"缇亚性别公开（泳装事件）","是类型","event","provisional","cand-event-60d15eab5510"
"少年之旅与泪洸之夜","是类型","event","provisional","cand-event-611fd985cd56"
"斯诺监听宣战与取下计划","是类型","event","provisional","cand-event-6144fc9a213a"
"次元之戒诞生（空白之戒充能·名变）","是类型","event","provisional","cand-event-6185d960e45c"
"涡波自认失忆期喜欢过帕林库洛","是类型","event","provisional","cand-event-61b152b05908"
"致亲爱的一闪·断臂","是类型","event","provisional","cand-event-61c73c11cbf6"
"艾德的再临誓愿宣言与愿望互换","是类型","event","provisional","cand-event-61fc33a11dc4"
"次元魔术传授限定与藏书室钥匙取得","是类型","event","provisional","cand-event-620c33c95eb7"
"艾尔芬里斯讨伐（第二次屠龙）","是类型","event","provisional","cand-event-623b4782fd4f"
"缇缇的告别与弃王宣言","是类型","event","provisional","cand-event-62e682095e8c"
"失忆期与缇亚的约会（回忆）","是类型","event","provisional","cand-event-6312128aaa73"
"缇亚的动机自白","是类型","event","provisional","cand-event-633ac9adbd44"
"夺回缇亚之战的作战会议","是类型","event","provisional","cand-event-6377856b5449"
"莱纳装备检查·自杀式道具判明","是类型","event","provisional","cand-event-63a9e224d1be"
"瞭望台真相揭示——魔王城与66层背面","是类型","event","provisional","cand-event-63e4ae0e5054"
"斯诺与缇缇初会·义姐妹成立","是类型","event","provisional","cand-event-644778779724"
"酒馆后方决斗开始","是类型","event","provisional","cand-event-64f9a60f044f"
"队伍分派（四人离队/斯诺任领队）","是类型","event","provisional","cand-event-6551f1e96b67"
"艾德接引提案与罗德的激烈拒绝","是类型","event","provisional","cand-event-657fcf35f495"
"涡波对诺瓦露之战（魔人化vs千算相杀）","是类型","event","provisional","cand-event-65ab1b0b2f17"
"诺瓦露魔人化现身与宣战","是类型","event","provisional","cand-event-65d43d297b2a"
"始祖记忆复苏之梦(罗德→诺斯菲)","是类型","event","provisional","cand-event-660b1b67562a"
"涡波与斯诺的一年经历交换","是类型","event","provisional","cand-event-6615f5eb0eb0"
"黑暗反省会与誓言","是类型","event","provisional","cand-event-664cd5f3e98e"
"技能『？？？』发动（游泳日当日回顾）","是类型","event","provisional","cand-event-6652cf79239d"
"第三次迷宫探索出发（四人新队伍）","是类型","event","provisional","cand-event-665857dc1206"
"风之臂显现与诺斯菲束缚解脱","是类型","event","provisional","cand-event-6690cb3a9526"
"魔剑强化完工（工房第三日收官）","是类型","event","provisional","cand-event-66b4f821a4b7"
"五十五层SkyRunner奇袭战","是类型","event","provisional","cand-event-66e8ffb05986"
"古奈尔木桶登场与失态否认","是类型","event","provisional","cand-event-671e3777d2d3"
"涡波拒绝救济之手与诀别","是类型","event","provisional","cand-event-6884e135b71b"
"35层水下探索（首度突入·至36层阶梯）","是类型","event","provisional","cand-event-688a77fbf080"
"二重奏剑宣言与四剑四重攻势","是类型","event","provisional","cand-event-68aa9da5e03c"
"草原化绝壁·坠入奈落之底·百年寻宝不得","是类型","event","provisional","cand-event-68cb3d58c0ab"
"组队连捷与MP管理","是类型","event","provisional","cand-event-690de7f3a366"
"正道工事与怪物群危机接管","是类型","event","provisional","cand-event-694097e4a0e6"
"海因与素体初遇","是类型","event","provisional","cand-event-6ac92af68573"
"水晶魔法Quartz护住基督","是类型","event","provisional","cand-event-6ae3ef9bc16f"
"兑换所变现与情报收集","是类型","event","provisional","cand-event-6af1f4940cce"
"深层'某人'推测与34层进发","是类型","event","provisional","cand-event-6b4d8a4905f3"
"决斗开幕：帕林库洛重创与半死体化自刎","是类型","event","provisional","cand-event-6b82cbeb8133"
"速归地上方针确立与『连接』轮休制","是类型","event","provisional","cand-event-6b8ef28316f7"
"杂货铺兽人女店主之死确认","是类型","event","provisional","cand-event-6bb3e2da9538"
"帕林库洛败北·维斯牺牲(涡波回想补录)","是类型","event","provisional","cand-event-6c7283e43672"
"诺斯菲留恋部分解消（魔力衰减·身体稀薄）","是类型","event","provisional","cand-event-6cb50eafad04"
"水攻与《冻结》击杀黑环萤","是类型","event","provisional","cand-event-6d546754d57e"
"千年监禁·深渊崩溃至发笑","是类型","event","provisional","cand-event-6d55f5300779"
"次元戒指破碎·圣双剑片翼备齐","是类型","event","provisional","cand-event-6d944c70c170"
"赛后大混乱与魔石争夺","是类型","event","provisional","cand-event-6e0397dd3602"
"海莉恶化发作与守护者的治疗","是类型","event","provisional","cand-event-6e4a6a637f36"
"船队遇袭发现与援助决断","是类型","event","provisional","cand-event-6f3254f85d80"
"『维度・决战演算』抵达新领域","是类型","event","provisional","cand-event-6fe174d508fb"
"南北总体战爆发（上万大军会战）","是类型","event","provisional","cand-event-6fed9c3e575f"
"罗德破窗闯入与住宿费谈判","是类型","event","provisional","cand-event-703a06bbc8d7"
"别墅会合与海莉的警告","是类型","event","provisional","cand-event-704552aa5daf"
"涡波苏醒于无名古堡（战后）","是类型","event","provisional","cand-event-708423f186b0"
"罗德家人宣言与宠弟作战","是类型","event","provisional","cand-event-70ba758f9097"
"雷纳尔多的临别送行","是类型","event","provisional","cand-event-70ca17c9b743"
"锻冶速习与戒指『晶盾』打造","是类型","event","provisional","cand-event-7174ac9e5e82"
"35层阶梯海莉遭遇战","是类型","event","provisional","cand-event-720ee2c00a9a"
"玛利亚赤瞳看破与涡波的争吵","是类型","event","provisional","cand-event-723280a9662d"
"孤儿院反乱·王都夺还作战（英雄谭第二章真貌）","是类型","event","provisional","cand-event-73248263fbf3"
"缇缇×莱纳劝酒攻防","是类型","event","provisional","cand-event-7325e3b35d1c"
"技能？？？连环暴走与退还","是类型","event","provisional","cand-event-73b86faa0d6a"
"一年后重返地面·弗茨亚茨再访","是类型","event","provisional","cand-event-73f6c675beaf"
"『注视』对人与技能常识观察","是类型","event","provisional","cand-event-747ae10b8c0e"
"佩艾希亚再现时间轴切换为『北之大帝国』","是类型","event","provisional","cand-event-748396107a63"
"罗德诺斯菲毁门夹击与背靠背对峙","是类型","event","provisional","cand-event-749b42182be1"
"柯尔库港驻港手续（克洛伊斡旋）","是类型","event","provisional","cand-event-74ed3795fae9"
"血刻咏唱解明与斐勒卢托自白","是类型","event","provisional","cand-event-74f460c13beb"
"缇亚的告别与玛利亚的处决之约","是类型","event","provisional","cand-event-7504cb78fdb8"
"女性化指摘与剪发（女装提案拒绝）","是类型","event","provisional","cand-event-75ae0b224dba"
"拉丝缇娅拉强行参战与追击出发","是类型","event","provisional","cand-event-760c0d9d485b"
"七人大逃亡(Connection 闭幕)","是类型","event","provisional","cand-event-76165d7eded5"
"一年后再会（我回来了/欢迎回来）","是类型","event","provisional","cand-event-767fee6d8810"
"艾德战后现身独白与魔石回收企图","是类型","event","provisional","cand-event-76b5c96570c0"
"水晶玉封存与坠入大陆底部（世界奉还阵之战终结）","是类型","event","provisional","cand-event-76ea82ca36e1"
"别墅初战：涡波玛利亚vs西斯，西斯脱走","是类型","event","provisional","cand-event-772c1f5069c7"
"船队甲板茶会招待与同船提案","是类型","event","provisional","cand-event-7741a4e24615"
"涡波的拒绝（心上人优先的抉择）","是类型","event","provisional","cand-event-776e4db1e4ab"
"艾米丽咏唱被阻与境遇自白","是类型","event","provisional","cand-event-77701257a871"
"艾德（白樱传声）对始祖涡波的怒斥与讨伐宣言","是类型","event","provisional","cand-event-7773db79f179"
"艾德的鉴定与两队分离","是类型","event","provisional","cand-event-77dc191f7358"
"特训成果检验·水晶蚁战（31层）","是类型","event","provisional","cand-event-781a676914f5"
"对等伙伴握手与斯诺的不逃避宣言","是类型","event","provisional","cand-event-7838667ba79f"
"涡波拉丝缇娅拉决意特训","是类型","event","provisional","cand-event-786ab5e10e91"
"呼唤缇亚与MP倒计时","是类型","event","provisional","cand-event-78a051442c94"
"全海域龙卷风歼灭战","是类型","event","provisional","cand-event-78f3a7dda4b7"
"谒见室寻获罗德（玉座后的咏唱）","是类型","event","provisional","cand-event-79ddeb0c3ad7"
"命名「艾德」与『支配之王』王国游戏确立","是类型","event","provisional","cand-event-79f2234486d3"
"技能『？？？』任意解放·混乱突破与『反馈』","是类型","event","provisional","cand-event-7a2bb3394fb6"
"涡波与斯诺时隔一年再会","是类型","event","provisional","cand-event-7add177ef6f6"
"新家三人晚宴","是类型","event","provisional","cand-event-7b59e88f740e"
"雷纳尔多断后·崩宅送离","是类型","event","provisional","cand-event-7b6e12b5b397"
"涡波呼唤阳滝与记忆之旅","是类型","event","provisional","cand-event-7b7832b4461d"
"技能群三重死亡预告与涡波的动弹不得","是类型","event","provisional","cand-event-7c10afce273c"
"40层『大草原』初入·守护者不在","是类型","event","provisional","cand-event-7d12f3a7b1c7"
"向居民报平安（哭泣隐匿的圆话）","是类型","event","provisional","cand-event-7da1bdb2c2ff"
"海盗晨袭与千年前说明回","是类型","event","provisional","cand-event-7e4827340aa9"
"莱纳与塞拉潜入大圣堂地下","是类型","event","provisional","cand-event-7e5bc323dd83"
"涡波记忆统合(基督与涡波融合)","是类型","event","provisional","cand-event-7e8363ddd87b"
"缇缇与艾德的一年大冒险","是类型","event","provisional","cand-event-7e9d7baade74"
"莱纳风魔法基础特训（木勺浮空）","是类型","event","provisional","cand-event-7eefa8b515fb"
"雷纳尔多揭示佩艾希亚真相·托付救罗德","是类型","event","provisional","cand-event-7f646ea78749"
"诺文胜格连后被群众包围","是类型","event","provisional","cand-event-7fc60f037a1b"
"60层挑战决心与分头作战案","是类型","event","provisional","cand-event-800376715fd4"
"涡波苏醒与战后状况确认","是类型","event","provisional","cand-event-801d936a7395"
"DistanceMute开锁侵入绘画保管室·拼合被毁画像","是类型","event","provisional","cand-event-8023c397b121"
"图书馆死神调查","是类型","event","provisional","cand-event-806c8916b871"
"舞闘大会遗留文书处理委托","是类型","event","provisional","cand-event-80862ecdc539"
"就寝前的状态确认（涡波与莱纳）","是类型","event","provisional","cand-event-8095d3ef56b2"
"海莉战死与玛利亚送还","是类型","event","provisional","cand-event-8149386b82a2"
"『维度・千算相杀』实测（对缇缇）","是类型","event","provisional","cand-event-81a1a108fa04"
"六十六层突入与战前部署","是类型","event","provisional","cand-event-81e5e5134d1e"
"『DistanceMute』完成——桌之魂拔除实验（得魔石·桌化光消散）","是类型","event","provisional","cand-event-81e82fd7a568"
"莱纳起身宣战与双剑对峙","是类型","event","provisional","cand-event-820af367fa70"
"自室会合诺斯菲·探索送别","是类型","event","provisional","cand-event-822cc04fbb1a"
"涡波经宝剑强启地魔法『Earth』操沙遭反噬","是类型","event","provisional","cand-event-8251ae82d555"
"贝丝点心赠答与离别告知","是类型","event","provisional","cand-event-82bd002ed3cf"
"涡波对罗德近身剑战与超臂力投掷","是类型","event","provisional","cand-event-82ebaaecdddd"
"技能命名会与涡波定名（IllWill·注视·持有物品）","是类型","event","provisional","cand-event-83074d90bec0"
"五十层中央『召还』人影出现","是类型","event","provisional","cand-event-83138f884fa1"
"点燃一切（业火宣言）","是类型","event","provisional","cand-event-833ede5493aa"
"39层狩场化与40层大草原抵达（第五次探索）","是类型","event","provisional","cand-event-83dd9272d0d7"
"双守护者再会与和解（罗德临战变形·入住许可·称赞试留恋未成）","是类型","event","provisional","cand-event-843547df7775"
"异属性魔法仿效试炼","是类型","event","provisional","cand-event-8500eaee8537"
"士兵死守掩护帕林库洛撤离（涡波杀意萌生）","是类型","event","provisional","cand-event-851dc725aad3"
"北方行目标确立","是类型","event","provisional","cand-event-85c2ceb25aca"
"西斯逃走（左脚烧失）","是类型","event","provisional","cand-event-85d5b0cb1e71"
"信与疑的分歧（莱纳直谏）","是类型","event","provisional","cand-event-862812e29179"
"艾德撤退并回收王之器少女","是类型","event","provisional","cand-event-866348a1b1da"
"64层GreenHighElement战","是类型","event","provisional","cand-event-86692f513889"
"双守护者五十七层口角激化（魔力对峙）","是类型","event","provisional","cand-event-86761c707af8"
"三十层守护者诺文与慕影死神遭遇","是类型","event","provisional","cand-event-86a406d934bc"
"罗德与涡波的空战·河道一击","是类型","event","provisional","cand-event-872601fc37be"
"Sylph·Rokh·Bringer锻造完成","是类型","event","provisional","cand-event-878288aebb5d"
"六十五层突围·抵达六十四层","是类型","event","provisional","cand-event-878ad1a017f0"
"涡波说服失败与道歉","是类型","event","provisional","cand-event-87a7606ee0c7"
"技能『？？？』命名『最深部之誓约者』并升华发动","是类型","event","provisional","cand-event-87b6c176d06e"
"时代相联结——涡波于自造迷宫中苏醒'重新来过'","是类型","event","provisional","cand-event-8854f8a12f39"
"33层至34层无双推进（前卫无事可做）","是类型","event","provisional","cand-event-88a4b2f01398"
"帕林库洛的幸福感劝与三十层交易成立","是类型","event","provisional","cand-event-88d0a0a269c8"
"六十六层艾尔芬里斯初战（完败脱离）","是类型","event","provisional","cand-event-891c7bd29be1"
"光感染四剑失败与三骑士之名暴露","是类型","event","provisional","cand-event-8984b54f43bb"
"斯诺当众老公宣言与形象崩塌","是类型","event","provisional","cand-event-8998a2b1ec47"
"甲板海水浴与游泳练习","是类型","event","provisional","cand-event-89a43959b31d"
"王近卫骑士团由天上魔石唤回现世","是类型","event","provisional","cand-event-89ac6c0e8672"
"魔石服用与魔法习得","是类型","event","provisional","cand-event-89c6804a9294"
"翠之护身符赠与","是类型","event","provisional","cand-event-89e17c8dfdf6"
"斐勒卢托逐出房间与四少女留置","是类型","event","provisional","cand-event-8a75129be954"
"变现现金送达工房","是类型","event","provisional","cand-event-8b0cc1be5b90"
"陌生的声音唤醒罗德·命其拾读书","是类型","event","provisional","cand-event-8b22b34f7133"
"涡波的无双亲告白与斯诺的异世界同行约定","是类型","event","provisional","cand-event-8b4d37b8c8ac"
"超限《前日谭》再构筑与万众唤魂","是类型","event","provisional","cand-event-8b649b73a672"
"夫妻关系暴露（罗德揭破·诺斯菲终结话题）","是类型","event","provisional","cand-event-8bc8a0b2a4a3"
"火暗大战终焉·战场歼灭","是类型","event","provisional","cand-event-8bc9a1cee33a"
"前廊对峙·诺斯菲留恋自白","是类型","event","provisional","cand-event-8c8a62e6a82c"
"菲伊・厄鲁斯全财产剥夺与驱逐","是类型","event","provisional","cand-event-8cd4caa79f90"
"罗德狂暴暴风吹飞三人（章末骤变）","是类型","event","provisional","cand-event-8d34bea19802"
"千年前八杰名录与六十层军议","是类型","event","provisional","cand-event-8d8267ce8449"
"工房访问与装备商谈","是类型","event","provisional","cand-event-8dc5a3ba4e8d"
"魔石船LivingLegend号启航（船旅开始）","是类型","event","provisional","cand-event-8e166c88a0d2"
"海莉别离与追击出发（马车）","是类型","event","provisional","cand-event-8e296a02ff14"
"对罗德的掩护接触（量尺寸·收装备·拒野餐）","是类型","event","provisional","cand-event-8e609f53725e"
"『重崩色之非风剑』贯穿佩艾希亚结界","是类型","event","provisional","cand-event-8e72f5ac63bc"
"城墙坦白（最后的独白）","是类型","event","provisional","cand-event-8e8a790f72ba"
"65层LizardFlyer遭遇战与突破","是类型","event","provisional","cand-event-8eaae80834cc"
"涡波拒绝自我牺牲·选择分头回地上带艾德","是类型","event","provisional","cand-event-8ecbe3e3855e"
"罗德化星攀升·咏唱削魂·涡波制止无效","是类型","event","provisional","cand-event-8ed32a917b59"
"使徒西斯显现与宣言","是类型","event","provisional","cand-event-8f09a76e268f"
"带回艾德之托与涡波承诺（兼夺回阳滝）","是类型","event","provisional","cand-event-8f4a6f680e66"
"海因『再诞』成败大争辩","是类型","event","provisional","cand-event-8f7558490f70"
"诺文得到答案(我就是我宣言)","是类型","event","provisional","cand-event-8f7f60b02956"
"魔石构造解析（维度・决战演算）","是类型","event","provisional","cand-event-8febeea3cadf"
"艾尔艾米丽再会于魔法屋练习场","是类型","event","provisional","cand-event-9019349b6502"
"境界战争前线小胜（北方同盟撤退）","是类型","event","provisional","cand-event-908c96ab7f00"
"『本土』抵达与藏船","是类型","event","provisional","cand-event-909418e723d0"
"传说终末之战落幕——缇娅拉说服始祖涡波","是类型","event","provisional","cand-event-90cd9f43e74c"
"『DistanceMute・繋心』记忆确认","是类型","event","provisional","cand-event-914b382fee6d"
"总攻：共鸣魔法与自由之风开路","是类型","event","provisional","cand-event-914d159faead"
"阳滝魔石被夺与兄妹身魂颠倒","是类型","event","provisional","cand-event-91753295d47d"
"主角大剑击杀巨狼","是类型","event","provisional","cand-event-91e1ba28d6d7"
"涡波习得『诈术』并夺尽菲伊的诈术1.33","是类型","event","provisional","cand-event-9254c4992d0c"
"诺斯菲的败北承认与退却","是类型","event","provisional","cand-event-925939ee8d0f"
"鲜血魔法宣言与双后卫提案（探索前彩排）","是类型","event","provisional","cand-event-92aec5136560"
"艾德成为『木之理的盗窃者』并宣示兽人改称宏愿","是类型","event","provisional","cand-event-92bdeb0b161e"
"王族逃亡曝光·孤被拥立·北方反乱军成立与新生佩艾希亚国诞生","是类型","event","provisional","cand-event-93237d25f6ab"
"乐园宣告与国民光粒子化升天·无自我再现","是类型","event","provisional","cand-event-935ffeeb5a87"
"『素体』发现与『异邦人』说法冲突","是类型","event","provisional","cand-event-93c33cb432bf"
"魔王城苏醒后情报确认·阳滝不在判明（ch169）","是类型","event","provisional","cand-event-93c8170290c6"
"诅咒最终防卫发动(不罚的大英雄)","是类型","event","provisional","cand-event-940134a5e5c4"
"海莉≠海因判定讨论（血与魂）","是类型","event","provisional","cand-event-9426caadb027"
"尴尬时间·拉丝缇娅拉暴走夺窗逃跑与心意确认完成","是类型","event","provisional","cand-event-9452ddf93e45"
"失忆坦白与身世互报","是类型","event","provisional","cand-event-945cd5f36d51"
"诺斯菲承认受托调整环境·看穿地上计划","是类型","event","provisional","cand-event-94b5d650378b"
"古奈尔车队重逢与捕获同行","是类型","event","provisional","cand-event-953a3c21236f"
"莉帕『连接』转移撤退（战场2对2化·168话）","是类型","event","provisional","cand-event-9571cc6d2eae"
"涡波真正的『升级』与技能『？？？』发动","是类型","event","provisional","cand-event-9595bb0d2a82"
"诺斯菲流星押送涡波至佩艾希亚御殿","是类型","event","provisional","cand-event-95b4ea066b54"
"战后治疗与再出发动机","是类型","event","provisional","cand-event-96521e17c9d1"
"缇亚受嘲与斗殴风波","是类型","event","provisional","cand-event-9669b01a0a57"
"祭坛巡回：诅咒武具连破与碎片回收（31~33层）","是类型","event","provisional","cand-event-9682eb0a0a85"
"十匹大蜈蚣群现西面山地（急报）","是类型","event","provisional","cand-event-9685fb2d25b2"
"诺斯菲篡改『异邦人召唤』代罗德显现五十层","是类型","event","provisional","cand-event-96c3068eb7ef"
"《这里》术理崩坏与表里缝合","是类型","event","provisional","cand-event-96da932056b5"
"使徒勒伽西之力篡夺（『再诞』仪式）","是类型","event","provisional","cand-event-9721f8376d6b"
"拉丝缇娅拉复归与BOSS搜索请战（水之阶层行进中）","是类型","event","provisional","cand-event-974c86411bad"
"翌晨态度逆转：「万一」委托与威光压问","是类型","event","provisional","cand-event-9776992dcbe7"
"西斯逃走（左脚烧失）","是类型","event","provisional","cand-event-978d8715a21c"
"诺斯菲求见罗德（涡波以朋友立场设限后允诺）","是类型","event","provisional","cand-event-979c66dbeb96"
"汇合抉择与南行提议","是类型","event","provisional","cand-event-97a2ec379fcd"
"十五层刷怪与教会升级","是类型","event","provisional","cand-event-97b6638f97d8"
"午餐戒指修罗场","是类型","event","provisional","cand-event-97bd53d0eff9"
"共鸣魔法定名『Flame・Aegis（守护炎）』","是类型","event","provisional","cand-event-97beabcbf7b0"
"真名呼称与铳剑决斗的终局","是类型","event","provisional","cand-event-98207e14dd89"
"水晶玉封存与坠入大陆底部（世界奉还阵之战终结）","是类型","event","provisional","cand-event-9828eabd8773"
"基督×莱纳'两个人都能获救的道路'对谈","是类型","event","provisional","cand-event-98504c1eb1c7"
"大堡垒『维度』侦察：中庭三人异常魔力对峙（ch144）","是类型","event","provisional","cand-event-9877230010bb"
"千年前之梦·第二夜：魔法开发与四人北上","是类型","event","provisional","cand-event-9881a8d3627f"
"抚摸消逝之愿未成（十五分钟）","是类型","event","provisional","cand-event-98d435053962"
"火焚击杀锯齿甲虫","是类型","event","provisional","cand-event-98d57a4a5ec2"
"『并列思考』全解放·感情洪流自力克服","是类型","event","provisional","cand-event-98d85394ae2d"
"始祖涡波与罗德初遇（凯旋游行远观·错过）","是类型","event","provisional","cand-event-9993c51c66fb"
"海莉・维斯普洛佩遭遇战（突如其来的再会）","是类型","event","provisional","cand-event-99b376e05335"
"63层PaleGriffin遭遇与呼群撤退","是类型","event","provisional","cand-event-99cdab20ccf4"
"塞拉遭世界奉还阵集中削弱（168话）","是类型","event","provisional","cand-event-9a46d80418e3"
"精神污染装备修复训练（成败清单）","是类型","event","provisional","cand-event-9aa6c330a3e7"
"神殿演说与仪式拒绝","是类型","event","provisional","cand-event-9ac263709655"
"水晶魔法『Quartz』显现：沙石化为宝石金砂、甲板宝石长河","是类型","event","provisional","cand-event-9b375e15b344"
"天上之七骑士舞会遭遇","是类型","event","provisional","cand-event-9b5000bd345e"
"出发准备与史诗探索者送别","是类型","event","provisional","cand-event-9bddb584c49d"
"挑战艾德一方与四败于『支配之王』","是类型","event","provisional","cand-event-9bef4e322fbf"
"缇缇被压制与艾尔芬里斯舍身","是类型","event","provisional","cand-event-9bffe5f77130"
"诺斯菲说服罗德·解放沃尔斯灵魂","是类型","event","provisional","cand-event-9c0541d5e382"
"城内带路与Dimension封禁","是类型","event","provisional","cand-event-9c3ce52576a0"
"军势分析与帕林库洛负伤泄露判读","是类型","event","provisional","cand-event-9cd57574ad83"
"魔剑命名权让渡与『表示』判定","是类型","event","provisional","cand-event-9cfaf0bd437c"
"世界奉还阵完全发动与战场生命溶解","是类型","event","provisional","cand-event-9d23d7fa356e"
"涡波竞技场护婚宣誓","是类型","event","provisional","cand-event-9d6afe0ae3ee"
"菲伊旧奴隶全员安置","是类型","event","provisional","cand-event-9d9760bcaf19"
"断崖带RioshethEagle迎击战","是类型","event","provisional","cand-event-9d97e2093811"
"涡波身体恶化至极限","是类型","event","provisional","cand-event-9db276f407b1"
"下毒饮品警示与全名称呼","是类型","event","provisional","cand-event-9dce41b3925b"
"『维度』展开索敌与古奈尔脱逃","是类型","event","provisional","cand-event-9e0e37f93074"
"银铠组遭遇与拉丝缇娅拉治愈","是类型","event","provisional","cand-event-9e1755e24299"
"涡波与帕林库洛最终剑斗","是类型","event","provisional","cand-event-9e33482aae52"
"千年记忆物语的落幕","是类型","event","provisional","cand-event-9e6e5d6cabcf"
"莱纳专用装备·衣物制作（第三日完工）","是类型","event","provisional","cand-event-9e77fbd272cb"
"别墅再会·露洁诺瓦露初对面","是类型","event","provisional","cand-event-9e7a99f6c936"
"拘束预案敲定与刑具借用·留船决定","是类型","event","provisional","cand-event-9ecaf0f4e6a6"
"帕林库洛『魔法阵』发动宣言与杀戮授权","是类型","event","provisional","cand-event-9f09771297e1"
"『这里』国民总退场（咒术忘却扩散）","是类型","event","provisional","cand-event-9f5054969d33"
"五十守护者罗德初遇","是类型","event","provisional","cand-event-9f6fabd4b4bc"
"『维度』北方全域观测与军势预测失败","是类型","event","provisional","cand-event-9fad5ed659ae"
"海因真决斗","是类型","event","provisional","cand-event-9fdc6aa66a38"
"金砂双少女遭遇与基督误认","是类型","event","provisional","cand-event-a00831a142a1"
"千年前北方战争与支配之王弃军逃走（据雷纳尔多讲述）","是类型","event","provisional","cand-event-a0966e02a304"
"第二次『雪风』·帕林库洛大卸八块仍笑","是类型","event","provisional","cand-event-a10f4cfb9f6f"
"阿尔肯赌局（悬影竞赛）","是类型","event","provisional","cand-event-a19ab222431f"
"千年前死神战争生涯","是类型","event","provisional","cand-event-a1b15254ca3d"
"『应有的姿态』暴露：自相残杀危机","是类型","event","provisional","cand-event-a1f159d4470a"
"白樱通信机来电（艾德）","是类型","event","provisional","cand-event-a2036b46c5ae"
"西娅·勒伽西登场与海莉离船","是类型","event","provisional","cand-event-a277b74940c7"
"艾德举手投降与中立离场","是类型","event","provisional","cand-event-a28070539280"
"扉页『支配之王』·罗德否认己名·第一章『支配之王的觉醒』开幕","是类型","event","provisional","cand-event-a2c68aa77e1b"
"莉帕的介入与后宫提案","是类型","event","provisional","cand-event-a32a77f5268e"
"涡波经『连接』回归史诗探索者本部","是类型","event","provisional","cand-event-a385dc5467f0"
"涡波决意转变（弃逃·誓亲自了断并改变未来）","是类型","event","provisional","cand-event-a3e438bc83c3"
"魔石携带品变现与财政破产","是类型","event","provisional","cand-event-a3fd4e7b7b65"
"始祖涡波躯壳召唤","是类型","event","provisional","cand-event-a4127134bef7"
"沃克家诀别宣战(当主对峙)","是类型","event","provisional","cand-event-a4182a8cf27f"
"第五次迷宫探索出发·直接回归地上宣言","是类型","event","provisional","cand-event-a43d81721417"
"七人游泳练习开始","是类型","event","provisional","cand-event-a48204728ee3"
"公馆客房初战：光腕格挡与『炎之矢』直击","是类型","event","provisional","cand-event-a48250c892b3"
"帕林库洛黑剑偷袭与濒死","是类型","event","provisional","cand-event-a4acd51ff388"
"缇亚的濒死抉择","是类型","event","provisional","cand-event-a4b05da71c9a"
"诺斯菲夜袭·索求夫妻『证明』","是类型","event","provisional","cand-event-a4bdd53efc3e"
"屋顶追逃与脱鞋甩踪（贝丝恸哭震动佩艾希亚）","是类型","event","provisional","cand-event-a51a62d8ec20"
"水晶魔法『Quartz』觉醒","是类型","event","provisional","cand-event-a55e77b6e827"
"石英巨蟹初遭遇战（涡波单杀+三人连携）","是类型","event","provisional","cand-event-a56756f6865a"
"魔法屋购物与鉴定","是类型","event","provisional","cand-event-a596c88749d8"
"弗茨亚茨城后最终决战：双半死体对决·世界奉还阵吞噬二人","是类型","event","provisional","cand-event-a59a03c85ab9"
"帕林库洛位置情报与书信入手","是类型","event","provisional","cand-event-a5b226d3f5b1"
"64层GreenHighElement战","是类型","event","provisional","cand-event-a5ba72120c9c"
"贝丝街道遭遇与协助请求决裂","是类型","event","provisional","cand-event-a62d48b9ffd7"
"西娅·勒伽西登场与海莉离船","是类型","event","provisional","cand-event-a66c8f2f1c11"
"五十六层阶梯折跃点确保（连接×一再反转之光）","是类型","event","provisional","cand-event-a6705246228a"
"仿造共鸣魔法开发与冰Aegis完成","是类型","event","provisional","cand-event-a6b774d6f1b8"
"成员分组与『干死帕林库洛小队』结成","是类型","event","provisional","cand-event-a6ba40472077"
"涡波杀意初立与『次元斩裂剑』","是类型","event","provisional","cand-event-a6db1ed245f2"
"千年前·吸血鬼一族歼灭战","是类型","event","provisional","cand-event-a73603c696cc"
"雇佣护送的报酬结清与加护送别","是类型","event","provisional","cand-event-a742098a2619"
"『置换』：使徒西斯凭体显现","是类型","event","provisional","cand-event-a775baa3cd99"
"玛利亚的深夜谢罪与告白","是类型","event","provisional","cand-event-a780a65c2ad4"
"任性之托：让罗德恢复精神","是类型","event","provisional","cand-event-a79ea76de759"
"探病与圣诞祭得知","是类型","event","provisional","cand-event-a7b2724241f5"
"巨型西瓜虫讨伐（第二次救援作战）","是类型","event","provisional","cand-event-a7faeb554dde"
"罗德示范风属性咒术咏唱与代价揭示","是类型","event","provisional","cand-event-a82657872c80"
"归乡创伤与我（私）之死","是类型","event","provisional","cand-event-a85a2b18cad4"
"玛利亚怒斥·打醒自暴自弃的涡波","是类型","event","provisional","cand-event-a971f6c2b610"
"艾德战后现身独白与魔石回收企图","是类型","event","provisional","cand-event-aa24677e3abb"
"诺文南区身份揭露与被捕","是类型","event","provisional","cand-event-aa7b19878af7"
"涡波一年沉眠判明","是类型","event","provisional","cand-event-aa7e92e433ed"
"魔法使对决：拉丝缇娅拉胜涡波","是类型","event","provisional","cand-event-aa85b9ada6f6"
"总力战分击协议与开战","是类型","event","provisional","cand-event-aa9d784a9cf9"
"西迷宫熔封判明（同死神相伴的魔女传闻）","是类型","event","provisional","cand-event-aad44dbc06d2"
"始祖涡波躯壳召唤","是类型","event","provisional","cand-event-aae75b39b1d8"
"二十四层熔岩突破未遂","是类型","event","provisional","cand-event-ab19c2534058"
"罗德揭示『诺斯菲是涡涡的妻子』·双技能同时警报","是类型","event","provisional","cand-event-abebad072daf"
"涡波恐惧发作与莱纳看护","是类型","event","provisional","cand-event-abf4be609bc7"
"魔王城别名与无人之谜问答","是类型","event","provisional","cand-event-ac6f21f95034"
"帕林库洛怪物化·合成兽自强化","是类型","event","provisional","cand-event-ac983dd70400"
"海莉残渣消散——真正的永别","是类型","event","provisional","cand-event-acb159e71065"
"佩艾希亚首都陷落与孤儿院沦陷","是类型","event","provisional","cand-event-accd27575147"
"涡波的战术指示","是类型","event","provisional","cand-event-acf249a230b9"
"古尔亚德出航与高速渡海","是类型","event","provisional","cand-event-ad2a26152f55"
"诺斯菲指控涡波千年前罪行（欺骗害死住民）","是类型","event","provisional","cand-event-ad7ff21f9c91"
"奴隶拍卖场潜入与玛利亚初遇","是类型","event","provisional","cand-event-ad966099fecc"
"弗茨亚茨图书馆敌情调查（无果）","是类型","event","provisional","cand-event-adb271f9b553"
"缇亚真性暴露与打晕稳定化","是类型","event","provisional","cand-event-adecc38d2ee4"
"告白延期·静观其变决断（三条件）","是类型","event","provisional","cand-event-ae0b80beee36"
"莱纳许誓『咏唱』完成契约","是类型","event","provisional","cand-event-ae3fc9a8d91d"
"缇缇的初泣与《支配之王》消灭","是类型","event","provisional","cand-event-aea150557564"
"拉丝缇娅拉・弗茨亚茨现身","是类型","event","provisional","cand-event-aee1d2328ee2"
"咒术复得与复合咒术『咏唱』成立","是类型","event","provisional","cand-event-af101cf1acf2"
"千年前击沉友舰自白","是类型","event","provisional","cand-event-af1809b23576"
"新魔法试验与十层之门","是类型","event","provisional","cand-event-afa871fed783"
"五十四层起强行军（『加速』连用·攻略时间减半）","是类型","event","provisional","cand-event-aff606707d91"
"阳滝魔石被剥离（幻之紫腕）","是类型","event","provisional","cand-event-affcccf2e0eb"
"艾德的鉴定与两队分离","是类型","event","provisional","cand-event-b043cedc49cb"
"帕林库洛的复活许诺与涡波受降危机","是类型","event","provisional","cand-event-b04c7b652a7b"
"马车上的赛鲁多拉情报问答","是类型","event","provisional","cand-event-b0533aa68a2b"
"莱纳继承升级（真LevelUp）","是类型","event","provisional","cand-event-b0fdd45d654e"
"拉丝缇娅拉无双与组队规则实验","是类型","event","provisional","cand-event-b10015dddf88"
"玛利亚素质壁垒告白","是类型","event","provisional","cand-event-b171af991b7a"
"『维度』检索发现学者手记·读至'二英雄背叛'绝笔","是类型","event","provisional","cand-event-b17e99ecd111"
"假名由来自白与政体杂谈","是类型","event","provisional","cand-event-b18ed923a49f"
"诺斯菲大笑自嘲生前称谓","是类型","event","provisional","cand-event-b1913438f84d"
"艾德一行动向（北上兴国/莱纳被捕）","是类型","event","provisional","cand-event-b1dda0749b79"
"玛利亚全魔力解放·闪耀吧炎剑扫讨与力竭昏倒","是类型","event","provisional","cand-event-b26adbfb3004"
"涡波对始祖涡波战（剑与次元魔术）","是类型","event","provisional","cand-event-b29644b2d508"
"MP枯竭与『连接』归船","是类型","event","provisional","cand-event-b2bf982a0535"
"拉古涅决斗③","是类型","event","provisional","cand-event-b2d5d10d57ec"
"莱纳的最终确认与同伴宣言","是类型","event","provisional","cand-event-b34e952a5dce"
"HP补偿冻结与缇亚舍身","是类型","event","provisional","cand-event-b36d9981b3cf"
"诺斯菲×莱纳初会（诅咒残渣发作·摸头试留恋）","是类型","event","provisional","cand-event-b3b549482698"
"斯诺辞任总司令（章末预告）","是类型","event","provisional","cand-event-b413d2579f08"
"战后对质——罗德留恋坦白与归还被拒","是类型","event","provisional","cand-event-b459da0a4b1b"
"LivingLegend号探索方针会议（计划半毁改案）","是类型","event","provisional","cand-event-b48a6d52504b"
"舞闘大会后逃亡·赌场筹钱开始","是类型","event","provisional","cand-event-b51ec4326d14"
"帕林库洛之战落幕与世界奉还阵暴走崩坏","是类型","event","provisional","cand-event-b52f521ff708"
"『应有的姿态』暴露：自相残杀危机","是类型","event","provisional","cand-event-b57a5f337255"
"平等论战（莱纳自贬发言）","是类型","event","provisional","cand-event-b5cd6b9e5ab4"
"废村宿营与彻夜MP回复（决前夜）","是类型","event","provisional","cand-event-b62dc41b207b"
"诺斯菲袭击未遂（昨夜·本章回想）","是类型","event","provisional","cand-event-b64bf9d7f033"
"宝剑削装饰风波——剑发光'拒绝'·作罢","是类型","event","provisional","cand-event-b7bdf6eedf72"
"午餐戒指修罗场","是类型","event","provisional","cand-event-b7f0cf37bd6c"
"莱纳提议分头行动·主从托付成立","是类型","event","provisional","cand-event-b8140a4dec11"
"帕林库洛零魔力触发世界奉还阵（自爆祈愿）","是类型","event","provisional","cand-event-b850eb5891eb"
"再诞大作战再开宣言·莱纳塞拉骑士礼","是类型","event","provisional","cand-event-b88bdf43d01f"
"公会入会连场战","是类型","event","provisional","cand-event-b8e4c8d5bc9c"
"玛利亚记忆自解放(手环熔解)","是类型","event","provisional","cand-event-b90b2f0c8682"
"装备赠答承诺与愿望听取","是类型","event","provisional","cand-event-b97ce210b03a"
"缇娅拉记忆显现与再诞方针（据塞拉）","是类型","event","provisional","cand-event-b9e955ad09a3"
"护送考试至十层","是类型","event","provisional","cand-event-ba2a954f6b39"
"塞拉独断邀请莱纳入计划·拉丝缇娅拉追认","是类型","event","provisional","cand-event-ba4310dc3455"
"帕林库洛败北·维斯牺牲(涡波回想补录)","是类型","event","provisional","cand-event-ba67df9bf560"
"最后通牒与宣战布告（帕林库洛拒绝）","是类型","event","provisional","cand-event-ba815cf4f29a"
"颈环切断与首夜对话","是类型","event","provisional","cand-event-babdacc0f566"
"LivingLegendParty（暂定）首次探索出发·宝石鱼初战开始","是类型","event","provisional","cand-event-bb09ae640022"
"缇缇拒绝归还与归乡恳愿（艾德动摇）","是类型","event","provisional","cand-event-bb0bd7f0645f"
"拉丝缇娅拉来访·'不算数'宣言","是类型","event","provisional","cand-event-bb59e60eea0b"
"莱纳被射入超大门送往『试练』场所","是类型","event","provisional","cand-event-bbc6990e7c26"
"35层空气横穴（休息点）发现","是类型","event","provisional","cand-event-bc150c379fe3"
"黯淡之龙讨伐（屠龙）","是类型","event","provisional","cand-event-bc6f1b73adaf"
"白色少女的治疗与病情告知","是类型","event","provisional","cand-event-bcd3caa13bf0"
"王近卫骑士团五骑断罪截击战","是类型","event","provisional","cand-event-bd059867c1c8"
"病房之梦（阳滝与誓约）","是类型","event","provisional","cand-event-bd17cc48a2ec"
"出发宣言与千年契约重誓","是类型","event","provisional","cand-event-bd45b8aeb2ab"
"五十层宣言与第五十之试练开幕","是类型","event","provisional","cand-event-bdb6591df71c"
"孤遇见捧翠色石子的绿发羽翼女孩","是类型","event","provisional","cand-event-bddd8f7f24ac"
"涡波觉醒记忆与身世推断","是类型","event","provisional","cand-event-be050b6c02d8"
"空间破碎第一拳·城堡彻底崩溃","是类型","event","provisional","cand-event-be0622552342"
"贝丝寻获（『维度』大范围搜索）","是类型","event","provisional","cand-event-be223cdecf2e"
"拒绝·契约解除·诀别","是类型","event","provisional","cand-event-be51be33cfbb"
"士兵死守掩护帕林库洛撤离（涡波杀意萌生）","是类型","event","provisional","cand-event-bec757a29821"
"HighSkyBeryl入手与鉴定","是类型","event","provisional","cand-event-c0ed848c2f51"
"十级单飞与阿尔缇拦路","是类型","event","provisional","cand-event-c0f80c813c26"
"第二次迷宫探索出发（新阵容）","是类型","event","provisional","cand-event-c1475bb5fa3e"
"升级·点数分配与系统制定者自认","是类型","event","provisional","cand-event-c1a56259c82f"
"雷纳尔多工房·三剑装备与父之言","是类型","event","provisional","cand-event-c1d2daecdac2"
"死者复起：盗理成『理的盗窃者』并宣名『罗德』","是类型","event","provisional","cand-event-c1e38d6663d4"
"『闪耀吧炎之剑』战场扫讨","是类型","event","provisional","cand-event-c22b435d535b"
"晨间集合·拉丝缇娅拉年龄被知晓（章前回溯）","是类型","event","provisional","cand-event-c2a5f9bbc5a8"
"缇缇与莱纳的最后道别","是类型","event","provisional","cand-event-c2c6ab5d5517"
"医院诊断","是类型","event","provisional","cand-event-c2fb807f276b"
"全员参战夹击与魔力暴走化解","是类型","event","provisional","cand-event-c320adef879e"
"帕林库洛真相宣告与涡波崩溃—再起","是类型","event","provisional","cand-event-c3a0c3e31f36"
"决斗开幕：帕林库洛重创与半死体化自刎","是类型","event","provisional","cand-event-c3cf50e9e6a6"
"『前日谭』发动与魂之『连接』（回归千年前）","是类型","event","provisional","cand-event-c42dc2ac81db"
"涡波觉醒记忆与身世推断","是类型","event","provisional","cand-event-c496e3be0ff7"
"甲板钓鱼大赛与泳衣批判","是类型","event","provisional","cand-event-c4d2a2e7a3ea"
"涡波研读魔导书·次元魔术大成（翌晨可构筑）","是类型","event","provisional","cand-event-c51fed42cef6"
"35层阶梯海莉遭遇战","是类型","event","provisional","cand-event-c5380b46b419"
"《维度》索敌探索与大蛤中毒危机","是类型","event","provisional","cand-event-c5646b669f79"
"海莉身世揭示（船上对谈）","是类型","event","provisional","cand-event-c56587fa1e20"
"崩坏倒计时告知与『拯救罗德』委托撤回","是类型","event","provisional","cand-event-c5921f9d8bc2"
"以食结好与组队成立","是类型","event","provisional","cand-event-c59771438f3f"
"洗衣事件与初次探索中止","是类型","event","provisional","cand-event-c6034ba7aabf"
"玛利亚代价再燃与涡波再起","是类型","event","provisional","cand-event-c6937e653fe7"
"诺斯菲承认败势宣告撤退","是类型","event","provisional","cand-event-c6ec69058b38"
"男子的复仇宣言与大陆级『维度』展开","是类型","event","provisional","cand-event-c6f5c7d48f16"
"宝剑转投莱纳与第三个魔石发现","是类型","event","provisional","cand-event-c6fb9a34f7cc"
"斯诺一拳击杀Centidreadnought","是类型","event","provisional","cand-event-c708ca801b23"
"分别与自我厌恶","是类型","event","provisional","cand-event-c728d528853e"
"艾德的『面试』：涡波1对4","是类型","event","provisional","cand-event-c792a8523d08"
"莱纳自伤最强一击落空·被诺斯菲制压完败","是类型","event","provisional","cand-event-c7dbf6a934f3"
"救援学院考试小队","是类型","event","provisional","cand-event-c7dfdfb33b82"
"诺斯菲断退路·挟持移送御殿","是类型","event","provisional","cand-event-c7ee33f981f7"
"缇缇的LevelUP与艾尔芬里斯消散","是类型","event","provisional","cand-event-c81fff7dea97"
"涡波宣告明晨全员公开身份与技能","是类型","event","provisional","cand-event-c850836b166b"
"流星坠落与翠色魔石诞生（基督-罗德战场异变）","是类型","event","provisional","cand-event-c88411f1c7b1"
"城邑视察·兽人交流（ch169）","是类型","event","provisional","cand-event-c896fa25955d"
"诺斯菲留恋无关联自白（不消失·浓度更高说）","是类型","event","provisional","cand-event-c8c90bf131eb"
"二号队伍31~33层探索与祭坛搜寻","是类型","event","provisional","cand-event-c8d1b25d5557"
"抵达豪宅·雷纳尔多濒死发现","是类型","event","provisional","cand-event-c932e4ad0b1d"
"共鸣魔法『Inviolable・冰Room』总冻结","是类型","event","provisional","cand-event-c9886c9c4bc3"
"双守护者遭遇与试练开场","是类型","event","provisional","cand-event-c9c9387c3d3a"
"超大门（Large・连接）开启（借涡波之手强制发动）","是类型","event","provisional","cand-event-ca2637dec231"
"世界奉还阵完全发动与战场生命溶解","是类型","event","provisional","cand-event-ca41a8f4213b"
"守护者离去与别墅善后","是类型","event","provisional","cand-event-ca90b1bf1d3e"
"舞斗大会报名与拉丝缇娅拉再会","是类型","event","provisional","cand-event-cb2156fd369e"
"共鸣魔法『次元之冬・朔风』冻结帕林库洛","是类型","event","provisional","cand-event-cb3ee2fe58cd"
"宿怨决战开幕（帕林库洛先攻）","是类型","event","provisional","cand-event-cba5a5b4aecb"
"圣诞祭夜之战(回溯)","是类型","event","provisional","cand-event-cc352c49219c"
"出征前留守指示与海盗应对争论","是类型","event","provisional","cand-event-cc35a123bd30"
"涡波的自答断章——'为了拯救他人的『妹妹』而被调整出来的'","是类型","event","provisional","cand-event-cc4b5c8cd591"
"诺斯菲晨间无声近侍早餐","是类型","event","provisional","cand-event-cc6231883b6f"
"御殿决战开战(SehrWind炸裂)","是类型","event","provisional","cand-event-ccde80cb362e"
"相川阳滝怪物化（千年前）","是类型","event","provisional","cand-event-cd673f1ac5cb"
"三名魔石人类三重『咏唱』光矢与斯诺迎击","是类型","event","provisional","cand-event-cd68e04d0b4e"
"罗德揭示『咏唱』=『咒术』体系","是类型","event","provisional","cand-event-cd97d0c6e5c5"
"水晶玉封存与坠入大陆底部（世界奉还阵之战终结）","是类型","event","provisional","cand-event-cdcd7f416228"
"35层水中区域突破探索（第四次）","是类型","event","provisional","cand-event-cde6f22cb039"
"雷纳尔多致命一击与祖孙共逝（化光粒·无魔石）","是类型","event","provisional","cand-event-cdeb3e241bdc"
"藏书室·绘画保管室调查","是类型","event","provisional","cand-event-ce0d05db777a"
"冻结魔法『冰之矢』再现成功","是类型","event","provisional","cand-event-ce95e54f9057"
"决赛第二阶段(冬之异世界vs怪物化)","是类型","event","provisional","cand-event-ced7771e9817"
"行程思考：储粮与魔石购置","是类型","event","provisional","cand-event-cf0b914d4b22"
"甲板全坦白（异邦人身世公开）","是类型","event","provisional","cand-event-cf243addf8b8"
"洪水中对拉丝缇娅拉的渡氧之吻（人工呼吸）","是类型","event","provisional","cand-event-cfc874766f47"
"宝石变现结算与资金挪用发觉","是类型","event","provisional","cand-event-cfc8e024a177"
"涡波梦中记忆回放：妹妹阳滝与求医无果","是类型","event","provisional","cand-event-cff2ec4844d1"
"阿尔缇驰援参战·耶梦加得之炎（168话末）","是类型","event","provisional","cand-event-d02cba812c04"
"街头情报听取与同赴别墅","是类型","event","provisional","cand-event-d072ce16b705"
"重力共鸣的庭院追捕战","是类型","event","provisional","cand-event-d09c0d89444c"
"拉丝缇娅拉战前流亡与修行","是类型","event","provisional","cand-event-d0db4a2c3be2"
"森林战争地域强行穿越（ch144）","是类型","event","provisional","cand-event-d0eefba81472"
"阳滝被守护者艾德带走(莱纳证言)","是类型","event","provisional","cand-event-d111cea32e59"
"始祖涡波记忆复苏之梦（罗德相遇+诺斯菲邂逅两段回收）","是类型","event","provisional","cand-event-d11274feeeb0"
"艾尔芬里斯初讨伐（涡波单独）","是类型","event","provisional","cand-event-d12466e7bca8"
"34层水母BOSS战终结与接吻事故余波","是类型","event","provisional","cand-event-d13e40becd7a"
"拉丝缇娅拉房间的拥抱事件","是类型","event","provisional","cand-event-d155c374def0"
"第三次（真正的）邀请与千年道别","是类型","event","provisional","cand-event-d1574cd42f7e"
"帕林库洛怪物化与『第二十之试炼』开幕","是类型","event","provisional","cand-event-d177773e56e7"
"『世界奉还阵』怪物军团量产","是类型","event","provisional","cand-event-d17d509b66d4"
"诺文门客化与莉帕地化","是类型","event","provisional","cand-event-d1adab66d25f"
"恋爱戏剧计划全貌","是类型","event","provisional","cand-event-d1b33e81af02"
"光之御旗竖立·五十层光属性支配","是类型","event","provisional","cand-event-d1c55301e91d"
"对怪物帕林库洛：剑斗与精神攻防","是类型","event","provisional","cand-event-d2d93014594c"
"求死劝说与对手之约","是类型","event","provisional","cand-event-d2e48421a3e1"
"黑剑挑飞·决斗终结","是类型","event","provisional","cand-event-d30ee1647f32"
"拉古涅再会与引路入堂","是类型","event","provisional","cand-event-d34a5b422836"
"技能感应觉醒(黑暗中)","是类型","event","provisional","cand-event-d365b4dcd697"
"涡波判读：千年南北战争再现计划","是类型","event","provisional","cand-event-d3af5962aae9"
"地上同行邀请与雷纳尔多的重来之愿","是类型","event","provisional","cand-event-d474c9f06fca"
"诺文的临终梦(庭院的朋友们)","是类型","event","provisional","cand-event-d4f9bede3cfb"
"塞拉转达大小姐的拒绝理由与心意","是类型","event","provisional","cand-event-d539b9685d25"
"罗德假手滑挑起光属性怪物乱战","是类型","event","provisional","cand-event-d53b7c8e0126"
"木之理守护者与涡波对峙·『水之理的盗窃者』误认","是类型","event","provisional","cand-event-d5488958ff55"
"涡波能力状态剧变(战后·失去水魔石)","是类型","event","provisional","cand-event-d58d520e0f6b"
"西斯的点数再分配（咒术『集中收束』重新修正）","是类型","event","provisional","cand-event-d594f3027266"
"海莉之死（决斗落幕与消散）","是类型","event","provisional","cand-event-d5b451f28028"
"雷鲁别墅遗址访问与真相说明","是类型","event","provisional","cand-event-d607d102316b"
"御殿开战：SehrWind炸殿与暴风雨降临佩艾希亚","是类型","event","provisional","cand-event-d6121ddb8e3e"
"涡波英雄请战与迎击布阵","是类型","event","provisional","cand-event-d6583025a6eb"
"罗德全力一击『Ex・Wind』流星坠落","是类型","event","provisional","cand-event-d6987a5f5cad"
"锻冶速习：观察+并行读书","是类型","event","provisional","cand-event-d6d9a5a903eb"
"贝丝宣战与街道剑战（势均力敌·直感之谜）","是类型","event","provisional","cand-event-d6e88390f4f1"
"归还原世界方针问答","是类型","event","provisional","cand-event-d6ff7b4b5842"
"玛利亚队伍集结与南下出发（过去视所见）","是类型","event","provisional","cand-event-d701b2939fd3"
"午后探索队编成与斯诺捕获","是类型","event","provisional","cand-event-d74d78b0b5eb"
"拉丝缇娅拉夜袭强制升级","是类型","event","provisional","cand-event-d75a100898ce"
"莱纳与艾德的一对一交锋（小树枝对双剑）","是类型","event","provisional","cand-event-d76207b57b56"
"36层浅滩探索与撤退决断","是类型","event","provisional","cand-event-d76e3491fe25"
"涡波拒绝『？？？』独逃提案·选择共同战斗","是类型","event","provisional","cand-event-d7bb52c190d3"
"五十九层『光』中和与无血连下至五十七层","是类型","event","provisional","cand-event-d8accec282dd"
"拉丝缇娅拉超限发挥鲜血魔法：发色变白银、剑技再升","是类型","event","provisional","cand-event-d8f7b09bd4f8"
"涡波只身迎击七艘海盗船队","是类型","event","provisional","cand-event-d960c2b8fe34"
"拉丝缇娅拉与玛利亚大打出手","是类型","event","provisional","cand-event-d98111cd31d0"
"雷纳尔多遗言（满足·牵挂孤独少女·促逃）","是类型","event","provisional","cand-event-d9eb3d3b71a4"
"伽鲁夫纳多杰里咆哮唤洪水·战场强制水中化","是类型","event","provisional","cand-event-da2bc08e520c"
"最终剑斗：帕林库洛败亡与战场崩溃","是类型","event","provisional","cand-event-da2c19d92945"
"涡波盘问光魔法（罗德在场验证）","是类型","event","provisional","cand-event-da5f8e0f7131"
"午餐『维度』索敌发现莱纳（ch137）","是类型","event","provisional","cand-event-da6e0e85b8d4"
"涡波抱玛利亚突破南军军阵","是类型","event","provisional","cand-event-dab84f7437c6"
"莱纳继承升级（真LevelUp）","是类型","event","provisional","cand-event-dae423d1abc8"
"保管室门前相互谢罪·平行线对话（罗德拒归地上）","是类型","event","provisional","cand-event-daf88540add4"
"搜救无果与斯诺的振作","是类型","event","provisional","cand-event-db379f8b8b5d"
"海莉对帕林库洛独战开幕","是类型","event","provisional","cand-event-db4503b645c6"
"贝丝之魂唤回与谢罪","是类型","event","provisional","cand-event-dbc32f012c4f"
"返抵地上（六十六层之战两日后）","是类型","event","provisional","cand-event-dc947fc3ea50"
"『片翼』移交与莱纳专用化加工","是类型","event","provisional","cand-event-dcf6d70d5f15"
"雷纳尔多工房锻冶首日","是类型","event","provisional","cand-event-dd1d3874d086"
"复仇路概要与千年前终幕","是类型","event","provisional","cand-event-dd39b9d9727b"
"工房会长自曝与订制装备领取","是类型","event","provisional","cand-event-dd91834871f7"
"缇达分离——暗之魔石脱落·帕林库洛变回人形","是类型","event","provisional","cand-event-dd94101bcf90"
"六十层野餐茶会休憩","是类型","event","provisional","cand-event-dde2e4f4f34e"
"莱纳奉命阻截诺斯菲","是类型","event","provisional","cand-event-ddea72d82279"
"缇亚右手回收失败","是类型","event","provisional","cand-event-de252910fe36"
"玛利亚侧对账（诀别与诱导）","是类型","event","provisional","cand-event-de26e28d0912"
"古尔亚德港深夜购船","是类型","event","provisional","cand-event-de5637e8dba1"
"缇达战·物理阶段","是类型","event","provisional","cand-event-deb82181b0c2"
"全名自报与『英雄』人设取信","是类型","event","provisional","cand-event-dedb1e949c02"
"『DistanceMute』与『连接』『维度』共享","是类型","event","provisional","cand-event-df37ab9f3083"
"莱纳加入队伍(和解成立)","是类型","event","provisional","cand-event-df4c151bbb74"
"罗德粉碎王之肖像画","是类型","event","provisional","cand-event-df4d7afd6752"
"呼唤阳滝·体内应答与千年记忆回想","是类型","event","provisional","cand-event-df53b904ff70"
"本土上陆与柯尔库潜入","是类型","event","provisional","cand-event-df67abbccd65"
"诺斯菲晨间袭击涡波（光绳捆绑索『证明』）","是类型","event","provisional","cand-event-df81c3fc66c5"
"缇缇北逃获救与成为家人（命名·定居）","是类型","event","provisional","cand-event-df960b1664ef"
"奴隶市场再访与玛利亚竞拍","是类型","event","provisional","cand-event-dfdf2be0b673"
"全员集结与攻城开始","是类型","event","provisional","cand-event-e061fc0ccbaf"
"帕林库洛无限魔力怪物军势召唤","是类型","event","provisional","cand-event-e07cc9a54ca9"
"强化《维度》发现修缮道路","是类型","event","provisional","cand-event-e0f3dedb7f81"
"深层祭坛道具再失","是类型","event","provisional","cand-event-e13292ea9cd2"
"涡波冲刺四十九层阶梯失败·转入剑戟交战","是类型","event","provisional","cand-event-e139a5f77caa"
"『感应』警报与『Default』隔离（守护者接触阻止）","是类型","event","provisional","cand-event-e159cb31c61a"
"世界奉还阵吞没与大空洞形成","是类型","event","provisional","cand-event-e162fb324724"
"帕林库洛完死体化与精神攻击·涡波崩溃","是类型","event","provisional","cand-event-e16668645087"
"艾德撤退并回收王之器少女","是类型","event","provisional","cand-event-e1a68f64041e"
"涡波英雄传说大流传（舞闘大会后）","是类型","event","provisional","cand-event-e1cbfab142d2"
"伪善提案与莱纳目标确认","是类型","event","provisional","cand-event-e1fffedede0b"
"缇娅拉的灵魂宣誓与幸福魔法之梦","是类型","event","provisional","cand-event-e200ebac5ebd"
"千年前的战争·北方数度无血开城","是类型","event","provisional","cand-event-e253f95aef24"
"海盗晨袭与千年前说明回","是类型","event","provisional","cand-event-e2659c29d5b7"
"六十六层死胡同确认（Savepoint困境）","是类型","event","provisional","cand-event-e2d0918fb92f"
"西区龙之咆哮余波","是类型","event","provisional","cand-event-e2d3606355f5"
"祖孙同咏杀招与以命换魔力","是类型","event","provisional","cand-event-e30b9032a84e"
"千年物语对斯诺托出·夜谈","是类型","event","provisional","cand-event-e37e084a53f5"
"Dimension误视事故与记忆控制","是类型","event","provisional","cand-event-e3823252ba95"
"罗德千米铳剑狙击与追捕开始","是类型","event","provisional","cand-event-e422668d2ef3"
"出迷宫与警备兵情报","是类型","event","provisional","cand-event-e4c730619190"
"二十层Connection设置成功","是类型","event","provisional","cand-event-e514ba7e4bac"
"涡波的恋爱决断（章末悬念）","是类型","event","provisional","cand-event-e554242dcd4e"
"三人组逃亡与缇亚狂化危机","是类型","event","provisional","cand-event-e561ee740454"
"莉帕夜访·后宫提案与纯爱宣言","是类型","event","provisional","cand-event-e5bc9e5acfa4"
"涡波身体状态恢复（帕林库洛受损+阳滝魔石违和感消失）","是类型","event","provisional","cand-event-e615e8d50b0a"
"史诗探索者访问（宝石变现委托）","是类型","event","provisional","cand-event-e61ed21df1f6"
"涡波的明日全员坦白宣言","是类型","event","provisional","cand-event-e6528eb01392"
"新剑受领与二十六至二十九层Solo突破","是类型","event","provisional","cand-event-e68ed3f4479b"
"诺斯菲留恋自白与部分消解","是类型","event","provisional","cand-event-e6bfbbfd8cde"
"古利亚德港深夜购船(LivingLegend号·周回二度)","是类型","event","provisional","cand-event-e71824a597f9"
"缇亚的体内抵抗与西斯的让步","是类型","event","provisional","cand-event-e71b07debf47"
"LizardFlyer战力分析与弱点发现","是类型","event","provisional","cand-event-e7c5f0ccf7fe"
"孤于迷宫苏醒·发现魔石与想起收束·佩艾希亚第二次复兴启动","是类型","event","provisional","cand-event-e7cf0b5dd7a8"
"抵达五十层（罗德阶层·草原暴风雨）","是类型","event","provisional","cand-event-e7fd8702272f"
"海莉乱入救援与城堡镇压","是类型","event","provisional","cand-event-e80c7db8ac8f"
"第十之试练（决战）","是类型","event","provisional","cand-event-e85157b41e19"
"海莉的自白崩溃——记忆混杂之苦全暴露","是类型","event","provisional","cand-event-e8aea25d05da"
"决斗再开：冰炎双蛇与黑刃钝响","是类型","event","provisional","cand-event-e8cb777d6987"
"神铁锻冶技术观察","是类型","event","provisional","cand-event-e98df4b1eab8"
"返回地上的粮饷筹备与上工","是类型","event","provisional","cand-event-e9d2c67c8570"
"诺斯菲连镇六十四层GreenHighElement","是类型","event","provisional","cand-event-ea1ef832d8fb"
"涡波逞强崩壊·受降","是类型","event","provisional","cand-event-ea5b72e59dd9"
"涡波迎击流星·风援与心灵呐喊","是类型","event","provisional","cand-event-ea70cb7165e0"
"缇缇获赠轻铠路易芬理德","是类型","event","provisional","cand-event-eae4acf4e24a"
"六十六层风龙二度击破","是类型","event","provisional","cand-event-eb327d419e40"
"贝丝×雷纳尔多前廊决斗（同术抵消·身世对诉）","是类型","event","provisional","cand-event-eb8f713faa53"
"诺斯菲宣告罗德哭泣不止与泪之雨终结之愿（据诺斯菲声称）","是类型","event","provisional","cand-event-ec6f0f8c4b9c"
"世界观动摇与？？？第四次暴走","是类型","event","provisional","cand-event-ec79dd85558f"
"工房打工：全城修理·装备修复·护符受领","是类型","event","provisional","cand-event-ecdde47dbf82"
"旅行目的说明与古奈尔同行强要","是类型","event","provisional","cand-event-ecde528b966f"
"问答：过去与未来孰重（涡波答未来/现在·诺斯菲以时效已过挖苦）","是类型","event","provisional","cand-event-ed1a669cb5bb"
"誓约者感情返还与『先谭』开眼","是类型","event","provisional","cand-event-edc3726ce748"
"缇亚的消失危机与诀别","是类型","event","provisional","cand-event-edd876375ef8"
"缇亚身世坦白与营救同盟","是类型","event","provisional","cand-event-ee118d7cf495"
"Centidreadnought袭港急报与迎击准备","是类型","event","provisional","cand-event-ee31b16f660f"
"罗德『手滑』乱战·新魔法初阵","是类型","event","provisional","cand-event-eec0805c2a20"
"突发暴雨笼罩战场","是类型","event","provisional","cand-event-eee53cf49d28"
"风之理的盗窃者罗德破窗会面","是类型","event","provisional","cand-event-eeff7a80a9fc"
"决斗后半·Foam战术制胜","是类型","event","provisional","cand-event-ef4efe4bd55c"
"缇达现身","是类型","event","provisional","cand-event-ef985b0a9586"
"涡波誓师·冲出幽世","是类型","event","provisional","cand-event-efbfd8af7598"
"西斯白翼逃亡与男子黑紫魔力失控","是类型","event","provisional","cand-event-f010c6b390cc"
"塞拉指名基督决斗","是类型","event","provisional","cand-event-f0629b96ec04"
"涡波突进受挫与次元之戒","是类型","event","provisional","cand-event-f065ce5af878"
"舍身战法压制与诺斯菲中止反击","是类型","event","provisional","cand-event-f09f226a53a8"
"阿雷亚斯流剑术全传","是类型","event","provisional","cand-event-f0c4cc397b5e"
"海因战余波与拉丝缇娅拉归宅","是类型","event","provisional","cand-event-f10c1429daaa"
"五十层拦截战·被投回千年前的佩艾西亚","是类型","event","provisional","cand-event-f123f34344a2"
"涡波初次目视自身HP削减表示","是类型","event","provisional","cand-event-f1a7b0ee82bd"
"LizardFlyer初遭遇战·涡波负伤撤退","是类型","event","provisional","cand-event-f1bb54015e5f"
"千年前『结局』记忆再生","是类型","event","provisional","cand-event-f24231e167d8"
"帕林库洛教会密谈","是类型","event","provisional","cand-event-f2afb4bc3c2e"
"涡波发动『次元决战演算『前日谭』』","是类型","event","provisional","cand-event-f2e142e79717"
"战后致谢与『魔王』观感","是类型","event","provisional","cand-event-f37684c82d74"
"莉帕迎回","是类型","event","provisional","cand-event-f402b23d8168"
"海盗船烧毁击退（留守组）","是类型","event","provisional","cand-event-f45830571b4b"
"增援合流与战局扩大","是类型","event","provisional","cand-event-f4843a6f2933"
"砂上漂战：莉帕骑乘兽化塞拉","是类型","event","provisional","cand-event-f54dd1ee6675"
"雷纳尔多工房修理清空·转入锻冶训练","是类型","event","provisional","cand-event-f59dd7c4c131"
"看板知国势与图书馆翻译之谜","是类型","event","provisional","cand-event-f5b112846241"
"密室商谈·监视任务与魔法开发计划","是类型","event","provisional","cand-event-f5e918700d84"
"莱纳转移罗德注意力（前日）","是类型","event","provisional","cand-event-f62d07975338"
"圣诞祭谢罪与拉丝缇娅拉的宽慰","是类型","event","provisional","cand-event-f67b00d4b2c3"
"魔法双重发动相杀机制暴露与判明","是类型","event","provisional","cand-event-f68bf8127e59"
"悬赏判明与绕路决定","是类型","event","provisional","cand-event-f68e76126f27"
"艾德的『面试』：涡波1对4","是类型","event","provisional","cand-event-f6cee020f1fc"
"诺斯菲求教与涡波自认不知·邀共思（章末分头）","是类型","event","provisional","cand-event-f751287c4533"
"诺斯菲复制家传剑法压制莱纳","是类型","event","provisional","cand-event-f7c3bcf3c75b"
"真留恋判明=说任性的话·任性委托","是类型","event","provisional","cand-event-f7e7ecd6a7eb"
"诺斯菲宣告莱纳为罗德的新弟弟（据诺斯菲声称）","是类型","event","provisional","cand-event-f806e5a2441e"
"剑与物资的交接分配","是类型","event","provisional","cand-event-f89aa386ab1e"
"诺斯菲索求『契约的证明』（未遂）","是类型","event","provisional","cand-event-f89b25fc7401"
"34层伽鲁夫纳多杰里Boss战：洪水、渡氧之吻与技能『？？？』第二次暴走","是类型","event","provisional","cand-event-f8aa624b07dc"
"海莉的『连接』离场与生之决意","是类型","event","provisional","cand-event-f8da26e80205"
"涡波被投入连接·跨十六层坠至佩艾希亚御殿（章末）","是类型","event","provisional","cand-event-f8ef7bf454e6"
"涡波接入『世界奉还阵』·深渊感知与声音感应","是类型","event","provisional","cand-event-f9354cac4e2b"
"DistanceMute修炼遇瓶颈","是类型","event","provisional","cand-event-f96a12717dc8"
"南军屠村·老夫妇之死与孤的觉醒复仇（英雄谭第一章真貌）","是类型","event","provisional","cand-event-f96b19680984"
"移居瓦尔德与酒馆就职","是类型","event","provisional","cand-event-f98296f7cc91"
"涡波以DistanceMute与三连Default千米脱逃","是类型","event","provisional","cand-event-f9a29ab5ae93"
"决战终局——水晶双剑与冷气合击·帕林库洛完败冻结","是类型","event","provisional","cand-event-f9f31e1f36c0"
"半小时锻冶实习","是类型","event","provisional","cand-event-fa188625faaf"
"奴隶解放与西斯误认骚动","是类型","event","provisional","cand-event-fa5cef587900"
"会长归迎骚动（史诗探索者玄关包围）","是类型","event","provisional","cand-event-fa80b8390482"
"塞拉到访·交付通行文件","是类型","event","provisional","cand-event-fa940dfe898a"
"玛利亚移送与治疗布阵","是类型","event","provisional","cand-event-fab091c30111"
"魔法屋全种类魔石采购（劳拉维亚）","是类型","event","provisional","cand-event-fb884f627bcc"
"对RioshethEagle武器换装与零MP战术","是类型","event","provisional","cand-event-fbf720892959"
"莉帕点破『维度』毫米级测量与玛利亚魔力外泄","是类型","event","provisional","cand-event-fc186a11f55e"
"罗德转远程·魔弹风之矢箭雨追踪","是类型","event","provisional","cand-event-fc8124841676"
"塞拉赤手空拳镇压菲伊的护卫","是类型","event","provisional","cand-event-fcb9e1d927b5"
"西区第四轮拉丝缇娅拉队vs斯诺队","是类型","event","provisional","cand-event-fcfba3e7a348"
"罗德坦白千年前迎涡波为臣之因与救世主告白","是类型","event","provisional","cand-event-fd4daa54d661"
"古奈尔脱队逃走","是类型","event","provisional","cand-event-fd4dde1cbd6c"
"LivingLegend号黎明出航(本土)","是类型","event","provisional","cand-event-fd50ad2c9651"
"涡波悟得狂王/魔王因果·罗德即千年前传说之王","是类型","event","provisional","cand-event-fd7df4921654"
"千年前之梦·第二夜：魔法开发与四人北上","是类型","event","provisional","cand-event-fd986f76236a"
"融合魔法着陆与『决斗场』结成","是类型","event","provisional","cand-event-fddc31f4549d"
"艾德天职探讨（老师）","是类型","event","provisional","cand-event-fe0173e6e08b"
"孤发现自身年龄超百岁·创作咏唱『加速』自削","是类型","event","provisional","cand-event-fe2229059d8d"
"半死体帕林库洛十秒败北与坦白问答","是类型","event","provisional","cand-event-febe6cf0de57"
"『感应』调波获诺文首肯：幻视栗发青年、魔法反转","是类型","event","provisional","cand-event-ff1be61a351a"
"柯尔拉纳潜入·独走再出发（ch144）","是类型","event","provisional","cand-event-ff687d222210"
"支配之王的归来与『后备之王』","是类型","foreshadow","provisional","cand-foreshadow-009feb7586a3"
"迷宫之约：守护者与'具备资格者'","是类型","foreshadow","provisional","cand-foreshadow-00deb092e159"
"咏唱的代价去向","是类型","foreshadow","provisional","cand-foreshadow-01737e228483"
"帕林库洛事先准备的『魔法阵』（濒死续唱·涡波坐视）","是类型","foreshadow","provisional","cand-foreshadow-017700cb3585"
"手环的破坏条件","是类型","foreshadow","provisional","cand-foreshadow-01836da06d22"
"技能？？？真身","是类型","foreshadow","provisional","cand-foreshadow-02368550259d"
"莱纳的同归于尽装备与不归觉悟","是类型","foreshadow","provisional","cand-foreshadow-026015147b67"
"斯诺的顿悟与'那个人'","是类型","foreshadow","provisional","cand-foreshadow-0260a1f2ef02"
"涡波终将拯救诺斯菲（缇缇确信）","是类型","foreshadow","provisional","cand-foreshadow-0263a22db870"
"莉帕的不认输(三人战斗继续)","是类型","foreshadow","provisional","cand-foreshadow-02c283bc9229"
"诺斯菲的『留恋』之谜","是类型","foreshadow","provisional","cand-foreshadow-02de74bdf503"
"大圣堂一雪前耻之约","是类型","foreshadow","provisional","cand-foreshadow-02f120d8b8b9"
"罗德真本事的兑现与世界崩壊进行","是类型","foreshadow","provisional","cand-foreshadow-037023b4c662"
"海莉的崩壊警告——涡波与缇亚'变得跟我一样'","是类型","foreshadow","provisional","cand-foreshadow-0380e52e9fa8"
"阳滝之声发自涡波体内·'她在这里的理由'之谜","是类型","foreshadow","provisional","cand-foreshadow-04221079e799"
"白色少女的半年死线","是类型","foreshadow","provisional","cand-foreshadow-044abf5e7f1b"
"艾德×罗德再会——解开留恋/成佛的构想","是类型","foreshadow","provisional","cand-foreshadow-048e2246b447"
"第三个『魔石』之谜（或更多）","是类型","foreshadow","provisional","cand-foreshadow-0496d445efd2"
"舞斗大会=试练的期限","是类型","foreshadow","provisional","cand-foreshadow-04b75611a5bb"
"四人共同点的中断之念","是类型","foreshadow","provisional","cand-foreshadow-04c476bb366b"
"涡波拼命抑制的『不需注意到的事情』","是类型","foreshadow","provisional","cand-foreshadow-050bba4d1c63"
"缇亚的异常（困倦·『我』强调·白羽颤动·海莉的一瞥）","是类型","foreshadow","provisional","cand-foreshadow-051e099e41cd"
"本土追讨与三十层后探索双线","是类型","foreshadow","provisional","cand-foreshadow-05c9e8018a84"
"佩艾希亚崩坏倒计时与罗德陪葬危机(更新)","是类型","foreshadow","provisional","cand-foreshadow-06221fac0eb5"
"六十六层天空摇动异变","是类型","foreshadow","provisional","cand-foreshadow-0675324b2684"
"海莉队的先行与守护者魔石归属","是类型","foreshadow","provisional","cand-foreshadow-06ded5436277"
"涡波话语的『特别的力量』","是类型","foreshadow","provisional","cand-foreshadow-08ef96b84abc"
"梦的记忆与异世界适应（再证）","是类型","foreshadow","provisional","cand-foreshadow-0a49fac4576f"
"黑云再现：千年前的悲剧即将重演的前兆","是类型","foreshadow","provisional","cand-foreshadow-0aaaa7bd4ae9"
"缇缇的终局：见『真正的弟弟』并『结束所有这一切』","是类型","foreshadow","provisional","cand-foreshadow-0bf592f5b79f"
"本土＝新战场宣告（ch224）","是类型","foreshadow","provisional","cand-foreshadow-0c1d55052441"
"真名告知交易","是类型","foreshadow","provisional","cand-foreshadow-0c9f177510e3"
"明日拉丝缇娅拉参战·一口气到39层","是类型","foreshadow","provisional","cand-foreshadow-0ccb76945490"
"雷纳尔多的'残留'发言","是类型","foreshadow","provisional","cand-foreshadow-0d3c33b4ab00"
"艾德动摇尽头的台词（章末悬置）","是类型","foreshadow","provisional","cand-foreshadow-0dcf87d3dba8"
"负伤雷纳尔多×诺斯菲对峙","是类型","foreshadow","provisional","cand-foreshadow-0df563068733"
"魔王城无人的原因（雷纳尔多搁置回答）","是类型","foreshadow","provisional","cand-foreshadow-0e19b0b03114"
"拉古涅与魔石的禁忌感应","是类型","foreshadow","provisional","cand-foreshadow-0ecbc5482dc6"
"莉帕的深层感情","是类型","foreshadow","provisional","cand-foreshadow-0f16d6a52f20"
"黑暗中的声音","是类型","foreshadow","provisional","cand-foreshadow-0f8073efbbcf"
"艾德的千年南北战争再现计划","是类型","foreshadow","provisional","cand-foreshadow-0fb061afd9a7"
"『维度』八变种统合的修行目标","是类型","foreshadow","provisional","cand-foreshadow-10819735f4b7"
"涡波=魔石人类容器说（素体之谜）","是类型","foreshadow","provisional","cand-foreshadow-1104e6e06d41"
"千年前战争的真结局与历史改窜疑云","是类型","foreshadow","provisional","cand-foreshadow-11108ae6a3a8"
"消失的记忆（主角侧）","是类型","foreshadow","provisional","cand-foreshadow-11f3539ea80e"
"对常人『连接』的封印与否决","是类型","foreshadow","provisional","cand-foreshadow-1211265cb43e"
"雷纳尔多未竟遗言（『只有那丫头还是老朽的⋯⋯』）","是类型","foreshadow","provisional","cand-foreshadow-13603cd8620d"
"『船』购入目标(特殊船·船内『连接』)","是类型","foreshadow","provisional","cand-foreshadow-1382408be25b"
"帕林库洛的英雄剧本","是类型","foreshadow","provisional","cand-foreshadow-13c6198661fa"
"六十层不知底细的守护者","是类型","foreshadow","provisional","cand-foreshadow-14634cc42123"
"罗德的留恋","是类型","foreshadow","provisional","cand-foreshadow-1489a8669b23"
"艾德的战争重发意图（咏唱扩散）","是类型","foreshadow","provisional","cand-foreshadow-14caa1aa74e9"
"总长的迅速拦截之谜","是类型","foreshadow","provisional","cand-foreshadow-157e4cea940f"
"战争激化的幕后搭桥牵线者","是类型","foreshadow","provisional","cand-foreshadow-15884bc56cc0"
"基督自我变化之问（技能变化／成长／其它缘由·束缚解除）","是类型","foreshadow","provisional","cand-foreshadow-164f8f4a73ba"
"技能『？？？』的死之禁止","是类型","foreshadow","provisional","cand-foreshadow-16669e41f19f"
"明日的全员坦白","是类型","foreshadow","provisional","cand-foreshadow-16d4a9eacdcf"
"帕林库洛的种子网","是类型","foreshadow","provisional","cand-foreshadow-1894a1364d49"
"涡波的不祥预感","是类型","foreshadow","provisional","cand-foreshadow-18c7ce02f03e"
"决赛对诺文(一切了结之地)","是类型","foreshadow","provisional","cand-foreshadow-192ee9e63954"
"第五次『试练』逼近·涡波负有接受义务","是类型","foreshadow","provisional","cand-foreshadow-19ad9467ed18"
"罗德的旧识自称与'被封印的姐姐'","是类型","foreshadow","provisional","cand-foreshadow-1a901054e780"
"被造物与真心","是类型","foreshadow","provisional","cand-foreshadow-1ae25384b38d"
"『这一次，我不会再放您去任何地方』","是类型","foreshadow","provisional","cand-foreshadow-1bd5aa566f59"
"缇亚的身份撕裂","是类型","foreshadow","provisional","cand-foreshadow-1be2b65e618c"
"罗德的真『留恋』之谜","是类型","foreshadow","provisional","cand-foreshadow-1bf6401ccf52"
"『光之理的盗窃者』（诺斯菲）最终对峙","是类型","foreshadow","provisional","cand-foreshadow-1c0893b6e965"
"千年前的真相：罗德与诺斯菲的王者姿态","是类型","foreshadow","provisional","cand-foreshadow-1c5b08e794f8"
"白色少女与海因的未明关系","是类型","foreshadow","provisional","cand-foreshadow-1ca61fa7aa84"
"黯淡之龙的遗言","是类型","foreshadow","provisional","cand-foreshadow-1cc404296284"
"缇亚的剑认领（宝剑归属对证）","是类型","foreshadow","provisional","cand-foreshadow-1de19f96a4d5"
"六十七层的两只更大规格的龙","是类型","foreshadow","provisional","cand-foreshadow-1df2343f7442"
"海莉・维斯普洛佩的拦截","是类型","foreshadow","provisional","cand-foreshadow-1e20eee3672c"
"格连的'那个时候'与假货自称","是类型","foreshadow","provisional","cand-foreshadow-1e5064a87372"
"瓦尔法拉后的围堵","是类型","foreshadow","provisional","cand-foreshadow-1eb5b3fe2321"
"诺斯菲『从大人变成一个孩子』的留言","是类型","foreshadow","provisional","cand-foreshadow-1ecd858b9570"
"阿尔缇的悲恋往事","是类型","foreshadow","provisional","cand-foreshadow-1ed5aa8da772"
"魔石拔除影响过小之谜","是类型","foreshadow","provisional","cand-foreshadow-1efcabd9c3c3"
"联合国悬赏与行踪暴露风险","是类型","foreshadow","provisional","cand-foreshadow-1f2dd11a34f4"
"挑战守护者与使徒（宝剑诺文收回之因）","是类型","foreshadow","provisional","cand-foreshadow-1f2f6d73b51b"
"大姐的『魔石』回收计划","是类型","foreshadow","provisional","cand-foreshadow-1f7e9e5a3a5b"
"玛利亚与最重要之物的相似","是类型","foreshadow","provisional","cand-foreshadow-1fd651e13819"
"涡波的心之锁（感应诊断）","是类型","foreshadow","provisional","cand-foreshadow-1ff6bfd75623"
"迷宫的吞噬","是类型","foreshadow","provisional","cand-foreshadow-2002942af292"
"『试练』=千年前的『过去』(北方同盟)","是类型","foreshadow","provisional","cand-foreshadow-2076d628fbca"
"对艾德之战将近（热身定位·既有核心钩推进）","是类型","foreshadow","provisional","cand-foreshadow-21360dc772c1"
"英雄斯诺·沃克形象的彻底颠覆（ch222总钩）","是类型","foreshadow","provisional","cand-foreshadow-2195b029629a"
"白发少女的'材料'之谜","是类型","foreshadow","provisional","cand-foreshadow-2269521512ca"
"帕林库洛的真计划","是类型","foreshadow","provisional","cand-foreshadow-2286919e2923"
"级别的提升并不是成长──『什么东西』之谜","是类型","foreshadow","provisional","cand-foreshadow-228c543030d6"
"迷宫建造者『某人』的体贴设计","是类型","foreshadow","provisional","cand-foreshadow-232d11a18b3e"
"双守护者与千年前形象的违和","是类型","foreshadow","provisional","cand-foreshadow-23bbe99b09b1"
"罗德康复后的异变(王座与『真正的愿望』)","是类型","foreshadow","provisional","cand-foreshadow-23c5ed1fa974"
"涡波的现在/过去天秤（回地上 vs 救罗德）","是类型","foreshadow","provisional","cand-foreshadow-24a35fb66ed5"
"玛利亚的正体：半守护者·盲眼少女·后备之王","是类型","foreshadow","provisional","cand-foreshadow-2523623c7850"
"光魔法学生劝诱计划（艾尔米拉德学院）","是类型","foreshadow","provisional","cand-foreshadow-25e984a1bbcc"
"『支配之王（Lord）』本名的时代残留","是类型","foreshadow","provisional","cand-foreshadow-2666a368bec8"
"五十层世界=缇缇的一切展现（第五十之试练连接）","是类型","foreshadow","provisional","cand-foreshadow-2674bb4fed27"
"罗德与『以前』的涡波／被封印起来的『姐姐』","是类型","foreshadow","provisional","cand-foreshadow-26e7a433ebb1"
"勒伽西的千年后游戏（不安定的'重新来过'）","是类型","foreshadow","provisional","cand-foreshadow-271977e8807c"
"缇缇对艾尔芬里斯的想起（内容未言明）","是类型","foreshadow","provisional","cand-foreshadow-2756080148b4"
"白发少女之谜","是类型","foreshadow","provisional","cand-foreshadow-276dadc68889"
"呼唤罗德的陌生声音之正体","是类型","foreshadow","provisional","cand-foreshadow-2803fc51aafe"
"海莉・维斯普洛佩的身世之谜（帕林库洛的土产）","是类型","foreshadow","provisional","cand-foreshadow-280dd2dfce4a"
"『世界奉还阵』/『咒术』的本来归属","是类型","foreshadow","provisional","cand-foreshadow-280f2f7ead02"
"北方统一战线数日内崩溃预断","是类型","foreshadow","provisional","cand-foreshadow-2886390fd3f8"
"招待塞斯提亚与历基亚国公主的既定日程","是类型","foreshadow","provisional","cand-foreshadow-28bbdebb7e09"
"『支配之王』被夺之谜（据骑士指控）","是类型","foreshadow","provisional","cand-foreshadow-290f294b315e"
"西斯的目的地与帕林库洛・勒伽西/守护者","是类型","foreshadow","provisional","cand-foreshadow-293e0ee35b0f"
"莱纳燃烧生命后的生死悬置","是类型","foreshadow","provisional","cand-foreshadow-2951b837d316"
"雷纳尔多的遗言式送别","是类型","foreshadow","provisional","cand-foreshadow-2a308a0ee35f"
"缇缇将对艾德传达之物","是类型","foreshadow","provisional","cand-foreshadow-2aeef8ba5dc7"
"正统守护者的战斗终结规则","是类型","foreshadow","provisional","cand-foreshadow-2b37372a1fd7"
"罗德狂暴暴风（吹飞三人）之冲突走向","是类型","foreshadow","provisional","cand-foreshadow-2b40c495c441"
"弗茨亚茨之疑（艾德暗手）","是类型","foreshadow","provisional","cand-foreshadow-2b8c3b498720"
"始祖涡波授业之谜（重崩色之非风剑）","是类型","foreshadow","provisional","cand-foreshadow-2bc3233a9a60"
"诺斯菲的三重自锁（诅咒/光之咏唱/半死体）","是类型","foreshadow","provisional","cand-foreshadow-2c0ec3e38677"
"共鸣魔法『形式・The──』（命名中断）","是类型","foreshadow","provisional","cand-foreshadow-2c146775d24c"
"艾德接引计划（一月限·说服罗德返地）","是类型","foreshadow","provisional","cand-foreshadow-2c6275d6d53a"
"涡波的南北罪孽（据诺斯菲声称）","是类型","foreshadow","provisional","cand-foreshadow-2c712b91f30d"
"世界树烧却计划（逼出迪普拉库拉）","是类型","foreshadow","provisional","cand-foreshadow-2d09d1ca1c3f"
"莱纳燃烧生命后的生死悬置","是类型","foreshadow","provisional","cand-foreshadow-2d10d513275d"
"帕林库洛的斗争火种计划(本土决战)","是类型","foreshadow","provisional","cand-foreshadow-2d218781dc0a"
"拉丝缇娅拉的过去誓约(第二次机会)","是类型","foreshadow","provisional","cand-foreshadow-2defaa242116"
"阳滝之病与誓约","是类型","foreshadow","provisional","cand-foreshadow-2e2e36bde65e"
"海莉证言可信度疑云（帕林库洛手脚/陷阱嫌疑）","是类型","foreshadow","provisional","cand-foreshadow-2ef3b589480b"
"帕林库洛事先准备的『魔法阵』（濒死续唱·涡波坐视）","是类型","foreshadow","provisional","cand-foreshadow-308446afc854"
"技能『？？？』解决前禁告白","是类型","foreshadow","provisional","cand-foreshadow-309e1206001a"
"与支配之王的相遇记忆（遮蔽中）","是类型","foreshadow","provisional","cand-foreshadow-3102f4f4e256"
"缇缇的『最后的时间』（ch224再证）","是类型","foreshadow","provisional","cand-foreshadow-323e43c01551"
"缇亚的力量与金钱动机","是类型","foreshadow","provisional","cand-foreshadow-327de9282763"
"拉丝缇娅拉一行的遭遇","是类型","foreshadow","provisional","cand-foreshadow-32a8f21bd33c"
"携诺斯菲回地上的再会危机（技能警报）","是类型","foreshadow","provisional","cand-foreshadow-33497b839aa6"
"风龙讨伐（六十六层挑战）开环","是类型","foreshadow","provisional","cand-foreshadow-34a09e43c919"
"佩艾希亚住民被害指控与涡波的千年前罪责","是类型","foreshadow","provisional","cand-foreshadow-359351a89670"
"『支配之王』的正体（阳滝之魂寄宿说）","是类型","foreshadow","provisional","cand-foreshadow-35960794a8bb"
"莱纳劝诱入伙布局（瓦尔法拉起手）","是类型","foreshadow","provisional","cand-foreshadow-35d2ef78bb5e"
"三重意志与莉帕的回传","是类型","foreshadow","provisional","cand-foreshadow-35f123b74123"
"『水之理的盗窃者』容器失败与替代品之谜","是类型","foreshadow","provisional","cand-foreshadow-37202f259dd7"
"海莉的发作症状与船上详细诊断","是类型","foreshadow","provisional","cand-foreshadow-37abc2d744bf"
"恋慕剥夺与代价体系","是类型","foreshadow","provisional","cand-foreshadow-398f2fe661b4"
"拉丝缇娅拉'太弱'自称与现人神威压的反差","是类型","foreshadow","provisional","cand-foreshadow-39e961e26051"
"阳滝死讯的真伪与最深部确认","是类型","foreshadow","provisional","cand-foreshadow-3ad09b7cc5ec"
"「不能遇上的家伙」","是类型","foreshadow","provisional","cand-foreshadow-3b97fc17e071"
"第五十之试练的胜负与真正内容","是类型","foreshadow","provisional","cand-foreshadow-3bb49d6be816"
"她那声『我』与'他存在于此的证明'","是类型","foreshadow","provisional","cand-foreshadow-3bf5d36e9e64"
"诺斯菲留恋真形『渴望犯错』与章末危机","是类型","foreshadow","provisional","cand-foreshadow-3c2ee2aebc6a"
"升级条件未明","是类型","foreshadow","provisional","cand-foreshadow-3c5d709e0c04"
"海莉『就在他之中』的残响与三人之约","是类型","foreshadow","provisional","cand-foreshadow-3c74c7e57380"
"缇亚的异常（'无知是罪'自诫）","是类型","foreshadow","provisional","cand-foreshadow-3c85cb6ade59"
"天选之子演说","是类型","foreshadow","provisional","cand-foreshadow-3d7dc9aa4d95"
"艾德的'棋子集齐/我王'计划","是类型","foreshadow","provisional","cand-foreshadow-3da78b674b44"
"六十六层存档点困境（无法离开亦无法突破）","是类型","foreshadow","provisional","cand-foreshadow-3dc746767fd5"
"罗德对风龙的『怀念』与永久滞留意愿","是类型","foreshadow","provisional","cand-foreshadow-3e73cfde95be"
"涡波=容器/无名存在","是类型","foreshadow","provisional","cand-foreshadow-3f218db6a419"
"诺文的青空记忆","是类型","foreshadow","provisional","cand-foreshadow-3f5552e5e5b2"
"缇达'正因为是现在才分离'之谜","是类型","foreshadow","provisional","cand-foreshadow-3fdc8a100ae1"
"五十层『召还』人影之谜（预期罗德→另有其人）","是类型","foreshadow","provisional","cand-foreshadow-408864cf3864"
"缇亚的秘密不满与努力沉水","是类型","foreshadow","provisional","cand-foreshadow-40c43977495d"
"海莉的今日必死","是类型","foreshadow","provisional","cand-foreshadow-40f3397d4dc1"
"海莉的谜言行与隐瞒","是类型","foreshadow","provisional","cand-foreshadow-418c3189339d"
"全员装备赠答的修罗场再演预告","是类型","foreshadow","provisional","cand-foreshadow-41e03db0bb4a"
"露洁与诺瓦露的余生（魔石折损）","是类型","foreshadow","provisional","cand-foreshadow-420e8f735bdf"
"地上再会之约","是类型","foreshadow","provisional","cand-foreshadow-426bd07ec891"
"罗德咏唱暗语身世（白樱陨堕/家族失诅咒秽等）","是类型","foreshadow","provisional","cand-foreshadow-42a4d92b4bd5"
"涡波致命伤预知（先谭轨道的下一幕）","是类型","foreshadow","provisional","cand-foreshadow-42bdd74a30f0"
"涡波超限魔法的魂与魔石磨耗","是类型","foreshadow","provisional","cand-foreshadow-430f9c610664"
"沃克兄妹的某起事件","是类型","foreshadow","provisional","cand-foreshadow-43231238c886"
"罗德的真『留恋』之谜","是类型","foreshadow","provisional","cand-foreshadow-4326d8c8e620"
"缇缇实力弱化之疑","是类型","foreshadow","provisional","cand-foreshadow-433af106ef4e"
"『漂亮的石子』——孤真正的留恋/宝物（孩童时期）","是类型","foreshadow","provisional","cand-foreshadow-43a25b94bdff"
"莉帕的创造者『次元之理的盗窃者』与假面之梦","是类型","foreshadow","provisional","cand-foreshadow-4487fd3e7bce"
"同艾德爆发战斗的可能性（ch224）","是类型","foreshadow","provisional","cand-foreshadow-44a68c65cee5"
"阳滝死讯的真伪与最深部确认","是类型","foreshadow","provisional","cand-foreshadow-45429e51b35c"
"60层守护者对峙（光之理的盗窃者）","是类型","foreshadow","provisional","cand-foreshadow-457884abb7e3"
"圣诞祭仪式","是类型","foreshadow","provisional","cand-foreshadow-4658dc77c66e"
"再诞计划'现在还剩──'之未竟话头","是类型","foreshadow","provisional","cand-foreshadow-4711237f6a9b"
"66层天空的违和感","是类型","foreshadow","provisional","cand-foreshadow-4788b48ce3e1"
"缇亚的弟弟","是类型","foreshadow","provisional","cand-foreshadow-4837d5e54709"
"守护者全员等待涡波论(义务论)","是类型","foreshadow","provisional","cand-foreshadow-488d82188a3e"
"瓦尔德本土追讨(周回二度·圣诞祭翻盘)","是类型","foreshadow","provisional","cand-foreshadow-48a25b34fd76"
"海莉'一直保持现状'之言","是类型","foreshadow","provisional","cand-foreshadow-48d391f7741d"
"斯诺接送与致歉延期","是类型","foreshadow","provisional","cand-foreshadow-495c80fbae94"
"法芙纳・赫勒比勒夏因（最后的三骑士）","是类型","foreshadow","provisional","cand-foreshadow-49f94f01b6bf"
"莱纳知道'那一天'之谜","是类型","foreshadow","provisional","cand-foreshadow-4a8b636645e6"
"缇亚的真正姿态","是类型","foreshadow","provisional","cand-foreshadow-4abcf761c0b4"
"世界奉还阵失控·神话级大陆灾难","是类型","foreshadow","provisional","cand-foreshadow-4b1d53c9d7b3"
"阳滝『复活』非假货的确信","是类型","foreshadow","provisional","cand-foreshadow-4c1c8c876916"
"遗忘的誓言（车轮续转）","是类型","foreshadow","provisional","cand-foreshadow-4c29cdf89775"
"涡波留了一手(最信赖的后手)","是类型","foreshadow","provisional","cand-foreshadow-4d43723b4c31"
"罗德的'这・样・就・好・办・了'","是类型","foreshadow","provisional","cand-foreshadow-4d6429183a78"
"佩艾希亚结界外膜被轰碎（崩壊进程冲击）","是类型","foreshadow","provisional","cand-foreshadow-4d645d201201"
"'真正的涡波'与'被那家伙所憧憬的英雄'指涉","是类型","foreshadow","provisional","cand-foreshadow-4d66b496fc7b"
"诺文的最后牵挂(留恋复数)","是类型","foreshadow","provisional","cand-foreshadow-4df6c78af6e7"
"西斯的『使徒只剩一个』计划（封印勒伽西）","是类型","foreshadow","provisional","cand-foreshadow-4ef6133e35d1"
"缇缇的『诅咒』（时间停滞·不得死）","是类型","foreshadow","provisional","cand-foreshadow-4f136d5dfcd2"
"千年前悲剧的真相（决裂·背叛·涡波之死）","是类型","foreshadow","provisional","cand-foreshadow-4f26d81fb32c"
"斯诺的变心与'那样一条路'","是类型","foreshadow","provisional","cand-foreshadow-4f57df11e3a4"
"缇亚的梦呓与青目发光","是类型","foreshadow","provisional","cand-foreshadow-4f885013dece"
"拉丝缇娅拉的一年挫败创伤","是类型","foreshadow","provisional","cand-foreshadow-507de17c222f"
"弗茨亚茨旧掌权者传说","是类型","foreshadow","provisional","cand-foreshadow-507e0fe011ca"
"RokhBringer的制造者之谜","是类型","foreshadow","provisional","cand-foreshadow-50a95cc08e3b"
"莱纳的毙杀预案与二人胜法谋划","是类型","foreshadow","provisional","cand-foreshadow-50e5cb87dce8"
"『世界奉还阵』原本用途之谜","是类型","foreshadow","provisional","cand-foreshadow-519579934a0d"
"缇娅拉的千年誓言与圣人结局","是类型","foreshadow","provisional","cand-foreshadow-51b31188973e"
"贝丝曲奇的味觉记忆","是类型","foreshadow","provisional","cand-foreshadow-51bb676f42f5"
"涡波与帕林库洛的记忆对质（未竟）","是类型","foreshadow","provisional","cand-foreshadow-51de093e1bc5"
"诺斯菲『留恋毫发无损·不会消失』宣言与浓度更高说","是类型","foreshadow","provisional","cand-foreshadow-51de4bacf82f"
"千年魔导书作者之谜——异邦人关联与'相近感性'","是类型","foreshadow","provisional","cand-foreshadow-51de8a5ecb47"
"拉丝缇娅拉的独立救援宣言","是类型","foreshadow","provisional","cand-foreshadow-51f6dff7b354"
"世界奉还阵决战（英雄vs帕林库洛）","是类型","foreshadow","provisional","cand-foreshadow-5228c598ea2c"
"混乱10.00门槛","是类型","foreshadow","provisional","cand-foreshadow-52959aab52af"
"支配之王的归来与『后备之王』","是类型","foreshadow","provisional","cand-foreshadow-5295e4e5b389"
"西娅之'血'与涡波心痛","是类型","foreshadow","provisional","cand-foreshadow-53541feeb3b4"
"格连·沃克其人","是类型","foreshadow","provisional","cand-foreshadow-53c9acd61965"
"魔王城其他房间禁区（罗德叮嘱）","是类型","foreshadow","provisional","cand-foreshadow-546a691e6cf4"
"拉丝缇娅拉行踪","是类型","foreshadow","provisional","cand-foreshadow-54d74521d38a"
"帕林库洛的精神魔法战术预告","是类型","foreshadow","provisional","cand-foreshadow-54e1105c3dc1"
"'魔王城'之名与'支配着魔人们的王'","是类型","foreshadow","provisional","cand-foreshadow-558919278985"
"明晨全员集合·异世界出身与技能全公开","是类型","foreshadow","provisional","cand-foreshadow-55af7c4536df"
"法芙纳未登场（三骑士最后一人）","是类型","foreshadow","provisional","cand-foreshadow-5627c862c481"
"西娅队伍急赴帕林库洛","是类型","foreshadow","provisional","cand-foreshadow-563a6371645e"
"骑士再派循环","是类型","foreshadow","provisional","cand-foreshadow-56604aa22166"
"基督和玛利亚夺还作战","是类型","foreshadow","provisional","cand-foreshadow-567dfd82d211"
"全员告白审视计划（莱纳反推）","是类型","foreshadow","provisional","cand-foreshadow-57279efdf2c3"
"拉丝缇娅拉的死期","是类型","foreshadow","provisional","cand-foreshadow-57c20eafdb52"
"理的盗窃者的代价（丧失之物未言明）","是类型","foreshadow","provisional","cand-foreshadow-58377aa84d32"
"莱纳达到『理的盗窃者』领域的可能性","是类型","foreshadow","provisional","cand-foreshadow-5892d572a201"
"罗德的扭曲与关键时刻妨碍预测","是类型","foreshadow","provisional","cand-foreshadow-589bd6f29569"
"灵魂代价的怀旧感","是类型","foreshadow","provisional","cand-foreshadow-58f614d6036d"
"『维度・千算相杀』的封魔极限","是类型","foreshadow","provisional","cand-foreshadow-5951a3519abb"
"诺文的急速弱化","是类型","foreshadow","provisional","cand-foreshadow-59a425397837"
"只要涡波留下就能修好（罗德的挽留逻辑与修复能力暗示）","是类型","foreshadow","provisional","cand-foreshadow-5a1589a7e794"
"决赛=计划第一步(真正的战斗)","是类型","foreshadow","provisional","cand-foreshadow-5a1b83f43cea"
"帕林库洛的必至预言","是类型","foreshadow","provisional","cand-foreshadow-5a5996e74861"
"40层守护者封存方针","是类型","foreshadow","provisional","cand-foreshadow-5aa7714c6e35"
"缇达魔石回收中断","是类型","foreshadow","provisional","cand-foreshadow-5badb1facf14"
"失去意识前的'什么人的声音'","是类型","foreshadow","provisional","cand-foreshadow-5c9ad152400c"
"锻冶升级瓶颈与通缉枷锁","是类型","foreshadow","provisional","cand-foreshadow-5dd424595d24"
"涡波对贝丝的记忆缺失","是类型","foreshadow","provisional","cand-foreshadow-5ddfcff7f244"
"海莉『就在他之中』的残响与三人之约","是类型","foreshadow","provisional","cand-foreshadow-5dec8b606f1d"
"魔剑BraveFluorite真相隐瞒","是类型","foreshadow","provisional","cand-foreshadow-5dfb6347edd7"
"同格实力与对决前的不安（魔石同化者玛利亚/帕林库洛）","是类型","foreshadow","provisional","cand-foreshadow-5eb0e88a6877"
"归还原来世界","是类型","foreshadow","provisional","cand-foreshadow-5ecb84637a5e"
"海莉的生之决意与去向","是类型","foreshadow","provisional","cand-foreshadow-5f43faa4e22a"
"伊丽莎白・沃尔斯对涡波之战（章末钩）","是类型","foreshadow","provisional","cand-foreshadow-5ffc1922da11"
"缇缇的勇者之志","是类型","foreshadow","provisional","cand-foreshadow-609b8717dca2"
"莉帕的愿望实现宣言","是类型","foreshadow","provisional","cand-foreshadow-614d01523bd9"
"消除技能『？？？』后还拉丝缇娅拉人情的誓约","是类型","foreshadow","provisional","cand-foreshadow-623cdb118e8f"
"涡波肉体不老可能性（未证）","是类型","foreshadow","provisional","cand-foreshadow-6274509a5479"
"亿分之一胜利道路之脆弱性","是类型","foreshadow","provisional","cand-foreshadow-629a9570bd64"
"诺文的真正愿望(排除法一步)","是类型","foreshadow","provisional","cand-foreshadow-6371f726ae61"
"圣诞祭活祭执行","是类型","foreshadow","provisional","cand-foreshadow-647083ad7777"
"莱纳的下落(被沃尔斯带走)","是类型","foreshadow","provisional","cand-foreshadow-65e0530e279e"
"涡波=『再诞』用魔石人类推测（始祖之器）","是类型","foreshadow","provisional","cand-foreshadow-65ea87dfdb37"
"联合国悬赏与行踪暴露风险","是类型","foreshadow","provisional","cand-foreshadow-66163ac7a7bd"
"佩艾希亚崩坏倒计时与罗德陪葬危机","是类型","foreshadow","provisional","cand-foreshadow-667535b9a7c6"
"诺斯菲的一万年后终幕计划","是类型","foreshadow","provisional","cand-foreshadow-67671b57643f"
"缇亚的消亡危机与玛利亚的处决之约","是类型","foreshadow","provisional","cand-foreshadow-684f763faba0"
"『西斯』与『涡波』的名字契约：终将再会之理","是类型","foreshadow","provisional","cand-foreshadow-68bafcba2171"
"帕林库洛的精神暗示与涡波抵抗力","是类型","foreshadow","provisional","cand-foreshadow-68e2209caf39"
"罗德留恋·『这里』永续幸福与尽头无物（涡波共感）","是类型","foreshadow","provisional","cand-foreshadow-69847af1bde2"
"阿尔缇记忆中的次元魔法使","是类型","foreshadow","provisional","cand-foreshadow-69cd1dfe5324"
"涡波'变弱'与'没有记忆'的关联","是类型","foreshadow","provisional","cand-foreshadow-6a384bcac2f0"
"再诞完成倒计时（涡波回来之前）","是类型","foreshadow","provisional","cand-foreshadow-6ab719372758"
"涡波与拉丝缇娅拉的战力定位危机","是类型","foreshadow","provisional","cand-foreshadow-6bc32116c23b"
"拉古涅的诺文回避与『想要的东西』截断","是类型","foreshadow","provisional","cand-foreshadow-6c752ced3c7d"
"联合国=二十层宣言","是类型","foreshadow","provisional","cand-foreshadow-6c8c04a00558"
"露洁章鱼型魔人化的既视感","是类型","foreshadow","provisional","cand-foreshadow-6d20c4cf93ab"
"缇亚的性别之谜","是类型","foreshadow","provisional","cand-foreshadow-6d4457de0527"
"贝丝体内『还残留着』的东西与千年记忆","是类型","foreshadow","provisional","cand-foreshadow-6dcc82a16fc2"
"拉丝缇娅拉拒绝的违和（怒意急促·疑另有理由）","是类型","foreshadow","provisional","cand-foreshadow-6e660e2ad75f"
"拉丝缇娅拉的'经验与直觉'","是类型","foreshadow","provisional","cand-foreshadow-6ef63fb11fa1"
"我的妹妹不在这个异世界","是类型","foreshadow","provisional","cand-foreshadow-6f0afa552d10"
"沃尔斯灵魂解放·国民观众化执行","是类型","foreshadow","provisional","cand-foreshadow-6f4d13ae8348"
"'像那个时候一样'——涡波曾救罗德的过去","是类型","foreshadow","provisional","cand-foreshadow-6ff30f8c8a5f"
"涡波的咒术记忆缺失（专家技艺领域空白）","是类型","foreshadow","provisional","cand-foreshadow-6ff382098c8a"
"光之咏唱的危险（原因未言明）","是类型","foreshadow","provisional","cand-foreshadow-71f5dfd782d7"
"诺斯菲『说任性的话』留恋自白的可信度","是类型","foreshadow","provisional","cand-foreshadow-7277a937b4f1"
"涡波的记忆片断与身上魔法的解除","是类型","foreshadow","provisional","cand-foreshadow-729077bf025f"
"燃烧之家的对决","是类型","foreshadow","provisional","cand-foreshadow-729c3f57f1ed"
"艾德之约：『现在』与『这里』的守护誓约","是类型","foreshadow","provisional","cand-foreshadow-729ce5aba081"
"『堕落使徒』的制造者之谜","是类型","foreshadow","provisional","cand-foreshadow-72f17548e2ab"
"技能『???』隐患存续","是类型","foreshadow","provisional","cand-foreshadow-732da650daa8"
"涡波『想被帕林库洛所救』的内心看破","是类型","foreshadow","provisional","cand-foreshadow-74d4218adff8"
"阿尔缇的愿望","是类型","foreshadow","provisional","cand-foreshadow-75604b649bb4"
"希达尔克家的传唤","是类型","foreshadow","provisional","cand-foreshadow-7590be6664f1"
"帕林库洛体内的『一只眼』发声","是类型","foreshadow","provisional","cand-foreshadow-764752e27f96"
"海因的记忆走马灯","是类型","foreshadow","provisional","cand-foreshadow-765499f3ae24"
"魔石味道规则的设定者之谜","是类型","foreshadow","provisional","cand-foreshadow-7807beb8bc50"
"涡波=系统与迷宫规则制定者（失忆前身份线推进）","是类型","foreshadow","provisional","cand-foreshadow-785ca2786fa4"
"涡波'战后无论如何都无所谓'的空洞（莉帕察觉）","是类型","foreshadow","provisional","cand-foreshadow-7931ca15fbc4"
"做梦回忆机制的丧失","是类型","foreshadow","provisional","cand-foreshadow-793292343454"
"再诞技术真相（海因复活成败争讼）","是类型","foreshadow","provisional","cand-foreshadow-79bf76346b63"
"玛利亚的燃烧记忆","是类型","foreshadow","provisional","cand-foreshadow-79bfd115fd5a"
"罗德『咏唱』的真正意义与埋藏心底之物","是类型","foreshadow","provisional","cand-foreshadow-7a5f4b7772c7"
"玛利亚白炎烧尽『耐性』之『理』","是类型","foreshadow","provisional","cand-foreshadow-7a9ec7e41ff7"
"艾德仍在地上等待缇缇归还","是类型","foreshadow","provisional","cand-foreshadow-7acf0f59e343"
"斯诺房间当夜禁令（'晚上绝对不可以进来'）","是类型","foreshadow","provisional","cand-foreshadow-7af31fd541f5"
"拉丝缇娅拉与缇亚对涡波技能的异样沉默","是类型","foreshadow","provisional","cand-foreshadow-7b693b2fcb53"
"诺文的愿望与第三十之试练","是类型","foreshadow","provisional","cand-foreshadow-7bd390b6fc41"
"诺斯菲留恋之谜推进（无法实现的留恋·佩艾希亚崩壊利害）","是类型","foreshadow","provisional","cand-foreshadow-7c2e0acf6bd9"
"海莉的未完警告","是类型","foreshadow","provisional","cand-foreshadow-7c7ccc358fbb"
"罗德坚决否定『成熟大人/王』之谜","是类型","foreshadow","provisional","cand-foreshadow-7ca0af24326f"
"弗茨亚茨对基督的通缉","是类型","foreshadow","provisional","cand-foreshadow-7cc851a0cdae"
"涡波的'无言以对之事'","是类型","foreshadow","provisional","cand-foreshadow-7d1de4357a73"
"涡波的秘密计划(防她察觉)","是类型","foreshadow","provisional","cand-foreshadow-7dee42b3976e"
"涡波的千年存在之谜（『我到底是谁』）","是类型","foreshadow","provisional","cand-foreshadow-7e7c9af76544"
"XiphiasSpear尸体与落海魔剑回收之约","是类型","foreshadow","provisional","cand-foreshadow-7eee893ea2a3"
"罗德的真'留恋'与'第二次'之谜","是类型","foreshadow","provisional","cand-foreshadow-7ef44a703b5c"
"第二个客人","是类型","foreshadow","provisional","cand-foreshadow-7fd2709c1524"
"冰结属性矛盾","是类型","foreshadow","provisional","cand-foreshadow-80acc392570d"
"本土北方之行：接回妹妹与同伴（救出缇亚）","是类型","foreshadow","provisional","cand-foreshadow-8183441d77ee"
"称号与魔石的错位","是类型","foreshadow","provisional","cand-foreshadow-819339921544"
"缇亚的真正姿态","是类型","foreshadow","provisional","cand-foreshadow-83b9e580d590"
"罗德泪之雨未终结·诺斯菲留恋（再见罗德使其振作）未达成","是类型","foreshadow","provisional","cand-foreshadow-83f05b875b26"
"『世界奉还阵』与千年前『什么东西』的连结","是类型","foreshadow","provisional","cand-foreshadow-842a2e9d45b7"
"使世界剧变的人物（涡波自有头绪·名字未明言）","是类型","foreshadow","provisional","cand-foreshadow-844a9c96b244"
"缇缇最后的归途（为真正的往生回故乡）","是类型","foreshadow","provisional","cand-foreshadow-84cae409a0f6"
"白发少女的'材料'之谜","是类型","foreshadow","provisional","cand-foreshadow-859c3a045784"
"帕林库洛的最终回合（濒死未退）","是类型","foreshadow","provisional","cand-foreshadow-85aefb7816eb"
"罗德的魔法传授宣言","是类型","foreshadow","provisional","cand-foreshadow-85de0db9949b"
"诺文的工房密谈","是类型","foreshadow","provisional","cand-foreshadow-8653f31c92cb"
"罗德与诺斯菲的表面平静与『没有多少时间了』","是类型","foreshadow","provisional","cand-foreshadow-866e6d42af49"
"表示显示未来名之谜","是类型","foreshadow","provisional","cand-foreshadow-86b9042a01fd"
"阳滝复活计划（千年计划）与三人再会","是类型","foreshadow","provisional","cand-foreshadow-881346bf8b6e"
"骑士涡波背叛佩艾希亚的千年前时期","是类型","foreshadow","provisional","cand-foreshadow-882d792b58cd"
"莱纳体内寄存的力量与知识（秘藏手牌）","是类型","foreshadow","provisional","cand-foreshadow-883cb74ca466"
"『假面男子』记忆流入·掩埋自我","是类型","foreshadow","provisional","cand-foreshadow-88815dd51486"
"悬影哀嚎之不祥","是类型","foreshadow","provisional","cand-foreshadow-8a02b9c35ba9"
"涡波真正的属性","是类型","foreshadow","provisional","cand-foreshadow-8a13138bd99a"
"职业获得之谜","是类型","foreshadow","provisional","cand-foreshadow-8ac3dcf7115e"
"『里侧』诸法则消失倒计时","是类型","foreshadow","provisional","cand-foreshadow-8b155cc4676c"
"『DistanceMute』的『进化』——最终形态魔力缠全身","是类型","foreshadow","provisional","cand-foreshadow-8bf0bd54f3e7"
"西区斯诺龙化激战(下章回收)","是类型","foreshadow","provisional","cand-foreshadow-8c231326948d"
"章末名单钩——'千年前最需要注意的人物'","是类型","foreshadow","provisional","cand-foreshadow-8ca17aedfda7"
"阳滝苏醒与兄妹身魂归位","是类型","foreshadow","provisional","cand-foreshadow-8cce1240ec9e"
"诺斯菲『父亲大人』呼喊之谜","是类型","foreshadow","provisional","cand-foreshadow-8ddee822ed27"
"40层守护者封印方针","是类型","foreshadow","provisional","cand-foreshadow-8e8052aac925"
"艾德仍在地上等待缇缇归还","是类型","foreshadow","provisional","cand-foreshadow-8eb333883549"
"明日的一起坦白(异世界来历与技能)","是类型","foreshadow","provisional","cand-foreshadow-8fe62e8aa34f"
"海莉记忆继承存疑（莱纳不信任帕林库洛施术）","是类型","foreshadow","provisional","cand-foreshadow-913a51cdd9f9"
"涡波『真正的魔法』（改写世界之理）构筑","是类型","foreshadow","provisional","cand-foreshadow-913e17c99d82"
"帕林库洛的期望（海因遗愿）","是类型","foreshadow","provisional","cand-foreshadow-91577abffe81"
"贝丝的千年残留","是类型","foreshadow","provisional","cand-foreshadow-9233c1d07249"
"诺斯菲消灭沃尔斯将军计划","是类型","foreshadow","provisional","cand-foreshadow-92ff22970b61"
"支配之王的归来与『后备之王』","是类型","foreshadow","provisional","cand-foreshadow-943ed6f3a88c"
"始祖缇娅拉再诞预言","是类型","foreshadow","provisional","cand-foreshadow-94ee5e018021"
"莱纳被送入罗德准备的『试练』场所（去向开环）","是类型","foreshadow","provisional","cand-foreshadow-95152586cb92"
"被带走的'王之器'少女","是类型","foreshadow","provisional","cand-foreshadow-951a4481aac9"
"理的盗窃者死亡诅咒→半死体化（最强力量）之当前发动","是类型","foreshadow","provisional","cand-foreshadow-951e88818c15"
"白色怪物对涡波的注视","是类型","foreshadow","provisional","cand-foreshadow-953f66bc1ba1"
"守护者留恋使命的归属预感","是类型","foreshadow","provisional","cand-foreshadow-95613d4999a5"
"与赛鲁多拉的会面（协力者预期与战斗假设）","是类型","foreshadow","provisional","cand-foreshadow-973b5cb3f31b"
"梦中启示：黑暗之声与千年前的契约景象","是类型","foreshadow","provisional","cand-foreshadow-9755d0049be9"
"佩艾希亚天空异变（魔石样微光）","是类型","foreshadow","provisional","cand-foreshadow-9804a3b57c8c"
"炼金级矿物转化的经济冲击之虞","是类型","foreshadow","provisional","cand-foreshadow-9805da83605f"
"莱纳的死亡观——'迟早要死的家伙'","是类型","foreshadow","provisional","cand-foreshadow-986068214a0d"
"诺斯菲留恋言行矛盾","是类型","foreshadow","provisional","cand-foreshadow-98b823561d88"
"阿尔缇的疑念","是类型","foreshadow","provisional","cand-foreshadow-98fc823e2bad"
"罗德咏唱代价的极限（心之磨耗与生命灵魂之危）","是类型","foreshadow","provisional","cand-foreshadow-9a23772ec1b8"
"『几百年』『不管』的违和感与空城之谜","是类型","foreshadow","provisional","cand-foreshadow-9ac6e3913aff"
"『水之理的盗窃者』误认","是类型","foreshadow","provisional","cand-foreshadow-9ae88ada289c"
"与支配之王的相遇记忆（遮蔽中）","是类型","foreshadow","provisional","cand-foreshadow-9b55b9086488"
"迷宫建造者『某人』与最深部『奇迹』","是类型","foreshadow","provisional","cand-foreshadow-9ba06a55ca63"
"魔石同化者的国级经济战力","是类型","foreshadow","provisional","cand-foreshadow-9ce4cd7a30d2"
"西斯的『降临』与心中裂缝","是类型","foreshadow","provisional","cand-foreshadow-9ceffd094b03"
"罗德对速通回地上的不满（留恋线推进）","是类型","foreshadow","provisional","cand-foreshadow-9d5053924e98"
"对罗德的持续欺骗与救赎誓言","是类型","foreshadow","provisional","cand-foreshadow-9d5caa88fbe9"
"千年前存活长生种线索（斯科纳/托尔普）","是类型","foreshadow","provisional","cand-foreshadow-9d803659b366"
"莱纳许誓『咏唱』的契约代价","是类型","foreshadow","provisional","cand-foreshadow-9dcc8cde235b"
"缇亚体内使徒驱除之法的付费门槛","是类型","foreshadow","provisional","cand-foreshadow-9ef178900b73"
"海因的棋子任务","是类型","foreshadow","provisional","cand-foreshadow-9f61027cdf72"
"涡波与千年前之王的旧怨（诓骗指控）","是类型","foreshadow","provisional","cand-foreshadow-9f6cf0c4f3b2"
"北上救缇亚之旅","是类型","foreshadow","provisional","cand-foreshadow-9f72002c83c0"
"斯诺的'我——'未竟之言","是类型","foreshadow","provisional","cand-foreshadow-9f8a7a0626cd"
"西斯携缇亚之身先行讨伐帕林库洛","是类型","foreshadow","provisional","cand-foreshadow-9fab630e8ac7"
"帕林库洛的翻盘之策（战斗未终）","是类型","foreshadow","provisional","cand-foreshadow-9fd7da2fbc8c"
"罗德真正的留恋之谜","是类型","foreshadow","provisional","cand-foreshadow-a0b5894c020a"
"呼唤相川阳滝的指引（海莉遗言）","是类型","foreshadow","provisional","cand-foreshadow-a14b06971fd8"
"佩露修娜的弗茨亚茨后援宣传","是类型","foreshadow","provisional","cand-foreshadow-a1a866f244b1"
"海莉的崩壊警告——涡波与缇亚'变得跟我一样'","是类型","foreshadow","provisional","cand-foreshadow-a20561b4a97a"
"千年前的传说——『英雄』与『怪物』们的战斗","是类型","foreshadow","provisional","cand-foreshadow-a2ac54cba7b8"
"帕林库洛的笑容·战斗未终","是类型","foreshadow","provisional","cand-foreshadow-a2b12cef49b0"
"绝不能输的战斗——地上篇主线（西斯与艾德）","是类型","foreshadow","provisional","cand-foreshadow-a2dc8c24dbe0"
"千年前悲剧的真相（决裂·背叛·涡波之死）","是类型","foreshadow","provisional","cand-foreshadow-a2fed2780009"
"艾利巴茨装备领取（含订制品）","是类型","foreshadow","provisional","cand-foreshadow-a3118ed466bf"
"拉丝缇娅拉之眼","是类型","foreshadow","provisional","cand-foreshadow-a35d3a9f9eb2"
"缇亚的自我认同危机","是类型","foreshadow","provisional","cand-foreshadow-a362cfb66645"
"涡波的千年存在之谜（『我到底是谁』）","是类型","foreshadow","provisional","cand-foreshadow-a3d90de0058e"
"罗德对『支配之王』声援的暴风雨（王之身份抵触）","是类型","foreshadow","provisional","cand-foreshadow-a3fc6d5ceec3"
"圣人缇娅拉的后继者=莱纳（弗茨亚茨故事偏离血脉）","是类型","foreshadow","provisional","cand-foreshadow-a42b31b00a6e"
"年迈夫妇之声的主人身份（章末切断）","是类型","foreshadow","provisional","cand-foreshadow-a457c5592f74"
"玛利亚的目光","是类型","foreshadow","provisional","cand-foreshadow-a474bc609ab5"
"海莉的新生","是类型","foreshadow","provisional","cand-foreshadow-a484c2f6fb37"
"『这里』的异变危机(两个涡波并存)","是类型","foreshadow","provisional","cand-foreshadow-a532e373be00"
"王座交替准备完毕与命定之王","是类型","foreshadow","provisional","cand-foreshadow-a5462924b228"
"大小姐的秘密与『总有一天亲口告诉』之约","是类型","foreshadow","provisional","cand-foreshadow-a549d45cf118"
"魔力=『毒』之谜与向使徒西斯打探之约","是类型","foreshadow","provisional","cand-foreshadow-a8ad425f5ef1"
"涡波的记忆片断与身上魔法的解除","是类型","foreshadow","provisional","cand-foreshadow-ab57439a743c"
"技能《？？？》箭在弦上的发动危机","是类型","foreshadow","provisional","cand-foreshadow-ac3809ac103b"
"海莉存续于『世界奉还阵』·道标与记忆组合指引","是类型","foreshadow","provisional","cand-foreshadow-acee48a4da34"
"三人同得答案的愿望(孤独消失恐惧)","是类型","foreshadow","provisional","cand-foreshadow-ae790696621e"
"缇亚的异常征兆","是类型","foreshadow","provisional","cand-foreshadow-aeb6ab61c81e"
"主角的黑暗坠落","是类型","foreshadow","provisional","cand-foreshadow-af7da79161e7"
"莱纳的咏唱滥用预判（为他人的代价支付）","是类型","foreshadow","provisional","cand-foreshadow-af94c7b8c77f"
"基督无意识压抑的真心话（缇缇醉后本性论）","是类型","foreshadow","provisional","cand-foreshadow-afee206321a0"
"艾德的未答之问（佩艾希亚质问悬置）","是类型","foreshadow","provisional","cand-foreshadow-b074765a2948"
"莱纳的大圣堂地下既视感","是类型","foreshadow","provisional","cand-foreshadow-b08445d5289d"
"成功产品与'相像的孩子要多少有多少'","是类型","foreshadow","provisional","cand-foreshadow-b0b040d41a02"
"艾尔米拉德言行或为激发演技(推测)","是类型","foreshadow","provisional","cand-foreshadow-b0f66fcd7551"
"守护者消失机制","是类型","foreshadow","provisional","cand-foreshadow-b139220939ed"
"前卫二人战力证明危机（领队副领队吃软饭问题）","是类型","foreshadow","provisional","cand-foreshadow-b21db6301828"
"莱纳的家庭环境","是类型","foreshadow","provisional","cand-foreshadow-b28c1a74ca4d"
"诺斯菲'那天的事全都是误会'","是类型","foreshadow","provisional","cand-foreshadow-b338c9c01065"
"DistanceMute开发计划与对守护者底牌","是类型","foreshadow","provisional","cand-foreshadow-b523200f8dae"
"技能《？？？》恋爱界限：发作即丧失爱情只留对方一人","是类型","foreshadow","provisional","cand-foreshadow-b52aa1df517a"
"破损的宝剑之谜","是类型","foreshadow","provisional","cand-foreshadow-b56bf1adb683"
"「缇缇」名字的原主（爷爷奶奶亡逝重要之人）","是类型","foreshadow","provisional","cand-foreshadow-b58604a74bea"
"阿雷亚斯家与剑圣","是类型","foreshadow","provisional","cand-foreshadow-b6dbc1d97633"
"『原来的世界』存在与否·亲眼确认之誓","是类型","foreshadow","provisional","cand-foreshadow-b6edc9efe145"
"超越人类极限领域后的姿态之问","是类型","foreshadow","provisional","cand-foreshadow-b78d38145e22"
"莉帕×诺文的舞斗大会组队","是类型","foreshadow","provisional","cand-foreshadow-b78e5f85dd35"
"『涡波大人与我的开始（最初）便是结束』预告","是类型","foreshadow","provisional","cand-foreshadow-b8c1829ee8fb"
"不会游泳二人组与深层全浸水阻路","是类型","foreshadow","provisional","cand-foreshadow-b8c827b64bc1"
"弗茨亚茨选定的补位人才","是类型","foreshadow","provisional","cand-foreshadow-b8ce5e81fe94"
"魔王城空间与记忆'想起'","是类型","foreshadow","provisional","cand-foreshadow-b8da73da04ba"
"玛利亚=本时代最大敌人（西斯宣言）","是类型","foreshadow","provisional","cand-foreshadow-b91f81039101"
"菲洛再会与转行招揽预告","是类型","foreshadow","provisional","cand-foreshadow-b973379c8219"
"沃克家当主的不放弃(威尔格连之谜)","是类型","foreshadow","provisional","cand-foreshadow-ba0f34d1b796"
"技能『？？？』第二次暴走与感情的无限循环","是类型","foreshadow","provisional","cand-foreshadow-ba5bcaff0f26"
"守护者邀请者之谜(原初记忆走马灯)","是类型","foreshadow","provisional","cand-foreshadow-ba7b9972847f"
"斯诺龙化的进行性恶化（十年后设想中断）","是类型","foreshadow","provisional","cand-foreshadow-bacb3b03b68e"
"'使徒大人'与'那几位大人'（诺瓦露『完成』的推手）","是类型","foreshadow","provisional","cand-foreshadow-bb4770145625"
"斯诺与守护者缇达的对决宣言","是类型","foreshadow","provisional","cand-foreshadow-bb8c8d31203d"
"罗德留恋真意自白：安宁之赏许赐某人与殒没","是类型","foreshadow","provisional","cand-foreshadow-bbeb7fa03a34"
"世界奉还阵的不可终止与大陆溶解","是类型","foreshadow","provisional","cand-foreshadow-bc04a5e9f3cb"
"莉帕与'那个人'（前任术者之谜）","是类型","foreshadow","provisional","cand-foreshadow-bc4331e838bf"
"致胜一击所必须用到的『那个』","是类型","foreshadow","provisional","cand-foreshadow-bcdd35c16baf"
"罗德的真本事与涡波的大魔法","是类型","foreshadow","provisional","cand-foreshadow-bd642475bb8b"
"罗德的『留恋』=许赐『某·人』与殒没条件","是类型","foreshadow","provisional","cand-foreshadow-bd7adb07c8d0"
"斐勒卢托的余牌与'冰山一角'","是类型","foreshadow","provisional","cand-foreshadow-be74babacfd8"
"玛利亚的正体：半守护者·盲眼少女·后备之王","是类型","foreshadow","provisional","cand-foreshadow-bec534746e07"
"剑与盾激突的胜负（未揭）","是类型","foreshadow","provisional","cand-foreshadow-bed2fb75e204"
"暗之魔石回收与'本属涡波'之说","是类型","foreshadow","provisional","cand-foreshadow-beeb40f27696"
"莉帕的创造者『次元之理的盗窃者』与假面之梦","是类型","foreshadow","provisional","cand-foreshadow-bf511845b70c"
"雷纳尔多的'这次'既识反应","是类型","foreshadow","provisional","cand-foreshadow-c07fc88979e7"
"罗德的不完全『魔石』之危","是类型","foreshadow","provisional","cand-foreshadow-c09d387265a9"
"双守护者联手成敌之忧（离开迷宫不可能）","是类型","foreshadow","provisional","cand-foreshadow-c0bfba1e57a5"
"地上艾德×地下罗德相会计划","是类型","foreshadow","provisional","cand-foreshadow-c11fc2f027f2"
"斯诺重伤后的动向","是类型","foreshadow","provisional","cand-foreshadow-c14ab59928d7"
"贝丝心中不属于她自己的东西","是类型","foreshadow","provisional","cand-foreshadow-c1a4ef0e9e7a"
"突发暴雨与条件齐备的可疑（圣诞祭同条件重演）","是类型","foreshadow","provisional","cand-foreshadow-c2aab5944c0c"
"佩艾希亚=『归途』的终点确信","是类型","foreshadow","provisional","cand-foreshadow-c2ca3f8414f5"
"祖孙光粒消散之可挽回性（回收）","是类型","foreshadow","provisional","cand-foreshadow-c3703275a68b"
"『千年前的梦』开启(王的追忆)","是类型","foreshadow","provisional","cand-foreshadow-c3786055b9d4"
"手环对决与自杀术式","是类型","foreshadow","provisional","cand-foreshadow-c44f48ffd988"
"深层空祭坛的'某人'","是类型","foreshadow","provisional","cand-foreshadow-c4a09fb6fd05"
"涡波对诺斯菲的直觉禁忌","是类型","foreshadow","provisional","cand-foreshadow-c4b0463fa460"
"复合咒术『咏唱』之代价清偿（后延非免除）","是类型","foreshadow","provisional","cand-foreshadow-c4d7b5ff9963"
"召唤信息之谜","是类型","foreshadow","provisional","cand-foreshadow-c56ecf6727a2"
"最深部奇迹争夺","是类型","foreshadow","provisional","cand-foreshadow-c64a1a827849"
"缇缇的了无遗憾逝去愿望","是类型","foreshadow","provisional","cand-foreshadow-c65b74502970"
"『感应』的『来不及』预感与最高难度转换","是类型","foreshadow","provisional","cand-foreshadow-c6c9dcaf84dd"
"与艾德及阳滝交战的可能性（强化缇缇之由）","是类型","foreshadow","provisional","cand-foreshadow-c721cbfaf98f"
"攻击担当轮换之约","是类型","foreshadow","provisional","cand-foreshadow-c75ec6cfed97"
"BOSS魔石与锻冶新装备筹备（堪比『新月琉璃』·为塞拉备武器）","是类型","foreshadow","provisional","cand-foreshadow-c7d1bd373bc2"
"十层的空虚感","是类型","foreshadow","provisional","cand-foreshadow-c880741fcb58"
"海莉的死亡预告与留恋","是类型","foreshadow","provisional","cand-foreshadow-c88fd4eede50"
"『维度·决战演算』的深层退役预感","是类型","foreshadow","provisional","cand-foreshadow-c8e68d4261f0"
"诺斯菲留恋实现之因解明（以涡波痛苦为乐）","是类型","foreshadow","provisional","cand-foreshadow-c90ce2051dba"
"业火决战","是类型","foreshadow","provisional","cand-foreshadow-c9240b0382ce"
"『想起』容易的空间","是类型","foreshadow","provisional","cand-foreshadow-c93a7b617643"
"诺斯菲与『笨蛋骑士』赫勒比勒夏因的过去渊源","是类型","foreshadow","provisional","cand-foreshadow-c955ee88e111"
"魔石人类四少女被削减的『代价』","是类型","foreshadow","provisional","cand-foreshadow-c9ce4f9f0384"
"缇亚的过去","是类型","foreshadow","provisional","cand-foreshadow-ca46dd738801"
"书物『支配之王』第一章『支配之王的觉醒』＝北方历史","是类型","foreshadow","provisional","cand-foreshadow-ca874942b956"
"诺斯菲闻『缇娅拉』变色与『绝不能忘』之谜","是类型","foreshadow","provisional","cand-foreshadow-cbd231418f7b"
"涡波的诅咒级重负与心灵击溃计划","是类型","foreshadow","provisional","cand-foreshadow-cc700eb70491"
"帕林库洛追迹与精神魔法警告","是类型","foreshadow","provisional","cand-foreshadow-ccaca730ee14"
"魔力物质化的记忆残留","是类型","foreshadow","provisional","cand-foreshadow-ccc5e9c46dca"
"格连脑中的声音","是类型","foreshadow","provisional","cand-foreshadow-cdae79bc4301"
"涡波千年前身份之谜（团长·南方的骑士·第二个救世主）","是类型","foreshadow","provisional","cand-foreshadow-cdeb9109b1e8"
"玛利亚狂化之谜","是类型","foreshadow","provisional","cand-foreshadow-cdf6362902ba"
"诺斯菲任性条件的逻辑死循环(其真实意图)","是类型","foreshadow","provisional","cand-foreshadow-cecb804f548c"
"被带走的'王之器'少女","是类型","foreshadow","provisional","cand-foreshadow-cf556db33f18"
"阿尔缇的恋爱愿望","是类型","foreshadow","provisional","cand-foreshadow-cf562fb26e7f"
"莱纳的守护之誓（归来之前片刻不离）","是类型","foreshadow","provisional","cand-foreshadow-cf93339bf3f2"
"帕林库洛的『复活相川阳滝』宣言","是类型","foreshadow","provisional","cand-foreshadow-cf9dfadf774f"
"阳滝=西斯的'亲友'之谜","是类型","foreshadow","provisional","cand-foreshadow-d070755a07c9"
"斐勒卢托未用的手牌与真实恨意","是类型","foreshadow","provisional","cand-foreshadow-d0a3044ada96"
"罗德的『真正的愿望』与视线错位","是类型","foreshadow","provisional","cand-foreshadow-d123bdc23382"
"涡波的『最喜欢的人』答案","是类型","foreshadow","provisional","cand-foreshadow-d1e97ea2b659"
"阳滝苏醒与兄妹身魂归位","是类型","foreshadow","provisional","cand-foreshadow-d274260d14a0"
"涡波对技能『？？？』消除对象的隐瞒","是类型","foreshadow","provisional","cand-foreshadow-d2bf10faeb59"
"缇亚的精神剧变","是类型","foreshadow","provisional","cand-foreshadow-d48745f439c7"
"罗德对速通回地上的不满（留恋线推进）","是类型","foreshadow","provisional","cand-foreshadow-d4d8b0379e2b"
"拉丝缇娅拉拒绝告白的真意","是类型","foreshadow","provisional","cand-foreshadow-d5a21a927c8d"
"阿雷亚斯家的宝剑的未试新能力（魔法属性追加）","是类型","foreshadow","provisional","cand-foreshadow-d609c4a0ddc0"
"民众魔石升空与再现可能","是类型","foreshadow","provisional","cand-foreshadow-d6900f9ac0d7"
"『次元之理』完全掌握与次元魔术真髓","是类型","foreshadow","provisional","cand-foreshadow-d694c323aa16"
"诺文的约定与名字反应","是类型","foreshadow","provisional","cand-foreshadow-d69a697feac4"
"莱纳的六十九层攻略指示","是类型","foreshadow","provisional","cand-foreshadow-d6afc5d6ab60"
"缇达魔石（黑剑）遗落战场","是类型","foreshadow","provisional","cand-foreshadow-d89dbfd58745"
"罗德恢复精神之约（明早执行）","是类型","foreshadow","provisional","cand-foreshadow-d8bb64b48883"
"亲和的血缘条件不足","是类型","foreshadow","provisional","cand-foreshadow-d976dae5bfb4"
"斯诺的身体将变得和『理的盗窃者』相近的警告","是类型","foreshadow","provisional","cand-foreshadow-d97e7c38c505"
"风的所有者身份之谜","是类型","foreshadow","provisional","cand-foreshadow-d99d6f6aac16"
"宝石处理之途：赴联合国/『史诗探索者』本部（近期钩）","是类型","foreshadow","provisional","cand-foreshadow-da4f55df47dc"
"六十层不知底细的守护者（千年前猛者推定）","是类型","foreshadow","provisional","cand-foreshadow-db1adcadca7b"
"40层守护者与海莉队的进度竞争","是类型","foreshadow","provisional","cand-foreshadow-dc3e7813f16b"
"西娅夺还（贩奴船追击开环）","是类型","foreshadow","provisional","cand-foreshadow-dc668496308c"
"拉丝缇娅拉的笼中出身","是类型","foreshadow","provisional","cand-foreshadow-dc7d70f80ca7"
"诺斯菲的密藏手牌","是类型","foreshadow","provisional","cand-foreshadow-dc8a618350b8"
"『同死神相伴的魔女』的身份与去向","是类型","foreshadow","provisional","cand-foreshadow-dca915b2072c"
"莉帕的决赛恳求(无法实现的愿望)","是类型","foreshadow","provisional","cand-foreshadow-dd2a5ab39d74"
"诺斯菲的真正魔法（代表全部人生·疑即死）","是类型","foreshadow","provisional","cand-foreshadow-dd537f92e3ef"
"守护者遭遇","是类型","foreshadow","provisional","cand-foreshadow-dd89a5cefe9d"
"缇亚唤回战与玛利亚之约","是类型","foreshadow","provisional","cand-foreshadow-ddc2ab321343"
"未知之风与莱纳力量的真正源泉","是类型","foreshadow","provisional","cand-foreshadow-ddff0ccdce46"
"『感应』守护者接触前兆警报（五十七层）","是类型","foreshadow","provisional","cand-foreshadow-de161fd33b63"
"莱纳身体未异变之谜","是类型","foreshadow","provisional","cand-foreshadow-de1d70081cd5"
"缇亚与拉丝缇娅拉的旧识","是类型","foreshadow","provisional","cand-foreshadow-dee96c02483d"
"守护者封印解放机制","是类型","foreshadow","provisional","cand-foreshadow-df12a895ef86"
"地上艾德×地下罗德相会计划","是类型","foreshadow","provisional","cand-foreshadow-dff8b3b9dfeb"
"罗德的本名（『我的名字叫⋯⋯──』截断未揭）","是类型","foreshadow","provisional","cand-foreshadow-dff9e24c77ff"
"祖孙光粒消散之可挽回性（『应该还──』）","是类型","foreshadow","provisional","cand-foreshadow-e02dc1bbbd44"
"战后余裕与力量用途之问（含援助之约）","是类型","foreshadow","provisional","cand-foreshadow-e042ebcbb1a9"
"本土靠岸倒计时","是类型","foreshadow","provisional","cand-foreshadow-e215182e62d3"
"罗德只属于一人的家人与最重要的宝物","是类型","foreshadow","provisional","cand-foreshadow-e264a0dc56e1"
"『异邦人』与『素体』的说法冲突（一方说谎）","是类型","foreshadow","provisional","cand-foreshadow-e36918c7c691"
"拉丝缇娅拉的人情宣言","是类型","foreshadow","provisional","cand-foreshadow-e381d6f8265e"
"缇亚与使徒西斯的重叠疑云","是类型","foreshadow","provisional","cand-foreshadow-e40ca2f7a029"
"章末钩：掏出『阿雷亚斯家的宝剑诺文』","是类型","foreshadow","provisional","cand-foreshadow-e57a7a1dd38c"
"诺斯菲的留恋之谜","是类型","foreshadow","provisional","cand-foreshadow-e58984ce25c7"
"帕林库洛的三十层守护者交易","是类型","foreshadow","provisional","cand-foreshadow-e5d12816740d"
"缇缇『没多少时间了』的暗示","是类型","foreshadow","provisional","cand-foreshadow-e5e5e233e276"
"'因成功而悲伤'的失言与再诞真相","是类型","foreshadow","provisional","cand-foreshadow-e71aec40af9a"
"妹妹的真名（玛利亚=相川阳滝）","是类型","foreshadow","provisional","cand-foreshadow-e74b5bff1b87"
"世界奉还阵再起动与涡波终局魔法（未完）","是类型","foreshadow","provisional","cand-foreshadow-e7bc74d4ca8f"
"六十五层以深的再挑战（风龙障碍清除后）","是类型","foreshadow","provisional","cand-foreshadow-e819b265f3a4"
"船上死亡包围网","是类型","foreshadow","provisional","cand-foreshadow-e8c2c8a1f761"
"佩艾希亚崩壊倒计时（约一个月）","是类型","foreshadow","provisional","cand-foreshadow-e8c4fb530bbc"
"作用全空间的涡波色魔力干涉","是类型","foreshadow","provisional","cand-foreshadow-e9f213725f19"
"涡波的服装行业适性","是类型","foreshadow","provisional","cand-foreshadow-ea832fab4218"
"始祖缇娅拉的异界联系说","是类型","foreshadow","provisional","cand-foreshadow-eab674b9f7e8"
"诺斯菲的『预定』与其不可测真意","是类型","foreshadow","provisional","cand-foreshadow-eaf6f8c29057"
"船旅死亡预告：姐姐们比帕林库洛更危险","是类型","foreshadow","provisional","cand-foreshadow-eb43dcfe9299"
"诺瓦露的『代价』与超常恢复力之谜","是类型","foreshadow","provisional","cand-foreshadow-eb85d939b9ec"
"罗德的藏书室调查（内容不明）","是类型","foreshadow","provisional","cand-foreshadow-ec2defe6fbcb"
"罗德的迷恋凶化与理解者联络","是类型","foreshadow","provisional","cand-foreshadow-ec32934e5e62"
"帕林库洛的『留恋』与个人计划","是类型","foreshadow","provisional","cand-foreshadow-ec74200bca40"
"魔石船LivingLegend号的爆炸隐患(周回二度)","是类型","foreshadow","provisional","cand-foreshadow-ec8e274abb2e"
"海莉的同型之谜：『所有物』持有与涡波多重同型","是类型","foreshadow","provisional","cand-foreshadow-ecae5971c6bf"
"候补之谜","是类型","foreshadow","provisional","cand-foreshadow-ecd0e112597e"
"芙兰琉莱的恋慕","是类型","foreshadow","provisional","cand-foreshadow-edb525d2a821"
"诺斯菲的迷恋反效果膨胀（地上寻找解法）","是类型","foreshadow","provisional","cand-foreshadow-eebaca1b4174"
"涡波起源'答案'临近（『表示』·初始魔法·素质优待）","是类型","foreshadow","provisional","cand-foreshadow-f03f67d50ce7"
"夺回阳滝与地上一切（涡波·莱纳共识）","是类型","foreshadow","provisional","cand-foreshadow-f2359641337e"
"西娅队伍急赴帕林库洛","是类型","foreshadow","provisional","cand-foreshadow-f2de08fb8757"
"帕林库洛的我主心仪之人","是类型","foreshadow","provisional","cand-foreshadow-f2eaa3f951b0"
"涡波与罗德的再会之约（ch169）","是类型","foreshadow","provisional","cand-foreshadow-f354ed9106bc"
"『感应』×『最深部之誓约者』非战斗场景同时警报","是类型","foreshadow","provisional","cand-foreshadow-f3a029823346"
"双守护者会聚成障碍的预兆（ch184开环推进）","是类型","foreshadow","provisional","cand-foreshadow-f3f0dbe6136a"
"世界奉还阵发动迫近（主战场中军）","是类型","foreshadow","provisional","cand-foreshadow-f48d7874af22"
"拉丝缇娅拉的心意暴走（'这不对'）","是类型","foreshadow","provisional","cand-foreshadow-f4c136dcd07a"
"涡波身体的女性化风险（魂与身体性状）","是类型","foreshadow","provisional","cand-foreshadow-f50790a236a5"
"海莉与海因的关联之谜（名字一字差·说辞既视感）","是类型","foreshadow","provisional","cand-foreshadow-f58e39394884"
"世界奉还阵失控与『最后的声音』","是类型","foreshadow","provisional","cand-foreshadow-f64a74fd6424"
"假扮基督君者出没","是类型","foreshadow","provisional","cand-foreshadow-f6639e15e011"
"『咏唱』之『代价』的真内容","是类型","foreshadow","provisional","cand-foreshadow-f7f1c02dccfe"
"诺斯菲的『留恋』之谜","是类型","foreshadow","provisional","cand-foreshadow-f8267e642ab8"
"全员滞留一万年计划与罗德真意","是类型","foreshadow","provisional","cand-foreshadow-f9b0da610923"
"涡波秘藏的『犯规的魔法』（最高级次元魔术·代价沉重·仅用过一次）","是类型","foreshadow","provisional","cand-foreshadow-f9e7f832ae80"
"千年前的南方之谜","是类型","foreshadow","provisional","cand-foreshadow-fadf05adca80"
"次元魔法大陆覆盖追踪计划","是类型","foreshadow","provisional","cand-foreshadow-fb15ecd28e24"
"异世界同行名单（赛鲁多拉+斯诺）与危险物品入境预感","是类型","foreshadow","provisional","cand-foreshadow-fb46675b41a9"
"玛利亚・■■■■■","是类型","foreshadow","provisional","cand-foreshadow-fbe730ceb4f2"
"异邦人技能之谜","是类型","foreshadow","provisional","cand-foreshadow-fc42adf3061b"
"帕林库洛（勒伽西）的意图与诱敌","是类型","foreshadow","provisional","cand-foreshadow-fc4681e75de1"
"莱文教关系者的违和（注视/持有物品）","是类型","foreshadow","provisional","cand-foreshadow-fcca911009a1"
"拉丝缇娅拉回归弗茨亚茨协作之谜","是类型","foreshadow","provisional","cand-foreshadow-fce5b0765feb"
"技能『？？？』的真名与真正使命","是类型","foreshadow","provisional","cand-foreshadow-fcfd75183027"
"莉帕的'规则'","是类型","foreshadow","provisional","cand-foreshadow-fd8342cbdd7c"
"胜利者报酬的回收未竟","是类型","foreshadow","provisional","cand-foreshadow-fd9c29636a45"
"缇达魔石回收中断","是类型","foreshadow","provisional","cand-foreshadow-feb841ec3ec0"
"古奈尔的「万一」委托","是类型","foreshadow","provisional","cand-foreshadow-ff1ab7b0fde5"
"绘画保管室毁画者之谜与'真笑容到庭师为止'","是类型","foreshadow","provisional","cand-foreshadow-ff6991f40071"
"艾德的'棋子集齐/我王'计划","是类型","foreshadow","provisional","cand-foreshadow-ff8947e8737d"
"本土行前时间紧迫（锻冶窗口关闭）","是类型","foreshadow","provisional","cand-foreshadow-ffc6d8565ee3"
"佩艾希亚城","是类型","地点(城市)","provisional","cand-entity-00c6c536c249"
"天剑『诺亚』","是类型","道具(剑)","provisional","cand-entity-00f9befa9d84-m"
"天剑『诺亚』","是类型","道具(剑)","provisional","cand-entity-00f9befa9d84"
"『启蒙家的再调律』","是类型","技能魔法","provisional","cand-entity-01f1701d7275"
"始祖与魔王的魔剑BraveFluorite","是类型","道具(魔剑)","provisional","cand-entity-0240d010c7bc"
"『魔石线』","是类型","物品","provisional","cand-entity-024a5eb2b009-m"
"『魔石线』","是类型","物品","provisional","cand-entity-024a5eb2b009-m3"
"『魔石线』","是类型","物品","provisional","cand-entity-024a5eb2b009"
"古尔亚德","是类型","地点(国/势力)","provisional","cand-entity-02fffe4676ef-m2"
"古尔亚德","是类型","地点(国/势力)","provisional","cand-entity-02fffe4676ef"
"史诗探索者","是类型","组织","provisional","cand-entity-04aaec848c6f-m-m"
"史诗探索者","是类型","组织","provisional","cand-entity-04aaec848c6f-m"
"史诗探索者","是类型","组织","provisional","cand-entity-04aaec848c6f"
"莉帕的感情与知识来源","是类型","setting","provisional","cand-entity-04de68fdd926"
"『Torsion（捩菖蒲）』","是类型","魔法(攻击)","provisional","cand-entity-061f13702cae"
"咒术","是类型","setting","provisional","cand-entity-065100d508c1"
"《冻结》","是类型","技能魔法","provisional","cand-entity-07acc3e8d0da"
"深海之黑暗","是类型","概念(称号)","provisional","cand-entity-07e682ae989c"
"『Firefly·蜃气楼』","是类型","技能魔法","provisional","cand-entity-07feee63bd93"
"最深部之誓约者","是类型","技能(固有技能)","provisional","cand-entity-088ea3ddecfe-m2"
"最深部之誓约者","是类型","技能(固有技能)","provisional","cand-entity-088ea3ddecfe"
"QuartzBlade·Size","是类型","技能(剑技)","provisional","cand-entity-08d3ef99af80"
"水羽衣SinkedShell","是类型","道具(防具)","provisional","cand-entity-0a51cabdeffa"
"教会","是类型","地点","provisional","cand-entity-0aab3ee323a3"
"魔王城","是类型","地点(迷宫内·罗德居城)","provisional","cand-entity-0ab5c51569a6-m2"
"魔王城","是类型","地点(迷宫内·罗德居城)","provisional","cand-entity-0ab5c51569a6"
"圣柯尔库堡","是类型","地点(城堡·司令部)","provisional","cand-entity-0ae9f2435b35-m2"
"圣柯尔库堡","是类型","地点(城堡·司令部)","provisional","cand-entity-0ae9f2435b35"
"『次元之冬·歪冰世界』","是类型","技能魔法","provisional","cand-entity-0c40697f166c"
"『次元之冬』","是类型","技能魔法","provisional","cand-entity-0cfcd342d292-m2"
"『次元之冬』","是类型","技能魔法","provisional","cand-entity-0cfcd342d292"
"无序之风","是类型","魔法(次元系妨害)","provisional","cand-entity-0d6c46e9f15b"
"SehrWind","是类型","技能(风魔法)","provisional","cand-entity-0db1b01e379b-m"
"SehrWind","是类型","技能(风魔法)","provisional","cand-entity-0db1b01e379b"
"技能『???』","是类型","概念","provisional","cand-entity-0f1803e10e96"
"锻冶","是类型","技能","provisional","cand-entity-0f6583c19cf2-m2"
"锻冶","是类型","技能","provisional","cand-entity-0f6583c19cf2"
"『世界炎蛇』","是类型","技能魔法","provisional","cand-entity-0f967aa475fc-m"
"『世界炎蛇』","是类型","技能魔法","provisional","cand-entity-0f967aa475fc"
"『次元之夜（The·Night）』","是类型","技能魔法","provisional","cand-entity-0feec5bb8bd7"
"弗茨亚茨","是类型","地点(国/势力)","provisional","cand-entity-1069ed274073-m-m"
"弗茨亚茨","是类型","地点(国/势力)","provisional","cand-entity-1069ed274073-m"
"弗茨亚茨","是类型","地点(国/势力)","provisional","cand-entity-1069ed274073"
"缇达的魔石","是类型","道具(守护者魔石)","provisional","cand-entity-1293a83b2143"
"缭乱踏破","是类型","概念(称号)","provisional","cand-entity-1367a2944fba"
"酒馆","是类型","地点","provisional","cand-entity-13704979c18f-m"
"酒馆","是类型","地点","provisional","cand-entity-13704979c18f"
"『Growth』","是类型","技能魔法","provisional","cand-entity-13ac2b5ec704"
"『冰BatteringRam（冰霜破城槌）』","是类型","技能魔法","provisional","cand-entity-150073eaed00"
"『炽天之纤炎』","是类型","技能魔法","provisional","cand-entity-15cb10409ffb-m"
"『炽天之纤炎』","是类型","技能魔法","provisional","cand-entity-15cb10409ffb"
"劳拉维亚","是类型","地点(国/势力)","provisional","cand-entity-15d82841d627-m2"
"劳拉维亚","是类型","地点(国/势力)","provisional","cand-entity-15d82841d627"
"天剑诺亚","是类型","物品","provisional","cand-entity-167200d196d4"
"艾尔芬（Elfen）外套","是类型","物品","provisional","cand-entity-16ac9a186f71"
"『新月琉璃直剑』","是类型","物品(武具)","provisional","cand-entity-1763a3d4e288"
"技能『缝纫』","是类型","技能(涡波后天·服饰系)","provisional","cand-entity-176c94c983fe"
"魔石","是类型","道具","provisional","cand-entity-19275a447a06"
"次元魔法","是类型","技能魔法","provisional","cand-entity-19e56aa04b31-m"
"次元魔法","是类型","技能魔法","provisional","cand-entity-19e56aa04b31"
"次元雪","是类型","魔法(次元魔法)","provisional","cand-entity-19efcd53559f"
"『北方的救世主』","是类型","称号(罗德·缇缇)","provisional","cand-entity-1aa2cdbb96a2"
"『QuartzParallax』","是类型","魔法(水晶系·涡波)","provisional","cand-entity-1c43fd9f547e"
"世界奉还阵","是类型","魔法(阵)","provisional","cand-entity-1c9708def6f4"
"次元魔术","是类型","魔法(次元)","provisional","cand-entity-1cc7c91aebd3-m2"
"次元魔术","是类型","魔法(次元)","provisional","cand-entity-1cc7c91aebd3"
"莱文（Reborn）","是类型","概念(货币)","provisional","cand-entity-1f5de504f012"
"次元之戒","是类型","道具(魔法戒指·MP储存)","provisional","cand-entity-1fa2de51f92e"
"CannonSehr","是类型","魔法(风系)","provisional","cand-entity-1fd4492c3241"
"FlameFlamberge","是类型","魔法(火炎)","provisional","cand-entity-1fe091004c2e"
"瓦尔德","是类型","地点","provisional","cand-entity-214a1e6922bb-m"
"瓦尔德","是类型","地点","provisional","cand-entity-214a1e6922bb-m3"
"瓦尔德","是类型","地点","provisional","cand-entity-214a1e6922bb-m4"
"瓦尔德","是类型","地点","provisional","cand-entity-214a1e6922bb-m5"
"瓦尔德","是类型","地点","provisional","cand-entity-214a1e6922bb"
"Alexandrite","是类型","道具(魔石)","provisional","cand-entity-21addefabfa5"
"火炎魔法","是类型","技能魔法","provisional","cand-entity-22f06b84bfea-m2"
"火炎魔法","是类型","技能魔法","provisional","cand-entity-22f06b84bfea"
"Sylph・堕落使徒","是类型","setting","provisional","cand-entity-24675adc5cf2"
"心异（Variable）·解放（Burst）","是类型","技能(精神魔法)","provisional","cand-entity-25d22a3dfc5a"
"『北之大帝国』","是类型","地点·国家形态(佩艾希亚时间轴再现)","provisional","cand-entity-2b4ad908db13"
"沃克家","是类型","组织(贵族家门)","provisional","cand-entity-2b4f4560fd55-m"
"沃克家","是类型","组织(贵族家门)","provisional","cand-entity-2b4f4560fd55"
"过捕护","是类型","技能魔法","provisional","cand-entity-2bafb0b34450-m"
"过捕护","是类型","技能魔法","provisional","cand-entity-2bafb0b34450"
"『Firefly』","是类型","技能魔法","provisional","cand-entity-2df0b9198ca0"
"『亡失的殉教者』","是类型","技能魔法","provisional","cand-entity-2ebbb7320480"
"形式","是类型","魔法(次元系)","provisional","cand-entity-2f494b8d7b38"
"瓦尔德的酒馆","是类型","地点","provisional","cand-entity-2f53d0a6db30"
"『次元・雪』","是类型","技能魔法","provisional","cand-entity-3008785d80f1"
"艾尔乌纳","是类型","生物(军用骑乘)","provisional","cand-entity-301e6536e2da"
"附有咒印的投掷短刀","是类型","物品","provisional","cand-entity-303c4b9a1dc8"
"胆怯之力","是类型","概念(称号)","provisional","cand-entity-30962bf11196"
"赫勒比勒夏因家","是类型","组织","provisional","cand-entity-3099a61a132a"
"集中收束","是类型","技能魔法","provisional","cand-entity-31061e7c95fd"
"Default","是类型","技能(次元魔法)","provisional","cand-entity-31788ae02c22"
"『御殿』","是类型","地点(佩艾希亚·城堡中央玉座之殿)","provisional","cand-entity-31c1b2e08987"
"『来自异界的救主（相川涡波）』","是类型","称号(相川涡波·守护者们的称呼)","provisional","cand-entity-31cb51ad9368"
"『龙化』","是类型","概念","provisional","cand-entity-32082b3ccfa0"
"『冬之异世界（Wintry·Dimension）』","是类型","技能魔法","provisional","cand-entity-339aa521d0ff"
"自由之风","是类型","技能(风)","provisional","cand-entity-33ac45458a84"
"二十四层","是类型","地点(迷宫层)","provisional","cand-entity-342b1155c5fa"
"咒术『连接』","是类型","setting","provisional","cand-entity-3456ce5aa048"
"『维度』","是类型","技能魔法","provisional","cand-entity-3580bb556dbd-m2"
"『维度』","是类型","技能魔法","provisional","cand-entity-3580bb556dbd"
"手环","是类型","物品","provisional","cand-entity-35c7acb56908-m-m-m"
"手环","是类型","物品","provisional","cand-entity-35c7acb56908-m-m"
"手环","是类型","物品","provisional","cand-entity-35c7acb56908-m"
"手环","是类型","物品","provisional","cand-entity-35c7acb56908"
"斯诺的免职令","是类型","道具(敕令文书)","provisional","cand-entity-35d0b26b1593"
"阿雷亚斯家（剑圣名门）","是类型","组织","provisional","cand-entity-36391dd7dd87"
"兑换所","是类型","地点","provisional","cand-entity-3643cd2fc7bb"
"『Dimension』","是类型","技能魔法","provisional","cand-entity-3762f86d8d2b-m"
"『Dimension』","是类型","技能魔法","provisional","cand-entity-3762f86d8d2b-m3"
"『Dimension』","是类型","技能魔法","provisional","cand-entity-3762f86d8d2b"
"『Connection』","是类型","技能魔法","provisional","cand-entity-37ad06ae5e8c-m"
"『Connection』","是类型","技能魔法","provisional","cand-entity-37ad06ae5e8c-m3"
"『Connection』","是类型","技能魔法","provisional","cand-entity-37ad06ae5e8c-m4"
"『Connection』","是类型","技能魔法","provisional","cand-entity-37ad06ae5e8c"
"VallkundtEmerald","是类型","道具(魔石)","provisional","cand-entity-38756f319800"
"圣杯","是类型","道具(圣遗物)","provisional","cand-entity-38abf24f4625"
"保管室","是类型","地点(佩艾希亚城内)","provisional","cand-entity-39579a253138"
"所有物","是类型","技能(收纳)","provisional","cand-entity-39658385c119"
"『DistanceMute（幻之紫腕）』","是类型","魔法(即死)","provisional","cand-entity-397ff05c29cd"
"鲜血魔法","是类型","技能魔法","provisional","cand-entity-39828242d129"
"泪洸","是类型","概念","provisional","cand-entity-39c78d7166ea"
"迷宫","是类型","地点","provisional","cand-entity-3a2cc3d9b1a2-m-m"
"迷宫","是类型","地点","provisional","cand-entity-3a2cc3d9b1a2-m"
"迷宫","是类型","地点","provisional","cand-entity-3a2cc3d9b1a2"
"洗涤黑暗之人","是类型","概念(称号)","provisional","cand-entity-3ad88f290418"
"20层","是类型","地点(迷宫层)","provisional","cand-entity-3b7fb5e852ab"
"维度・决战演算","是类型","魔法(次元系·战斗支援)","provisional","cand-entity-3bea6461fc24-m2"
"维度・决战演算","是类型","魔法(次元系·战斗支援)","provisional","cand-entity-3bea6461fc24-m3"
"维度・决战演算","是类型","魔法(次元系·战斗支援)","provisional","cand-entity-3bea6461fc24"
"风之理的盗窃者","是类型","称号","provisional","cand-entity-3c8d67d9a08d"
"鲜血魔法『芬里尔・阿雷亚斯』","是类型","魔法(鲜血魔法)","provisional","cand-entity-3d466bb8bd04"
"Rokh·Bringer","是类型","物品(魔剑)","provisional","cand-entity-3da08b924538"
"鲜血魔法『相川涡波/相川阳滝』","是类型","魔法(鲜血系·借取)","provisional","cand-entity-3e75d821e85e"
"魔法『连接』","是类型","魔法(移动)","provisional","cand-entity-3e79271c8b7a"
"技能『？？？』的恋爱干涉（ch69实证）","是类型","setting","provisional","cand-entity-3ec305a665ff"
"神圣魔法『Inviolable·Field』","是类型","技能魔法","provisional","cand-entity-3f94dd4fee34"
"第二迷宫都市达利尔","是类型","地点(迷宫都市)","provisional","cand-entity-4265d39422ca-m2"
"第二迷宫都市达利尔","是类型","地点(迷宫都市)","provisional","cand-entity-4265d39422ca-m3"
"第二迷宫都市达利尔","是类型","地点(迷宫都市)","provisional","cand-entity-4265d39422ca-m4"
"第二迷宫都市达利尔","是类型","地点(迷宫都市)","provisional","cand-entity-4265d39422ca"
"水之理的盗窃者","是类型","道具(魔石)","provisional","cand-entity-42b8a3da52ba"
"『己魂焦热之骸炎』","是类型","技能魔法","provisional","cand-entity-42d2c5c463d6"
"大空洞","是类型","地点(灾变地形)","provisional","cand-entity-444509d5bb5c"
"良机","是类型","技能魔法","provisional","cand-entity-44cb13ba1323"
"『支配之王』","是类型","称号","provisional","cand-entity-46c06f4d7764-m2"
"『支配之王』","是类型","称号","provisional","cand-entity-46c06f4d7764-m3"
"『支配之王』","是类型","称号","provisional","cand-entity-46c06f4d7764"
"莱文教圣经","是类型","概念","provisional","cand-entity-485901a69008"
"FullBlazing","是类型","setting","provisional","cand-entity-48e89747e072"
"风之矢","是类型","魔法(风系)","provisional","cand-entity-4a69c4eda20e"
"感应","是类型","技能(感知系)","provisional","cand-entity-4aa069dc5866"
"《完全治愈》","是类型","技能魔法","provisional","cand-entity-4ad5b64857de"
"次元之冬","是类型","魔法(复合魔法)","provisional","cand-entity-4cb765b7dc55-m2"
"次元之冬","是类型","魔法(复合魔法)","provisional","cand-entity-4cb765b7dc55"
"世界树","是类型","概念","provisional","cand-entity-4dc53bfe8a2c"
"白樱（Pieris・EithéA）","是类型","物种(树木)","provisional","cand-entity-4e763f6a2199"
"天上之七骑士","是类型","组织","provisional","cand-entity-4fac374d05a2-m2"
"天上之七骑士","是类型","组织","provisional","cand-entity-4fac374d05a2"
"艾尔多拉琉学院","是类型","组织","provisional","cand-entity-4fd5d286838a"
"神铁锻冶","是类型","技术","provisional","cand-entity-50239f3a60be-m2"
"神铁锻冶","是类型","技术","provisional","cand-entity-50239f3a60be"
"圣诞祭","是类型","概念","provisional","cand-entity-504468096582"
"『魔石人类』","是类型","概念","provisional","cand-entity-51659b227f2f"
"艾丽娅的发夹","是类型","物品","provisional","cand-entity-521b7d4e3ff0-m"
"艾丽娅的发夹","是类型","物品","provisional","cand-entity-521b7d4e3ff0"
"大圣堂","是类型","地点","provisional","cand-entity-526e5060b697-m2"
"大圣堂","是类型","地点","provisional","cand-entity-526e5060b697-m3"
"大圣堂","是类型","地点","provisional","cand-entity-526e5060b697"
"转光枪（Brionac）","是类型","魔法(光系)","provisional","cand-entity-52831b96082b"
"黑虫石","是类型","物品","provisional","cand-entity-548cf38b70a3"
"阳祝日","是类型","概念","provisional","cand-entity-559b458fdef6"
"理的盗窃者","是类型","setting","provisional","cand-entity-56f1ef7adbee"
"『次元之联结（Deny·Entia）』","是类型","技能魔法","provisional","cand-entity-57a8b6a77b5d"
"『龙之咆哮』","是类型","技能魔法","provisional","cand-entity-57f5605a8396"
"魔法『冰之矢』","是类型","技能魔法","provisional","cand-entity-58a11adb1155"
"维度・千算相杀（Counting）","是类型","魔法(次元属性·涡波·魔法战特化)","provisional","cand-entity-5919ec88d725"
"『飞翔翠石制轻铠路易芬理德』","是类型","道具(防具)","provisional","cand-entity-594b54795e42"
"剑术","是类型","技能魔法","provisional","cand-entity-5a3ae9b5563e-m-m"
"剑术","是类型","技能魔法","provisional","cand-entity-5a3ae9b5563e-m"
"剑术","是类型","技能魔法","provisional","cand-entity-5a3ae9b5563e"
"『Foam』","是类型","技能魔法","provisional","cand-entity-5a595c77b747-m-m"
"『Foam』","是类型","技能魔法","provisional","cand-entity-5a595c77b747-m"
"『Foam』","是类型","技能魔法","provisional","cand-entity-5a595c77b747"
"『冬之异世界·四重奏（Winter维度Quartetto）』","是类型","魔法(四人共鸣)","provisional","cand-entity-5aa854cb69f0"
"『次元决战演算『先谭』』","是类型","魔法(次元系·未来视)","provisional","cand-entity-5bbfaaa3d0b2"
"【状态】","是类型","概念","provisional","cand-entity-5c4c6eb07b7e-m"
"【状态】","是类型","概念","provisional","cand-entity-5c4c6eb07b7e"
"Light・VariantWall","是类型","魔法(光系·防御)","provisional","cand-entity-5caac83cb003"
"『QuartzBullet』","是类型","魔法(水晶系·涡波)","provisional","cand-entity-5d2bcbd45b47"
"『Shift』","是类型","魔法(次元魔术)","provisional","cand-entity-5dd34fc5f37b"
"TowsSchussWind・GrandFall","是类型","魔法(风系·共鸣)","provisional","cand-entity-5f7a8f8e0cfd"
"技能『兽化』","是类型","技能(兽人变身)","provisional","cand-entity-5f89102b1a01"
"『自由之风』","是类型","理(风之理·被盗窃)","provisional","cand-entity-6039cffc20b7"
"艾利巴茨制作的法衣","是类型","道具(法衣)","provisional","cand-entity-604518b67797"
"『黑骑兵之裹足』","是类型","技能魔法","provisional","cand-entity-6096610c0350"
"北方同盟","是类型","地点(千年前·北方诸国)","provisional","cand-entity-61287df5bd3e"
"次元决战演算『前日谭』","是类型","魔法(涡波)","provisional","cand-entity-614452616ddb"
"暗魔法『不罚的大英雄』","是类型","技能魔法","provisional","cand-entity-617afdd2a1b8"
"『Default（行路渐歧）』","是类型","魔法(空间)","provisional","cand-entity-61cd85538854"
"Dimension·决战演算","是类型","技能(次元魔法)","provisional","cand-entity-6204d8473af8"
"阿尔缇魔石","是类型","道具(魔石)","provisional","cand-entity-621f82d35da6"
"续命","是类型","技能魔法","provisional","cand-entity-6276532b0e62"
"技能『魔力风刃化』","是类型","技能魔法","provisional","cand-entity-633d0e0e7098"
"智能手机","是类型","物品","provisional","cand-entity-6465adaaa000"
"一年后的伙伴分布（ch213）","是类型","设定(现状)","provisional","cand-entity-6507e322e473"
"雷纳尔多的外套","是类型","setting","provisional","cand-entity-657cc1cd4dd7"
"『Ice·锁』","是类型","技能魔法","provisional","cand-entity-65930afa27f7"
"Dimension","是类型","技能(次元魔法)","provisional","cand-entity-66746983bd89"
"绘画的保管室","是类型","地点(魔王城内)","provisional","cand-entity-668d04b2729e"
"血传魔法","是类型","概念","provisional","cand-entity-66f4b91ef241"
"赫勒比勒夏因之神圣双剑『片翼』","是类型","物品(剑)","provisional","cand-entity-67aa18992bf0-m"
"赫勒比勒夏因之神圣双剑『片翼』","是类型","物品(剑)","provisional","cand-entity-67aa18992bf0"
"信","是类型","物品","provisional","cand-entity-687f6253b8c4"
"元老院","是类型","组织","provisional","cand-entity-688ed1e47a99"
"『Firefly·幻影』","是类型","技能魔法","provisional","cand-entity-68a36355c38c"
"古利亚德","是类型","地点(国)","provisional","cand-entity-6a50af93d2d8"
"地魔法『Earth』","是类型","魔法(地属性·基础)","provisional","cand-entity-6a7f990beaf3"
"光之御旗（NosfyFlag）","是类型","技能(光魔法)","provisional","cand-entity-6ad943f312f1"
"拉丝缇娅拉的实力停滞（血之余量）","是类型","设定(人物状态)","provisional","cand-entity-6b7759721aea"
"瓦尔法拉","是类型","地点","provisional","cand-entity-6be0ca23362a"
"阿雷亚斯家的宝剑","是类型","物品","provisional","cand-entity-6cab0ae70096-m-m"
"阿雷亚斯家的宝剑","是类型","物品","provisional","cand-entity-6cab0ae70096-m"
"阿雷亚斯家的宝剑","是类型","物品","provisional","cand-entity-6cab0ae70096-m4"
"阿雷亚斯家的宝剑","是类型","物品","provisional","cand-entity-6cab0ae70096"
"孤儿院","是类型","地点(佩艾希亚·罗德出身设施)","provisional","cand-entity-6cef1a431a06"
"神圣魔法","是类型","技能魔法","provisional","cand-entity-6d3f6ebee4e0-m"
"神圣魔法","是类型","技能魔法","provisional","cand-entity-6d3f6ebee4e0"
"『？？？』","是类型","技能魔法","provisional","cand-entity-6d9b84c7b0dc"
"魔石戒指","是类型","物品","provisional","cand-entity-6e41f0a6a492"
"Sylph•Rokh•Bringer","是类型","物品(剑)","provisional","cand-entity-6e6cab6b49b0"
"古尔亚德国","是类型","地点(国)","provisional","cand-entity-6f02ab012655"
"Foam•捩菖蒲（Torsion）","是类型","技能(次元魔法)","provisional","cand-entity-6f107b396327"
"南方联盟","是类型","组织(联盟)","provisional","cand-entity-6fe4635dd124-m2"
"南方联盟","是类型","组织(联盟)","provisional","cand-entity-6fe4635dd124"
"『旋风击』","是类型","技能招式(飞踢)","provisional","cand-entity-70ffd399190c"
"『维度·多重展开』","是类型","技能魔法","provisional","cand-entity-721c632bb6b0-m"
"『维度·多重展开』","是类型","技能魔法","provisional","cand-entity-721c632bb6b0"
"『所有物』","是类型","技能(收纳)","provisional","cand-entity-7277d1f42f81"
"通信机","是类型","魔法(联络)","provisional","cand-entity-72a5f26a604f"
"『兽化』","是类型","魔法(变身能力·塞拉)","provisional","cand-entity-731befd37b30"
"DistanceMute","是类型","技能(次元魔法)","provisional","cand-entity-7362a0020d95-m2"
"DistanceMute","是类型","技能(次元魔法)","provisional","cand-entity-7362a0020d95-m3"
"DistanceMute","是类型","技能(次元魔法)","provisional","cand-entity-7362a0020d95"
"焦土踏破、疾驰无息之魂","是类型","setting","provisional","cand-entity-737f42071795"
"解毒药","是类型","物品","provisional","cand-entity-73b1fb56905e"
"魔法『水晶剑』","是类型","魔法(水晶系·剑)","provisional","cand-entity-744902382c58"
"瓦尔德本国","是类型","地点(国家)","provisional","cand-entity-753f9c2b2902"
"奥兰（Oria）大剑","是类型","物品","provisional","cand-entity-755b166e419b"
"Red・StingDagger","是类型","道具(短剑)","provisional","cand-entity-75b41cf16ee6"
"辉线疾走","是类型","概念(称号)","provisional","cand-entity-7822ff7fda25"
"【修坏的阿雷亚斯家宝剑】","是类型","物品(魔剑)","provisional","cand-entity-790df9efc6e3"
"『新月琉璃制直剑』","是类型","物品(武器)","provisional","cand-entity-79481ef14024-m"
"『新月琉璃制直剑』","是类型","物品(武器)","provisional","cand-entity-79481ef14024"
"世界冰蛇","是类型","技能(冰结魔法)","provisional","cand-entity-79dbff52aed0"
"《维度》","是类型","技能魔法","provisional","cand-entity-7a40ad99f678-m"
"《维度》","是类型","技能魔法","provisional","cand-entity-7a40ad99f678-m3"
"《维度》","是类型","技能魔法","provisional","cand-entity-7a40ad99f678"
"『耶梦加得之炎』","是类型","技能魔法","provisional","cand-entity-7ad26d050d05"
"北之帝国","是类型","地点(千年前北方国家)","provisional","cand-entity-7c0dda780cc9-m2"
"北之帝国","是类型","地点(千年前北方国家)","provisional","cand-entity-7c0dda780cc9"
"魔石人类","是类型","概念","provisional","cand-entity-7c36b1d22d29"
"『哀哭之仔的黑暗』","是类型","技能魔法","provisional","cand-entity-7ca5236467af"
"舞斗大会","是类型","概念","provisional","cand-entity-7cf56e37076a-m-m-m"
"舞斗大会","是类型","概念","provisional","cand-entity-7cf56e37076a-m-m"
"舞斗大会","是类型","概念","provisional","cand-entity-7cf56e37076a-m"
"舞斗大会","是类型","概念","provisional","cand-entity-7cf56e37076a"
"玛利亚已失去『眼睛』","是类型","setting","provisional","cand-entity-7d5928d5d203"
"圣人缇娅拉","是类型","人物(传说)","provisional","cand-entity-7edc0dadf3c0"
"『寒冰·速成箭』","是类型","技能魔法","provisional","cand-entity-7fb9befb20d9-m"
"『寒冰·速成箭』","是类型","技能魔法","provisional","cand-entity-7fb9befb20d9"
"技能『？？？』","是类型","技能","provisional","cand-entity-7fbf33f624db"
"拟神之眼","是类型","技能魔法","provisional","cand-entity-80641e811df9"
"WindFluorite","是类型","道具(魔石)","provisional","cand-entity-8137cbe0aa28"
"『紫苑』","是类型","技能魔法","provisional","cand-entity-828151f11a02"
"次元斩裂剑","是类型","技能(魔法)","provisional","cand-entity-836b54880ce0"
"法芙拉河","是类型","地点(河川)","provisional","cand-entity-84b85de6dd12"
"火之余烬的披戴者","是类型","概念(称号)","provisional","cand-entity-8554e7ee3ac3"
"赫勒比勒夏因之神圣双剑·片翼","是类型","道具(武具)","provisional","cand-entity-85e75ebb34a7"
"魔法屋","是类型","地点","provisional","cand-entity-8814d0ea3ee6-m2"
"魔法屋","是类型","地点","provisional","cand-entity-8814d0ea3ee6"
"【黑铠艾尔芬里德】","是类型","物品(武具)","provisional","cand-entity-88201584d320"
"MegistusBoots","是类型","道具(靴)","provisional","cand-entity-899d04f2d48f-m2"
"MegistusBoots","是类型","道具(靴)","provisional","cand-entity-899d04f2d48f"
"『次元之冬·终霜（Di·Winter·Frost）』","是类型","技能魔法","provisional","cand-entity-8a6cac985b5a"
"『维度·决战演算』","是类型","技能魔法","provisional","cand-entity-8e001ec7e1b0"
"北铳王流古武术","是类型","技能武术(流派)","provisional","cand-entity-8e4da6befe3d"
"柯尔库","是类型","地点(港口城市)","provisional","cand-entity-8e9f56e4da8d-m2"
"柯尔库","是类型","地点(港口城市)","provisional","cand-entity-8e9f56e4da8d-m3"
"柯尔库","是类型","地点(港口城市)","provisional","cand-entity-8e9f56e4da8d-m4"
"柯尔库","是类型","地点(港口城市)","provisional","cand-entity-8e9f56e4da8d-m5"
"柯尔库","是类型","地点(港口城市)","provisional","cand-entity-8e9f56e4da8d"
"属性魔法","是类型","技能魔法","provisional","cand-entity-8ee8189ef5fb"
"十三层","是类型","地点(迷宫层)","provisional","cand-entity-8f7838a00b12"
"公会『绝世』","是类型","组织(公会)","provisional","cand-entity-9088d0e55a45-m"
"公会『绝世』","是类型","组织(公会)","provisional","cand-entity-9088d0e55a45"
"魔法石","是类型","物品","provisional","cand-entity-90e30d4efce4-m"
"魔法石","是类型","物品","provisional","cand-entity-90e30d4efce4"
"缇亚的基督依存与扭曲恋慕（ch69确认）","是类型","setting","provisional","cand-entity-90e4481863ac"
"飞翔翠石制轻铠路易芬理德","是类型","道具(防具)","provisional","cand-entity-92e3e36c8b6f-m2"
"飞翔翠石制轻铠路易芬理德","是类型","道具(防具)","provisional","cand-entity-92e3e36c8b6f"
"魔法（FlyShoots）","是类型","技能魔法(风弹系)","provisional","cand-entity-92f42088a495"
"法尼亚","是类型","地点(国)","provisional","cand-entity-931446cebdb9"
"『耶梦加得之霜』","是类型","技能魔法","provisional","cand-entity-931f40a06dcf-m"
"『耶梦加得之霜』","是类型","技能魔法","provisional","cand-entity-931f40a06dcf-m3"
"『耶梦加得之霜』","是类型","技能魔法","provisional","cand-entity-931f40a06dcf"
"魔石『诺文』","是类型","道具(魔石)","provisional","cand-entity-932be6c1e136"
"『斯特拉斯领域』","是类型","技能魔法","provisional","cand-entity-93f80b451524"
"【持有物品】","是类型","概念","provisional","cand-entity-94fd057b0ee0"
"共鸣魔法『Flame・Aegis（守护炎）』","是类型","技能魔法","provisional","cand-entity-950570708214"
"魔力生成匮乏","是类型","概念","provisional","cand-entity-952e0e0cd227"
"第一百层","是类型","地点(迷宫层)","provisional","cand-entity-958c3c49eb81"
"ExWind","是类型","技能(风魔法)","provisional","cand-entity-95e9bbb4d2b1"
"复合咒术『咏唱』","是类型","setting","provisional","cand-entity-98674731a3ea"
"『连接』","是类型","魔法","provisional","cand-entity-98de1fa02ef4"
"『赤之护身符』","是类型","物品(魔法道具)","provisional","cand-entity-9a045cdd632b"
"『绝冲风击』","是类型","技能招式(喊名)","provisional","cand-entity-9a169839187e"
"『正道』","是类型","概念","provisional","cand-entity-9a38e9eec520-m-m-m"
"『正道』","是类型","概念","provisional","cand-entity-9a38e9eec520-m-m"
"『正道』","是类型","概念","provisional","cand-entity-9a38e9eec520-m"
"『正道』","是类型","概念","provisional","cand-entity-9a38e9eec520-m5"
"『正道』","是类型","概念","provisional","cand-entity-9a38e9eec520"
"『加速』","是类型","咒术(罗德之风咏唱)","provisional","cand-entity-9ad16a8fd089"
"SehrFang","是类型","魔法(风系)","provisional","cand-entity-9b74548f4f5b"
"大洞","是类型","地点(迷宫)","provisional","cand-entity-9b8cf619f3ed"
"医院","是类型","地点","provisional","cand-entity-9c4318d54856"
"佩艾希亚","是类型","地点(迷宫里侧再现都市)","provisional","cand-entity-9cd1b93b7b2b-m"
"佩艾希亚","是类型","地点(迷宫里侧再现都市)","provisional","cand-entity-9cd1b93b7b2b-m3"
"佩艾希亚","是类型","地点(迷宫里侧再现都市)","provisional","cand-entity-9cd1b93b7b2b"
"白石纱衣","是类型","道具(防具)","provisional","cand-entity-9cde0bf8140e"
"断罪","是类型","技能魔法","provisional","cand-entity-9d5b7b2bfa77"
"Raked・Blade","是类型","道具(诅咒剑)","provisional","cand-entity-9f41cd7b141d"
"『瓦尔法拉』","是类型","设施(移动剧场)","provisional","cand-entity-a0475b30c54a"
"鲜血魔法『威尔·琉克』","是类型","技能魔法","provisional","cand-entity-a071fce8ad83"
"拉丝缇娅拉的年龄（三岁）","是类型","setting","provisional","cand-entity-a130891a92d8"
"世界剧变：平均级别急升与魔石人类普及（ch213）","是类型","设定(世界)","provisional","cand-entity-a17e4f19b3e2"
"世界树（Yggdrasil）","是类型","地点(弗茨亚茨本国)","provisional","cand-entity-a1a6d30ad1b1"
"戒指『晶盾』","是类型","道具(魔法道具)","provisional","cand-entity-a268ec12474c"
"『讴歌不平的叛逆者』","是类型","技能魔法","provisional","cand-entity-a4145521856c"
"技能『感应』","是类型","技能魔法","provisional","cand-entity-a57ea7d34f88-m"
"技能『感应』","是类型","技能魔法","provisional","cand-entity-a57ea7d34f88-m3"
"技能『感应』","是类型","技能魔法","provisional","cand-entity-a57ea7d34f88"
"『诅咒』","是类型","概念","provisional","cand-entity-a57f99bb9a77"
"谒见室","是类型","地点(佩艾希亚城内)","provisional","cand-entity-a5a60477efc7"
"『火焰箭』","是类型","技能魔法","provisional","cand-entity-a7064c8b3a4b-m"
"『火焰箭』","是类型","技能魔法","provisional","cand-entity-a7064c8b3a4b"
"莱文（Reborn）教","是类型","组织","provisional","cand-entity-a7bf73a6fa53"
"『亡灵一闪（Von·A·Wraith）』","是类型","技能魔法","provisional","cand-entity-a883d740e6fd"
"『DistanceMute』","是类型","魔法(次元系·穿透·涡波)","provisional","cand-entity-a8923f553562"
"深渊次元的真夜（TheRiverineTonight）","是类型","技能魔法","provisional","cand-entity-a8c257651fa0-m"
"深渊次元的真夜（TheRiverineTonight）","是类型","技能魔法","provisional","cand-entity-a8c257651fa0"
"『表示』","是类型","概念","provisional","cand-entity-a8cc6228088b-m-m"
"『表示』","是类型","概念","provisional","cand-entity-a8cc6228088b-m"
"『表示』","是类型","概念","provisional","cand-entity-a8cc6228088b-m4"
"『表示』","是类型","概念","provisional","cand-entity-a8cc6228088b"
"『焦热世界』","是类型","技能魔法","provisional","cand-entity-a9b8ef49d248"
"中央广场","是类型","地点","provisional","cand-entity-a9f4fbc9d40e"
"鲜血魔法『芬里尔·阿雷亚斯』","是类型","技能魔法","provisional","cand-entity-ab4fa4041f4d"
"旅店","是类型","地点","provisional","cand-entity-ac1f5c7495e6-m"
"旅店","是类型","地点","provisional","cand-entity-ac1f5c7495e6"
"希达尔克家","是类型","组织(贵族家门)","provisional","cand-entity-ad2f6512aa35"
"『SehrWind』","是类型","魔法(中级风魔法)","provisional","cand-entity-ad393d26280d-m2"
"『SehrWind』","是类型","魔法(中级风魔法)","provisional","cand-entity-ad393d26280d"
"『FlameFlamberge』","是类型","技能魔法","provisional","cand-entity-af2f0d13e5d6"
"魔法『冻结』","是类型","魔法(冻结)","provisional","cand-entity-af45845733d6"
"守护者","是类型","概念","provisional","cand-entity-afa245c6198e"
"新月线形石","是类型","物品","provisional","cand-entity-b03fc345192c"
"表示","是类型","系统机能(状态栏表示)","provisional","cand-entity-b1a51e430708"
"六十层","是类型","地点(迷宫阶层·BOSS层)","provisional","cand-entity-b1bc5909f51b"
"泳衣（涡波手制八件）","是类型","道具(衣物)","provisional","cand-entity-b294eb4fcc6e"
"冰结魔法","是类型","技能魔法","provisional","cand-entity-b40c8b5a638d-m2"
"冰结魔法","是类型","技能魔法","provisional","cand-entity-b40c8b5a638d"
"莱文教","是类型","宗教(大陆信仰)","provisional","cand-entity-b536722c1bb4"
"神之加护","是类型","技能魔法","provisional","cand-entity-b9251bb957e9"
"深翠之始","是类型","概念(称号)","provisional","cand-entity-bbe79bd11ac5"
"守护者的魔石","是类型","物品","provisional","cand-entity-bc01261ad594"
"『始祖和魔王的魔剑BraveFluorite』","是类型","道具(剑)","provisional","cand-entity-bd8eb0b56844"
"联合国","是类型","国家","provisional","cand-entity-bdbac9aa1c37"
"『慕影死神（格林·利姆·莉帕）』","是类型","魔法(知性魔法·莉帕)","provisional","cand-entity-bf1a106c8d8d"
"鲜血魔法『海因・赫勒比勒夏因』","是类型","魔法(鲜血魔法)","provisional","cand-entity-c01bd26212d7"
"『阿雷亚斯家的宝剑诺文』","是类型","物品(魔剑)","provisional","cand-entity-c133da328c4d"
"技能『并列思考』","是类型","技能","provisional","cand-entity-c1f498c7651c-m"
"技能『并列思考』","是类型","技能","provisional","cand-entity-c1f498c7651c"
"技能『魔力物质化』","是类型","技能魔法","provisional","cand-entity-c34ebaf9fb5d"
"注视","是类型","技能(鉴定)","provisional","cand-entity-c5792419d8cd"
"使徒西斯","是类型","人物(传说)","provisional","cand-entity-c6b75b076d12"
"咒术『维度』","是类型","setting","provisional","cand-entity-c81499d747ff"
"形式・捩菖蒲（Torsion）","是类型","魔法(次元属性·涡波·攻击魔力)","provisional","cand-entity-c93b31f87a85"
"王近卫骑士团","是类型","组织(佩艾希亚·千年前王国近卫)","provisional","cand-entity-ca4559429ed2"
"水晶魔法『Quartz』","是类型","魔法(水晶·地之理)","provisional","cand-entity-cad355d78d03"
"风之铳剑","是类型","setting","provisional","cand-entity-cb1a35ed3469"
"新月琉璃制直剑","是类型","道具(剑)","provisional","cand-entity-cbe61ea8bc6b-m"
"新月琉璃制直剑","是类型","道具(剑)","provisional","cand-entity-cbe61ea8bc6b-m3"
"新月琉璃制直剑","是类型","道具(剑)","provisional","cand-entity-cbe61ea8bc6b-m4"
"新月琉璃制直剑","是类型","道具(剑)","provisional","cand-entity-cbe61ea8bc6b"
"『维度・暗夜（Dark）』","是类型","魔法(暗系·莉帕)","provisional","cand-entity-cd505ae728ac"
"『疾风弹』","是类型","技能招式(风弹)","provisional","cand-entity-cdfa6911b712"
"沃尔斯家","是类型","家名·宅邸(伊丽莎白・沃尔斯本家)","provisional","cand-entity-ce030f84b818-m2"
"沃尔斯家","是类型","家名·宅邸(伊丽莎白・沃尔斯本家)","provisional","cand-entity-ce030f84b818"
"『注视』","是类型","技能魔法","provisional","cand-entity-cf29d715835c"
"共鸣魔法『冰・Aegis（守护冰）』","是类型","技能魔法","provisional","cand-entity-cf439073b63f"
"中央剧场船","是类型","地点","provisional","cand-entity-cf58e490859a"
"维度・多重展开","是类型","魔法(次元系·涡波)","provisional","cand-entity-cf78e568fc9a-m2"
"维度・多重展开","是类型","魔法(次元系·涡波)","provisional","cand-entity-cf78e568fc9a"
"『Impulse』","是类型","技能魔法","provisional","cand-entity-cfe2f0ad5280-m"
"『Impulse』","是类型","技能魔法","provisional","cand-entity-cfe2f0ad5280"
"Dimension•曲战演算（Difference）","是类型","技能(次元魔法)","provisional","cand-entity-d114e435a5fb-m"
"Dimension•曲战演算（Difference）","是类型","技能(次元魔法)","provisional","cand-entity-d114e435a5fb"
"ChromeGlove","是类型","道具(手套)","provisional","cand-entity-d268e3a5fe4e-m2"
"ChromeGlove","是类型","道具(手套)","provisional","cand-entity-d268e3a5fe4e"
"『FlameCutter』","是类型","魔法(炎系·拉丝缇娅拉)","provisional","cand-entity-d28f418e9a17"
"魂之水晶","是类型","物品(矿物)","provisional","cand-entity-d2e828d34831"
"耶梦加得之炎","是类型","魔法(火焰系)","provisional","cand-entity-d3448cc0cb3f"
"绿之克星","是类型","概念(称号)","provisional","cand-entity-d50362c05dfc"
"诈术","是类型","技能(欺骗系)","provisional","cand-entity-d57645679a05"
"『LivingLegend号』","是类型","设施(魔导船)","provisional","cand-entity-d80cf779a6b0-m-m-m"
"『LivingLegend号』","是类型","设施(魔导船)","provisional","cand-entity-d80cf779a6b0-m-m"
"『LivingLegend号』","是类型","设施(魔导船)","provisional","cand-entity-d80cf779a6b0-m"
"『LivingLegend号』","是类型","设施(魔导船)","provisional","cand-entity-d80cf779a6b0"
"技能『魔力冰结化』","是类型","技能魔法","provisional","cand-entity-d9bb4c8aedfd-m2"
"技能『魔力冰结化』","是类型","技能魔法","provisional","cand-entity-d9bb4c8aedfd"
"【队伍】","是类型","概念","provisional","cand-entity-da6f57e4e16e"
"王的谒见室","是类型","地点(魔王城)","provisional","cand-entity-dadee3a63f7e"
"白樱","是类型","道具(联络媒介·树木)","provisional","cand-entity-db68a81ec35c"
"复合鲜血魔法『假想诺文・阿雷亚斯』","是类型","魔法(鲜血·复合)","provisional","cand-entity-db96c40111c1"
"次元之晖昀","是类型","魔法(光系)","provisional","cand-entity-dbfa0a1f7ef3"
"『开辟之华炎』","是类型","技能魔法","provisional","cand-entity-dcbeb7d93727"
"光之御旗（NosfiFLAG）","是类型","setting","provisional","cand-entity-dd68b4d7767b-m2"
"光之御旗（NosfiFLAG）","是类型","setting","provisional","cand-entity-dd68b4d7767b"
"『感应』","是类型","技能","provisional","cand-entity-dde5527beb36"
"本土","是类型","地点(大陆)","provisional","cand-entity-de42f2106205"
"『管理领域之外』","是类型","概念","provisional","cand-entity-e008475b3fd5"
"联合国的一夫多妻制","是类型","setting","provisional","cand-entity-e0f0631e081e"
"LightKnife","是类型","技能(光魔法)","provisional","cand-entity-e1161d3b7398-m2"
"LightKnife","是类型","技能(光魔法)","provisional","cand-entity-e1161d3b7398"
"冰结剑·冰刃","是类型","技能(冰结魔法)","provisional","cand-entity-e119d3ff930d"
"始祖和魔王的魔剑BraveFluorite","是类型","道具(魔剑)","provisional","cand-entity-e177a078f858"
"不会消失的火焰","是类型","物品","provisional","cand-entity-e1c6eaaab30a"
"御殿","是类型","地点(佩艾希亚·魔王城王座大厅)","provisional","cand-entity-e27ba3036a33"
"魔法『致亲爱的一闪』","是类型","技能魔法","provisional","cand-entity-e369456a2b8e-m2"
"魔法『致亲爱的一闪』","是类型","技能魔法","provisional","cand-entity-e369456a2b8e"
"维度","是类型","技能","provisional","cand-entity-e4dcd95ef278"
"『境界战争』","是类型","战争","provisional","cand-entity-e62e64adbc1d"
"『Firefly·阳炎』","是类型","技能魔法","provisional","cand-entity-e7ec5e41986d"
"『次元雪』","是类型","技能魔法","provisional","cand-entity-e9984dc9dda9"
"称号『彷徨于地上之人』","是类型","概念(称号)","provisional","cand-entity-ea6b8265802c"
"Sehr・Wind","是类型","魔法(风系)","provisional","cand-entity-eab6688862c7"
"冻结魔法『利特尔降雪』","是类型","技能魔法","provisional","cand-entity-eba7b34db35c"
"锯齿甲虫","是类型","人物(迷宫生物)","provisional","cand-entity-ec0e84af925a"
"『阿雷亚斯流剑术』","是类型","技能魔法(流派)","provisional","cand-entity-ecae583ac8e2"
"历基亚国","是类型","国家","provisional","cand-entity-ed6328fedf0b"
"黑云","是类型","设定(现象·世界之毒)","provisional","cand-entity-ed943a372ab4"
"魔石船『LivingLegend』号","是类型","载具(魔石船)","provisional","cand-entity-ede79a256100"
"代价咏唱体系","是类型","概念","provisional","cand-entity-ede8560e06d7-m2"
"代价咏唱体系","是类型","概念","provisional","cand-entity-ede8560e06d7"
"直感","是类型","技能魔法","provisional","cand-entity-ef9bdbc7ce0b"
"达利尔","是类型","地点(第二迷宫都市·本土中央)","provisional","cand-entity-f06f3b177373"
"『世界冰蛇』","是类型","技能魔法","provisional","cand-entity-f16772adbd4a"
"连接","是类型","技能","provisional","cand-entity-f29a3d591934"
"十五层","是类型","地点(迷宫层)","provisional","cand-entity-f334a1fad0e1"
"十层","是类型","地点(迷宫层)","provisional","cand-entity-f405a40b175c"
"并列思考","是类型","技能","provisional","cand-entity-f50471b77fd1"
"WindFlamberge","是类型","技能(风魔法)","provisional","cand-entity-f5075af95cf3"
"弗茨亚茨大圣堂","是类型","地点","provisional","cand-entity-f51d9d5a697f"
"斯诺不擅长对付守护者","是类型","setting","provisional","cand-entity-f5496872e51a"
"魔力变换（LevelUP）","是类型","魔法(神圣系)","provisional","cand-entity-f54ab0984455-m2"
"魔力变换（LevelUP）","是类型","魔法(神圣系)","provisional","cand-entity-f54ab0984455"
"Light•幻影（Phantom）","是类型","技能(光魔法)","provisional","cand-entity-f669594631ea"
"『缇娅拉大人的血』","是类型","圣遗物(血液)","provisional","cand-entity-f6e10a5d4f15"
"Connection","是类型","技能(次元魔法)","provisional","cand-entity-f7fd9e43b7ec"
"《寒冰》","是类型","技能魔法","provisional","cand-entity-f80fc9007460-m"
"《寒冰》","是类型","技能魔法","provisional","cand-entity-f80fc9007460"
"『LimitBreak・SehrWind・G・EndBurst』","是类型","技能魔法(风属性大魔法)","provisional","cand-entity-f89007651f93"
"LivingLegend号","是类型","道具(船只)","provisional","cand-entity-f94c948bccb2-m2"
"LivingLegend号","是类型","道具(船只)","provisional","cand-entity-f94c948bccb2-m3"
"LivingLegend号","是类型","道具(船只)","provisional","cand-entity-f94c948bccb2"
"血术","是类型","技能魔法","provisional","cand-entity-fa732bcc7329-m2"
"血术","是类型","技能魔法","provisional","cand-entity-fa732bcc7329"
"『Dimension·黑泡沫（Nightmare）』","是类型","技能魔法","provisional","cand-entity-faa6c6caade7"
"『炎之矢』","是类型","魔法(炎系·拉丝缇娅拉)","provisional","cand-entity-fae17d9fdc4b"
"勖兮奋哉、吼哮不绝之焰","是类型","setting","provisional","cand-entity-fae437818e5f"
"LightStuff","是类型","技能(光魔法)","provisional","cand-entity-fbf7f5493c7d-m2"
"LightStuff","是类型","技能(光魔法)","provisional","cand-entity-fbf7f5493c7d"
"十四层","是类型","地点(迷宫层)","provisional","cand-entity-fc6a62930a7b"
"公会","是类型","组织","provisional","cand-entity-fc7735a41f1b"
"『神圣箭』","是类型","技能魔法","provisional","cand-entity-fcb352c7c229"
"『过密次元的真冬』","是类型","技能魔法","provisional","cand-entity-fd4a0073f5d6-m-m"
"『过密次元的真冬』","是类型","技能魔法","provisional","cand-entity-fd4a0073f5d6-m"
"『过密次元的真冬』","是类型","技能魔法","provisional","cand-entity-fd4a0073f5d6-m4"
"『过密次元的真冬』","是类型","技能魔法","provisional","cand-entity-fd4a0073f5d6"
"异邦人","是类型","技能魔法","provisional","cand-entity-fe3e75ff6436"
"『最深部之誓约者』","是类型","技能","provisional","cand-entity-fe7a34773dd1"
"『ImpulseBreak』","是类型","技能魔法","provisional","cand-entity-ff47d03d554b-m"
"『ImpulseBreak』","是类型","技能魔法","provisional","cand-entity-ff47d03d554b"
"艾尔多拉琉","是类型","地点(国/势力)","provisional","cand-entity-ffcc6be1c6ac"
"『炎之矢・散花（FallFlower）』","是类型","setting","provisional","cand-setting-00488c68519a"
"迷宫创立真相（救阳滝计划）","是类型","setting","provisional","cand-setting-00ffe8bf841e"
"迷宫探索进度·第五次（ch191）","是类型","setting","provisional","cand-setting-011d92eb8594"
"升级与祈祷制度","是类型","setting","provisional","cand-setting-0174fc431979"
"贵族义务论与涡波的平民幸福论(第四轮对撞)","是类型","setting","provisional","cand-setting-017d0ccb8bd7"
"阿雷亚斯家的宝剑","是类型","setting","provisional","cand-setting-01cbe4bad7c4"
"守护者魔石亲和性力量机制（ch120实证+推测）","是类型","setting","provisional","cand-setting-020176e0a8bb"
"斯诺龙化战斗形态全貌","是类型","setting","provisional","cand-setting-02b450abcea3"
"『庭师』与『老师』——姐弟本有人生","是类型","setting","provisional","cand-setting-030f4dc31712"
"『境界战争』南方总况（ch222）","是类型","setting","provisional","cand-setting-03d94c8e81bf"
"诺文梦的报偿结构(赞扬即真愿)","是类型","setting","provisional","cand-setting-0429f8604b53"
"莱文教与异世界的传承知识（ch116）","是类型","setting","provisional","cand-setting-042d7658c7a1"
"迷宫30-34层地理（ch70更新）","是类型","setting","provisional","cand-setting-044f95567465"
"迷宫40层『大草原』","是类型","setting","provisional","cand-setting-048348760097"
"『想起收束（Drop）』","是类型","setting","provisional","cand-setting-0487c56642e7"
"33层地形与怪物构成（ch119）","是类型","setting","provisional","cand-setting-04ba8ecb4c10"
"帕林库洛体内使徒与『勒伽西』称呼（据海莉）","是类型","setting","provisional","cand-setting-04ca82ad6ad4"
"技能《感应》机制（ch115实证）","是类型","setting","provisional","cand-setting-05426f611096"
"舞斗大会的爱之奖励传统","是类型","setting","provisional","cand-setting-05781ca32737"
"魔石人类（JewelCross）病理与『再诞』仪式（ch71·据称）","是类型","setting","provisional","cand-setting-05c476531707"
"维度","是类型","setting","provisional","cand-setting-0655ef35a3a9"
"诺文剑术的特性（ch120论析）","是类型","setting","provisional","cand-setting-06568450ee4e"
"王之肖像画","是类型","setting","provisional","cand-setting-06b8f7330104"
"涡波的通缉状态与劳拉维亚人脉","是类型","setting","provisional","cand-setting-06d96bd3d2b0"
"缇娅拉大人的血（回收进度ch221更新）","是类型","setting","provisional","cand-setting-06e847ddf3e8"
"理的盗窃者","是类型","setting","provisional","cand-setting-070a0fa18a20"
"新月琉璃制直剑","是类型","setting","provisional","cand-setting-0715850bb7ee"
"魔弹『风之矢・散花』","是类型","setting","provisional","cand-setting-0777105f8190"
"柯尔库（ch224）","是类型","setting","provisional","cand-setting-07aca2a92fa7"
"西斯的神圣魔法铁壁（光翼·光盾·光腕）","是类型","setting","provisional","cand-setting-07da6719db37"
"瓦尔德本土航路（ch130）","是类型","setting","provisional","cand-setting-07e929021beb"
"魔法效果随想象改变","是类型","setting","provisional","cand-setting-081531b4a0c9"
"守护者留恋与消逝规则（本章呈现）","是类型","setting","provisional","cand-setting-0835518d6437"
"魔法『■道落土（Lord・Of・Lord）』","是类型","setting","provisional","cand-setting-086688993ab3"
"『本土』","是类型","setting","provisional","cand-setting-0915fddca8b3"
"迷宫六十六层(天空阶层)与风龙封锁","是类型","setting","provisional","cand-setting-094005da791f"
"迷宫60~66层环境与怪物配置(ch91)","是类型","setting","provisional","cand-setting-09aecc3aba5a"
"『世界奉还阵』完全解放与召唤库（ch160更新）","是类型","setting","provisional","cand-setting-09c1a56bc1b1"
"忘却扩散（Reverse）","是类型","setting","provisional","cand-setting-0b8055e921ec"
"复活阳滝计划（千年计划概要）","是类型","setting","provisional","cand-setting-0b91156d2a63"
"赫勒比勒夏因家（兄弟结构）","是类型","setting","provisional","cand-setting-0bd88481834e"
"『LivingLegend号』（ch224）","是类型","setting","provisional","cand-setting-0c38c84bc980"
"HP代价魔法体系","是类型","setting","provisional","cand-setting-0c5ec2aa223f"
"缇亚-使徒同体对话持续（涡波推测）","是类型","setting","provisional","cand-setting-0c8ddccd1b14"
"『绝冲风击・改』","是类型","setting","provisional","cand-setting-0cb5d2479dca"
"风魔法『风』（罗德）","是类型","setting","provisional","cand-setting-0cdccd409e5c"
"涡波与莱纳的地上位阶（20级以上·怪物领域）","是类型","setting","provisional","cand-setting-0d73bfea3a5e"
"即死魔法的同构与空隙（亡灵一闪／■道落土／前日谭）","是类型","setting","provisional","cand-setting-0d86cb69c17a"
"魔力=毒与怪物化机制（据涡波自述）","是类型","setting","provisional","cand-setting-0eaab22092ce"
"魔王城旅店规则与罗德公职","是类型","setting","provisional","cand-setting-0f0948a08e3c"
"『魔王』","是类型","setting","provisional","cand-setting-0f894fc5d3db"
"魔力风刃化","是类型","setting","provisional","cand-setting-0fcbc3aac8fc"
"涡波与拉丝缇娅拉的契约与角色分工（ch114重申）","是类型","setting","provisional","cand-setting-101ada8fce4c"
"守护者的使命与迷宫根源（诺文证言）","是类型","setting","provisional","cand-setting-104b32e6b986"
"共鸣剑术与即兴共鸣魔法机制","是类型","setting","provisional","cand-setting-107f969d310a"
"技能『最深部之誓约者』（前『？？？』）的本质与打造缘起","是类型","setting","provisional","cand-setting-107fbe0f0238"
"次元决战演算『先谭』效果定性（ch209）","是类型","setting","provisional","cand-setting-10d8f4c90c32"
"手环的代用品本质","是类型","setting","provisional","cand-setting-10e641d0b6e9"
"『英雄』涡波传闻（联合国东北扩散·ch135）","是类型","setting","provisional","cand-setting-1141bf47a127"
"勒伽西家的别墅","是类型","setting","provisional","cand-setting-11b49b75c0a8"
"阿尔缇与联合国的合作契约","是类型","setting","provisional","cand-setting-120985d6a9e4"
"新月琉璃制直剑","是类型","setting","provisional","cand-setting-12404949a883"
"莱文教（ch72侧写）","是类型","setting","provisional","cand-setting-12900a2aa462"
"北方","是类型","setting","provisional","cand-setting-12ddaa5d8271"
"涡波的记忆流入与自我掩埋机制（自述）","是类型","setting","provisional","cand-setting-131f04660412"
"『维度』（Dimension）","是类型","setting","provisional","cand-setting-132839252498"
"涡波·帕林库洛状态栏快照（ch153·决战前）","是类型","setting","provisional","cand-setting-14382e456c3d"
"『境界战争』","是类型","setting","provisional","cand-setting-14bba18af158"
"『○之理的盗窃者』召唤体系","是类型","setting","provisional","cand-setting-14f91d534225"
"阿尔乌那（此世之马）","是类型","setting","provisional","cand-setting-14fff85d23de"
"『Ex・Wind』","是类型","setting","provisional","cand-setting-152103983963"
"柯尔库","是类型","setting","provisional","cand-setting-15d6e259e36e"
"『表示』（状态显示系统）","是类型","setting","provisional","cand-setting-164491edf188"
"『风之理的盗窃者』","是类型","setting","provisional","cand-setting-16504124f724"
"勒伽西家的别墅","是类型","setting","provisional","cand-setting-169f3eb6a86b"
"『魔石人类』谎言的揭穿","是类型","setting","provisional","cand-setting-16f7febbc70c"
"千年前『魔力=毒』与黑紫魔力侵蚀","是类型","setting","provisional","cand-setting-177a7ec8d8c3"
"千年前战争传说与疑点（ch72说明回）","是类型","setting","provisional","cand-setting-177d5890d560"
"归还原世界的方法论（ch70）","是类型","setting","provisional","cand-setting-1857243fc8db"
"世界奉还阵暴走（ch83）","是类型","setting","provisional","cand-setting-18f89e99ec89"
"联合国社会扭曲的冰山一角（废弃魔石人类·奴隶增加·ch219）","是类型","setting","provisional","cand-setting-199190e9cbd6"
"Ex・Wind","是类型","setting","provisional","cand-setting-19b0ff335be5"
"植入人格的淡漠化迹象","是类型","setting","provisional","cand-setting-19bdf2f83617"
"诺斯菲『渴望犯错』宣言与崩壊（留恋真形全容）","是类型","setting","provisional","cand-setting-19efd176ef00"
"玛利亚的火炎魔法原理(以过去为燃料)","是类型","setting","provisional","cand-setting-1a83385d4f70"
"技能暴走体系","是类型","setting","provisional","cand-setting-1a9a4db52698"
"LevelUP/Status体系=千年前男子所创『咒术』『变换』","是类型","setting","provisional","cand-setting-1b8334002b4a"
"艾尔多拉琉与一级探索者考试","是类型","setting","provisional","cand-setting-1ce2fc29c986"
"魔力=『毒』假说（非本世界固有说）","是类型","setting","provisional","cand-setting-1cf9f3b13071"
"光之理区域攻略方针（五十九~五十五层）","是类型","setting","provisional","cand-setting-1d5494661b2f"
"奴隶制度与拍卖场","是类型","setting","provisional","cand-setting-1d5b7c12e325"
"五国联合国（ch216）","是类型","setting","provisional","cand-setting-1da73fb28dc4"
"记忆改篡的植入人格","是类型","setting","provisional","cand-setting-1dc5a192a8b5"
"缇缇的盗窃者称呼与支配之王指认（ch220）","是类型","setting","provisional","cand-setting-1dc822b4ad5e"
"『这里』的入城法则（ch191实证）","是类型","setting","provisional","cand-setting-1dd7595436f7"
"劳拉维亚","是类型","setting","provisional","cand-setting-1e2eb0e539ab"
"海盗七船船队与近海治安（ch135）","是类型","setting","provisional","cand-setting-1ec6fe202a87"
"公会制度","是类型","setting","provisional","cand-setting-1ef186347e46"
"联合国次元魔术的落后（ch219）","是类型","setting","provisional","cand-setting-1f1fdfc4a955"
"『拟神之眼』（ch126）","是类型","setting","provisional","cand-setting-1fe8c698581c"
"贝丝=伊丽莎白·死者形态与记忆缺陷","是类型","setting","provisional","cand-setting-201f6ae2fb8a"
"技能？？？完全解（退还机制）","是类型","setting","provisional","cand-setting-2024b9f7ced3"
"维度・决战演算","是类型","setting","provisional","cand-setting-209a464cf4e6"
"三使徒体系与莱文教传承（ch77更新）","是类型","setting","provisional","cand-setting-20ce5cdb98d6"
"『咏唱』","是类型","setting","provisional","cand-setting-21006a1bae61"
"涡波的力量变质（超越守护者的怪物化）","是类型","setting","provisional","cand-setting-210fb5343c51"
"迷宫深层规则三则（ch179实证）","是类型","setting","provisional","cand-setting-211c7480a6fd"
"北方乐园传闻","是类型","传闻·概念","provisional","cand-setting-2149ba31022d"
"境界战争","是类型","setting","provisional","cand-setting-2169bf25c18a"
"『新月琉璃』","是类型","setting","provisional","cand-setting-2170a2e68854"
"迷宫的想起收束（Drop）机制","是类型","setting","provisional","cand-setting-21816fca64ab"
"帕林库洛的驻地大堡垒（ch144实测）","是类型","setting","provisional","cand-setting-2281099f3b02"
"三仇人素质论（莱纳转述，据海莉）","是类型","setting","provisional","cand-setting-22e165813f93"
"拉丝缇娅拉的现人神称号与联合国上层地位（据缇缇）","是类型","setting","provisional","cand-setting-2321c8b3a469"
"缇亚的白羽与『莱文教』再临使徒视作（ch131重申）","是类型","setting","provisional","cand-setting-2381ecbfa0e8"
"『狂王』","是类型","setting","provisional","cand-setting-23d4edd096d6"
"阿雷亚斯流剑术","是类型","setting","provisional","cand-setting-23dff28b8ca4"
"五十层的世界","是类型","地点(迷宫·六十六层里侧)","provisional","cand-setting-23f444a88bab"
"魔剑『堕落使徒』","是类型","setting","provisional","cand-setting-24a7e5c3edc1"
"振动通信魔法","是类型","setting","provisional","cand-setting-258fa971de36"
"诅咒的无意识防卫机制全貌","是类型","setting","provisional","cand-setting-25e320f770b5"
"雷霆之魔弹（磁力加速魔弹）","是类型","setting","provisional","cand-setting-261896e70faa"
"素体计划全貌","是类型","setting","provisional","cand-setting-263a77f93f1f"
"涡波×缇缇共同锻造法（ch217）","是类型","setting","provisional","cand-setting-26400011a28c"
"亡灵一闪","是类型","setting","provisional","cand-setting-2671c435364c"
"『世界奉还阵』","是类型","setting","provisional","cand-setting-26c9e8450f60"
"迷宫38层（植物回廊）","是类型","setting","provisional","cand-setting-26ec765becba"
"迷宫61~66层构造与通用规则（ch90探明）","是类型","setting","provisional","cand-setting-272aa581a2da"
"千年前『魔力』称『毒』与守护者同类黑紫魔力","是类型","setting","provisional","cand-setting-278ef2f9f1cd"
"记忆抵抗的躯体证据（火焰飓风疑点与Freeze共鸣）","是类型","setting","provisional","cand-setting-27b8fce25134"
"魔法『次元决战演算『前日谭』』（维度・GradientRecall）","是类型","setting","provisional","cand-setting-27bc66be88e4"
"次元之冬","是类型","setting","provisional","cand-setting-2808fcc00ae8"
"迷宫攻略计划革命(57层Connection+怪物护卫)","是类型","setting","provisional","cand-setting-28b1e9153d48"
"新生超大型怪物群与无统率战场（ch160）","是类型","setting","provisional","cand-setting-28d28f183a73"
"『这里』现状与全责归因（据诺斯菲声称+涡波自认）","是类型","setting","provisional","cand-setting-28dce36b3db8"
"『注视』与『拟神之眼』性能差","是类型","setting","provisional","cand-setting-291730ec9502"
"拉丝缇娅拉的魔法底力（血中记录·ch119）","是类型","setting","provisional","cand-setting-29c1fe50e6ed"
"MP枯竭后的生命代价规则","是类型","setting","provisional","cand-setting-29e7947a4e7b"
"弗茨亚茨的英雄谭计划","是类型","setting","provisional","cand-setting-2a4426046031"
"魔王城","是类型","setting","provisional","cand-setting-2b0ef3aed4a5"
"树人（Dryade）","是类型","种族(魔物)","provisional","cand-setting-2b24f84a7335"
"第六十六层的背面（迷宫外侧结构）","是类型","setting","provisional","cand-setting-2b2d84f9a3bf"
"技能《？？？》对涡波感情的作用机制（ch114）","是类型","setting","provisional","cand-setting-2ba5bd094a33"
"佩艾希亚天气异变(暴风雨)","是类型","setting","provisional","cand-setting-2c5ae062c41e"
"会长的翻译魔法·方言调整（ch224）","是类型","setting","provisional","cand-setting-2cf97f66eb78"
"『魔石人类』共通特征（级别初始化·全员『素体』·素质=寿命交换）（据海莉）","是类型","setting","provisional","cand-setting-2d715b356323"
"会（主）长（人）称呼","是类型","setting","provisional","cand-setting-2e41568bce71"
"容器论三重并列（圣人缇娅拉／使徒西斯／始祖）（据海莉）","是类型","setting","provisional","cand-setting-2e751a840a48"
"迷宫深层生态（21-23层）","是类型","setting","provisional","cand-setting-2ec721531fc0"
"『支配之王』","是类型","setting","provisional","cand-setting-2ee8851eb3d6"
"迷宫难度递减规律与六十层带怪物性质","是类型","setting","provisional","cand-setting-2eea1d8b1c01"
"世界奉还阵（中心完全发动态）","是类型","setting","provisional","cand-setting-2ef69ed85eba"
"诺斯菲的留恋真形（ch197定形）","是类型","setting","provisional","cand-setting-2f334a5375d8"
"次元之冬的极限（魔法道具与浸透魔法）","是类型","setting","provisional","cand-setting-2f5b8c23fc6b"
"千年前的喃喃：魔法阵·迷宫·再诞（据艾德）","是类型","setting","provisional","cand-setting-2f993fbc10bd"
"拉丝缇娅拉的'两人份回应'（ch220·据塞拉）","是类型","setting","provisional","cand-setting-2fe7984bb83c"
"风之『咏唱』与孤版『加速』","是类型","setting","provisional","cand-setting-3106ffb5db96"
"『魔石人类』谎言的揭穿","是类型","setting","provisional","cand-setting-310d0885102a"
"塞斯提亚国","是类型","setting","provisional","cand-setting-31467b815dc5"
"阿雷亚斯家的宝剑诺文·能力明细（ch120实录）","是类型","setting","provisional","cand-setting-314aca1456f6"
"英格利特商会","是类型","setting","provisional","cand-setting-31a31fa4a120"
"帕林库洛的『咒术』精神攻击","是类型","setting","provisional","cand-setting-31d135fff817"
"英雄的社交经济学","是类型","setting","provisional","cand-setting-31e92248391a"
"迪亚布罗·西斯状态栏（ch39实测）","是类型","setting","provisional","cand-setting-320a4ab16db7"
"古尔亚德国的地理定位","是类型","setting","provisional","cand-setting-3252d2d2da40"
"涡波千年前记忆范围（自白）","是类型","setting","provisional","cand-setting-3261d8e3b44e"
"《守护者》与留恋消散机制","是类型","setting","provisional","cand-setting-328fc3205483"
"白樱（达利尔·艾德传声之树）","是类型","地点·媒介物","provisional","cand-setting-33022400e284"
"三技能才能归属（阳滝才能判明）","是类型","setting","provisional","cand-setting-337925d092d3"
"魔王城=佩艾希亚城双正式名与无人现状（ch172）","是类型","setting","provisional","cand-setting-34e90737be2a"
"『魔石线』（ch153·决战地位于线上）","是类型","setting","provisional","cand-setting-359bc235ff92"
"被赋予的使命论（莉帕洞察）","是类型","setting","provisional","cand-setting-35d90c3036ad"
"莱纳的特制木手铐","是类型","setting","provisional","cand-setting-35ea589d6f25"
"守护者应对经验则（据涡波归纳）","是类型","setting","provisional","cand-setting-3603d71cf944"
"迷宫56~50层环境与怪物配置(ch92)","是类型","setting","provisional","cand-setting-369b3c6dd36d"
"缇缇的成长异常","是类型","现象","provisional","cand-setting-36ecd48db732"
"亡灵一闪的魔法原理(无魔力咏唱)","是类型","setting","provisional","cand-setting-37080520a4f1"
"研究院（魔石人类研究）","是类型","setting","provisional","cand-setting-37485cd0b714"
"『世界奉还阵』机制（ch161更新）","是类型","setting","provisional","cand-setting-37d5b7941f54"
"技能『？？？』暴走·混乱·『反馈』机制（ch161全解）","是类型","setting","provisional","cand-setting-380223b3ef84"
"守护者制度","是类型","setting","provisional","cand-setting-388a4518ff90"
"深层探索的MP枯竭风险（ch127）","是类型","setting","provisional","cand-setting-38d89c22cff2"
"次元魔术境界论（领域交错·级别超越）","是类型","setting","provisional","cand-setting-390e08322f24"
"世界奉还阵（千年前魔法阵·再现）","是类型","setting","provisional","cand-setting-39bb9e79c3a8"
"玛利亚的持续头痛（同型症状）","是类型","setting","provisional","cand-setting-39f0d5a43245"
"柯尔库（港口城市）与魔石线","是类型","setting","provisional","cand-setting-3a23cdd9e671"
"决赛观众席全景(声援结构)","是类型","setting","provisional","cand-setting-3a2d5e748490"
"MP枯竭后的生命代价规则","是类型","setting","provisional","cand-setting-3a9b01c052fb"
"魔术式体系","是类型","setting","provisional","cand-setting-3ad9300c6bb9"
"魔人变还与魔人化（ch221首录）","是类型","setting","provisional","cand-setting-3aea84e51732"
"守护者的消失条件与『家人』假设（ch191更新）","是类型","setting","provisional","cand-setting-3b09787a3ecb"
"光之御旗（NosfiFLAG）","是类型","setting","provisional","cand-setting-3b0ac9e46463"
"守护者的威压与常人耐受","是类型","setting","provisional","cand-setting-3b29fa6a3d90"
"佩艾希亚","是类型","setting","provisional","cand-setting-3b4572d62687"
"『魔人返还』计划（艾德）","是类型","setting","provisional","cand-setting-3b7d6de25ba8"
"次元魔术特化与四维感知（『先谭』机制）","是类型","setting","provisional","cand-setting-3ba291205de5"
"MP超支的HP补偿机制","是类型","setting","provisional","cand-setting-3bb14025c3f4"
"『光之理的盗窃者』=60层守护者（ch90推测）","是类型","setting","provisional","cand-setting-3bc403fd6ed4"
"咏唱与咒术体系(罗德讲授)","是类型","setting","provisional","cand-setting-3c534a3c6949"
"『连接』运用现状（ch216）","是类型","setting","provisional","cand-setting-3c55b8075306"
"帕林库洛的战时动向","是类型","setting","provisional","cand-setting-3cf2f4e2f642"
"魔石人类的特征与『容器』说（海莉论）","是类型","setting","provisional","cand-setting-3d078cac3e2b"
"风之理","是类型","setting","provisional","cand-setting-3d8b991a84b6"
"『炎之矢』（玛利亚·全力版）","是类型","setting","provisional","cand-setting-3da792361ce3"
"千年前南北战争证言补充（诺斯菲/罗德口述）","是类型","setting","provisional","cand-setting-3eae43a3e97b"
"海莉≠海因判定（记忆继承者非本人）","是类型","setting","provisional","cand-setting-3fcf98fc8331"
"佩艾希亚时间轴扭曲·千年前战时状态（ch195）","是类型","setting","provisional","cand-setting-40474d8cbd9b"
"『英雄』涡波传闻（联合国东北扩散·ch72）","是类型","setting","provisional","cand-setting-4133d68ebc7c"
"迷宫35层","是类型","setting","provisional","cand-setting-4141ce50c13d"
"LevelUP/Status体系=千年前男子所创『咒术』『变换』","是类型","setting","provisional","cand-setting-4144ffbc9645"
"ExWind","是类型","技能(风魔法)","provisional","cand-setting-417279be95ad"
"枪械未流通于这个世界","是类型","setting","provisional","cand-setting-41bc1d98f02c"
"佩艾希亚","是类型","setting","provisional","cand-setting-41f35759188b"
"拟似共鸣魔法（冰火魔树）与无名爆裂魔法","是类型","setting","provisional","cand-setting-41f7a6924101"
"迷宫外观","是类型","setting","provisional","cand-setting-425069d0e178"
"世界奉还阵的真正目的（兄妹分离封印）","是类型","setting","provisional","cand-setting-42bb373a120a"
"『北』的王国","是类型","setting","provisional","cand-setting-42d17f5b78bf"
"狂王","是类型","setting","provisional","cand-setting-42d3984e5cb8"
"死神的千年前初例记载","是类型","setting","provisional","cand-setting-42fa21bcd049"
"五十层与五十一层夹缝的『拒绝折返』构造","是类型","setting","provisional","cand-setting-431079a707e8"
"南方","是类型","setting","provisional","cand-setting-43b12c602498"
"罗德的铳剑","是类型","setting","provisional","cand-setting-44aac2f21bf6"
"守护者艾德的战斗形态（ch83）","是类型","setting","provisional","cand-setting-4553efe4665b"
"火焰感知通信","是类型","技能魔法","provisional","cand-setting-457aeed934d0"
"DistanceMute","是类型","setting","provisional","cand-setting-45ac73158215"
"涡波的怪物化进行（ch80）","是类型","setting","provisional","cand-setting-460cb226081a"
"佩艾希亚","是类型","setting","provisional","cand-setting-462e336274b2"
"属性与容量体系","是类型","setting","provisional","cand-setting-46691a8e2612"
"弗茨亚茨大圣堂","是类型","setting","provisional","cand-setting-46b7fe14d914"
"魔弹『重崩色之非风剑（NachtCult・Gram）』","是类型","setting","provisional","cand-setting-46c26c9e11a8"
"迷宫34-35层水域地形（ch126）","是类型","setting","provisional","cand-setting-46e6eda3d655"
"记忆修复机制(魔之毒增量·ch92)","是类型","setting","provisional","cand-setting-472d107a615c"
"『血』与『魂』人格观（ch131重申）","是类型","setting","provisional","cand-setting-473ab63f70f5"
"涡波=『魔石人类』可能性（据海莉·涡波存疑）","是类型","setting","provisional","cand-setting-4895bd55de33"
"Sehr・Wind","是类型","setting","provisional","cand-setting-49a9152fdaf4"
"千年前四旅人的使命与身份隐蔽","是类型","setting","provisional","cand-setting-4a9d3accb8bf"
"『支配之王』（称号）","是类型","setting","provisional","cand-setting-4aac278b18e8"
"铳剑","是类型","setting","provisional","cand-setting-4b22363f0e7f"
"人类20级＝极限领域（级别体系知识）","是类型","setting","provisional","cand-setting-4b33dd76502b"
"佩艾希亚的寿命(崩坏倒计时)","是类型","setting","provisional","cand-setting-4bcf2d571cb8"
"Default","是类型","setting","provisional","cand-setting-4ce8ca92bf1b"
"格连状态栏（ch43实测）","是类型","setting","provisional","cand-setting-4cea4d702667"
"迷宫35层浸水层与游泳必要性","是类型","setting","provisional","cand-setting-4d55d690d1bf"
"乘船离开联合国·同船成员(ch113)","是类型","setting","provisional","cand-setting-4d5d7e791c46"
"已死之人留下的『楔子』","是类型","setting","provisional","cand-setting-4d6596b93f77"
"魔法『DistanceMute』","是类型","setting","provisional","cand-setting-4d742de8259b"
"状态栏更新(ch91)","是类型","setting","provisional","cand-setting-4dce7d623f30"
"阿雷亚斯的断魔之剑最终形态（ch209）","是类型","setting","provisional","cand-setting-4df84009b780"
"西娅·勒伽西队伍的编成","是类型","setting","provisional","cand-setting-4e1ba5ab1024"
"『表示』（状态显示系统）","是类型","setting","provisional","cand-setting-4f1b50091fd5"
"饮酒年龄规则（原来的世界与这边世界的差异）","是类型","setting","provisional","cand-setting-4f428cf58940"
"木制的义手","是类型","setting","provisional","cand-setting-4f48ce2e6959"
"西斯的白色纯粹魔力","是类型","setting","provisional","cand-setting-4f9c933be542"
"始祖涡波躯壳的存在构造","是类型","setting","provisional","cand-setting-4fc49b6614a7"
"白樱树","是类型","地点·纪念物","provisional","cand-setting-4fed45df514a"
"魔石线","是类型","setting","provisional","cand-setting-4ffafef82149"
"雷鲁的真相说明（治疗论与幸福计划）","是类型","setting","provisional","cand-setting-502f002eb10a"
"赛鲁多拉（ch227·据缇缇口述全貌）","是类型","setting","provisional","cand-setting-50318ac53e00"
"佩艾希亚","是类型","地点·王国","provisional","cand-setting-5095da59e5f8"
"迷宫外魔石化法则（ch223）","是类型","setting","provisional","cand-setting-50ea4255ef6f"
"赌场规则与魔石探测","是类型","setting","provisional","cand-setting-51a8ffde0517"
"『这里』的再现法则","是类型","setting","provisional","cand-setting-5207a3df4f3c"
"魔力变换（LevelUp）真相","是类型","setting","provisional","cand-setting-523d10adfc39"
"本土舰队军备与魔石远程武器（ch223）","是类型","setting","provisional","cand-setting-52402ab827a5"
"柯尔库","是类型","setting","provisional","cand-setting-526e43d6b173"
"魔法『DistanceMute・繋心（Access）』","是类型","setting","provisional","cand-setting-5310f0b2d4ec"
"赫勒比勒夏因的双剑术","是类型","setting","provisional","cand-setting-53589c49db6e"
"组队系统细则","是类型","setting","provisional","cand-setting-53ea4893f9e4"
"『大灾害』南方记录（ch222·别名『大灾厄』）","是类型","setting","provisional","cand-setting-53ee01e2d1f4"
"世界奉还阵的怪物召唤（兽之军势）","是类型","setting","provisional","cand-setting-53f0edad5292"
"史诗探索者","是类型","setting","provisional","cand-setting-53f165df8c13"
"技能『？？？（IllWill）』对策规约","是类型","setting","provisional","cand-setting-5483a3b20334"
"共鸣魔法（WEB版ch118知识锚定）","是类型","setting","provisional","cand-setting-54a5120d14b2"
"千年前神铁锻冶技术与表示冠名规则（ch172）","是类型","setting","provisional","cand-setting-54b4bb64e1a4"
"级别上限与身体异变（塞拉26/莱纳无异常）","是类型","setting","provisional","cand-setting-54fb24be8048"
"玛利亚的赤瞳（火球义眼·炯眼类力量）","是类型","setting","provisional","cand-setting-550102f5aa89"
"迷宫上层构造与六十六层攻略坐标","是类型","setting","provisional","cand-setting-550273d92f06"
"魔石人类与研究院","是类型","setting","provisional","cand-setting-551b35b1b671"
"创造魔法者=一部分人","是类型","setting","provisional","cand-setting-55261c339c0f"
"魔法起源：魔力变换与变换结果的开发（千年前）","是类型","setting","provisional","cand-setting-5600e794c4de"
"光魔法与神圣魔法的区别（据莱纳）","是类型","setting","provisional","cand-setting-56033313437b"
"手环的深层心理写入（梦中揭示）","是类型","setting","provisional","cand-setting-5606f5e39927"
"玛利亚《眼睛》丧失与'选择相信'","是类型","setting","provisional","cand-setting-563ff7dd1965"
"生者价值第三者赋予论（海莉主张）","是类型","setting","provisional","cand-setting-5673de168469"
"『半死体（HalfMonster）』","是类型","setting","provisional","cand-setting-569a9de47cf9"
"世界奉还阵（千年前魔法阵·再现）","是类型","setting","provisional","cand-setting-56b10fa416a2"
"五十层","是类型","setting","provisional","cand-setting-56ce7a9f9ea7"
"悲恋的哲学","是类型","setting","provisional","cand-setting-57e57bab668f"
"魔法医疗水平","是类型","setting","provisional","cand-setting-58054db33d90"
"『素体』（隐藏于涡波技能板·据海莉）","是类型","setting","provisional","cand-setting-582444d71cc8"
"迷宫第66层『里侧（另一侧）』（ch84）","是类型","setting","provisional","cand-setting-583ca354eb91"
"Sylph・堕落使徒","是类型","setting","provisional","cand-setting-58466b4b8382"
"职业制度","是类型","setting","provisional","cand-setting-58862999e4ef"
"涡波能力状态剧变(战后·失去水魔石)","是类型","setting","provisional","cand-setting-58b6e385f347"
"境界战争（现状）","是类型","setting","provisional","cand-setting-59a85801d84c"
"世界奉还阵（千年前魔法阵·再现）","是类型","setting","provisional","cand-setting-59fe7319b7ed"
"阳滝生存真相（魂抽出·假死状态）","是类型","setting","provisional","cand-setting-5a64251011e1"
"光之理的盗窃者","是类型","setting","provisional","cand-setting-5b84a1013fad"
"二十八·二十九层的阶层特性","是类型","setting","provisional","cand-setting-5b8ee8748984"
"魔法习得机制","是类型","setting","provisional","cand-setting-5beb19b20ee0"
"海盗船情势（战场临近）","是类型","setting","provisional","cand-setting-5bee6411978d"
"通信机开发与涡波的近卫骑士团长时期","是类型","setting","provisional","cand-setting-5c6700c4105c"
"混乱与『退还』机制（技能『？？？』）","是类型","setting","provisional","cand-setting-5c8c88f2bdbf"
"佩艾希亚(迷宫六十六层里侧·魔王城)的构造与真相","是类型","setting","provisional","cand-setting-5cd3177fde38"
"魔石的构造与起源（涡波解析·ch218）","是类型","setting","provisional","cand-setting-5cebc9b7eed3"
"兽人（千年前称『魔人』）","是类型","setting","provisional","cand-setting-5d7e40fd24b0"
"手环的感情操纵实证（三法全败）","是类型","setting","provisional","cand-setting-5dc8df46ee0d"
"『连接』门色个体差（ch130更新）","是类型","setting","provisional","cand-setting-5df35b386b24"
"涡波的推理链（假名说与大火灾推测）","是类型","setting","provisional","cand-setting-5e61964fc3ff"
"『连接』运用规则（ch117更新）","是类型","setting","provisional","cand-setting-5e740ef179c3"
"柯尔拉纳","是类型","setting","provisional","cand-setting-5ed26f838458"
"20级上限与记忆流入机制","是类型","setting","provisional","cand-setting-5ee73caa4199"
"血刻咏唱『代价』体系（魔石人类第二形态）","是类型","setting","provisional","cand-setting-5eec77a3e8ec"
"六十层试练现状（ch190）","是类型","setting","provisional","cand-setting-5f0269a363a8"
"迷宫人造说（涡波推论）","是类型","setting","provisional","cand-setting-5f4a030d0f69"
"诺文生前史(阿雷亚斯家旧貌与死神生涯)","是类型","setting","provisional","cand-setting-5f58cfb8050f"
"帕林库洛的试练设计（舞会章自觉）","是类型","setting","provisional","cand-setting-5fd5f126e354"
"涡波的魔法学习界限与仿造法则（ch119）","是类型","setting","provisional","cand-setting-602ab9e013e1"
"赫勒比勒夏因・二重奏剑","是类型","setting","provisional","cand-setting-603def59ecd2"
"次元之冬","是类型","setting","provisional","cand-setting-60e5f72cfe0f"
"昔日南方战力名录（据艾德）","是类型","setting","provisional","cand-setting-610c55b9cc38"
"海盗七船船队与近海治安（ch135）","是类型","setting","provisional","cand-setting-616c6ebdec40"
"『再诞』仪式","是类型","setting","provisional","cand-setting-6281de1567b4"
"千年前世界的货币与价值体系","是类型","setting","provisional","cand-setting-62980ab370e3"
"迷宫30-31层环境（ch117）","是类型","setting","provisional","cand-setting-641c32dd32bd"
"佩艾希亚结界现状（ch199外膜破损）","是类型","setting","provisional","cand-setting-6439683212c5"
"主角家庭背景","是类型","setting","provisional","cand-setting-643d2402e3bd"
"身体与魔石的错装机制","是类型","setting","provisional","cand-setting-6467c1a46501"
"『表示』怪物判定：二十守护者（TwentyGuardian）","是类型","setting","provisional","cand-setting-6499ffd28f7d"
"Rokh·Bringer","是类型","setting","provisional","cand-setting-6527dc095b2f"
"魔石","是类型","setting","provisional","cand-setting-6555d8015266"
"『咏唱』与『魔法宣言』机制（ch90）","是类型","setting","provisional","cand-setting-6557069deb2a"
"涡波传说扩散与立场（据缇莉声称）","是类型","setting","provisional","cand-setting-66351d2efc5d"
"南北境界战争形态（别动队小规模交锋）","是类型","setting","provisional","cand-setting-664fd99f5ee6"
"阿雷亚斯家的宝剑","是类型","setting","provisional","cand-setting-66cd67d1db1d"
"莱纳的风魔法飞跃（ch90）","是类型","setting","provisional","cand-setting-670ed71f684e"
"黑洞","是类型","setting","provisional","cand-setting-6720d99dd268"
"守护者封印与地上活动","是类型","setting","provisional","cand-setting-67d37120faac"
"次元魔术的属性模仿特性与传授不可（据罗德）","是类型","setting","provisional","cand-setting-67e05d673e9c"
"诺文水晶的特性（据艾德）与Quartz应用","是类型","setting","provisional","cand-setting-6855696c8424"
"魔力变换（LevelUp）真相","是类型","setting","provisional","cand-setting-6882f0c6646a"
"光魔法『光』（诺斯菲）","是类型","setting","provisional","cand-setting-689f60c2ba76"
"神圣魔法的原形（缇娅拉开发）","是类型","setting","provisional","cand-setting-69560a9d751f"
"五国地理与国境","是类型","setting","provisional","cand-setting-69ab74530037"
"魔术式与锻冶速习机制","是类型","setting","provisional","cand-setting-69f32295009c"
"千年前战争传说与疑点（ch72说明回）","是类型","setting","provisional","cand-setting-6a504eaf1c05"
"感应","是类型","setting","provisional","cand-setting-6a8fe844aec2"
"罗德的『绘画』（四幅）","是类型","setting","provisional","cand-setting-6aa730b71e3e"
"技能『？？？』与『并列思考』的禁用与暴走","是类型","setting","provisional","cand-setting-6adcd7f25941"
"水晶魔法『Quartz』","是类型","setting","provisional","cand-setting-6b4b93fd4be1"
"千年前遗产论（帕林库洛史观）","是类型","setting","provisional","cand-setting-6b524d662104"
"六十六层","是类型","setting","provisional","cand-setting-6b5f347e811b"
"守护者彼此不一定全都相识","是类型","setting","provisional","cand-setting-6b6e80178913"
"魔王","是类型","setting","provisional","cand-setting-6b823e111141"
"斯诺的振动魔法全域监听","是类型","setting","provisional","cand-setting-6cde1ddfc0cd"
"阿雷亚斯家的宝剑","是类型","setting","provisional","cand-setting-6d1f46e17f2a"
"技能『剑术』（涡波）","是类型","setting","provisional","cand-setting-6db62043c7d5"
"手制泳衣工艺与异世界材料制约","是类型","setting","provisional","cand-setting-6dc03472cdf2"
"水之理的盗窃者（阳滝魔石）","是类型","setting","provisional","cand-setting-6e317a0c1303"
"魔法适性与余白","是类型","setting","provisional","cand-setting-6e54f59a23f5"
"瓦尔德新居","是类型","setting","provisional","cand-setting-6e86d4421235"
"翼人种","是类型","种族","provisional","cand-setting-6ee990103f1f"
"涡波的怪物化进行（ch80）","是类型","setting","provisional","cand-setting-6f18b63b166c"
"瓦尔法拉","是类型","setting","provisional","cand-setting-709aef9b2abb"
"六十六层『这里』的本质（ch209）","是类型","setting","provisional","cand-setting-70e501c327e5"
"迷宫39层（森林级植物猎场）","是类型","setting","provisional","cand-setting-710f4a8ba707"
"暗之理的盗窃者（完死体）战斗特性","是类型","setting","provisional","cand-setting-71576bd1f566"
"『连接』往返机制（迷宫↔船）","是类型","setting","provisional","cand-setting-716adf947f06"
"魔石线（城市警戒与情报传递网）","是类型","setting","provisional","cand-setting-71e42a6b6319"
"劳拉维亚","是类型","setting","provisional","cand-setting-71f66ebb0752"
"LivingLegend队伍的崩壊（七人→二人）","是类型","setting","provisional","cand-setting-72c19b238a2b"
"地上一年后剧变（表里实察·ch210）","是类型","setting","provisional","cand-setting-72f50d895ec8"
"雷纳尔多的豪宅","是类型","setting","provisional","cand-setting-732e01220a63"
"世界奉还阵（中心完全发动态）","是类型","setting","provisional","cand-setting-732ff97119bf"
"亲和（概念增强）","是类型","setting","provisional","cand-setting-73561a6cfbe4"
"缇缇的守护者力量减弱与酒精生效（ch214自察）","是类型","setting","provisional","cand-setting-738ceea2ef42"
"圣人缇娅拉与世界史","是类型","setting","provisional","cand-setting-73e4a2288e0f"
"魔法『Shunposhion・Feather』","是类型","setting","provisional","cand-setting-74c8ec6f7d94"
"『冰结剑』×『炎之剑』双重夹击","是类型","setting","provisional","cand-setting-74f18ce99296"
"『维度』的长用进化→『次元决战演算『先谭』』（ch230）","是类型","setting","provisional","cand-setting-74fefcbee22f"
"瓦尔德本土北部战场（科斯特/科纳/利维拉/阿尔德纳）","是类型","setting","provisional","cand-setting-756cd83130bc"
"TowersSus・Wind","是类型","setting","provisional","cand-setting-7623ea0ede46"
"『Default』","是类型","setting","provisional","cand-setting-763201ebbc06"
"『支配之王』（书籍）","是类型","setting","provisional","cand-setting-7667338b5310"
"艾德的'我王'与王之器资质论（据艾德）","是类型","setting","provisional","cand-setting-7693e48922e4"
"『乐园』","是类型","setting","provisional","cand-setting-76ca78e74149"
"罗德的实力坐标（据涡波评价）","是类型","setting","provisional","cand-setting-77086cb29f11"
"『领域』与次元魔术的普遍才能论（据千年魔导书）","是类型","setting","provisional","cand-setting-773722a143e0"
"境界战争（现状）","是类型","setting","provisional","cand-setting-77dabb01e6b8"
"艾尔芬里斯战力评估（据莱纳+初战实证）","是类型","setting","provisional","cand-setting-77fc9fc1bbf5"
"『魔石线』","是类型","setting","provisional","cand-setting-7831c191c237"
"千年后的阿雷亚斯家变质","是类型","setting","provisional","cand-setting-7885448300c2"
"『次元之理的盗窃者』","是类型","setting","provisional","cand-setting-7988c3e12a6a"
"归还原世界的方针（ch116）","是类型","setting","provisional","cand-setting-79ced513f505"
"技能发动的主动意识条件(诈术非万能)","是类型","setting","provisional","cand-setting-7a138c18a131"
"迷宫与系统=相川涡波作品说（ch141）","是类型","setting","provisional","cand-setting-7abba94c265a"
"迷宫探索队伍编成（第三次·四人·双守护者）","是类型","setting","provisional","cand-setting-7b15fea59e18"
"双重记忆三重并列（缇亚·使徒西斯／涡波·始祖涡波／帕林库洛·勒伽西）","是类型","setting","provisional","cand-setting-7b200dda2c17"
"佩艾希亚的寿命(崩坏倒计时)","是类型","setting","provisional","cand-setting-7bbea0a33e40"
"『某人』与迷宫的体贴（迷宫建造者知识·ch132回顾+实证）","是类型","setting","provisional","cand-setting-7bdf7e562f5d"
"泪洸（TearRay）天候","是类型","setting","provisional","cand-setting-7bedce1c8ae0"
"联合国的一夫多妻制（ch115再证）","是类型","setting","provisional","cand-setting-7c0c9a930fdf"
"荣光的诅咒性(英雄幻影论·诺文版)","是类型","setting","provisional","cand-setting-7c23205991d4"
"想起（Flashback）机制","是类型","setting","provisional","cand-setting-7c5b02405188"
"『乐园』","是类型","setting","provisional","cand-setting-7c5ea27fd88c"
"组队经验值分配常识","是类型","setting","provisional","cand-setting-7cef3f18c099"
"『支配之王（Lord）』传说","是类型","setting","provisional","cand-setting-7d8515d4f9ac"
"LevelUP/BonusPoint系统本质与制定者（ch179自认）","是类型","setting","provisional","cand-setting-7d9600d42c6b"
"神圣魔法的原形（缇娅拉开发）","是类型","setting","provisional","cand-setting-7df88ec27890"
"千年前史料改篡构造（ch220）","是类型","setting","provisional","cand-setting-7e22093b761d"
"魔人变还与魔人化（ch221首录）","是类型","setting","provisional","cand-setting-7eb6a25a835d"
"诅咒魔法的代价与衰退史","是类型","setting","provisional","cand-setting-7ed2c9c0c124"
"精神魔法控制与解除窗口","是类型","setting","provisional","cand-setting-7f3641fc4361"
"『置换』","是类型","setting","provisional","cand-setting-7ff0ebe21000"
"『辉腕』（非实体右手）","是类型","setting","provisional","cand-setting-80cd8af6d9ce"
"状态异常体系","是类型","setting","provisional","cand-setting-80d93a7e03ab"
"魔王军近卫骑士团长传说（『这里』兽人间）","是类型","setting","provisional","cand-setting-81c557f7257b"
"诺斯菲的『诅咒』（与莉帕对照）","是类型","setting","provisional","cand-setting-81d0d91b3528"
"『暗之理的盗窃者』的半死体与完死体","是类型","setting","provisional","cand-setting-81e00dd8c36c"
"联合国（地上国家）","是类型","setting","provisional","cand-setting-82fa7f1c36d4"
"『维度』","是类型","setting","provisional","cand-setting-8385c3aab6ba"
"罗德的咏唱与代价支付（ch191）","是类型","setting","provisional","cand-setting-83c292b8b39b"
"世界奉还阵（千年前魔法阵·再现）","是类型","setting","provisional","cand-setting-85589796c9b1"
"迷宫阶层生态（1-5层）","是类型","setting","provisional","cand-setting-8591cf03ab1c"
"『表示』状态异常栏与『烂醉』检测（ch214）","是类型","setting","provisional","cand-setting-85aaf450abc6"
"维度・决战演算","是类型","setting","provisional","cand-setting-85d5d0139dbf"
"光魔法原理(『交流』属性)","是类型","setting","provisional","cand-setting-869bf1882195"
"位阶与素质论","是类型","setting","provisional","cand-setting-86bb18e7b1fb"
"始祖涡波记忆复苏机制（ch189实录）","是类型","setting","provisional","cand-setting-87139d9489f7"
"魔法道具修复与魔术式铭刻工艺（据雷纳尔多传授）","是类型","setting","provisional","cand-setting-87a28dfb8d87"
"弗茨亚茨大圣堂地下（ch220）","是类型","setting","provisional","cand-setting-87bd2097800b"
"地之理的盗窃者之理(矿物不伤)","是类型","setting","provisional","cand-setting-88330f07ceae"
"无魔力无思考涡波更强论","是类型","setting","provisional","cand-setting-8867499402f2"
"魔王城与城邑的漂浮地理（ch84）","是类型","setting","provisional","cand-setting-8881d0621160"
"柯尔库战线对斯诺的战力依赖（据克洛伊声称）","是类型","setting","provisional","cand-setting-895d3628d60b"
"魔王城后方的花田","是类型","setting","provisional","cand-setting-8b108c91a6b7"
"阳滝非血缘妹妹论（据海莉声称）","是类型","setting","provisional","cand-setting-8b44493cf2fb"
"DarkCloth强化五匹怪物名录","是类型","setting","provisional","cand-setting-8b59f6e1f068"
"涡波状态快照与诈术夺取(ch0109)","是类型","setting","provisional","cand-setting-8bb595df0cb1"
"新月琉璃制直剑","是类型","setting","provisional","cand-setting-8bdb75154242"
"守护者与阶层环境的共通性（光之理推测）","是类型","setting","provisional","cand-setting-8c19d3844ef5"
"同伴自抑魔法解除因果链（据涡波回顾）","是类型","setting","provisional","cand-setting-8c1a7c9e631f"
"涡波的无魔力战斗运用(赌技)","是类型","setting","provisional","cand-setting-8c94f6462c0d"
"魔石人类的统合论争（不可能论vs未可断定论）","是类型","setting","provisional","cand-setting-8c9fb0262bd3"
"守护者魔石的价值重证(弗茨亚茨上层执念)","是类型","setting","provisional","cand-setting-8ca422a32cb2"
"五国联合国","是类型","setting","provisional","cand-setting-8d88344527f0"
"四人共鸣魔法的实战代价（ch126）","是类型","setting","provisional","cand-setting-8dc4b8a849e9"
"法尼亚（玛利亚故乡）","是类型","setting","provisional","cand-setting-8e3eff849cc5"
"世界奉还阵（千年前魔法阵·再现）","是类型","setting","provisional","cand-setting-8f000537fc9a"
"航程与乘船现状(ch112)","是类型","setting","provisional","cand-setting-8f3387df6084"
"缇缇的『理的盗窃者』自称（ch216）","是类型","setting","provisional","cand-setting-8f4211ef8fbd"
"佩艾希亚的真正姿态=北方同盟(战争之世)","是类型","setting","provisional","cand-setting-8f4221be5d61"
"技能？？？反向诱发","是类型","setting","provisional","cand-setting-8f7e1df0d17e"
"人类20级＝极限领域（级别体系知识）","是类型","setting","provisional","cand-setting-8f87ce5fcd1b"
"劳拉维亚","是类型","setting","provisional","cand-setting-8fa7b6470531"
"舞闘大会后逃亡行程与购船计划","是类型","setting","provisional","cand-setting-8fbf57369d55"
"吸血种（吸血鬼）","是类型","setting","provisional","cand-setting-907de2253a95"
"『连接』","是类型","setting","provisional","cand-setting-91174ec1cb3e"
"诺斯菲的『诅咒』(先天咒术式)","是类型","setting","provisional","cand-setting-9183a49d890b"
"佩艾希亚的创造目的与千年崩坏（据雷纳尔多揭示）","是类型","setting","provisional","cand-setting-9186c02623e7"
"迪亚布罗·西斯（缇亚）先天技能栏（ch70快照）","是类型","setting","provisional","cand-setting-91879299ba63"
"魔石人类的寿命机制（体内魔石折损）","是类型","setting","provisional","cand-setting-926f1e8c3e91"
"『水之理的盗窃者』真髓＝冻结的极致","是类型","setting","provisional","cand-setting-92b734a2677a"
"神圣魔法与火焰的连携破击（缇亚×玛利亚）","是类型","setting","provisional","cand-setting-92f2f42d4fd7"
"缇亚的名字谱系","是类型","setting","provisional","cand-setting-93ccca889a39"
"试练","是类型","setting","provisional","cand-setting-941c8153b424"
"诺斯菲的契约与『契约的证明』","是类型","setting","provisional","cand-setting-943de4abb261"
"亲和（概念增强）","是类型","setting","provisional","cand-setting-957b5b4e87a7"
"主角队伍的经验值特例","是类型","setting","provisional","cand-setting-95aa4d0429a6"
"管理领域内外规则","是类型","setting","provisional","cand-setting-9660ede95ed1"
"涡波能力构成剧变（阳滝魔石拔除后）","是类型","setting","provisional","cand-setting-9684c6434068"
"深层祭坛与诅咒武具（ch71）","是类型","setting","provisional","cand-setting-96a23e82bd41"
"缇娅拉大人『再诞』计划（ch221全貌）","是类型","setting","provisional","cand-setting-96b472621006"
"剑术","是类型","setting","provisional","cand-setting-96b51b1deb91"
"重力系共鸣魔法（露洁×诺瓦露）","是类型","setting","provisional","cand-setting-9729ea915968"
"左手无名指戒指习俗的跨世界差异","是类型","setting","provisional","cand-setting-977439030f26"
"莉帕的大镰（本体一部分·『所有物』同等机能）","是类型","setting","provisional","cand-setting-97bda0ef62e3"
"境界战争","是类型","setting","provisional","cand-setting-97bf1bfec08d"
"『流星』的攻击规模与余波（ch204实录）","是类型","setting","provisional","cand-setting-97e6520da0b9"
"37层","是类型","setting","provisional","cand-setting-98720f8e769f"
"『血』中的『术式』","是类型","setting","provisional","cand-setting-98e98a6cd017"
"SehrWind","是类型","技能(风魔法)","provisional","cand-setting-98f40d13adc5"
"DistanceMute（远隔强制清除之能）","是类型","setting","provisional","cand-setting-99e3e72e8572"
"次元魔法使的技能拷贝特性","是类型","setting","provisional","cand-setting-9a2f78bfe805"
"艾德的『留恋』暴走（ch230）","是类型","setting","provisional","cand-setting-9a72e2bf4eb3"
"千年前战争史实口述(诺斯菲)","是类型","setting","provisional","cand-setting-9a75d8859c30"
"名字与言灵法则（据涡波认知）","是类型","setting","provisional","cand-setting-9ac73fece88d"
"三仇人素质论（莱纳转述，据海莉）","是类型","setting","provisional","cand-setting-9bb8caa8b6d0"
"魂优先于肉体法则","是类型","setting","provisional","cand-setting-9bd73b151787"
"罗德的风之咏唱『加速』与心之代价","是类型","setting","provisional","cand-setting-9be32df8f90c"
"千年前物语对斯诺托出（轮廓ch226再述）","是类型","setting","provisional","cand-setting-9be3f3722114"
"本土（大陆）概况","是类型","setting","provisional","cand-setting-9c0e24891258"
"代价咏唱体系南方军现状（ch222）","是类型","setting","provisional","cand-setting-9c3853466417"
"四人状态面板快照（ch119·探索前后）","是类型","setting","provisional","cand-setting-9d1ca9689866"
"迷宫32层：水晶走廊环境变迁","是类型","setting","provisional","cand-setting-9d43c0748b44"
"六十五层的地形与怪物（ch209）","是类型","setting","provisional","cand-setting-9e16010e653a"
"手环取下计划（安全解体方针）","是类型","setting","provisional","cand-setting-9e27224a1776"
"异邦人召唤","是类型","setting","provisional","cand-setting-9e6c1e25afe7"
"千年前的喃喃：魔法阵·迷宫·再诞（据艾德）","是类型","setting","provisional","cand-setting-9eb1c5ecd6d1"
"迪亚布罗·西斯状态栏（置换前后）","是类型","setting","provisional","cand-setting-9eddf0b8aab1"
"奴隶解放的现实边界(无依靠者无法自活)","是类型","setting","provisional","cand-setting-9ef5d8cf1452"
"千年前迎入北方之理由(罗德自述)","是类型","setting","provisional","cand-setting-9f475f7026e6"
"炎之剑（贝丝版·火焰辅助定位）","是类型","setting","provisional","cand-setting-9fb81f8457b8"
"『可以让所有人幸福的魔法』","是类型","setting","provisional","cand-setting-a07f5ecf50a6"
"『魔石线』","是类型","setting","provisional","cand-setting-a088e4ef0028"
"理的盗窃者","是类型","称号·存在阶位","provisional","cand-setting-a13222a2ca05"
"魔人","是类型","种族·社会范畴","provisional","cand-setting-a13757a975ec"
"『庭师』","是类型","setting","provisional","cand-setting-a1bccd1083a6"
"SehrWind","是类型","setting","provisional","cand-setting-a1e148152f92"
"『剑术』","是类型","setting","provisional","cand-setting-a233dd1f26da"
"『支配之王（Lord）』称号（ch199）","是类型","setting","provisional","cand-setting-a25d0652e39c"
"涡波失去冰结属性才能（ch90追认）","是类型","setting","provisional","cand-setting-a3d949ca4244"
"『所有物』","是类型","setting","provisional","cand-setting-a3ee84435c47"
"涡波崩坏要因链（魔力=毒·回想收束）","是类型","setting","provisional","cand-setting-a415e5511b3c"
"魔法『次元决战演算『前日谭』』（维度・GradientRecall）","是类型","setting","provisional","cand-setting-a450cbe4eebe"
"『维度』","是类型","setting","provisional","cand-setting-a460c74f25dd"
"玛利亚真正力量与迷宫辅助定位","是类型","setting","provisional","cand-setting-a57d3fbd55cc"
"重力系共鸣魔法（露洁×诺瓦露）","是类型","setting","provisional","cand-setting-a5ad1ac35c06"
"魂优先于肉体法则","是类型","setting","provisional","cand-setting-a67633348982"
"「自由之风」","是类型","setting","provisional","cand-setting-a68dbfe4103b"
"新月琉璃制直剑","是类型","setting","provisional","cand-setting-a6f46ecd3ffc"
"深层祭坛与诅咒武具（ch71）","是类型","setting","provisional","cand-setting-a71560d40562"
"血的极限一般说法与不适用（涡波·缇缇·ch218）","是类型","setting","provisional","cand-setting-a75d7e0e02dd"
"『魔石线』","是类型","setting","provisional","cand-setting-a7b2b050ce8a"
"涡波当前能力状态（魔石拔除后·ch172）","是类型","setting","provisional","cand-setting-a8628cab4a61"
"阿雷亚斯家的宝剑诺文（能力·ch70更新）","是类型","setting","provisional","cand-setting-a866172d41f2"
"『魔石线』","是类型","物品","provisional","cand-setting-a86905de3042"
"佩艾希亚（北方国家·千年乐园）","是类型","setting","provisional","cand-setting-a879c8ab16e0"
"世界奉还阵的真正目的","是类型","setting","provisional","cand-setting-a8e513ebaace"
"莉帕的『联结』现状（ch70）","是类型","setting","provisional","cand-setting-a90be849c991"
"技能『？？？』的混乱联动与战斗限制（ch116）","是类型","setting","provisional","cand-setting-a9453b99bc91"
"雷纳尔多的魔法锻冶·神铁锻冶","是类型","setting","provisional","cand-setting-aa36016c2c16"
"共鸣魔法『Inviolable・冰Room』","是类型","setting","provisional","cand-setting-aa8bfe187756"
"守护者留恋解消现象（ch190实证）","是类型","setting","provisional","cand-setting-aadff1b7c608"
"佩艾希亚与世界（『这里』）的千年期限构造","是类型","setting","provisional","cand-setting-ab82f158bb72"
"分组与『干死帕林库洛小队』","是类型","setting","provisional","cand-setting-abf6de9da055"
"斯诺的三次龙化悲剧史","是类型","setting","provisional","cand-setting-ac11b546ae4a"
"四大贵族与联合国权势结构","是类型","setting","provisional","cand-setting-ac6bc20a5f4f"
"『暗之理的盗窃者』的半死体与完死体","是类型","setting","provisional","cand-setting-acf511940f0e"
"『耶梦加得之炎』","是类型","setting","provisional","cand-setting-acffe2f6e9aa"
"帕林库洛的材料观","是类型","setting","provisional","cand-setting-ad9e2d34ffd8"
"世界奉还阵（千年前魔法阵·再现）","是类型","setting","provisional","cand-setting-adc716c69c9f"
"千年前北方兽人入境限制","是类型","setting","provisional","cand-setting-ade82d40ac46"
"守护者艾德的战斗形态（ch166）","是类型","setting","provisional","cand-setting-ae09c0a01621"
"罗德千年前王姿与双称号（ch189记忆实录）","是类型","setting","provisional","cand-setting-ae1e79e3c269"
"迷宫设计意图与逆攻略死角","是类型","setting","provisional","cand-setting-ae9a9e9b62ed"
"弗茨亚茨","是类型","setting","provisional","cand-setting-aedfd96ddd21"
"『维度・决战演算』","是类型","setting","provisional","cand-setting-af63f3723540"
"『异邦人』的和食·文化推广（『这里』）","是类型","setting","provisional","cand-setting-af6723b0c626"
"魔法使对决规则（划线阵地战）","是类型","setting","provisional","cand-setting-afa4a4d43177"
"公馆（旅馆）战场","是类型","setting","provisional","cand-setting-b04937aa22dc"
"莉帕的联结体系全貌","是类型","setting","provisional","cand-setting-b053f546b544"
"天上之七骑士现状（ch49更新）","是类型","setting","provisional","cand-setting-b0603d17c696"
"『这里』的年代悖论与'美好拣选'构成假说","是类型","setting","provisional","cand-setting-b061777207db"
"涡波魔力状态（纯次元属性）","是类型","setting","provisional","cand-setting-b08f90b31c9f"
"舞斗大会参赛者人身自由保障规则","是类型","setting","provisional","cand-setting-b09ee3f5b2f7"
"回想收束与守护者记忆机制（涡波推断）","是类型","setting","provisional","cand-setting-b0f28380561c"
"当今世界实力排序（据莉帕）","是类型","setting","provisional","cand-setting-b12d03d3fa7e"
"HP代MP的生命燃烧机制（ch127实证）","是类型","setting","provisional","cand-setting-b1cafb710435"
"迷宫物体自修复与风龙交战规则","是类型","setting","provisional","cand-setting-b1e618dd32a2"
"『表示』对人使用与条件附加","是类型","setting","provisional","cand-setting-b21b7036db01"
"队伍系统的组队机制","是类型","setting","provisional","cand-setting-b226bba8287a"
"佩艾希亚","是类型","setting","provisional","cand-setting-b2a1b74ba9c3"
"涡波的力量弱化与记忆缺失（ch84）","是类型","setting","provisional","cand-setting-b2d5cfb32703"
"艾尔多拉琉学院","是类型","setting","provisional","cand-setting-b35b96fa8b0f"
"莉帕的三重意志受信与联结传情","是类型","setting","provisional","cand-setting-b3a1b95ca5f7"
"魔石线","是类型","setting","provisional","cand-setting-b3d21e42530a"
"拉丝缇娅拉的地位与战力","是类型","setting","provisional","cand-setting-b3e34aa9bee9"
"莱文教","是类型","setting","provisional","cand-setting-b44cd3d633be"
"魔王与勇者(双救世主传说)","是类型","setting","provisional","cand-setting-b4b94ffce6d1"
"西娅·勒伽西队伍的构成","是类型","setting","provisional","cand-setting-b59d6b6fded1"
"半死体化","是类型","setting","provisional","cand-setting-b630be32ee68"
"魔石亲和机制（解除与未解除之差）","是类型","setting","provisional","cand-setting-b6393f97ba37"
"史诗探索者现状（ch121更新）","是类型","setting","provisional","cand-setting-b65b54ce8c40"
"自由之风","是类型","setting","provisional","cand-setting-b6e6529dd313"
"佩艾希亚（66层里侧城市，ch90）","是类型","setting","provisional","cand-setting-b7223b7f5ec5"
"光魔法","是类型","setting","provisional","cand-setting-b77aa68a756d"
"理的盗窃者","是类型","setting","provisional","cand-setting-b7ed02bf404a"
"莉帕的术式特性（术者言语理解）","是类型","setting","provisional","cand-setting-b7fc9c87cb75"
"『理的盗窃者』法则（不老不死·守护者化·死亡诅咒）","是类型","setting","provisional","cand-setting-b852971d5d85"
"迷宫怪物掉落机制","是类型","setting","provisional","cand-setting-b8f51862d2c3"
"『维度』","是类型","setting","provisional","cand-setting-b965a5474825"
"拉丝缇娅拉的消耗（圣诞祭后连续战斗）","是类型","setting","provisional","cand-setting-b9e5a426ffb2"
"『维度』","是类型","setting","provisional","cand-setting-baa7fad76f26"
"升级追忆机制(魔石取回力量)","是类型","setting","provisional","cand-setting-bac586bd1f77"
"魔法『■道落土（Lord・Of・Lord）』","是类型","setting","provisional","cand-setting-bb82f83a277b"
"剑术","是类型","setting","provisional","cand-setting-bbbd890c42f5"
"阿雷亚斯流剑术","是类型","setting","provisional","cand-setting-bd81c6f6e10e"
"大灾厄","是类型","setting","provisional","cand-setting-beef71ba9a6c"
"海因『再诞』成败之争（ch158双声）","是类型","setting","provisional","cand-setting-bf2e917c7bd8"
"『试练』规则补章(ch92)","是类型","setting","provisional","cand-setting-bfda51b52881"
"『炎之矢』","是类型","setting","provisional","cand-setting-bfe20ebf108d"
"莱文教与异世界的传承（ch70新层）","是类型","setting","provisional","cand-setting-c0d602adeb08"
"『世界奉还阵』机制（ch157更新）","是类型","setting","provisional","cand-setting-c12ba7c88ff1"
"世界奉还阵（千年前魔法阵·再现）","是类型","setting","provisional","cand-setting-c166ceab77fa"
"迷宫31~35层环境与深层之水（ch71）","是类型","setting","provisional","cand-setting-c19d55e4ebf9"
"Sylph・堕落使徒","是类型","setting","provisional","cand-setting-c220d171647f"
"店长背景","是类型","setting","provisional","cand-setting-c25aa6df8f5a"
"重力系共鸣魔法（露洁×诺瓦露）","是类型","setting","provisional","cand-setting-c27e20e665bd"
"千年前婚姻真相(诺斯菲×始祖涡波)","是类型","setting","provisional","cand-setting-c284aa5803c1"
"咏唱代价的失控与依存(罗德)","是类型","setting","provisional","cand-setting-c306fd3d00da"
"柯尔库","是类型","setting","provisional","cand-setting-c348195feb4d"
"『血』","是类型","setting","provisional","cand-setting-c34b5180954e"
"世界奉还阵（大陆级魔法阵）","是类型","setting","provisional","cand-setting-c36473cb6628"
"『维度・曲战演算』","是类型","setting","provisional","cand-setting-c37551653b19"
"拟似共鸣魔法（冰火魔树）与无名爆裂魔法","是类型","setting","provisional","cand-setting-c3eadc6ff1d5"
"『光之理的盗窃者』","是类型","setting","provisional","cand-setting-c47999e1a3d7"
"雪与魔力结晶(冬之异世界的物证)","是类型","setting","provisional","cand-setting-c4876a7a205a"
"『亲和』机制","是类型","setting","provisional","cand-setting-c4b92bd822c6"
"五十层","是类型","setting","provisional","cand-setting-c4c4d6e785a0"
"罗德的返老还童与『孤』自称(风之咏唱代价)","是类型","setting","provisional","cand-setting-c4e074b30087"
"斯诺的怠惰成因（反复失败史）","是类型","setting","provisional","cand-setting-c4ef24f99e93"
"相川涡波的技能板（ch145数值公开）","是类型","setting","provisional","cand-setting-c4feeea6ee2f"
"次元戒指","是类型","setting","provisional","cand-setting-c515a7ada084"
"魔石的世界价值与帕林库洛战力构成（ch163）","是类型","setting","provisional","cand-setting-c61fa93c71d3"
"『这里』补充法则(ch92)","是类型","setting","provisional","cand-setting-c620af2f4a28"
"大灾厄后世界生态（大型怪物增生）","是类型","setting","provisional","cand-setting-c68b78e537a8"
"支配之王（Lord）","是类型","称号·传说","provisional","cand-setting-c6f962a11ce5"
"魔石『门』之戒指","是类型","setting","provisional","cand-setting-c73cc8b2d57c"
"船内人际平衡与'人不会轻易变坚强'论","是类型","setting","provisional","cand-setting-c75446d20576"
"火焰感知视觉（玛利亚）","是类型","setting","provisional","cand-setting-c7827a5f1044"
"魔石人类于世界奉还阵中心的存在限制（ch158实录）","是类型","setting","provisional","cand-setting-c7c0c5bd4c57"
"光之御旗（NosfiFLAG）","是类型","setting","provisional","cand-setting-c7c20a1d4195"
"技能速习法（涡波·诺文论）","是类型","setting","provisional","cand-setting-c7fa10f8126c"
"艾德（木之理的盗窃者）的能力体系","是类型","setting","provisional","cand-setting-c8000118a59c"
"『天上的七骑士』","是类型","setting","provisional","cand-setting-c84e568cc005"
"五十层","是类型","setting","provisional","cand-setting-c87f2849d8e1"
"传说终末的真相（无人死亡的最温柔讨伐）","是类型","setting","provisional","cand-setting-c8f2916bfcf9"
"『缇娅拉大人的再诞』计划（ch220）","是类型","setting","provisional","cand-setting-c8f44d5488c8"
"缇亚的真实人格(虚荣与逞强)","是类型","setting","provisional","cand-setting-c8f4d31f0e2f"
"莱文教","是类型","setting","provisional","cand-setting-c918f704a81d"
"涡波后天技能一览（ch129状态栏）","是类型","setting","provisional","cand-setting-c9577c55d822"
"迷宫中部的自净与掉落","是类型","setting","provisional","cand-setting-c95ccf9bb566"
"魔法『FlameAccel』（雷纳尔多）","是类型","setting","provisional","cand-setting-c9b47e8bb77f"
"『大灾害』（一年前）","是类型","setting","provisional","cand-setting-c9b5d5f1339a"
"『DistanceMute』的真髓与正确运用","是类型","setting","provisional","cand-setting-ca6f5c32131b"
"『魔石线』零魔力脉动异常","是类型","setting","provisional","cand-setting-ca9b3344799b"
"『迷宫』的不完全诞生（规则拔除）","是类型","setting","provisional","cand-setting-ca9ce4c68919"
"魔法屋的现状（一年后·ch219）","是类型","setting","provisional","cand-setting-cb2e857d3dcb"
"阿雷亚斯家剑法","是类型","setting","provisional","cand-setting-cb408e7bcd82"
"『表示』与『拟神之眼』的性能差（ch116）","是类型","setting","provisional","cand-setting-cb8769e18ab5"
"世界奉还阵（第八卷终战状态）","是类型","setting","provisional","cand-setting-cbaef55084d1"
"玛利亚的火焰魔法体系（全魔力解放）","是类型","setting","provisional","cand-setting-cc2cd22cc81c"
"第五十层『这里』的构成法则","是类型","setting","provisional","cand-setting-cc7ddd6d9056"
"弗茨亚茨城","是类型","setting","provisional","cand-setting-ccd3dea63ddd"
"北方战线现势与暗杀计划公开（ch226）","是类型","setting","provisional","cand-setting-cce6c3e9c56a"
"佩艾希亚战争时代再现（ch196实况）","是类型","setting","provisional","cand-setting-ccec2caf4ffb"
"『异邦人召唤』术式","是类型","setting","provisional","cand-setting-cdbcf04fc444"
"阿雷亚斯家的宝剑","是类型","setting","provisional","cand-setting-cdf4e3b98817"
"Default","是类型","setting","provisional","cand-setting-ce5765231a39"
"拟似共鸣魔法（冰火魔树）与无名爆裂魔法","是类型","setting","provisional","cand-setting-ce6e7fa00b3a"
"魔人（起源·南北认识分裂·兽人改称案）","是类型","setting","provisional","cand-setting-cf21f7c03ee3"
"『耶梦加得之霜』","是类型","setting","provisional","cand-setting-cf35ad6ee512"
"魔石线","是类型","setting","provisional","cand-setting-d0e9712ea29f"
"『维度・多重展开』","是类型","setting","provisional","cand-setting-d16f673be9e9"
"守护者力量=残存留恋总量机制（ch209实证）","是类型","setting","provisional","cand-setting-d1e3392e3953"
"迷宫31~35层环境与深层之水（ch71）","是类型","setting","provisional","cand-setting-d2d15212ad9b"
"世界奉还阵（第八卷终战状态）","是类型","setting","provisional","cand-setting-d332190863c1"
"回复魔法与千年前记忆共有（据拉丝缇娅拉）","是类型","setting","provisional","cand-setting-d3b977b73d63"
"战场兵力规模（据帕林库洛称）","是类型","setting","provisional","cand-setting-d3db42906b3d"
"『连接』的安否确认","是类型","setting","provisional","cand-setting-d4cf7e34db36"
"塞拉的『兽化』（ch126）","是类型","setting","provisional","cand-setting-d4d7fb27946b"
"斯诺的龙化后遗症（右臂硬化·ch226确认）","是类型","setting","provisional","cand-setting-d4ecc1174cc7"
"Foam转移战术机制","是类型","setting","provisional","cand-setting-d53109872be0"
"龙的生态与屠龙经济学","是类型","setting","provisional","cand-setting-d61047e44504"
"『风之理的盗窃者』","是类型","setting","provisional","cand-setting-d67132f38b89"
"魔力捩转生成法（三段构筑·ch219）","是类型","setting","provisional","cand-setting-d7659db5567a"
"斯诺的心灵诊断(拉丝缇娅拉)","是类型","setting","provisional","cand-setting-d79be3ee78a6"
"六十层休憩空间特性（光辉石之层）","是类型","setting","provisional","cand-setting-d7a391a5bcca"
"始祖涡波三大魔法","是类型","setting","provisional","cand-setting-d7cea3b37dd3"
"队伍游泳能力（ch126）","是类型","setting","provisional","cand-setting-d80e821db3a6"
"拜伦西斯大陆（第八卷新舞台）","是类型","setting","provisional","cand-setting-d81c10c4b2bf"
"世界奉还阵暴走（ch166）","是类型","setting","provisional","cand-setting-d837574c927d"
"五十六层光属性安全地带与属性变化指标","是类型","setting","provisional","cand-setting-d84f60ec5757"
"魔法起源：魔力变换与变换结果的开发（千年前）","是类型","setting","provisional","cand-setting-d87ae5d82146"
"弗茨亚茨国家概况","是类型","setting","provisional","cand-setting-d8b7368f7a02"
"千年前大战八杰名录（雷纳尔多列举）","是类型","setting","provisional","cand-setting-d92b9ab1cfd4"
"『LivingLegend号』航路（ch71）","是类型","setting","provisional","cand-setting-d9c23103cdab"
"瓦尔德本土北部战场（科斯特/科纳/利维拉/阿尔德纳）","是类型","setting","provisional","cand-setting-d9ee8b8b63a0"
"『连接』","是类型","setting","provisional","cand-setting-da1dbedc2fbc"
"魔人与兽人的千年史（圣人缇娅拉改造说）","是类型","setting","provisional","cand-setting-db3078c6ab74"
"守护者迷恋的增减对照（罗德/诺文/诺斯菲）","是类型","setting","provisional","cand-setting-db40c9a14d52"
"迷宫35层·水中阶层","是类型","setting","provisional","cand-setting-dc5b57f8fa56"
"Earthquake","是类型","setting","provisional","cand-setting-dcd3b684d5ef"
"等级序列世界观（莱纳论与罗德千年前证言，ch90）","是类型","setting","provisional","cand-setting-dd2818e16b6a"
"光属性怪物的物理免疫与MP攻击（ch186实战）","是类型","setting","provisional","cand-setting-dd43da84fd0c"
"FlameAccel","是类型","setting","provisional","cand-setting-dd9f2009b335"
"血刻『咏唱』与口诵『咏唱』的二重叠加（ch230）","是类型","setting","provisional","cand-setting-de2cecfbc9d5"
"斯诺的精神构造（本心暴露实录）","是类型","setting","provisional","cand-setting-de429713117b"
"迷宫地形与生态对应原则","是类型","setting","provisional","cand-setting-de514b766315"
"最深部之誓约者","是类型","setting","provisional","cand-setting-de94d90e4a81"
"『加速』","是类型","setting","provisional","cand-setting-df337baa15ff"
"阿雷亚斯家的宝剑","是类型","setting","provisional","cand-setting-df49930ef37b"
"『魔石人类』的地上现状（一年后·ch210）","是类型","setting","provisional","cand-setting-dfee596ec18c"
"莱文教","是类型","setting","provisional","cand-setting-e004046aed80"
"『烧焦的异界鞋』","是类型","setting","provisional","cand-setting-e02cabd0aa94"
"莱文教传承中的始祖地位","是类型","setting","provisional","cand-setting-e20b98d31f94"
"翠色石子","是类型","setting","provisional","cand-setting-e21d04863dea"
"诺文水晶的特性（据艾德）与Quartz应用","是类型","setting","provisional","cand-setting-e24cf327bc5a"
"『千年前的梦』","是类型","setting","provisional","cand-setting-e2ecbb3d91a1"
"半死体化","是类型","setting","provisional","cand-setting-e332f5b52378"
"西迷宫遗址","是类型","setting","provisional","cand-setting-e357ff1a008a"
"帕林库洛=『暗之理的守护者』·咒术骑士（ch149自陈）","是类型","setting","provisional","cand-setting-e3c9dc808cee"
"诺文的怪物化恐惧与留恋波动","是类型","setting","provisional","cand-setting-e42d63a20434"
"拉丝缇娅拉状态栏（ch39实测）","是类型","setting","provisional","cand-setting-e43ac51598c2"
"风之理的盗窃者","是类型","setting","provisional","cand-setting-e445d79bfad9"
"大圣堂攻略战果","是类型","setting","provisional","cand-setting-e4f37ab2f092"
"35层的空气横穴（『休息地点』）","是类型","setting","provisional","cand-setting-e553d117ee5e"
"帕林库洛的咒术（精神攻击）","是类型","setting","provisional","cand-setting-e56d76cdda65"
"守护者体系更新：五十守护者（ch84）","是类型","setting","provisional","cand-setting-e64df3a2f281"
"魔石人类的魔石耗损症状与短命（ch0128更新）","是类型","setting","provisional","cand-setting-e7a8caa417de"
"『强欲转换』","是类型","setting","provisional","cand-setting-e7ab0822d702"
"艾德（木之理的盗窃者）的能力体系","是类型","setting","provisional","cand-setting-e8d79a2c6f3b"
"魔法『Earthquake』（雷纳尔多）","是类型","setting","provisional","cand-setting-e8f0c0b2a344"
"奴隶制度细则","是类型","setting","provisional","cand-setting-e920d430d40f"
"Default","是类型","setting","provisional","cand-setting-e92e90c014cc"
"复合咒术『咏唱』的机制与损耗（ch204）","是类型","setting","provisional","cand-setting-e9629859edbe"
"『Dimension』浸透率与理解度挂钩机制","是类型","setting","provisional","cand-setting-e9ada0f2f377"
"咏唱与咒术体系(罗德讲授)","是类型","setting","provisional","cand-setting-e9d5e49b4b29"
"『这里』四人体制构想(观众论)","是类型","setting","provisional","cand-setting-e9df067b814f"
"迷宫里侧","是类型","setting","provisional","cand-setting-ea001aa4ad04"
"玛利亚身世（法尼亚边境）","是类型","setting","provisional","cand-setting-ea4306918ca5"
"迷宫35～40层构造（ch72更新）","是类型","setting","provisional","cand-setting-eab443ccc02b"
"涡波的魔力属性论（冰冷/扭曲·推测）","是类型","setting","provisional","cand-setting-eaf55d9795c5"
"守护者'总有一日消失'的特性","是类型","setting","provisional","cand-setting-eb4d741cb021"
"《Zeitlos·Wind》分解魔法","是类型","setting","provisional","cand-setting-eb82994dfdef"
"『风之理的盗窃者』","是类型","setting","provisional","cand-setting-ebce586f5834"
"帕林库洛的战斗方式（拉丝缇娅拉证言）","是类型","setting","provisional","cand-setting-ebf6767fa2d7"
"柯尔库","是类型","setting","provisional","cand-setting-ec39efa6bed3"
"第五十层『这里』","是类型","setting","provisional","cand-setting-ec3e866e4dbf"
"魔法（FlyShoots）","是类型","setting","provisional","cand-setting-ec64c1fd7511"
"『无法表现为数值的数值』（守护者战成长）","是类型","setting","provisional","cand-setting-ec788270e823"
"夏比","是类型","种族(魔物)","provisional","cand-setting-eccd2bae8577"
"『次元决战演算『先谭』』","是类型","setting","provisional","cand-setting-ed09f9602170"
"帕林库洛的战争城堡","是类型","setting","provisional","cand-setting-ee439080e1ed"
"迷宫61~64层环境（ch180·话数版探明）","是类型","setting","provisional","cand-setting-ee90a71bfa7b"
"交流","是类型","setting","provisional","cand-setting-eeb2649824fd"
"守护者的留恋驱动真相（诺文证言）","是类型","setting","provisional","cand-setting-ef3e4fba281c"
"守护者的消失方式与魔石化","是类型","setting","provisional","cand-setting-ef8b5f0a904f"
"帕林库洛的位置与『南方』战局","是类型","setting","provisional","cand-setting-efc564b36ba9"
"佩艾希亚","是类型","setting","provisional","cand-setting-efef0f1a0092"
"『支配之王（Lord）』","是类型","setting","provisional","cand-setting-efff18775e0a"
"『DivineCircle』","是类型","setting","provisional","cand-setting-f0d8164d1b15"
"咒术『集中收束』","是类型","setting","provisional","cand-setting-f11fd18ec150"
"涡波体内双魔石并存（当前态）","是类型","setting","provisional","cand-setting-f12d937d4488"
"诺文的剑化与守护约定","是类型","setting","provisional","cand-setting-f1795d36306a"
"『Dragon・Wave』振动壁魔法","是类型","setting","provisional","cand-setting-f1c2368a0f16"
"舞斗大会规则细则（实战版）","是类型","setting","provisional","cand-setting-f21f383726c8"
"『连接』设置限制与五十五层近路","是类型","setting","provisional","cand-setting-f266906a9ab9"
"魔石线","是类型","setting","provisional","cand-setting-f283890419c6"
"涡波=迷宫与系统创造者自白（ch90）","是类型","setting","provisional","cand-setting-f2b15287c220"
"语言自动翻译现象","是类型","setting","provisional","cand-setting-f2ee48226cfa"
"共鸣魔法与『Flame·Aegis』","是类型","setting","provisional","cand-setting-f30d0411118e"
"决斗宣誓与魔石线记录","是类型","setting","provisional","cand-setting-f34f72dcc3b3"
"咏唱改写原理(致亲爱的一闪的诞生)","是类型","setting","provisional","cand-setting-f3f29f777616"
"诺斯菲的留恋真目（据其自述·存疑）","是类型","setting","provisional","cand-setting-f3fde1108cb9"
"涡波失忆与『重新来过』的起源","是类型","setting","provisional","cand-setting-f45e74164627"
"支配之王（Lord）","是类型","setting","provisional","cand-setting-f47390b50d50"
"技能『？？？』的情感处理真相与感情返还","是类型","setting","provisional","cand-setting-f47a8ab02f57"
"魔剑『堕落使徒』","是类型","setting","provisional","cand-setting-f4a52a249312"
"城市边缘无底悬崖与永久『连接』门","是类型","setting","provisional","cand-setting-f4ed03a7a089"
"大自然怪物增殖（ch223）","是类型","setting","provisional","cand-setting-f5874967fe24"
"艾德的'我王'与王之器资质论（据艾德）","是类型","setting","provisional","cand-setting-f5911f3bb2ee"
"阿雷亚斯家（剑圣名门）","是类型","setting","provisional","cand-setting-f599f6f88d0f"
"西斯与守护者的MP可见性差异","是类型","setting","provisional","cand-setting-f62f242e90db"
"艾尔米拉德的魔法剑技一体战术","是类型","setting","provisional","cand-setting-f63c4c141c56"
"『魔石人类』（曝光后）","是类型","setting","provisional","cand-setting-f6469d920613"
"佩艾希亚千年前史合证（史书·英雄谭·学者手记）","是类型","setting","provisional","cand-setting-f77e7589fcc3"
"缇亚的超规格魔法战力(本章实证)","是类型","setting","provisional","cand-setting-f7dc3ba4aa9e"
"罗德的千年史(史书·英雄谭·学者手记合证)","是类型","setting","provisional","cand-setting-f7f05f3137e7"
"圣柯尔库堡魔法部队（ch222）","是类型","setting","provisional","cand-setting-f8bd0b50f9fa"
"迷宫31层：沙海环境与经验值经济","是类型","setting","provisional","cand-setting-f8d9f39695fc"
"弗茨亚茨","是类型","setting","provisional","cand-setting-f9153bdcfec6"
"魔法命名理论（喊名=代价+想像辅助）","是类型","setting","provisional","cand-setting-f9162d1a811a"
"『血』与『魂』人格观（ch71·据拉丝缇娅拉/玛利亚）","是类型","setting","provisional","cand-setting-f9566c92be24"
"冰结魔法（涡波初始体系）","是类型","setting","provisional","cand-setting-f956dc4a7cfd"
"『风之铳剑』","是类型","setting","provisional","cand-setting-f9cd073c055e"
"赫勒比勒夏因之神圣双剑","是类型","setting","provisional","cand-setting-fa81ac6f8fde"
"『光之理的盗窃者』","是类型","setting","provisional","cand-setting-fac9a0269a1b"
"新月琉璃","是类型","setting","provisional","cand-setting-fad2526b224d"
"『维度・曲战演算』","是类型","setting","provisional","cand-setting-faedb71fe4c1"
"『魔法相杀』效果节制律（ch119）","是类型","setting","provisional","cand-setting-fb95cd146114"
"魔法道具版『连接』不受世界奉还阵影响","是类型","setting","provisional","cand-setting-fbce633bc5b6"
"36层","是类型","setting","provisional","cand-setting-fc3c7504ff30"
"风之臂","是类型","setting","provisional","cand-setting-fc5caab3e0aa"
"历基亚国","是类型","setting","provisional","cand-setting-fcac3e2e5768"
"缇亚的身世","是类型","setting","provisional","cand-setting-fcc39a146d01"
"『表示』","是类型","setting","provisional","cand-setting-fd24a55b30cb"
"『魔石』=力量核心体系与拔石战法","是类型","setting","provisional","cand-setting-fdea7ae6dd55"
"奈落之底","是类型","setting","provisional","cand-setting-fe02b87c14d2"
"Impulse","是类型","setting","provisional","cand-setting-fe93509f0334"
"佩艾希亚天上魔石的正体（魂·可被唤回为人）","是类型","setting","provisional","cand-setting-ff155ec26235"
"拉丝缇娅拉公开说法（大圣堂回归传闻·ch210）","是类型","setting","provisional","cand-setting-ff15a567626e"
"『感应』","是类型","setting","provisional","cand-setting-ff799f932f51"
"守护者战斗特性","是类型","setting","provisional","cand-setting-ffee9a90d4e0"
"anchor-v01c0001","是类型","timeline","provisional","anchor-v01c0001"
"anchor-v01c0003","是类型","timeline","provisional","anchor-v01c0003"
"anchor-v01c0004","是类型","timeline","provisional","anchor-v01c0004"
"anchor-v01c0005","是类型","timeline","provisional","anchor-v01c0005"
"anchor-v01c0006","是类型","timeline","provisional","anchor-v01c0006"
"anchor-v01c0007","是类型","timeline","provisional","anchor-v01c0007"
"anchor-v01c0008","是类型","timeline","provisional","anchor-v01c0008"
"anchor-v01c0009","是类型","timeline","provisional","anchor-v01c0009"
"anchor-v01c0012","是类型","timeline","provisional","anchor-v01c0012"
"anchor-v01c0013","是类型","timeline","provisional","anchor-v01c0013"
"anchor-v01c0014","是类型","timeline","provisional","anchor-v01c0014"
"anchor-v01c0015","是类型","timeline","provisional","anchor-v01c0015"
"anchor-v01c0016","是类型","timeline","provisional","anchor-v01c0016"
"anchor-v01c0017","是类型","timeline","provisional","anchor-v01c0017"
"anchor-v01c0018","是类型","timeline","provisional","anchor-v01c0018"
"anchor-v01c0019","是类型","timeline","provisional","anchor-v01c0019"
"anchor-v01c0020","是类型","timeline","provisional","anchor-v01c0020"
"anchor-v01c0023","是类型","timeline","provisional","anchor-v01c0023"
"anchor-v01c0024","是类型","timeline","provisional","anchor-v01c0024"
"anchor-v01c0025","是类型","timeline","provisional","anchor-v01c0025"
"anchor-v01c0026","是类型","timeline","provisional","anchor-v01c0026"
"anchor-v01c0027","是类型","timeline","provisional","anchor-v01c0027"
"anchor-v01c0028","是类型","timeline","provisional","anchor-v01c0028"
"anchor-v01c0029","是类型","timeline","provisional","anchor-v01c0029"
"anchor-v01c0030","是类型","timeline","provisional","anchor-v01c0030"
"anchor-v01c0031","是类型","timeline","provisional","anchor-v01c0031"
"anchor-v01c0032","是类型","timeline","provisional","anchor-v01c0032"
"anchor-v01c0033","是类型","timeline","provisional","anchor-v01c0033"
"anchor-v01c0034","是类型","timeline","provisional","anchor-v01c0034"
"anchor-v01c0037","是类型","timeline","provisional","anchor-v01c0037"
"anchor-v01c0038","是类型","timeline","provisional","anchor-v01c0038"
"anchor-v01c0039","是类型","timeline","provisional","anchor-v01c0039"
"anchor-v01c0040","是类型","timeline","provisional","anchor-v01c0040"
"anchor-v01c0041","是类型","timeline","provisional","anchor-v01c0041"
"anchor-v01c0042","是类型","timeline","provisional","anchor-v01c0042"
"anchor-v01c0043","是类型","timeline","provisional","anchor-v01c0043"
"anchor-v01c0044","是类型","timeline","provisional","anchor-v01c0044"
"anchor-v01c0045","是类型","timeline","provisional","anchor-v01c0045"
"anchor-v01c0046","是类型","timeline","provisional","anchor-v01c0046"
"anchor-v01c0049","是类型","timeline","provisional","anchor-v01c0049"
"anchor-v01c0050","是类型","timeline","provisional","anchor-v01c0050"
"anchor-v01c0051","是类型","timeline","provisional","anchor-v01c0051"
"anchor-v01c0052","是类型","timeline","provisional","anchor-v01c0052"
"anchor-v01c0053","是类型","timeline","provisional","anchor-v01c0053"
"anchor-v01c0054","是类型","timeline","provisional","anchor-v01c0054"
"anchor-v01c0055","是类型","timeline","provisional","anchor-v01c0055"
"anchor-v01c0058","是类型","timeline","provisional","anchor-v01c0058"
"anchor-v01c0059","是类型","timeline","provisional","anchor-v01c0059"
"anchor-v01c0060","是类型","timeline","provisional","anchor-v01c0060"
"anchor-v01c0061","是类型","timeline","provisional","anchor-v01c0061"
"anchor-v01c0062","是类型","timeline","provisional","anchor-v01c0062"
"anchor-v01c0063","是类型","timeline","provisional","anchor-v01c0063"
"anchor-v01c0064","是类型","timeline","provisional","anchor-v01c0064"
"anchor-v01c0065","是类型","timeline","provisional","anchor-v01c0065"
"anchor-v01c0066","是类型","timeline","provisional","anchor-v01c0066"
"anchor-v01c0069","是类型","timeline","provisional","anchor-v01c0069"
"anchor-v01c0070","是类型","timeline","provisional","anchor-v01c0070"
"anchor-v01c0071","是类型","timeline","provisional","anchor-v01c0071"
"anchor-v01c0072","是类型","timeline","provisional","anchor-v01c0072"
"anchor-v01c0073","是类型","timeline","provisional","anchor-v01c0073"
"anchor-v01c0074","是类型","timeline","provisional","anchor-v01c0074"
"anchor-v01c0077","是类型","timeline","provisional","anchor-v01c0077"
"anchor-v01c0078","是类型","timeline","provisional","anchor-v01c0078"
"anchor-v01c0079","是类型","timeline","provisional","anchor-v01c0079"
"anchor-v01c0080","是类型","timeline","provisional","anchor-v01c0080"
"anchor-v01c0081","是类型","timeline","provisional","anchor-v01c0081"
"anchor-v01c0082","是类型","timeline","provisional","anchor-v01c0082"
"anchor-v01c0083","是类型","timeline","provisional","anchor-v01c0083"
"anchor-v01c0084","是类型","timeline","provisional","anchor-v01c0084"
"anchor-v01c0085","是类型","timeline","provisional","anchor-v01c0085"
"anchor-v01c0086","是类型","timeline","provisional","anchor-v01c0086"
"anchor-v01c0089","是类型","timeline","provisional","anchor-v01c0089"
"anchor-v01c0090","是类型","timeline","provisional","anchor-v01c0090"
"anchor-v01c0091","是类型","timeline","provisional","anchor-v01c0091"
"anchor-v01c0092","是类型","timeline","provisional","anchor-v01c0092"
"anchor-v01c0093","是类型","timeline","provisional","anchor-v01c0093"
"anchor-v01c0094","是类型","timeline","provisional","anchor-v01c0094"
"anchor-v01c0095","是类型","timeline","provisional","anchor-v01c0095"
"anchor-v01c0096","是类型","timeline","provisional","anchor-v01c0096"
"anchor-v01c0099","是类型","timeline","provisional","anchor-v01c0099"
"anchor-v01c0100","是类型","timeline","provisional","anchor-v01c0100"
"anchor-v01c0109","是类型","timeline","provisional","anchor-v01c0109"
"anchor-v01c0110","是类型","timeline","provisional","anchor-v01c0110"
"anchor-v01c0112","是类型","timeline","provisional","anchor-v01c0112"
"anchor-v01c0113","是类型","timeline","provisional","anchor-v01c0113"
"anchor-v01c0114","是类型","timeline","provisional","anchor-v01c0114"
"anchor-v01c0115","是类型","timeline","provisional","anchor-v01c0115"
"anchor-v01c0116","是类型","timeline","provisional","anchor-v01c0116"
"anchor-v01c0117","是类型","timeline","provisional","anchor-v01c0117"
"anchor-v01c0118","是类型","timeline","provisional","anchor-v01c0118"
"anchor-v01c0119","是类型","timeline","provisional","anchor-v01c0119"
"anchor-v01c0120","是类型","timeline","provisional","anchor-v01c0120"
"anchor-v01c0121","是类型","timeline","provisional","anchor-v01c0121"
"anchor-v01c0122","是类型","timeline","provisional","anchor-v01c0122"
"anchor-v01c0123","是类型","timeline","provisional","anchor-v01c0123"
"anchor-v01c0124","是类型","timeline","provisional","anchor-v01c0124"
"anchor-v01c0125","是类型","timeline","provisional","anchor-v01c0125"
"anchor-v01c0126","是类型","timeline","provisional","anchor-v01c0126"
"anchor-v01c0127","是类型","timeline","provisional","anchor-v01c0127"
"anchor-v01c0128","是类型","timeline","provisional","anchor-v01c0128"
"anchor-v01c0129","是类型","timeline","provisional","anchor-v01c0129"
"anchor-v01c0130","是类型","timeline","provisional","anchor-v01c0130"
"anchor-v01c0131","是类型","timeline","provisional","anchor-v01c0131"
"anchor-v01c0132","是类型","timeline","provisional","anchor-v01c0132"
"anchor-v01c0133","是类型","timeline","provisional","anchor-v01c0133"
"anchor-v01c0134","是类型","timeline","provisional","anchor-v01c0134"
"anchor-v01c0135","是类型","timeline","provisional","anchor-v01c0135"
"anchor-v01c0136","是类型","timeline","provisional","anchor-v01c0136"
"anchor-v01c0137","是类型","timeline","provisional","anchor-v01c0137"
"anchor-v01c0138","是类型","timeline","provisional","anchor-v01c0138"
"anchor-v01c0139","是类型","timeline","provisional","anchor-v01c0139"
"anchor-v01c0140","是类型","timeline","provisional","anchor-v01c0140"
"anchor-v01c0141","是类型","timeline","provisional","anchor-v01c0141"
"anchor-v01c0142","是类型","timeline","provisional","anchor-v01c0142"
"anchor-v01c0143","是类型","timeline","provisional","anchor-v01c0143"
"anchor-v01c0144","是类型","timeline","provisional","anchor-v01c0144"
"anchor-v01c0145","是类型","timeline","provisional","anchor-v01c0145"
"anchor-v01c0146","是类型","timeline","provisional","anchor-v01c0146"
"anchor-v01c0147","是类型","timeline","provisional","anchor-v01c0147"
"anchor-v01c0148","是类型","timeline","provisional","anchor-v01c0148"
"anchor-v01c0149","是类型","timeline","provisional","anchor-v01c0149"
"anchor-v01c0150","是类型","timeline","provisional","anchor-v01c0150"
"anchor-v01c0151","是类型","timeline","provisional","anchor-v01c0151"
"anchor-v01c0152","是类型","timeline","provisional","anchor-v01c0152"
"anchor-v01c0153","是类型","timeline","provisional","anchor-v01c0153"
"anchor-v01c0154","是类型","timeline","provisional","anchor-v01c0154"
"anchor-v01c0155","是类型","timeline","provisional","anchor-v01c0155"
"anchor-v01c0156","是类型","timeline","provisional","anchor-v01c0156"
"anchor-v01c0157","是类型","timeline","provisional","anchor-v01c0157"
"anchor-v01c0158","是类型","timeline","provisional","anchor-v01c0158"
"anchor-v01c0159","是类型","timeline","provisional","anchor-v01c0159"
"anchor-v01c0160","是类型","timeline","provisional","anchor-v01c0160"
"anchor-v01c0161","是类型","timeline","provisional","anchor-v01c0161"
"anchor-v01c0162","是类型","timeline","provisional","anchor-v01c0162"
"anchor-v01c0163","是类型","timeline","provisional","anchor-v01c0163"
"anchor-v01c0164","是类型","timeline","provisional","anchor-v01c0164"
"anchor-v01c0165","是类型","timeline","provisional","anchor-v01c0165"
"anchor-v01c0166","是类型","timeline","provisional","anchor-v01c0166"
"anchor-v01c0168","是类型","timeline","provisional","anchor-v01c0168"
"anchor-v01c0169","是类型","timeline","provisional","anchor-v01c0169"
"anchor-v01c0170","是类型","timeline","provisional","anchor-v01c0170"
"anchor-v01c0171","是类型","timeline","provisional","anchor-v01c0171"
"anchor-v01c0172","是类型","timeline","provisional","anchor-v01c0172"
"anchor-v01c0173","是类型","timeline","provisional","anchor-v01c0173"
"anchor-v01c0174","是类型","timeline","provisional","anchor-v01c0174"
"anchor-v01c0175","是类型","timeline","provisional","anchor-v01c0175"
"anchor-v01c0176","是类型","timeline","provisional","anchor-v01c0176"
"anchor-v01c0177","是类型","timeline","provisional","anchor-v01c0177"
"anchor-v01c0178","是类型","timeline","provisional","anchor-v01c0178"
"anchor-v01c0179","是类型","timeline","provisional","anchor-v01c0179"
"anchor-v01c0180","是类型","timeline","provisional","anchor-v01c0180"
"anchor-v01c0181","是类型","timeline","provisional","anchor-v01c0181"
"anchor-v01c0182","是类型","timeline","provisional","anchor-v01c0182"
"anchor-v01c0183","是类型","timeline","provisional","anchor-v01c0183"
"anchor-v01c0184","是类型","timeline","provisional","anchor-v01c0184"
"anchor-v01c0185","是类型","timeline","provisional","anchor-v01c0185"
"anchor-v01c0186","是类型","timeline","provisional","anchor-v01c0186"
"anchor-v01c0187","是类型","timeline","provisional","anchor-v01c0187"
"anchor-v01c0188","是类型","timeline","provisional","anchor-v01c0188"
"anchor-v01c0189","是类型","timeline","provisional","anchor-v01c0189"
"anchor-v01c0190","是类型","timeline","provisional","anchor-v01c0190"
"anchor-v01c0191","是类型","timeline","provisional","anchor-v01c0191"
"anchor-v01c0192","是类型","timeline","provisional","anchor-v01c0192"
"anchor-v01c0193","是类型","timeline","provisional","anchor-v01c0193"
"anchor-v01c0194","是类型","timeline","provisional","anchor-v01c0194"
"anchor-v01c0195","是类型","timeline","provisional","anchor-v01c0195"
"anchor-v01c0196","是类型","timeline","provisional","anchor-v01c0196"
"anchor-v01c0197","是类型","timeline","provisional","anchor-v01c0197"
"anchor-v01c0198","是类型","timeline","provisional","anchor-v01c0198"
"anchor-v01c0199","是类型","timeline","provisional","anchor-v01c0199"
"anchor-v01c0200","是类型","timeline","provisional","anchor-v01c0200"
"anchor-v01c0201","是类型","timeline","provisional","anchor-v01c0201"
"anchor-v01c0202","是类型","timeline","provisional","anchor-v01c0202"
"anchor-v01c0203","是类型","timeline","provisional","anchor-v01c0203"
"anchor-v01c0204","是类型","timeline","provisional","anchor-v01c0204"
"anchor-v01c0205","是类型","timeline","provisional","anchor-v01c0205"
"anchor-v01c0206","是类型","timeline","provisional","anchor-v01c0206"
"anchor-v01c0207","是类型","timeline","provisional","anchor-v01c0207"
"anchor-v01c0208","是类型","timeline","provisional","anchor-v01c0208"
"anchor-v01c0209","是类型","timeline","provisional","anchor-v01c0209"
"anchor-v01c0210","是类型","timeline","provisional","anchor-v01c0210"
"anchor-v01c0212","是类型","timeline","provisional","anchor-v01c0212"
"anchor-v01c0213","是类型","timeline","provisional","anchor-v01c0213"
"anchor-v01c0214","是类型","timeline","provisional","anchor-v01c0214"
"anchor-v01c0215","是类型","timeline","provisional","anchor-v01c0215"
"anchor-v01c0216","是类型","timeline","provisional","anchor-v01c0216"
"anchor-v01c0217","是类型","timeline","provisional","anchor-v01c0217"
"anchor-v01c0218","是类型","timeline","provisional","anchor-v01c0218"
"anchor-v01c0219","是类型","timeline","provisional","anchor-v01c0219"
"anchor-v01c0220","是类型","timeline","provisional","anchor-v01c0220"
"anchor-v01c0221","是类型","timeline","provisional","anchor-v01c0221"
"anchor-v01c0222","是类型","timeline","provisional","anchor-v01c0222"
"anchor-v01c0223","是类型","timeline","provisional","anchor-v01c0223"
"anchor-v01c0224","是类型","timeline","provisional","anchor-v01c0224"
"anchor-v01c0225","是类型","timeline","provisional","anchor-v01c0225"
"anchor-v01c0226","是类型","timeline","provisional","anchor-v01c0226"
"anchor-v01c0227","是类型","timeline","provisional","anchor-v01c0227"
"anchor-v01c0228","是类型","timeline","provisional","anchor-v01c0228"
"anchor-v01c0229","是类型","timeline","provisional","anchor-v01c0229"
"anchor-v01c0230","是类型","timeline","provisional","anchor-v01c0230"