claim_id,experiment_id,zone,tier,iv
a35e3f5993fe4fccf724a4c2fafe8ba5b0d4b1895e8d1cd36067c999b33b3fc2,RADAR,开放前线,0,0
982e22c19276a26488abafe959910215c359a222348dcb1761c76651fe842bcb,RADAR,开放前线,0,0
880bacff2d17988d4d6f5a0b85271460b5f48e666bd38ade07e8a4afb5c2d25b,RADAR,开放前线,0,0
48094544f678af54431badee1ea696f5b331551f026d0af73cb166ef9a0ff369,RADAR,开放前线,0,0
cafb866ce17a96433a1ff3df7dfe4a288dad9cfb7fa0d8d9aeb3bdd2f384538d,RADAR,开放前线,0,0
01e7e5c34a35784a5aa4854b7d0019bba006d8fed919d342187f0f55ed68c212,RADAR,开放前线,0,0
c71b2627aa40b3564ccc2be93ebc49b919eccaafc0832d2bb4f5d487bad4c92b,RADAR,开放前线,0,0
a6c0b3d911d4d57a1a2462082e2ab84c838c9b9718a7e1722b3217558ffc4506,RADAR,开放前线,0,0
4123888e7d277d412f7e6ae2243630a6722999153b6bf5261cb56b6a339b978f,RADAR,开放前线,0,0
6c40f463abdba826697f9295138804a36b8a1b0f233544309e51093cddc00d42,RADAR,开放前线,0,0
33629df70c974a3ee8cb993d1427bb25835bf81654842c035acac26c143f8ab4,SIM-REPORT,开放前线,1,13
bf1a9d27c300e4e2e43b550ae2a4df4d6627c1638a5e1ad08ef180b953eca900,SIM-REPORT,开放前线,1,13
220094717193c09361c2c0c726b5625140a1b3b10b62eca5619e46b19188480a,SIM-REPORT,开放前线,1,13
f2ba8bbcfefafb3cf13ff540a2c52a03e4ca35833b2356f9e4ddb68362296bb5,SIM-E14,开放前线,1,8
44255aca17c695e480454cdd7d0d43531430a7c8522edfc9aa221acd58d9b53a,SIM-E40,开放前线,0,0
229cc9d1b9e95720d6e39641ec4b2b027527caf4042e835442873901b93d5371,SIM-CODEAUDIT,开放前线,0,0
02e147d2f9cbc4927052d1a14f91d7d6643804f8d4f633c8125fa90e17b40f9f,SIM-CODEAUDIT,开放前线,0,0
7624984b7af7cf9c4ec722bcd212fb58fae644b77c0a732cfa98c16285749731,SIM-CODEAUDIT,开放前线,0,0
ecf4bdabcc74fa1898f83d478810a9f7676f5e0b84087f6c4c6aa326fa3e9f39,SIM-E1,开放前线,1,1
a7b5a905ff3bfc190cf424073e2074fd780067be2ac425515c8565628f476011,SIM-E14,开放前线,1,8
6232b8664e9f9dd9f6b31526f5f70d2277bbc5d5b2ff32cd89a688c07dcc41df,SIM-E28,开放前线,0,1
88f1bd4145d19fcfe96040ec928a818102983b84e6fc9af749c8a692f546a4af,SIM-E31,开放前线,0,1
df90762415061e23132ba5cd79296472ed4af8df9bd6d4fb72db9edf31162da5,SIM-E80,开放前线,1,10
767ebd7d1b691da9f1ce1cddbd4b95e696604bed6a18d6b46348856644e7d16b,SIM-E8,矛盾区,0,1
8814971d9f81a809939bed070e9f59bec544f92c6dc25e25804a7a26ba330701,SIM-E14,开放前线,1,8
07b18f4957cebe785043543c6588d54594af4315b2c1ab531d34f6126b8b9256,SIM-E14,开放前线,1,8
233103768f06147e085e102113d73613b9ae3739182f920c63cfa7cb38abf1b0,SIM-E17,开放前线,0,0
bdc2815f6ffb999e26b4e1ef05090de41b0594ba00862488485c55f7dd19211a,SIM-FAILLOG,开放前线,0,0
5c74fdba4e820efcf8fc2ef977f5c7d9523a396d1b9453c68d579ae4a0eb5491,SIM-ARCH,开放前线,0,0
2c61da34e02202d604b5985c45e00913ee0019224d03e57e1f245f54fb781990,SIM-E24,开放前线,0,1
f81d75778cbc35eef3aa912e5c111a31c154378fd115e57554516e91d91573c1,SIM-E40,开放前线,0,0
19f1ec2d709db9cc8d477394a468a54a132afb52033e754e3eddee701d216405,SIM-E34,开放前线,0,0
82469d785aa41218389a6e47d65e29e766f750a54c8bf96d7224b1068dc98a0d,SIM-REPORT,开放前线,1,13
89d76471063cc3f5866c3f34da372e6a5f5b74a560f945ce3324c130728f9f72,SIM-E80,开放前线,1,10
0cf5aa2976a9cca94f280c4117ab230fb3e272100bba8cf1b95c6d653ddc8881,SIM-E14,开放前线,1,8
603c3114d0e437824b6207780b20a9078099f06f49bff64d50aef5eb3de650a7,SIM-E40,开放前线,0,0
6ee879f2147b6f3ce4d2e52e7357232514eeea975a5979f63f0c40c6b792dd4b,SIM-E14,开放前线,1,8
d4b62d6b0137c92e98cedb8c7afe5e439982dfed50b451441257d0692b7aa3d1,SIM-E7,开放前线,1,6
b59a275c732f919a1445b57eaf56201e4331298813fc99d90c271bf8a6f5603b,SIM-E8,矛盾区,0,1
1a10d4565aaebc30a216c6763373810d147703ffe6a70d920b02e92985c90791,REAL-PLAN,开放前线,0,1
76f4d2af74ea6f01e8b3551458af92b01497ea4000e6e5d03731be8650212ce9,REAL-PLAN,开放前线,0,1
05bf28eef0ed53e4cf9dab951d7a1636d6b1d5d64b6e8210605507bd95de4766,REAL-PLAN,开放前线,0,1
96b6cd7bcb97d54d6b3e06de71e44c884904baaf4ccb70086f1573cb61debe26,REAL-PLAN,开放前线,0,1
682158de6b20ca3f1d5487718f4af0c737b732c408b29121f83e265c04d9d099,REAL-PLAN,开放前线,0,1
c6b3b43c4ffc58a34b8eb218af4d171afc4be6c2c4afa94528d76ff3b5842418,REAL-PLAN,开放前线,0,1
9767d424e046609012d1d34d80f091638de4a2816704e7e6a7d9003117f2ceee,REAL-PLAN,开放前线,0,1
8075e29065e969d244c4fac1c4b5df46ecf016d9eb1b3a2562b9a172193b2fc8,REAL-PLAN,开放前线,0,1
07cc0f70bc86a3fdc35897494ebb8127022f496fe14f1c6cec553ef8b01c2ca5,DS-R1-1,开放前线,0,3
ce9df7f9be1b115bbcda8f03d62f9beeeca7851ee82b4440d507563f557e6739,DS-R1-1,开放前线,0,3
d79167e18c93d8d61eab657d730a733c552650bfa334cd470f69b447edc5b7de,DS-R1-1,开放前线,0,3
bdb8fce6dfab5755b336d428dd7b2d17ec8c96fa3f055448238d610385140e01,DS-R1-1,开放前线,0,3
793069b5a0c7d3ab459c5b67b08ee090de0c394082d6a29a68ea9973cf01c0a2,DS-R1-1,开放前线,0,3
7c449224a57da25759b81dab93b877e62aa575758c54228df0e115b2197cdc16,DS-R1-1,收敛区,0,3
c57f96b1b97bebbdaaea254a6aec029c384a2f3d690c4fcdfeb84daa156643cb,DS-R1-1,收敛区,0,3
424245f5cc6087a9bc23fd34ac9210f076ba3ba287cf3ed0d0958212d654be96,DS-R1-1,收敛区,0,3
1224cedba0dd70133bea70bcfc8005050804cded08cfa67d8589df8388d923f7,DS-R1-1,收敛区,0,3
127e98b3f50b9a2343e13e46f8af58527cc86e76fc952538965adeeb3fe1047a,DS-R1-1,收敛区,0,3
b2b4d2e72ea4197040e19b0d52e42bf33ade51fd6e916be2c6e164e33dd01aac,DS-R1-1,收敛区,0,3
033df02e642ce28c1b8c8fbc791c0ae4e1529b6b0f20ae8c2ab36db79db91486,DS-R1-1,收敛区,0,3
fd6dcc6db8a0c9ebbf4527e3ef781a266b8cc9db162adcf6336961257c71a387,DS-R1-2,开放前线,0,1
ed174323b9608de55c702282768635d86916b4648de436d138ab5c2fa04e690a,DS-R1-2,开放前线,0,1
fd40ead746cd39099e7a4dd91821acd141224b89042e007201e4134d2a638d42,DS-R1-2,收敛区,0,1
c63e445d76b305c67fd0318acbdf7f899b4eaeb851cdfa6dadefd3517de22780,DS-R1-2,收敛区,0,1
f9e6c2184f3b39d94ff1ed5fdcf53d00e1420e084c9b0c64b16c298ee19d27f5,DS-R1-2,开放前线,0,1
c0f5b1b79d25e498912eabf2fc12270357eeb417ccfb51386e8a9af4facb82d2,DS-R1-2,收敛区,0,1
0a0d007109a9a3d85d5a872d7efc2ca18d181edb7079fd9e53cfccb4fb26eed0,DS-R1-2,收敛区,0,1
5772a23ae0aff147a68126b71374d0549922bf14c88f516ae6c297c45c14375c,DS-R1-2,收敛区,0,1
84c603bc20df58567611ffe00b34fe08ff3e6f5519b65bc2bee6ecd7f806c768,DS-R1-2,收敛区,0,1
c7480a891fb401db6eb86aed54dd01908c5d16b4bdb2025fd31170b05b11484b,DS-R1-3,收敛区,1,3
e330bacbd4231999276a7387c072053ee052590de88413f2320c6b431c829607,DS-R1-3,收敛区,1,3
86b89964436c40cde51c919cf802252f515d7624418cbf0f7371180466115d0b,DS-R1-3,收敛区,1,3
91cf089c8ac62d5d1d7f5927b25950c1235e3397fe3a27f2bcdb64d137e0f27c,DS-R1-3,收敛区,1,3
b82dd64fefe3e431c56efe779457eefad5a82b192c0e5a2cccdb5a2c49d02245,DS-R1-3,开放前线,1,3
9f7f4b66e91aadbd85e846ee37e6e029041bd7763d209601ed9fb0ae6a5569a4,DS-R1-3,收敛区,1,3
455dbaeceb0ba248eb3ae3a15465ec728d714578058dd55fc15de7ca1d3dfd47,DS-R1-3,开放前线,1,3
f852a849b446de73a2f46d709bf677022bc73b808d3a70730f32f33cebbb6432,DS-R1-3,开放前线,1,3
0b144b93eec4f5326726b20f7e082a83f08c9486837b232abdf0eaacd23dd4b4,DS-R1-4,开放前线,0,0
49e9932f9f4d183dc79196337e720f929131c78b46b15b3fecfa6ff97825074d,DS-R1-4,开放前线,0,0
af455f5aef222332f12853eeaf3c0ffe3b19696d1b9e21b34c07369d64036b15,DS-R1-4,收敛区,0,0
0749f76249982db94a0b49990312f18542fc7ebfee0879e9cdaeca3d92c8ed13,DS-R1-4,收敛区,0,0
ec730c1c37fc14911203a37c0f56638b6a17dea83bb18ee10de5667581ea401f,DS-R1-4,收敛区,0,0
fcf53430c6bdc972890b3cb493d5161bda46a6f539abe74de7677936c2e6f020,DS-R1-4,收敛区,0,0
60fbb241636a84b524ccb90edad61339f73f595add6ff1784df5e28344df54f1,DS-R1-4,收敛区,0,0
01b1fb88230f2e34675fc6d482584775565587476ff24624beef65386787569b,DS-R1-4,开放前线,0,0
d996ddf2e5167ea01160a5550e99d38d4974db0236c3536897de945b0482c090,DS-P1,开放前线,1,2
2f381297e68d8299d5426ce0ab4039d2d9c36cf8a084b74519ed009adcc1dda8,DS-P1,开放前线,1,2
bb10adbbc69c3acd49d8a7689129d01452bd2237610b9175fe55517a7e6ad336,DS-P1,收敛区,1,2
6784ac61eac69fc6927bb6e7a62165de7d7b78657e6e5eb63edb1ac1ae40ce7e,DS-P1,收敛区,1,2
c95d1df544d89374fa2ad431a88866c05583c439be67cf5575d2109da966459e,DS-P1,收敛区,1,2
d0f65a3e56a4b8ec83a7b7bb8cf2dcf447ec5dc1702b88f7d0852eae9b1ec8ae,DS-P1,收敛区,1,2
ea70a0033aa68bf43474f9261dded5f392114e4bf8cf007bc138251724bff94f,DS-P1,收敛区,1,2
0b342b72b5380f179c516a4431636e38dcec890a60e6204778218723913b9399,DS-P1,收敛区,1,2
8f3da644be6ddd59f6e6cb2bccbc423b5e208225c4871a4006af97dd4a5286fe,DS-P1,开放前线,1,2
e4c5d9924c92dfac122c8157412a68e8976cf7f733bcb23752cba1b1b9073eb3,DS-P1,收敛区,1,2
3a042e8c34ec55b02f65fb637f97fd1cd969a7fc5d7d46666a13a6b395d8a098,DS-P2,开放前线,0,0
3aef63a728a6e7f369c564011e21d7eb43f1c5aab9424a79f4f1b25c5bbcc768,DS-P2,开放前线,0,0
348e7700b5248cffed153f0c715c8890b0fc7d34ebec81b9ab5aebca0ab25647,DS-P2,收敛区,0,0
9a50485de8034305edfafa68746d46cfbf70c6702950e090dedf1fe6f6607d99,DS-P2,收敛区,0,0
55fd880ad11b2a773d68459e771dc0106f988b92279fefd96804aaec8e231624,DS-P2,收敛区,0,0
f68cd5f5e7567676e5711800d386f5e500e5f3ee3ea72a44dfa89a7773bd6d80,DS-P2,收敛区,0,0
a6925510e68187bae761f452cc29a4cc64158f320575468c6ece7e5c24cb4b4f,DS-P2,收敛区,0,0
dc3ab5d4dd997e789b069ac8421e324f559e71d8cde446f8171ed164415c1c02,DS-P2,收敛区,0,0
7e2dee70801636a4df2211e9ea7b0ff80cb275566586856b2f15ee104a8fe7a3,DS-P2,收敛区,0,0
430431fe2e3d4329ba90b2cda08ae66045a0a3a8cf3f451096260224d347f2d5,DS-P2,收敛区,0,0
48c85d8e1b55089caff2af0dc6f3985848f893c0a501644f637dabc4237a0e00,DS-P2,收敛区,0,0
49d1776fe03d563898b8d79b39cb42eed4adb4f5f3b836315fac7187a06c4159,DS-P2,收敛区,0,0
cffe51720487c7e8a8da6fd7ecdf793940257d1a4271c7ed61ec3053c91e537e,DS-P2,收敛区,0,0
c91f5457d78e9da7c55c31df82378df845283ec390d26523e3d3e8d75caba66f,DS-P3,开放前线,0,2
e7301205ddf4b343ce11fdee3fe284446fec53120dbc913abaee593c8b4ea2f6,DS-P3,开放前线,0,2
1ac4138ac344eca7ff6684a31bcee48ad77a37d4c48c3aefaf0149c39ddf89e8,DS-P3,开放前线,0,2
728d7d1bdcc3fff4986276e487e9b03920e0e2e49d500bce36c40bb1ca5c94bf,DS-P3,收敛区,0,2
ba7c35fdc971f3eee847e2206b0846d4453281a87798b16c1d483b8ac7286184,DS-P3,收敛区,0,2
b09ecd2bbf1ec7defed18ce693e33a947637077aeec2a368f419f3cacf2e0146,DS-P3,收敛区,0,2
041a9d5f3918b56d72868281cccbe51559ea0382026cc2b03660b986eec01940,DS-P3,收敛区,0,2
d3cb9684eec0824770d9f48630a027ff6847d41073d74c54b3661b8980f55e3a,DS-P3,收敛区,0,2
37fc9ee41260008e75b49ca8d3103ce460f66e5f9cf329f81d006806a9f7819d,DS-P3,收敛区,0,2
f254202778aea1a7a3e53ef3eb7021a03f42c0420bed64b4e95c9aefe2e627e8,DS-P3,收敛区,0,2
efee7c3d28b59cdd35d285f4f05cc3f682e4c8c07b5e25a7c51214f63daae7df,DS-P3,收敛区,0,2
b12ff77fae549c3867e8317a1582a496fe24694e62c4d8855c70278d73556bf2,DS-P3,开放前线,0,2
87e44c5f68909b26c8f0ebf2e61d611124bff64c40c9595abd6ce2980423dffb,DS-P3,收敛区,0,2
06070b05f6997319800563279b296c581308cc3a842bdc0c1228c0e86192e9d5,DS-V2,收敛区,0,0
44bb22c61a4e003e95f626a72bc0649ccc155b8b39b081d582b692771c7c79b4,DS-V2,收敛区,0,0
74e5e066a8e3789713b91a40af9b7f92fef88b9138480f13681b90cf42f06c22,DS-V2,收敛区,0,0
7f6d5e5497aba697222806837992cb9ece74fd342bae2dfff81b72a4251235de,DS-V2,收敛区,0,0
93d63b1de623db48d043df8d1e1f613165f1933a02679914b06c4b0e1ed16408,DS-V2,收敛区,0,0
743f58181d24da7c2def3e82a60e816fc76080c55284b37154d4f771f54267e4,DS-V2,收敛区,0,0
4f94370c0b385b11fb286717e4325639641da627903b924fcbab5544c74f048a,DS-V2,收敛区,0,0
da05fce0a1b7532071ed18376fe1339a12b5d2577e4b92764a92a2f3ba321938,DS-V2,收敛区,0,0
470605b8eb7720509b5c87682e1fdeed9534a1f8d24aa64aef5d0f9b50bc09b9,DS-V2,收敛区,0,0
1050bd3d24261d42df2c16253c5fc0e968a0553a28e790247849b8beac3bdcb8,DS-V2,开放前线,0,0
0a8a6a89a48b67eb299a88a841c2aa5bcedb4e6fcfd726f8baece1ddb9216697,DS-V2,开放前线,0,0
91a57dd5c993dd958e10f86bf0f61429bbab2d47a5ebbf7c85dd15b7be5c22fe,DS-R1-1,收敛区,0,3
da8f32eaf13f095344665906dfd13938e7b5689580a6a64c5670b97b249dd629,DS-R1-2,收敛区,0,1
c5b506dc282925175c99737cbc8f501a6f9e512ccd802d74036e17a8c92e3081,DS-R1-3,收敛区,1,3
f07ad294f957c83f595af372f245454231f379f4e5bbcb8b8b3f782e6db75005,DS-R1-4,收敛区,0,0
d2f40cc94e51dfc94b8b0b9d15185e62578eba65e75c9234a3330bc780574c8c,DS-R1-1,开放前线,0,3
7fa4fb49805a0ac6dfe086ef4a27e6793f34a32fccf3ef0f01d06750e9c1ee5a,DS-R1-1,收敛区,0,3
57398f2678eaa4b39265363448550d232a3b9977c28628030b076b6eab21984f,DS-R1-1,收敛区,0,3
2e30417f8f176697bee32d2f8f19f19e4e1ee592f9c1e29b476a6b2905231e85,DS-R1-1,收敛区,0,3
e044cb849da6f1b2e353fad8c66542db5bfa024743a076d8a5a45a189aaa7608,DS-R1-2,开放前线,0,1
163e1693c200a3fba02f3d490106b05b4c0fca01e66746684e681b9280b5539a,DS-R1-2,收敛区,0,1
4482d9c7a33d4f3a9a0300240ac04f2a49231a3c33e54c52aa0b083ac9c35597,DS-R1-2,收敛区,0,1
568d7bab75e4a2cef6f8e520a66178f9df64bb96a23c79f446d4954a63fac624,DS-R1-2,收敛区,0,1
06af3c9c784e3374cccc291e79f838ac07fe23059ca9d225014b90b367fbd150,DS-R1-2,开放前线,0,1
55aa19fd5789fffd8ffd725de3878cb80192190c8ac52c1b38a1d74876e14535,DS-R1-3,收敛区,1,3
1ad6e4d6355b1dc1461c44fa45584105fef534810bebb084508ec6ea7fd0dc36,DS-R1-3,收敛区,1,3
86ef8945f7a3785dcbcbce937b322ba81d1b03b2cb0294c22ed1ad8244c0534d,DS-R1-4,收敛区,0,0
5041302dda51f44511b4beca369b8fba113fa704ec571208007e2986950686f4,DS-R1-4,收敛区,0,0
6d70920bfd437c124561a56a6e437407eae6e1ec88273fd0d25e69abbe855362,DS-R1-1,收敛区,0,3
644d0ba3e4cd7fa716f99ad2ab8d68759cccc794ec32c90be5d02ea129dad311,DS-R1-2,开放前线,0,1
0be53cc849f49d0b82caa1516e61d8ae582d18b873c81a9ea1513852f7e9b3c0,DS-REPORT,收敛区,0,5
88ffa4469e56ba26fd11295638ac6aa92a96181f4ddfb5797a1d264c51f62a1d,DS-R1-3,收敛区,1,3
68337b3e3aec55c9ae4691bd1f1687c2632d896bdabca1e65ed00ff05aa8d330,DS-R1-1,收敛区,0,3
06c588a6d0c3892f15fac87601b10afaac130f9ba1a7be50a906d490f9664f55,DS-REPORT,开放前线,0,5
c6ee9e576a7a54575fd63bcbb2060e8541bd3d6adb1cc664889a63320ba4410f,DS-R1,开放前线,0,0
24ef3d85f09279a70ad99be0faa1ac5ab7e3c35aef4c6fb0852f2573730a9d9e,DS-R1,收敛区,0,0
4bc5ca5f9ecbcc3707e07b7038c7c31b705e37df826e446c09e37aad6328a98c,DS-DESIGN,开放前线,0,1
5085526c73b43b7405f365e5af2fb6eb4bf92d4e63be4ffee5d52277e4fc3fc5,DS-DESIGN,开放前线,0,1
5de59b9b4ede57c0dd675110174365892de2f6efbaca5bdb478d1fbefa50ac57,DS-DESIGN,开放前线,0,1
af9c14e65fafd08584e643ccc4937d047f66c78686726b43b61d2269100ebd08,DS-DESIGN,开放前线,0,1
6796b6abb528b84bf5fc49b046e1c751747701f14fe50fe1354c772a011b261b,DS-DESIGN,收敛区,0,1
8d04184112ef6e7e753a18e42910449025429caf2dfaf25c17941c0e8a3ee8ac,DS-DESIGN,开放前线,0,1
8df7cd400989595eb4d1c18eec67299d947951e24c1233be60abb81c15121498,DS-DESIGN,开放前线,0,1
3c14f45e1d319a443d6bb6b1c5df9cdbcc1807306ec44a48fb593fb421eecd69,DS-DESIGN,开放前线,0,1
5f06832bda80f7bc6ef4df2b32b5c7aad7decb8db6414fcf0d4aa018cc060898,DS-H1,开放前线,0,0
f9ffa6b60d1770c828f0db5ec36b2636836c66923a2ad2aa2e3cd9f7d0e194b4,DS-H2,开放前线,0,0
f063ccda54a2de629e9a2a400cb5b2451ed23c2385f9a1d80563380304498d85,DS-H3,开放前线,0,2
8136d631cc7a280adc0fec3977ca8fd395f6fc8195206340df02251d893d0978,DS-H4,开放前线,0,0
56f87b2d39e169c4db26a43015ed0e6da0e6b5d8d1c8447267442a9c9f1615e3,DS-H5,开放前线,0,0
27d0b0961f92ba89379e8dd0d23d275be65ba3faba47ba5da6bac5972889b5b1,DS-H6,开放前线,0,0
c8f9110280e2ce678880e6ccdd15a08d6a4da40de8e55805f0feed773d9e32be,DS-H6B,开放前线,0,0
42ae1dfec9f9d22670d7cea28a021d6806163d8957fa7716e1c9398113a4555c,DS-H7,开放前线,0,0
f18d47a67258256e827e895f30e90c4cc27dc40f4ba702b81d71760b887129ba,DS-H8,开放前线,0,0
89bad7cc6a554acccea697a91ca51ea6624c8e78ea8c14c5fd671e2e66fa10e3,DS-H9,开放前线,0,0
b1d85ff64c63054d6531517a1d3855bda9b2f7c0dae7cb3c88452e70efd3de0e,DS-H10,开放前线,0,0
ae5779e2d258fa7360c00dc653eebcef6ee16345f2cd05cf86b681b0bb34d300,DS-DESIGN,开放前线,0,1
77a7d848b731b6a22248cfb87886204cab7a116aac867998858ab142b217c325,DS-DESIGN,开放前线,0,1
32cfec950fc0f4b97f853db10b77a457c094ac0e5c587446c63767a60d79bf9d,DS-DESIGN,开放前线,0,1
91cffeea06113e6b675e7a8e71794b067e84c2fb28fe87e34dd2d94f37866e94,DS-DESIGN,开放前线,0,1
5885b580bf339b8e91ac9e8dd614d0d6896cc7547871b38ada78a6c1b78732a4,DS-DESIGN,开放前线,0,1
67620d22c6a8dc9c461b3c783a751f14448f8b1cdd98df2a341febdac959a49a,DS-DESIGN,开放前线,0,1
1a58b1f7ce7e06a5ac90cd3c973a679c9a0b0eb7f44488d911e0fe6f0a9bf566,DS-DESIGN,开放前线,0,1
dfb3f4b0975e9e92de9e3b0f83020ca70dca9e377bc66960cc1841f7b6509a03,DS-DESIGN,开放前线,0,1
923bd5e47c848ffed17e5932565816ba735ec803c4484996950c563b18e302d7,DS-DESIGN,开放前线,0,1
58fb8e80344430d0b1f3ed41ced58f67eb0729d2a0ab41c68cde7434e0fe218d,DS-DESIGN,开放前线,0,1
dfbdb33658ec2632778cad2f663522b007149fb3d988f19a60e0983b0ff5de93,DS-DESIGN,开放前线,0,1
82b83c829aa06de055429c5899d0c0e9d1e928ab8350313d37fffb127818691b,DS-DESIGN,开放前线,0,1
2e721cc8478f4243869823eb6539a93d0bb7c8e52fd0c59c2ba9b3ff57cba461,DS-DESIGN,开放前线,0,1
dde6b6205e3110db6990ce1e18d30fd684ab5f01c2c82ad9521fcccd3affaa22,DS-REPORT,收敛区,0,5
77241513bcc99e383857ebb638c598ca7f279d5a6626453de436ec76b53d445f,DS-V2,收敛区,0,0
c23486225808c5afc12ccdd33bbc13a9d770573236d469333843cb0eccfa6a63,DS-V2,收敛区,0,0
3e6405da9c344ca41babed8317edd2c98bf3cd0cf5f3fb2923991f0cec3dff65,DS-P2,收敛区,0,0
c9c29a5e6d0ce9afe32f8f3e47654f85dfdaf49c0332ade3eb02762f19088bf0,DS-V2,开放前线,0,0
3e6144258354f2d49e597ac7e79a091b980489f2edb4481b7218e2266cbb1bf3,DS-V2,收敛区,0,0
18344aef6a86131bc1a2ef80cf81cfc544657816c61d8324fbcaa9819a0f4488,DS-V2,收敛区,0,0
65444b938e863ff3bf07f641a8ea5bc194a2a7756d8967aa9eeffbf3da8bfde9,DS-V2,收敛区,0,0
b454ac18b0936524b88a76cb7593ce3f6f61c83e7e213e4448981d2122ad138b,DS-V2,收敛区,0,0
6d8e0f515908137f3cfc960264b63e4cfd4079fd5baa1962edac0bb5a0bc36ec,DS-P1,收敛区,1,2
16c3e2e7ad6cab9f064de0d137e867caac050d610baa999d931d098d383c23ae,DS-P1,收敛区,1,2
5ffde62e489529b0ee977b2ebca33592ba4948f693316c7b66a304d69e0b7829,DS-P1,开放前线,1,2
d99a06939175d18124e08e535ff8f9ec900ec9b5589cbd66037a810de320fa9c,DS-P2,收敛区,0,0
d16346f986b19a9dba48c45fbd55d3a54ca4783fb8423d93b2b1bbab11b34f36,DS-P2,收敛区,0,0
93a71c197716052c649bae248e3c0bb977a6170b6317b4df8f330c91f7d743cf,DS-P2,收敛区,0,0
2594ce014a401b030ad4e85f8f7b1de1d5c2bc3eb14f86959a78345e6e7666a9,DS-P2,收敛区,0,0
076a3bf02b528086b22ce79b2cc5ae6f1bc774c4a613d3297df188edc825a47c,DS-V2,收敛区,0,0
dc85e348bcef9f81216d719641aa2c58ea9ce5d76ffd45df91a8e508987d5d69,DS-P2,收敛区,0,0
8f5184c712e96520545a3de1bda4a05ac0fccf0ac4c9699c49c2ea1e799e6e88,DS-V2,收敛区,0,0
36966a52c5850d6430fe6cffb74a2c3398a9a49b046d563a64d87c4677fd072d,DS-P1,收敛区,1,2
ecd6c7206efc6b93f1e96ee640d63965ff6d647996b7490e0309d0ea4ce17be1,DS-P1,收敛区,1,2
f956090ee4caef7553fbc3464e499c22def894b87df3635f548175cb967f5937,DS-P3,收敛区,0,2
d47bc87fdd477e60f044bcc9fb818ac9a0ee4a2181cf5cea3bc24852893b6822,DS-REPORT,收敛区,0,5
3b445a8888a2d40df4909832423ec04c7551e7e980818ff5d0f2efdb26eaab50,DS-P5,收敛区,0,0
c89be79fd39cc6378072f8a5710784a4682fd4ee38364964a439ce60b8ca602f,DS-P3,收敛区,0,2
d0a691764a036a3ba834baf3db92ac127e43788e12dad33698dec6a8f1438191,DS-P4,收敛区,0,0
ec46c4c9583def7247a7c446c89d872033e2cc29378dd75ebb75382023545102,DS-P4,收敛区,0,0
ab9d5ef69bd3d8da0af1c0eb748985438683175b64a6d40f465f66c2b0373ef0,DS-P6,收敛区,0,1
55607a12f2a7ee8ba7c81a20d7c48c32944b145aa8f1ffe80cfb6e52f145f9f2,DS-REPORT,收敛区,0,5
9cf9135f629be3c307f3b930b9f04c6320fb6bfd0957f416b8cfa9ae31aaef8e,DS-V2,收敛区,0,0
f47167d8353249806ef60ad7ab7703f17e7c44f563f4dfe3b11c392701f29720,DS-P1,收敛区,1,2
b84ea53dccf5e93f2e808b958cefddf1baa19eb3dfa86350cc54b98d0f3ef57b,DS-P1,收敛区,1,2
e18ce914f0b004ee203a2cd1e34495ff9fe567091a0523ddee63089752f7ff5a,DS-P2,收敛区,0,0
248914b08943bc267c0878caa9b614f926e5b63e329b0d92531123d9659eecf7,DS-P3,收敛区,0,2
614dd4d59c03a760473743cb4ba85f1cc3043616483b596faaa112a07bf9a338,DS-P3,收敛区,0,2
9602743253131bf1b5ca8d1a2c3a4dc54cb345a702b092f622f66e45c0412d82,DS-P4,收敛区,0,0
a748024e8700f49730c0e32f8b3516c757042be3dc970b300a6da1fbf2e5e43e,DS-P4,收敛区,0,0
399255a1f18e99ec8534f3178329fc1d723b73bd4710b96543d342e6817fb69b,DS-P4,收敛区,0,0
05a562e450a3f15948e7bcafe0e82485c92e85c39aa7c91115e959f87849a2d1,DS-P4,收敛区,0,0
0f4061068374c5ee719e91a829cc879d5e0fa49a4916e502f70976e8af9c28aa,DS-P5,开放前线,0,0
e2920e978f94873af331967398240f17c6b81e02c9cb7aec831f021da2096d10,DS-P5,收敛区,0,0
5c9f4250d983ffdf65b92a2f7f5a229858202c03b9659885767fb691d49f2ebb,DS-P5,收敛区,0,0
3bf44f883a92d80a32586821a86f2fc2553bd5f6181652401d5b24c904b08a9a,DS-P6,收敛区,0,1
b5c89c73eccc58afc22cb53ce8d9b2bf5c91455d7890dd6e6dae4077bb3fcec7,DS-P6,开放前线,0,1
0bc1a24987ef4d7763b9920302817dd3e1045c6e85a72aa2a4a263e0b5224255,DS-P6,收敛区,0,1
6a405a45772201f0f946264546e39af79505db181307bea6d3683c4e28ca6fd7,DS-REPORT,收敛区,0,5
faf0f9a3fc2fd840bc159b8154bcc33ba9f107c347a5d4ccc11ca0d4ec5be8f7,DS-REPORT,收敛区,0,5
f4c7df5f416cd99452a22ae5caa961b132c9d61c862d92088761cf6dc3c0a407,DS-REPORT,收敛区,0,5
652630472e212aef08fefcd651dbf1dfba636fdb57a9859ba105f52e938ca30c,DS-V2,收敛区,0,0
9f7270fc9c70ac31f173885196a961577ee7d9566fe97365f7edc749df190918,DS-REPORT,收敛区,0,5
e19a881105ad29ceb79a2ce99f2ecd5b83cc01cae37959c485d508b93e569a83,DS-V2,收敛区,0,0
fbeab90eb348eea00f76353877d8b134d9f2eeb50a8c7c5becb2def42c65b232,DS-P5,收敛区,0,0
63412a190238fc645a87708509c9b05d67300c25db5331f6e5ae1d7434a8026d,DS-P3,收敛区,0,2
5425d87a58c1d68d6b789bde611a18c5b3fc82565eb2629cacfa66c6995d6a36,DS-P4,收敛区,0,0
1db1f53aed0c7811998543c8e2d0693fd7d4650734578029aab74bc52c0786d6,DS-P6,收敛区,0,1
409b73f5379d476467ecd0f85e785aadcfb884dafaa79667d6d1c1f0ddc9395d,DS-REPORT,收敛区,0,5
fc9b7a9116206dd0a2728b266b227b813e668d72e5527eee417541b26d0ce1a5,DS-REPORT,收敛区,0,5
e1eda9a04ed0d42d9086203e4a7e94d3c76c30c914c66277e999ba98c792dc05,DS-V2,收敛区,0,0
2fa16cd14d2ae9f9e2c0986ed176f3aa3d332fc9316b4be22bcd7035848eb578,DS-P2,收敛区,0,0
cc4bc066fc2f78e562aea40025b40e0a9a7c1172a38ab8e3b61c95bde24c9b40,DS-P5,收敛区,0,0
d42db029ef6af0a79443bfd592d5f5dbd4eb69ac0597a4dbe511b838d46f49b7,DS-P6,收敛区,0,1
f05cf74fb98684f38a50753d8edc8cec97e817d8ccb82b9bee8285105736a707,DS-P3,收敛区,0,2
373c658ef781558a7b02bec3796a8734b801e759b96436f15ffaeb324124315b,DS-REPORT,收敛区,0,5
a0b0bb681c7d83049f75ee38ee6754472691d68c272dd1dae4835c5778f5e087,DS-REPORT,收敛区,0,5
bf138bd504ba6a479e219d66e3b8a89b8a54a5478c9fea84f0d20b77348c5898,DS-REPORT,开放前线,0,5
5154fa78b70b13988264a858cc084dca626ee5ef560c19b90935c94cc4d96aaa,DS-REPORT,收敛区,0,5
365b66eac9afd3dc4c650e7ab30e5805e3b4f0cc6d56998652ec763b3d935c36,DS-REPORT,收敛区,0,5
a4e9482b0b65cf490332c6cf543fc5cf8a0a962fe0cdb3dd4fb487f19583eef5,DS-REPORT,收敛区,0,5
5cad81a4bb4b98204d304b11feaca75e5116486ce4c22ba14402c7260dcf328a,DS-R1-1,收敛区,0,3
1333999015cd6b9ea57922dcf18156b5110822b027f9e0ace71ae0e984b937f7,DS-REPORT,开放前线,0,5
acb5d6f3bc30776e3145eac4c0edd08ba799d187fea386bf7c7bcbf00602e1ff,DS-V2,收敛区,0,0
8c5922df5740aef25c7313776d9015a64d6461ccfa4bc9a39c1f3e3e4a1bbb33,DS-V2,收敛区,0,0
7f052395f0b6fa1901a714199acb44e4e4580da1d4537fbc26e5584368872630,DS-V2,收敛区,0,0
768f6cfb852aa9256979afff48ea6ac926d147e74eecef5250d85a491d145cef,DS-P1,收敛区,1,2
264a2d3b43ed3513d5399876286dd642e4301d5788e14988f3fd6b385002607d,DS-P2,收敛区,0,0
f5c8c4149e1c0e602214770cf9ee95c18160f56d5c9732e262351f141421c6b6,DS-P3,收敛区,0,2
96e06460798ab50068f87e2febb0d8b1fd155c726d900f09c07e78de5dda6cd6,DS-P4,收敛区,0,0
b04f5e285d16d8806d4145721e03d138811e500f514efb17a2bf3f6cf9fde52c,DS-P5,收敛区,0,0
00f879c70d0360313e6b4e3810059f849233ec5f0e8e988286d43410ccb4c913,DS-P6,收敛区,0,1
7bd596e1d54ba9b71e654c72b11b38e20522c8c0ae84a5a5f61dc5b71e226a78,DS-R1-1,收敛区,0,3
4db2694ff5821b35b09331ea5608c181a51edff975f00ce6cc0fbaa1b8fa1932,DS-R1-2,收敛区,0,1
f16cfe1047525227f517b96516d7e900bc2b583e10885380577a1c728ba3a4cc,DS-R1-3,收敛区,1,3
afa21a38093461bd5e1f98866e479486c6ade912df5de407ca4b5725e679dbec,DS-R1-4,收敛区,0,0
0594f9f26b82e0821ebbcc9b022622cb42c53b5d26e97816ec108b1dfcf5c788,DS-R2-N2,收敛区,0,1
cc6c0542d20038dfd77f89323792bdf025440613fde147014841dee31390e2e8,DS-R2-N4,收敛区,0,0
57cd8b3eacead6fbf06dcca551d4a954be3b9ddcc956865b2bbbe9de5984eedb,DS-R2-N8,收敛区,0,0
38e1eb69583049997fa7abdd55f9971147f603c85802333a3b70d03ecd22269e,DS-R2-N9,收敛区,0,0
8673dcc6eda68cfc8562e59486ed439e5306898a91b1728432aef0f8b3079a96,DS-D1,收敛区,0,0
4aa8c9b20f304fcb483a3924ab30eba4449ca6e3f562566dafe8c360ea3fc684,DS-D2,收敛区,0,0
fccbf5fa0372659e3c889fbb1c24906dfa5afd2d37ba95f1affa2b3ee552cd53,DS-D3,收敛区,0,0
f8f84691930a42648b8a866b66682fc2ad970966ecc30d2ec319bec1e9493a18,DS-D4,收敛区,0,0
fc58472d01a74d7fe10e8c5d49f1c99ca3358be9aeb920975cfeec616676b3bc,DS-D5,收敛区,0,0
cb540d84d7040f50f875f0edadb028cf079a2815c055dbdfbce137b38d0f9299,DS-D6,收敛区,0,0
12b5bc2ea3c4c8becaa0ade77aa1733c188c1fe1148483d9f1b21c61b1550e59,DS-D7,收敛区,0,0
e004c6e06b60b8b30b62a81b943ea397863392a875620a79b4fc30e4c6c581df,DS-D8,坟场,0,0
d375b65d79bc70fe6612bda39f76564e77bd5d3cd485be9a66e242ef3afd2065,DS-REPORT,收敛区,0,5
2f435ee201c23bd26b26a4c9fe8b48f1063ff562dd4259344deccb709b03cd62,DS-V2,收敛区,0,0
a07e98238740c2c0bb5cf828d93465690c7f77555dd0ff55d87c6d50cafd6529,DS-R1-1,收敛区,0,3
bc2c48c1769917ca59a1eb17bab32b457049a0ac7ca70b13ebb3a140e7a67ad9,DS-REPORT,收敛区,0,5
9be73c605386baf854b159dbc750233f533c0539e90f488ac2f94cfd93677cdc,DS-REPORT,开放前线,0,5
f0c6e0a15d04ac847f45d01cd68d7ef4a9cea353d90f2ade2c6b3c2b1d5ac946,DS-REPORT,开放前线,0,5
e9214925f1142b2c04ec1d57235c72c22c74ce8a584c507527f8993838e7d618,DS-REPORT,开放前线,0,5
6b1b51612f09b7a5ef5d359205184d6ca16c2af49c82bddad6eabf316bb06f79,DS-REPORT,收敛区,0,5
7f75d5ccb4758163b723d7fc07539cfd252f0520dd19726b9a187cdcd3d60c43,DS-REPORT,开放前线,0,5
7f515e079743aa488091dfb420f210cb4bcf4e1de408569935a467097046a827,DS-REPORT,收敛区,0,5
15c8c73b5d83ad026697f66b8dd0cecf3b24ab3734254aedaa553727bfc93649,DS-REPORT,收敛区,0,5
fb1a665a3416e2290428411c2bf8062e76d7a3fa4bcc9ca553a7165059ac5dfb,DS-REPORT,收敛区,0,5
08bcdced253193b6ad783805f4fa52e2ae1fa22074ca0e29d99e9a1f68bd8f2f,DS-REPORT,收敛区,0,5
79104580415f4be53acd6bee350927c8c29ddee13d3e84fae46d2eaaf4090de1,DS-R1-1,收敛区,0,3
95d68f43e11981c3c53da685a38257d45e0e7c86eba921de5407ee39c9281b87,DS-REPORT,收敛区,0,5
b30b481288806493d487a0b7ef198f7a433303fa3417f473c7eca589e8c457bc,DS-REPORT,开放前线,0,5
de092408e531876779ca97b8dd6a5772e4f1cfe738ef073bbeac1e6666b0c0ce,DS-REPORT,收敛区,0,5
46b62e46b90e4c76ecc1d8fdc5d81a40a7722d4a688e3e737a4eb469b99ccfbc,DS-REPORT,开放前线,0,5
fee0e7a34252ec118f7fb17007b64b3703763fbb15964b1ea8e4cc82d25a0a20,DS-REPORT,收敛区,0,5
83b9bb4cdbe1190498fbfc763af9bf938c54a79c62360b64c01d0d732953887a,DS-DESIGN,开放前线,0,1
ca8bd1a2588c04a3c977cdfda258ca79d3fa736684d5b4b7611866c33cdf1709,SIM-E81,开放前线,1,7
575739572f7d518b1e5a091adf1b6c2ad79a1f683472336ce468253c44d3c3b5,SIM-E81,开放前线,1,7
5582cef5d9d176cd3a81ed996ae73e9d5a5496502d0e75e63de92c8e11903f69,SIM-E81,收敛区,1,7
8c386e98aaa183ce9d3645d4dc0a428f322d23507efdc14de90dfc0af22975a9,SIM-E81,收敛区,1,7
81ad763022585490f890047cc2acd4cd2d33c08dc31f0a67d860fb44b39c88d3,SIM-E81,收敛区,1,7
4efeaf5eaa2a2f91e4a9913a7939544de061fff69aa0ba57c94fa28207c06f75,SIM-E81,收敛区,1,7
cc134eae81b725a071c5232ee079f2f5c787d3e8f945b96cd5099612f2c0d6d5,SIM-E81,开放前线,1,7
8815d7d825c204801e11b357699295319f0a14e302bbee7be24199a5928b5d06,SIM-E81,收敛区,1,7
c44aa1fddd8322a5ccd76cde517ff8f3cf88cb0e868dfb8c1c1b3ca9b2bff1b5,SIM-E81,开放前线,1,7
6ee537a2837ba1fc50b646be4c4ba49d5b9572ae635f0d1eddb89d1470648519,SIM-E81c,开放前线,1,2
0fb6fbe202a80bc373aac9e284d80367102e0367118c9ba00af7895289db5adb,SIM-E81c,收敛区,1,2
6ccb0b65df5ebc6a84a63e4f7f56b85a502ab1051525669466f12d7c6c3ddafb,SIM-E81c,开放前线,1,2
391e18a9ed474bae993e8cd03ee9953442b8c9992f83d54f5241318b72c64c1c,SIM-E81c,开放前线,1,2
44fc4a58244c60d53dd2544f3019faef03c6c0df28aa14e5594b2036415edaec,SIM-E82,收敛区,0,0
a1a2b9317582db2839de0219bc461d6e16cca9ba0b6280842c1290a85bcbb9ee,SIM-E82,开放前线,0,0
762474a56a9b578713102b7d216e13d8462d2c2556e25d8bf5adfa75e2cc005d,SIM-E82,开放前线,0,0
01bd401650159ea734b6a11645af24ca7eff8d229edf082d6bfaebe308a1b051,SIM-E83,收敛区,0,0
c06f5b8265719a20755688024f9c521d2093191ce332d58b1a350121ea82154a,SIM-E83,开放前线,0,0
a24bbe2bd2f604449aab325bfaa1180a34662f749bfb6fa98a37983f5bec7bcd,SIM-E83,开放前线,0,0
93a92e5f8ce4c571715646581850ed43b1b4d9a17821480904d33d900fe201d7,SIM-E83,收敛区,0,0
52ebd26aa4369a1a7956a2b5f3fda00a826e656283379a39692b46215a1bf98c,SIM-E81c,开放前线,1,2
78d0a5157bc8d362d4ed53a54b4af8a64683d4d6975f80e0004238c2e59640f6,SIM-E81,开放前线,1,7
8d8d14e591ad42b734d93a8caec36f1e1e5a5a297c11ee5ee3ae6aa0d5de6cd2,SIM-E81c,开放前线,1,2
f223943c65577a16680af74148cefdc0916600627be2fa7d56f61878b49c2df6,SIM-E81c,开放前线,1,2
43386efea4591b39ce729bbaaef6e0dc4470a7cdecc1bc844b17ad9dd03f792c,SIM-E81c,开放前线,1,2
e0f0c89412683cf80ae7a88c732b09c1a0eba30983d116a7f189fe1cd9c89bf9,SIM-A,开放前线,0,0
0888ebc66c09706efd4aa252636914a1f8f29f2022e1d0fb557b5adef4e458d5,SIM-E81,收敛区,1,7
e1e4d74741402cf8e996ee5bbc5a31dc7fdf61ee85fe5f5851d91c0bc49a52f2,SIM-E81c,开放前线,1,2
0e70d62335005da4a2c2705239e97c66cd888df0be96959ef3d0a7c22802ffad,SIM-E81c,开放前线,1,2
8e2b7afc851fbcc830b4e8f16f3fc7088f862d733693632fdb4cd2bbb07f9c92,SIM-E81,开放前线,1,7
383c81a4a65332978c2b5aa794c6c8a36eef4ec36ac041a172f3997308b43c9e,SIM-E81c,开放前线,1,2
a5da8ec2cede6130c814f38e142ded735583a37ab125039fa25683be661f44a4,SIM-E81,开放前线,1,7
8a795d251c11e6ee767a955580bfc6d1f719b5f4c55bc0dd91edc02638698ee2,SIM-E81,开放前线,1,7
a620f7985d0b27a576ff153c9973cc42dc9a59e5fdd3504a3c82f944fc989e95,SIM-E81c,收敛区,1,2
b81d58b97ac01c25cb64e43a2b4c7b936afd75ef1b136190eb3655315aeaff94,SIM-R18,收敛区,0,0
edf3fbb8b14a99efdc6b634c09aa904c15597ff1bfcd2c07aa47784e6dbd0ab3,SIM-E81c,开放前线,1,2
efb7a541a6b509b22f989b6c809f26007c5b17901a4bfac33f526ae51f4e14d4,SIM-E84,收敛区,0,0
6984dd565141f80e1dcc727eacb61a7ddb92e32e26e91a897bdf9471f7a6a06e,SIM-E84,开放前线,0,0
9569e4af734bce4dd4d971868c23388caf7bf20df7cfebf7c7836ce6882bae25,SIM-E84,开放前线,0,0
80a4dbe9490f81538008b941273cedf747ea816942319a3609cf5123630b6ee5,SIM-E84,收敛区,0,0
c451a16a95682f897fdb3f3e8318faeb4f26bb9830f517a3bceb1d28e76b6ef6,SIM-E85,开放前线,0,0
947fadad1a6de4d2536caf46bfbe78456c417b58d0d7d5c931e00076be4b1f8d,SIM-E85,收敛区,0,0
98860c8d10d2679e53a51249aa4741389a87d1186475b9f89cbdd2188d33f076,SIM-E85,收敛区,0,0
a4c7346605d40f0734b73300df067f9350de91399da439acf236a64cd2975e82,SIM-E85,开放前线,0,0
58ae69f2a8b0e6809f8217bc8f05d13fd9ec1535d25906c0cce036695753f1c0,SIM-E86,坟场,0,1
545206f87002cc76544533ac9f9c7c932a20ce8e8c45ef6149171e1ee7260230,SIM-E86,坟场,0,1
753c909b5301a38ef4e07f72904bee34b57451b8834c16a37b95865c1a204f8b,SIM-E86,开放前线,0,1
5352d7d08ac4ae0aeb18a1dbc34f2503ae157a934a9d115fcba35db75f13c6be,SIM-E87,收敛区,2,1
a2a855349363cba52af8a07921b07d8ebb8f4740f9b5371fcf32804f579af3de,SIM-E87,收敛区,2,1
f0c1b4233431b8d5dcaf519ac2e4928809aa9c14d9fce1f1fda4f4b16f0a93d5,SIM-E87,开放前线,2,1
04699ea1fd80603bbe93108c4d04475601aa2adf1a83670ad24a8dff0af317ac,SIM-E87,收敛区,2,1
96ed1c14f50724d5956e8fb261122d53aef2a88f4db22add20eb290c988b52bf,SIM-E87,收敛区,2,1
019161e48b50bc3070af8aec20bd2bfe7da852961eb607168638784c0b4c7de5,SIM-E87,开放前线,2,1
462f3b505f2caf5c9465e9b0d4f6064049416e89846ac6433d589ee7789706ae,SIM-E84,开放前线,0,0
03084bea267d63fffb2e7e279e23d8b08d99339dbffa59a1a5f633006be8c892,SIM-E85,开放前线,0,0
377ce711a4c913598c2e6b3ab182b53a4811da73deef1704d62a8b008a9488c5,SIM-E87,开放前线,2,1
c3de442774b3bacc9350b9c5e873a089f4af89f9f0722c86b8460e6d925b991b,SIM-R18,开放前线,0,0
a42d920babe8532056a55b8f0448911819d1f5fa3b9510838e0ca7f1f2897702,SIM-R18,开放前线,0,0
31500f2e29f77c5bbcbfb583e4b1b524fcb4c061697e4236019c1042f8d08c5c,SIM-E84,开放前线,0,0
027ad0586b2a6a94e9f6e6aa8e670ac0837fd5edb28550c0fce86df4305064c3,SIM-E87,开放前线,2,1
a0777eaf462a7a1706c18d494abf63f51f6187b7fb4ddc62db356173829c346a,SIM-E86,开放前线,0,1
57c2f63b2b39fd537b9dfaadd37455be07ca0b82785ef526c7528942d6de07bf,SIM-E87,开放前线,2,1
0b014238631448936a22dd62bc308efe61a27c260ec039d77a71ced79b1dae56,SIM-R19,收敛区,0,0
0f2928499ddda5af5c5f6edea9262cd29d3a8b18c26f02b04e35e6b53bc1a83a,SIM-E88,开放前线,0,1
2014541f5bd8f7eac49da4aad74c2130b4c2955f3f3affd418097cce7a8feaa9,SIM-E88,收敛区,0,1
8a320f1c136d0c8eca8f8ee08ad803f76fd29e257f974cd760df1e6112148b87,SIM-E88,收敛区,0,1
13785b2efbb74767d53848118f421d6b04914a7bfec9b5d674497d8fba5aacb5,SIM-E88,收敛区,0,1
a1855fc9ba8b5d12beef0d82712d814fa8d0d6eb8ba4c8ef01ac676cd1cad111,SIM-E88,开放前线,0,1
0af9c756d1f6db428fd918a56bf4e79c8075b30de6a9ce171d6ea0824be5c13e,SIM-E89,开放前线,0,0
aae3cead4268dc0a9d57aa684244d42f491730cbbc691e579f3dcda67fcf5924,SIM-E89,坟场,0,0
5fc5859ab64ab97b9c30524bc02601815394edc0936695edcf13bf7fb5d553cc,SIM-E89,开放前线,0,0
fc086106260ebcc2ff2283017ad296019b52462b8ed320b04f3437c36dbdb794,SIM-E89,开放前线,0,0
3a514aa1f5bff2ff1c8f4d0edc8477326f3d9d97eb60e45ac6c5fa68f6826312,SIM-E90,收敛区,0,0
febe015941243343b9dd112f33bc9e2b63f89aa64488100f2ca68f0b268c0e08,SIM-E90,收敛区,0,0
407eecd476cee3ff838b3d5bd788849124db98e006375df5a0263f7b8d8ef194,SIM-E90,开放前线,0,0
c755935a98618125622bc6f23bdcce3d9cefe8c7c37807221e7d290cd82759b0,SIM-E90,开放前线,0,0
66e1eb665031e7e9e94127418e1699b84fa33ccacc16c1511bd4d4d91234fc00,SIM-E90,开放前线,0,0
e5c939c4941abb9a627eb849145854fee3dbf6c3c33b681aaea40ebac1bfb0ea,SIM-E91,收敛区,0,0
f4e594ef256e270c1ebd75f189737de2f8b7c66817a9550023da869d62c668c2,SIM-E91,开放前线,0,0
9e3c6cc1c3ae6318b8daabc60c18e2dabee13ee12f9e42f98602a60760b8052b,SIM-E91,开放前线,0,0
6b07733b1c6423b5e27d81fc6d4b32718badc8749e1c070b5343840c443b3cc1,SIM-E91,开放前线,0,0
4c760e93fe44fa471ccb282b206dfb5c081c58b06409365569d06e3c8e43b4f6,SIM-E91,开放前线,0,0
2c1679d9dd6a2a9d0aa8378aa30e5fcc81f326da1350d66c03ab64716c826a54,SIM-E91,开放前线,0,0
b77c97c71ec7272e6412bd04a9ff16914e0637173ed47cbb13d1ba2da5745b70,SIM-E89,开放前线,0,0
c368a2daebe7bc1aded8946f08f07b3872f76a6d3e300ded1aabe7820795fe90,SIM-E91,开放前线,0,0
2452fba1c150663b39520f29011d59a186b563b8760f8335b9e5004fbd1f7c04,SIM-E91,开放前线,0,0
b0af8cced0db339eee54cbd1340528b2401b5276d874eb8bce7220b87b14544a,SIM-E88,收敛区,0,1
681c3672dd7321039d2c108ca7a284f7a489afd370ba4da1309a80eb4fcf1027,SIM-R19,开放前线,0,0
48105a44ea5ddb76cfd8d6e510b875754c1f5e646430504f85a391e60d079e82,SIM-E88,开放前线,0,1
9845271b5f17c68b7e9503ba99a4fa178d5d6536731de1e7755d4d8d90e54c02,SIM-R20,收敛区,0,0
fa5ff7e6715b2be86efd7ce253258e997c15b799e32fc766fcd0900ecfaeb4ed,SIM-E92,开放前线,0,0
02abeb4bd560b0d14141a97d49d39543c9f290aa2e5df841efc1196a1e206994,SIM-E92,收敛区,0,0
28752b80f660d9c9541e37e08bb3ab583542f95340eaa3486b08130cb4764ebe,SIM-E92,开放前线,0,0
bcc9ffed453d55436f26f9b62abe8795ceb14c814485b302f1dc4164b0d512be,SIM-E92,开放前线,0,0
e8c558eaa6fbe4e4680c1f978bdfc14a41c4446c879e9a0ec0e1da473b257534,SIM-E92,开放前线,0,0
43bb118319ff7f762a25ad0b26f1c5a8a17deb04ede5ceeed68551e9f6d28871,SIM-E93,开放前线,0,1
5190e2e0d01acca7997dc403edfb57f03dfd3aff89f737b99a4fe8aa00315d7d,SIM-E93,收敛区,0,1
4a42063fb541af4a0a596450884d3abf1962fba3ee0177a5304c4cf4f5915c2f,SIM-E93,收敛区,0,1
b1377b00f57b05453774b7866764bbb2b9eb48a6c9f68af2287a8cc418b00ba9,SIM-E93,开放前线,0,1
159e3058667f5f4f9249bc4715cd03d000d3a4aa7a5613243116a70eb781fd17,SIM-E94,收敛区,0,0
f48ce919eeb7c32610d09540c26d2a287c4ffc83b60050b6d638560377f9b06b,SIM-E94,开放前线,0,0
0e520a5e1e280172bf146324d46ace15863b59be06a6547cc1c47e50dd733539,SIM-E94,开放前线,0,0
ee34f2356372fdf266d4a018eb94188d52b17deaabd5869274666f09d19231ee,SIM-E92,开放前线,0,0
263509e92df222f3c996531e714845b74b257c33ba091eaf3b365dca092d7fe2,SIM-E95,收敛区,0,2
55a8a6a8188662d19441aeb935f4d374fc8d4d00cf7a321e2f9a992847c4ff37,SIM-E95,收敛区,0,2
3a7402dbc321692b3c7f5753f7a2114d486ad8b3045339f1d98fae48bb8b29ff,SIM-E95,开放前线,0,2
ac5d142384b0dcf825eaecfa747f456bc9360b6c7d98e77043533374c90f00b8,SIM-E95b,坟场,0,0
be1c4bb285d26584338d4c097af2ff1e50debb1fde56be5aef269813529eef3c,SIM-E95,开放前线,0,2
60cf5f30538f35a23bb85ebe02eecc15bf22d2dbb96a30a7c8b4838b293a087f,SIM-R20,开放前线,0,0
864d92a9344628c0b0fa353e47c8efd950a5aff4098c3c8fe073376270881c6e,SIM-E93,收敛区,0,1
debe55ac5df6f980399bcea5dc757672e10c7c7a54ecac1b755f45584d920dc8,SIM-R20,开放前线,0,0
0904d057f5987fc412b4865056233daf712477f1bc07973078b1c295655a4524,SIM-R20,开放前线,0,0
5cc5ac7cd860f02ce68c2ef7d6ec4bcd5ccbe37f5510ba65a76bb0444f47ab45,SIM-E93,开放前线,0,1
bafaaf2ec70a96c4155ee98b5324c0ce189b752f5b06aba7ad96521af941e1b8,SIM-E90,开放前线,0,0
9116d780fdb4d2668d4c8ae27d339f8c2988e13e9315deaf20a4a1491af9107b,SIM-E88,开放前线,0,1
026dfcdfe5352e2302d9ecc3a2aa64ff5e4fdde79efec4913cf19d4d37eee20b,SIM-R21,收敛区,0,0
e0eadb841c4d055a138d862f08bcf8a137f34d72f5b9e28e5ce3a8a103f3f6eb,SIM-E96,开放前线,0,0
1338b8df4c519d6d13a1a7374bc7088b3b4441c4e204ac921a1a770f9170f196,SIM-E96,收敛区,0,0
0a6013c83d3ea7890c1430426a81d5de24e5f6c44fc124bdb892cf67457ec29b,SIM-E96,开放前线,0,0
99e936582b85a64836406abfdd51052b9e6c132a9a0a6cdf21f20f26288bbadd,SIM-E96,收敛区,0,0
e29f50c4f924481fab12b0ce7b9a340f1cd3a9e4b2d6b3ad71652316195cd4de,SIM-E96,收敛区,0,0
85d4e49fb2b84aacaa2b328e048557b4b2c8fd07266e3b987fdc9f7734642268,SIM-E96,开放前线,0,0
133ad2eef6fa9b9246d620545df63b31b4f08e9c815a8a22f911041bac1a71e7,SIM-E97,收敛区,0,0
aefe07251637eb71e8abb0f3ac4effb1db10aad1d15c06a10f7801411e60595c,SIM-E97,开放前线,0,0
fb4a4da6018d94aca93c493e6846a4c5f06b39518b79d282c3c461ac128e8d15,SIM-E97b,开放前线,0,1
6b1fcb8c47fa3872b76f5165b7f75faf74b169021ac79b4a36950e63375e6405,SIM-E97b,开放前线,0,1
cb63c9b33cd63451e7b9642de2a12ac99b6227a8637b21c53165b0c8479aa5ba,SIM-E98,收敛区,0,0
1ef8422f5b20c5d844647869840e8a0261cec3865302d98661f79743aa3eeff7,SIM-E98,开放前线,0,0
ee16626f3e6280ed56fdbd0e1292f620de11c82742df667e55ec492b8fd30463,SIM-E98,收敛区,0,0
1105467d42774d8f1aea10c0394f2d1b3e6cbdffb30808136c466303e9087d93,SIM-E99b,收敛区,0,0
9f2a1f4b966ef13ae1bf20286ba53bde8ef54b6731ba8c4630c1e42d628c4adc,SIM-E99b,收敛区,0,0
fc0ded0d87f471d677df827c7e55a6dab452f77a94a4577fd50d2878747f7d53,SIM-E99b,收敛区,0,0
787e3480e5f61d8b35895a9125128b0d29b9f010ea07f5550693450a51eff420,SIM-E89,收敛区,0,0
1bc2598115d902632fc578d3146aa759270b801e3287307075cc3d12f2d3773c,SIM-E100,开放前线,0,0
8ac605854dec88f44d082bc6e9ca7f9562297c8818c83ac84fc4cb4ae59e8074,SIM-E100,开放前线,0,0
5430350e139d8f179b9754dcc332519b4f43718b2c9a4ba45be761323bbdc61b,SIM-E100,开放前线,0,0
4c7b58649840beea9283723866a503d71732b346b5151b1d1d1f7f137fea513f,SIM-E100,开放前线,0,0
55cf932f774a73bcfd87f760e0d5001032e2134bd0a42c3e5ff164afb5dd1eeb,SIM-E98,开放前线,0,0
cf2b8067042dcb667ae30922ff139f22935a4aad2c1eccc75bef2fed78ccb60d,SIM-R22,收敛区,0,0
4207fbeda98ad7e321debfdf9b90f36c811762a78acc2361ebe9a4498d38cf2b,SIM-E104,收敛区,0,0
83ae2ea13de49692dc3afe8e69a9232cf4a356fc2c7bd34093867a110cc72162,SIM-E104,开放前线,0,0
7030e0a7abe7e26d7f4877b372c1e014d76fedbe5bb4736ae454aefe815ae935,SIM-E104,收敛区,0,0
3d938462ee254e6d5be06654bf339f37cf324200fef29c45b386e4f633d135fd,SIM-E104c,收敛区,0,0
2471aac617accba54382dbf42618745605f07c8f510e0d8642afbc4b6c5c7507,SIM-E104c,开放前线,0,0
63ad798e6f18b926c10413a439fdf32dec16e8f2f495ba6606d21980d2391d1b,SIM-E104c,开放前线,0,0
bf267d9bd0dab60a5b468f4caa3db7609401900691e47b1b67b7d2311ebe370d,SIM-E101,开放前线,0,0
aa61e66c2d853cdf3eab0f3b30cf597817a53314bd24837e59636e518a2d7144,SIM-E101,收敛区,0,0
194a6fd80dd7230f927cc6c530ef7266c2a920dec6de14228e7a96133dfcc5b8,SIM-E103,收敛区,0,0
eafef587d80b06746b07d9ccbdcc717bda0052550475f5366ee49603f5130f35,SIM-E103,开放前线,0,0
59784ab6e28c4d7669e5f9710cce08399d71677600b0d46bcc7f9eb0f96ef914,SIM-E103,开放前线,0,0
a0a0b975816094755edcfcb4e1dbbecd68461d6522a2adb1a443f7f7bd1d4693,SIM-E102,收敛区,0,0
782346f3535e76fae87bace2b1649544ee37b9a993134f6ecd220a597a94b898,SIM-E102,开放前线,0,0
fa2b084d6ad91c821b151fb14504131db943d8a0b5903b0f2812406de43c9727,SIM-E105,收敛区,0,1
f83e99fbd2cc366a95a81d9990f89941598d10d570b4955dd5d7148d21026afb,SIM-E105,开放前线,0,1
713b4c76a0fc887dd92aa21c33c7de22a81c5065fc40a81e52e2192bd0f56678,SIM-E105,开放前线,0,1
b056bdef5fbb94dff15125c299f81b0576d04e671b62417f1175b0cf3247aff4,SIM-E105,收敛区,0,1
76d1aa452f34028fab6f71ceb1158a19c9e2c31527811443143e0f7e4c6ea811,SIM-E105,坟场,0,1
89390af3ce66421c2450f7ffc6799a96fce6f9cf61e0e9a5f40bbd4d6b6a225f,SIM-E105,开放前线,0,1
d14a01ebadc3250a340e5440a46b43839b2a4b398abedb4136507f824acee09b,SIM-E103,开放前线,0,0
d0fb1d5def37389a5e079b933f8f63b7b660594936d82fa7049d5e304ba538b3,SIM-E104,开放前线,0,0
58fda0f25668f218bd23002105efcbc21bbce4a5f2a61a00e4cdd6bae4786f86,SIM-E103,开放前线,0,0
e4167a2081faca26719598773d757a9d3e7108cb019808d8276136f69b7addf6,SIM-R23,收敛区,0,0
05713fda7219d050e966fbc552e7a863e1c8936610a9375ff8a5cb466a935232,SIM-E106,收敛区,0,0
30ca6f3b351d8088d3b3875cea9321b6c0e4f1651b3eec38f4a4686ea53a3c01,SIM-E106,收敛区,0,0
c4a41fcbf8649de1734eae2f40c01a062c50ca65cadd9f9a8040183569ab9a03,SIM-E109,收敛区,0,0
c43f319a3394efb227406bd2f8bda91113769c39128cb090752a32553abed0d4,SIM-E109,坟场,0,0
645038d15949a8da95e8ed8c073def0601641d49ef2513f728674abd0b2821bf,SIM-E107,收敛区,0,0
c379b0360435b6287e44c808ba0a99ef59d0c049567223cb13a6154bdd125751,SIM-E110,收敛区,0,0
01e22f0d5261bf7ab4bde6c14b0bb83b3e6671e0b14693a7c7c2b0ebc9e11131,SIM-E110,收敛区,0,0
a75aded207f671a3a2e7540e445799dc7434fbb270e5aa98703bffb7884fd086,SIM-E110,收敛区,0,0
3bdcecf1e33094997a0afb3d2cccef9245e8da499bbd9afc6aff4a2784d8f310,SIM-E108,收敛区,0,1
85162ba38efcdbd351eb84d291ef13fcbbeee95da0e2a3eafdfb98fd2cd20698,SIM-E108,开放前线,0,1
098a7eb3242e066f8a9660cd279a6c085dbf5601920c9c1738cae7c9aa91c5a9,SIM-E108,开放前线,0,1
c103b944e952c91f212ffcf2ee58d365b681b028120957701eaf6f9d60b0bdf6,SIM-E108,坟场,0,1
73f3950c0f51a81eaf661576abb42cb4cf68cc9db1d07c5cc5c958aaf1bf0a3a,SIM-E110,收敛区,0,0
cbbe643c0ce50b0bf5f7931b946969ecbd349908807a25a1c982b7044a9113a4,SIM-R23,开放前线,0,0
6504cd4194aa442cd4ce1116974e38d6d9bfd0d9ad59cdaf40f14c902a51e9fb,SIM-R23,开放前线,0,0
5848f51fdcc853a97f47510fca7536c321700eb4c98b9053ff79214a0196dfdf,SIM-E110,收敛区,0,0
58b39f337ea34415c9c493411ac1166eb874179f68211980dd03d9d67f8286f6,SIM-E106,开放前线,0,0
33bcb850a851e4a6144b81ef725db0d83525ce43cdcb825fbaa1ca5d4c49714b,SIM-E110,开放前线,0,0
9fed4f6468bd64ad1c093781b602a39e9d834e3813f8247468717d56ea83c7f9,SIM-E97,开放前线,0,0
212f74ad857d3aad4258e009c318b972ccd047672f255c1820a741b2bd824d7b,SIM-E97b,开放前线,0,1
647145f26d0014bb1caca4fb51ec31cc7b07af7c3225ce0ba72f60f06e08198f,SIM-E110,开放前线,0,0
d526c989dedab1589be73b2259d223b06fca7adfd14add25027a1fc81be3507b,SIM-E96,开放前线,0,0
c2e93f6877984417331949af0ffa357b9ce22634e330017a333418f770d0c9f2,SIM-E110,收敛区,0,0
a50f5cb741e0c5eb21da4ed554e97a901cc861dff738fc3f4a65a08fec84ae6f,SIM-E108,收敛区,0,1
ba381289bd14d652bcb5616c5c7ffb4870b2fb3d0d26cf5671634c74184ff3b3,SIM-E108,开放前线,0,1
ce21ed41f54748df32f18802cc3a9995ef9d4cb2996e93ce92902f4a939a530f,SIM-E108,开放前线,0,1
84db9f48f9e212bffbc3c9fcaad3c1be520fee92d52cacaaf10cc23b3c001d66,SIM-R23,开放前线,0,0
407b3a66f1123fcab0b65f6b2ad3733ab67c8b88798a94e201f33dafbae2df6b,SIM-R24,收敛区,0,0
6b037de2f1a5aa576aabb87cc14957c5e6a538f4b090b1f8350a18462fbe3454,SIM-E111,收敛区,0,0
b9cfa016a50aec4f246d2a9746ae88926e801ceb7cf69c61febe8a7821d1bdb2,SIM-E111,收敛区,0,0
7e4fdd5b53cb734d8a6014e200481dc824092a504358e9f9b1a80983470abdd2,SIM-E111,收敛区,0,0
4d94a7f14e2344c06a6122e637e529a02ffaeff92c0c837eef934113eacb5ff8,SIM-E111,收敛区,0,0
b6767fdbf20554ceb277be7e4499ad038ca26017f1cbfcd95396694ed91e6f2f,SIM-E111,开放前线,0,0
9ea9ee046853dfcf34ccba960e08f011ae8f7143902cb61a37b56eee5c47bad8,SIM-E112,收敛区,2,2
7a1814993b9a397d1d19992f0b03926862966bd453e855d9e5d7fa778905ba63,SIM-E112,收敛区,2,2
26f489898615980c8c321eab82aad757f9e8bc7d44b92a94c30d7b47071354d6,SIM-E112,收敛区,2,2
e964580d88e9da7b06e7c434fe7bbed386108521dc4ecff4649dbba23570090f,SIM-E112,开放前线,2,2
2e3981e92f9da0be43521cda742616b72a847a353747fed66e5bb2df40963636,SIM-E112,开放前线,2,2
7748b2acae384fea11de6ae470362663959b2856dd36d1b6c5b019170ef3ff69,SIM-E113,收敛区,0,0
64de28242a0198a2ca540561c9a44aa9d352b189a630fa2056f9178e29b1a360,SIM-E113,开放前线,0,0
69c00a76663243fe78893cee1d0e7cbb09582e0a9361a5c1243a677cb7bad478,SIM-E114,收敛区,0,0
df4df8301bdd4605c6c4b84f029a872b60d04b0a91d01c8d1afe9205f0d8f13f,SIM-E114,收敛区,0,0
0be8876cc2dbc6533d2d4c4ff136aa36b91f62162e7b99111e6317468950de94,SIM-E114,开放前线,0,0
e5736dd5aefa29c9bf3339a83cb24f517cfa158e193b83ee8cf70084324f79dd,SIM-E115,收敛区,0,1
12b0afb0c55d3fecec2c1b7ac3700d31ad6e0917252eebf2595fef0f17164141,SIM-E115,开放前线,0,1
4f3f3d4a6b91c0792e12fd0294ba21003746399ee1f32ce5917c2830c4ca6a78,SIM-E115,开放前线,0,1
641d64a10a50f47cad4b6cb483e96730eb9db70818d98e0062704bcc30a5f598,SIM-E115,开放前线,0,1
53ce0a0779da8cee008f35311abaccb0f7096b6eeefeb0ec935b1d0fac2a928a,SIM-E115,开放前线,0,1
a079f15084286a3ec9fb89dd3c1a25e2d6ac84536475fe5b764d6cf2a33948fb,SIM-E115,开放前线,0,1
9ba6ada27a0b942d365624778bd0a19a0762ffc73e4a62ef69ef8ac71036fabc,SIM-E111,开放前线,0,0
1341e9932dd3583b73985891cb113d9f0b80dc7cdf671f57bcb45f13e181e914,SIM-R24,开放前线,0,0
4e23ad3b0c1aee9120924009059b3c69b468cf6b568fff9a132b08c30b28144a,SIM-E114,开放前线,0,0
bde3b9159ff23caa11936a650c0e44d8f61ebae7e5d70192af2730ead276e769,SIM-E115,开放前线,0,1
3a8e3382be8a90c3623caa9ecc3bca0832d6b65c4ce189f889681fe541073ff9,SIM-E113,开放前线,0,0
d99b0803bbc7945213aa2170d0ec6de25dade36ff612eb6a2498bef84a920a0c,SIM-E111,开放前线,0,0
235bb94b08b5e6112b415562b68e0ed22599010c6f595ea37adc9fc00fc2b949,SIM-E112,开放前线,2,2
2155d50c746283bd8b4f3ce5d0148fb8f58794f3fe35b3393e2eac335f96665f,SIM-E112,开放前线,2,2
c0fbc0ed003c521bd83a16310f831eb6b868761231a1079c927ede6ea8bd77db,SIM-E111,开放前线,0,0
ff53b4fecd87eac2f054b0ad2ec50aac7da73dbdf8726b3db010cc1d691a0a54,SIM-R25,开放前线,0,0
3a6dc5ba4e80cea7a142ffcef5a45c34290f269893d1facc2048fe91408a7cec,SIM-R25,收敛区,0,0
5da80861a782ce0bc06f2e84c5edb75a8d42ec9b2ac22c2729151b077449729f,SIM-R25,收敛区,0,0
d48f948b7bc320e53ead2848b448d4753f5dbb5022f223f706d5f1a213a8feeb,SIM-R25,收敛区,0,0
cac12e634fb7ebf333be2719dc1a3a72c086753c8cb294e733ad5bd3482fb0ee,SIM-R25,收敛区,0,0
bbd30595cfb5222d566467382a1fa2b9fae6d1a598cf76df3db243b4df5d155b,SIM-R25,收敛区,0,0
98f9bee80f90318f2ddea378478919d1f44a26140eddf92f7379b9dc595f1f26,SIM-R25,开放前线,0,0
c5fca28715b020731140c07a13cc52a46a1eb79ecad8630e3acc1f96be62281f,SIM-E116,开放前线,0,0
b46cbed89614c732ab54689349ad3bb72dd171b536f1309c276d20850b66b236,SIM-E116,收敛区,0,0
311cb99ff227e0fb3cf82c1db8f6011d98c375e86839ba65e819e9f3143ea957,SIM-E117,收敛区,0,0
5f68a308cadd0f7006e5f5c6306a8e7a18a448cbe86644d5c6dd047e908ca629,SIM-E119,收敛区,0,0
3c8d464c64e47ab55aa98c0883c0f4538b43279208c598c562f5ad51d2a25fc0,SIM-E119,开放前线,0,0
302366fba17579d3d27011de79258e730ebea38a20dac5241fb3a3f84f7fdcba,SIM-E119,开放前线,0,0
fc412ad3c66a2e4506f22f0d8dddc014075fd07923d1186294bd99e37902d4ed,SIM-E119,收敛区,0,0
e190c51bc120235e966551c2da70af3c528177378d4e4f457041e78e55e17d1f,SIM-E119,开放前线,0,0
9279ef9dc3e5370377733361697835dff0a3b43258b87d25018a0ea58f29ae92,SIM-E120,收敛区,0,0
546e0e5af7606b82bb85e265eef46c66aa764473cb0bd11cdf5bb6074060002c,SIM-E120,开放前线,0,0
04ca2c2b0a39ea6fa54656a6596824c1f20a340e452f87cbfcef8cfe03260e3c,SIM-E118,开放前线,0,0
92692bddfc6ce6b9314bf1f9b24dced94fdc858a71e1f8cd2d4a90266fe947ae,SIM-E120,收敛区,0,0
18e52036c0c4717fa2b899addbf6344dcf05555e4424f0af89fdfbdf520ce923,SIM-E120,开放前线,0,0
49a2a88d9666d6a447fce18562c7f0c897f9bfb334ff7150125713f8b6ad52fd,SIM-E120,开放前线,0,0
9bceecc42e3509af20a49b4bbb5f465a76c16ebcf4b18f2533c3aadf22a28d70,SIM-R25,开放前线,0,0
7dc7ab254088f8d34f748f075e19a200b687414a69e33780fc5b5c92fc480cd0,SIM-R25,开放前线,0,0
1ee8b84d4b84ed305bd7e1fcd475b9ae6ccafee8000a5009fe25e57406a2b6f2,SIM-R25,开放前线,0,0
f49d5d1c3f62e46f1d74236180c178ed8de68a9980ba6b4cb3928addceaca49b,SIM-R25,开放前线,0,0
df94f20929b799b8378969a3398138dc3500f2f04e5307d70a50d27fa740088a,SIM-R25,开放前线,0,0
2af92cb626277b52bf646a8ada3929a8ef1c773e9e35d8530fba84af40084d61,SIM-R25,开放前线,0,0
4d7c4cfb1f6d478fa637e86b784700bcc53018caeab84f7931a95ff4c7105b52,SIM-E121,开放前线,0,2
e1b87f4d602ba8a591ced73cf4748093e6e121de415c87a24b8922aac063601e,SIM-E122,开放前线,1,1
90e48e5dd334761fadc7095260b44fb82406adc4280534b8f1e7c9e53c637d3e,SIM-E123,开放前线,1,2
30cb505517c344b87ce411cda7b2ea97251062ed568c2ae0420546a584e333ed,SIM-E124,开放前线,0,0
a5681ee4275dd27e041db6bc9ec357b8dff8d7a537f8f3c16881fab99cc893ee,SIM-E125,开放前线,0,2
c81e353aac9fb308b9d084219e14b8547c1613746da868e5b73017eec4765103,SIM-E119,开放前线,0,0
183fcd02f374d83b66b5723c62257c5ed2e16092cac37e7ef2d7d2ce9144f491,SIM-E121,开放前线,0,2
d5f3e0cad9f749dbbff36be3f40bd4e3a1a6a77a094c75cce8741ca2470b4481,SIM-R26,收敛区,0,0
43108130f27b68f26884e7c32d5b4d81f1b0be584cebf79c7547ccb162da4fa6,SIM-E121,收敛区,0,2
d5badb698d3ec59963a1148c6b1c1627beb4cacfbc90613bdfdd2977905ffcc9,SIM-E121,收敛区,0,2
19284628738feec0617f1d07d23e913739d866d8aa06ab4cd7f1dece6fc84ee5,SIM-E121,开放前线,0,2
5ce302e1b7aa0122824ea344c916e11450596d639a8c054b9738ec85ad2b9099,SIM-E121,开放前线,0,2
f74914e9308d53033f06420a9824112b1d63631a6e4d7088a4c90be92ad327ea,SIM-E121,开放前线,0,2
39e34cb146393feab19fa4fd230aa2570e1c2af9929bdb81376ae369350929a2,SIM-E121b,收敛区,0,0
4642bfb1bb97c284ad129468ba920a99fe3fb7b40ae5c3fd7de04cf96c2d765e,SIM-E122,收敛区,1,1
ce18b0c647f7e7eefb2ed7f61f34c3dda88f1492354503612475100247f30e13,SIM-E122,收敛区,1,1
f0d38d7e6aefa667dfaeb955882696959e83a339a544608e45a104525b1e0415,SIM-E122,开放前线,1,1
95db429044131024697aaccdbdd8cbeea28d32e8c4d8e538ccd06259b4dca840,SIM-E123,收敛区,1,2
32b0923c97a95493d6dc8842b2299c291aa305e7848ae8b8fdae0d5c3f02f75e,SIM-E123,开放前线,1,2
e247076e4dec1e81be5455bc607de8920590efc4584e10141130fc8ecd720ecd,SIM-E123,收敛区,1,2
7166ab988791830c4ec90d5a4a9e5aa3a03977cd6ca5452abf44526c3385f6d5,SIM-E123,开放前线,1,2
7d7254adcee01e19c4ee571e09772c45e46cc33c5d49570410248cf8fb5265df,SIM-E123,开放前线,1,2
2921f26f327a9ee0287325e6ce639d93357d51f870ef128ba4e674af6218faf0,SIM-E124,收敛区,0,0
daff48b8c20bfa48a332ad91a5b7268e18cc5c2c41611cf7a21c9cabe339c950,SIM-E124,开放前线,0,0
8ec4b02458a9b6bb325275c6c9e0a3c185de63331edf54522e7f1aa95190deee,SIM-R26,开放前线,0,0
2f016065ba5ce0d1ebb00c0062a40bcead90c1d75636ae1e17dcbebbdb7195db,SIM-R26,开放前线,0,0
548d1ad364fb6561fd1c759a3ed8d0fe8691e1271abab64eec17b650034af750,SIM-R26,开放前线,0,0
d9dcf0a40ae993b2f995de59bdb836a5d23c7e4ab12be44b80fe0fb82e90798c,SIM-E121,开放前线,0,2
94eebb699d2b5ff28ebf966c6b5ed85fdb7758b356624cb4ba34afb06ea42728,SIM-E122,开放前线,1,1
091585f5ec096086df2ce843e08e86488c9433bd549af2cb2937154bf4d7ffc7,SIM-R27,开放前线,0,0
b5f9d51666687900a8dda555094f51957d359b90b56b55a462a2b25d21f8a148,SIM-E129,收敛区,0,0
5359119ccdeac1ecb7da820454d65be163276dd94a8b8bb7f9bd5d0d327faf68,SIM-E129,收敛区,0,0
9a95b3b1ec5acc5716f1b653e1377be1ba54908c9e8fc59cad042341ca377863,SIM-E130,收敛区,0,0
6ab5077c3876fe081e12fff4aa857bc59abfabe68f911b7a45b297b59eb854e9,SIM-R27,开放前线,0,0
734864259a75d5c928c0b55678278b951a3574519aca47ba425382bfad7f9800,SIM-R27,收敛区,0,0
05ccd94ab5c08a6b373e23cf439a7a698cea7ad484bec901b624780ff10f6914,SIM-R27,开放前线,0,0
c5095448a6c863561c3b10b652511d351de9398866485ee069f8dd5db50295cc,SIM-R27,收敛区,0,0
bf96b9ab1532759a23373742e60a102ac808e5ebb19e7f9ae34dc82679af8799,SIM-R27,收敛区,0,0
b0696b28294f89c5396013856dca966aa74bf8090237e179998ab71e6c2a9cb5,SIM-R27,开放前线,0,0
2d2ddc1e5b08e582ce129f241b37753d7545ef7aac866f8cc220093fe787f09b,SIM-R27,开放前线,0,0
c17d21e9313a2058141eb17b3bc4ac8c52142da694c8008bb77d40864034ca3f,SIM-R27,开放前线,0,0
d0958afa87db3e2e981b366240e72878771feef798d77e149fa9d1eeabf7cd73,SIM-E81,收敛区,1,7
4633eaba45dab57c660cd76310e3b40e79c32a21750911dcc6669c0f14a943a3,SIM-E85,收敛区,0,0
6273ca213b07a05a04ecea535e02765a1e366aa677c5f3cd5f348e1bb72059a7,SIM-R27,收敛区,0,0
12f32dbdf75faecaa63505be4afc843bc9a081b377e00ba5a674252ae853442a,SIM-E129,收敛区,0,0
157b733bb826a7c249dc803ac039cd63c6af7abffb9b9b4e6a0a54218d3bd1b6,SIM-R27,收敛区,0,0
6c2592f651ea2f6af634bfa15aecedf7233695c5e78b21badcdf1d68084f955b,SIM-R27,开放前线,0,0
250884ea2ce2f277a998eba687020bb230bc5a225df7d1f1ff8eaebff43640ea,SIM-R27,开放前线,0,0
d74e42270e4dee4e548b55321894da90c3e0ffe4f1a859840df9c868a4c73770,SIM-R27,开放前线,0,0
b34d7170feb58a52a45e55c8d9b8e1dc0df412af938f01f81d75d3677bba615d,SIM-R27,开放前线,0,0
4440bbf8f6e4dc73f1229db12780b3c8e066c1f11982302039686297418ed5e2,SIM-WEB-E133,收敛区,1,2
9fe8c3c23253bfe27aa400b4ff5535c5164150ea7fcd4eadec2b5c0e2f2c2c6e,SIM-WEB-E134,收敛区,0,0
61d2cc36e5171b29252ce2f0fa4a4e2775f27fa4d6366834250a1cc8b164f889,SIM-R28,收敛区,0,2
690278e0ee831b3c660dba09c04fa6d8e4967a108260a62f583b11377804ac4f,SIM-E131,收敛区,1,1
5c184167df01f9a0de5598250eda4a401bfd67b36e549a2066a08d7e847d6f44,SIM-R28,收敛区,0,2
d99e832c3c4df090fdeb73961d24c5f63a8e95ab5a1d0a843ef936c6ac6413ab,SIM-R27,收敛区,0,0
86111099595962f6713078756048bce53d36dce1243d442821b829d8b0f2b873,SIM-E131,收敛区,1,1
c67c044037df080656fc33aba304db78289050261a43d330a206065e9746555a,SIM-WEB-E132,收敛区,0,1
ef48dd1204496a7a196487a1cfd9560eb6ea5d5121819e2f38fe4e38e0334a24,SIM-E133,收敛区,0,0
0d2490531557d0cc069f5fcdf0eeca4395bfdd6b3050b0ca6edb5f2a9c858e96,SIM-E18b,收敛区,0,0
22d6c770648330424ce10373b3ab1dd8e6c83aa0ad6ba6d19a8e157158fce910,SIM-R28,收敛区,0,2
5484798bd96c86345e96ae4cbf0e4a4401cec6dba6b6d8dbf471883fc161642b,SIM-R28,收敛区,0,2
346759eb10a06fb628905c8f0d588effe82eaa49298f10df5a178c0e1fb9986a,SIM-R28,开放前线,0,2
275edd2d5f8d308cc30227c50afdffe31e6e2c2e18ef7b188e2f084b72383d77,SIM-R28,开放前线,0,2
68279858fdeb2d66842fcaff151fa8cf7b7e1b7475e674546a5250e19c53295f,SIM-R28,开放前线,0,2
4e79023851d88bf92fb6da7a66fa83c45b2bc86844c3dc4337bd61f522e43747,SIM-E131,收敛区,1,1
5c57abad8b72d5f5b41329dc017a0aabeef61618e4e4461c17eff15cf5e5d7e2,SIM-E133,开放前线,0,0
6903a95db1712979ddf9d2dff464898d16fe9da711f4c5358e243bc9d52b126f,SIM-R28,开放前线,0,2
34cba87904fc7c7bc1b251322eb933d2545035cb5e11a6a8df66740376ffd509,SIM-WEB-R28,收敛区,0,1
79485b5d9b993e616bd2b17c0f7c1de5d16ee6fc265c2ff4a24ed8235244946d,SIM-WEB-E134,收敛区,0,0
73311254f806d1ebb14a333693386f4af62273bba2728de8af59f64962b3d259,SIM-WEB-E131,开放前线,0,0
7c5fd56df378184bd8eb25a7f1cf25fee70864d1423d96a7615a314d0fed1076,SIM-WEB-E131,收敛区,0,0
6116b70108180751613b1b2a2d683412464835c662436503337d883619b01935,SIM-WEB-E131,开放前线,0,0
678e3c1508a4734b8325cb537f8e39f3e68825fa3f72e19c700f5d211515bfa2,SIM-WEB-E131,收敛区,0,0
3482d5d4b8a4f68ee92e40a047a58c973468278477224091a03761dd376e5018,SIM-WEB-E131,开放前线,0,0
df30684efa1a2cc6b1ab4696b2de1a6a305f50cf7f183563572a3153328987ab,SIM-WEB-E132,收敛区,0,1
f3aa194eae7afdcb97e00a6270e037a2615e051011fa29e703216b4649659e14,SIM-WEB-E132,收敛区,0,1
5bdd1ec8b3e44b97fcf7cf75c4e1dce317af2fc8110e12df6904900ff9b928c5,SIM-WEB-E132,收敛区,0,1
e0aefc1311a44a35e70e042d43f6e8b4df2c796c98053544df0ce57ddc068728,SIM-WEB-E132,开放前线,0,1
610382a39fb5604a2c2519b7a7ec105bc8f75542d02a700be5d0a8db4634ae6b,SIM-WEB-E133,收敛区,1,2
7a6d6f614c61b14a1d5ab88f52d2b10b69bbad57f7491af4ef137f382da0de09,SIM-WEB-E133,收敛区,1,2
c40eefa192788df5ebce42a72a20cd3a26ff319ae7316ba3790e8c2bd0d54646,SIM-WEB-E133,收敛区,1,2
a4397437bdbef30c3dca05254f0308edc03437342e7ac8b94165ceb078d542f5,SIM-WEB-E133,收敛区,1,2
35a46d66c0cc21508eeb740c6918f4728c5fc2950d2e598a65e89e593881c9e8,SIM-WEB-E133,开放前线,1,2
92af6de83c4c0c8f6530547e1ebd6fa47be1fc12681baaf7f154c17fa3a18f48,SIM-WEB-E134,开放前线,0,0
94f916147ea26a48769d618ce1e7eb871400d86672084a74ce16b560c1d9e950,SIM-WEB-E134,收敛区,0,0
1ba83a2c72f6c20d5cde07d3b32cbb19c2c439f062144135ec404c909dafc63e,SIM-WEB-E134,收敛区,0,0
83c31ab2e0d8701b57a4d2e9121fc1513cd82fa9c13bf94758369d32ad36812b,SIM-WEB-E134,收敛区,0,0
63bc873eb74e0039c66ccbdbf5c7cc6c16e3f94dc8f9beeef6ef21dc02398a82,SIM-WEB-E134,收敛区,0,0
8a607550cb742f283140f002a55b5c49d6ab0819fe50f5a010676c44b6a37a04,SIM-WEB-E134,开放前线,0,0
52c7d67fd6a4df9fb3f592d4180fa2cd7032689d37597fdd1931872589e866aa,SIM-WEB-E133,收敛区,1,2
73e403f8356731c8bd2145a98681a01ded4445ea35c199466b2d842582fa4b40,SIM-WEB-E133,收敛区,1,2
036ad00c1a44a2331c89788eaa75495e30ee6d8ff25eb3f5f286066cb3124a98,SIM-WEB-E134,开放前线,0,0
d58263bd7eea540a25a9c6e94e1b8283303de3de77eaa0890c04fb6351d1b713,SIM-WEB-R28,收敛区,0,1
956303f63bacdc014296faaff6bb43161205649dc8fa221973c20bd02a4add11,SIM-WEB-R28,开放前线,0,1
1b5050879947e063171c71a5f2c1640e9573fa7ff69fb5bebcfc0096f80b825d,SIM-WEB-R28,开放前线,0,1
77f9e7f83b2a64e36a64ddc44df6534e3a822749120e887dede9cec00e8e1a74,SIM-WEB-E134,开放前线,0,0
0f1068c1584bfab80dd5f65909c36ce8da6b9dc887e992e7d6a842273380a0ed,SIM-WEB-E134,开放前线,0,0
9325ae64cf93c1c7ec2bc25d2d5125f42a18f9fe53ef5256826dfe64f0f13b36,SIM-E125,收敛区,0,2
0f963e947d039467f8e227e37fcd8e72a382bbde41a975e33dc5e37b6f9304be,SIM-E125,收敛区,0,2
563f2bbfb23707288ebef2ec8087b20b6435fea711a75c0c4e79001073a6c182,SIM-E128,收敛区,0,0
4384c501bd8256517167dc01b8368a9930058f142b047b0babd416634153f380,SIM-E127,收敛区,0,0
3ae2f872d29a340e3e85177fad92f947a2e38e072052b5a02a4293d9d79506b2,SIM-E128,收敛区,0,0
292b1fbd133d8c4e4374b51252caf6aff1384678c4e52d0aefe237e27b4b181a,SIM-E125,收敛区,0,2
ce9154eb35d381bf5b0681424e497f344fd9816cd07c3f175a6ec7b46f5efb40,SIM-P0,收敛区,0,0
235b3cdd75d82c8fc9deb4df3905ca5adfdd10f06e30d177eead2903ddff2a0d,SIM-P0,开放前线,0,0
ad7e6319a60744754544f4f1323bcec417a83a83976fe9f379830733848ff852,SIM-P0,收敛区,0,0
bcea8135952dface3885ae31d7437224b9263e4f480e233a440e354555661ff2,SIM-E128,收敛区,0,0
a5e01086a99cda5cd03847f0ce2d823aed86dbc9c1b8baf0c3aafd308d2f0b23,SIM-E128,收敛区,0,0
e2382563d3896984168ee49f61f923b8134bef327287aa38a8eff71cd4f015f6,SIM-P0,开放前线,0,0
a1267ba1a1a12b72bd4c2b7c7c66788245e92fb15baad73312b367a2753602e7,SIM-E128,收敛区,0,0
6db88e85dc33707f40962edd9ee7a5937266f095b1208b31e6e1fa1e9630c5ea,SIM-E128,收敛区,0,0
66c2153cdc7dea5b1f44f981f2ce383b883f7f61ef5f1337f22b816e7f2238d1,SIM-E127,收敛区,0,0
1e984ae17c33248c42af8dfe71a3063dd62c9988ab97bc1f3481e0865b3a427a,SIM-E127,收敛区,0,0
387bade9bfa1c157d36c4bcfd751ca6449da388984618325a39a05f8eca3766e,SIM-E127,收敛区,0,0
303e87728aeef32597f890a50ad738ed42751375eea446fd649c7a6cc223bc07,SIM-E127,收敛区,0,0
e455028627fc9c11613daf9bd1341d07ae368ccca003531298833826c83153da,SIM-E127,坟场,0,0
41eb1fd532cce3c728c131670d16cb6d6e3670175057d387a3c39b1bb56d5be6,SIM-E127,收敛区,0,0
8b4d459cd0e901f2faf2f8e30ed60a5cd017171c94965da63bdadc736da80b7f,SIM-E127,开放前线,0,0
6b422ad6bda0d5cbea19043062b33d787afcb84bc791e4235a4d7c976547df25,SIM-E127,开放前线,0,0
9e405838acf47feb592f6f3750fa27a8ff66ff4d93f9ffd72051a6cb8d54c472,SIM-E128,收敛区,0,0
3d61d70400ec5830a841096f7c030d09b59249a51317096554997343cdcd9993,SIM-E128,收敛区,0,0
a6033431de83ecceb6cd37603ce32ecc5e336810f968cdb8cac0b743d295bd5b,SIM-E128,开放前线,0,0
564d60f9fd52f8b7b4795d93f34c827db445be87823adb6bc96942886c9b84b0,SIM-E125,收敛区,0,2
4ba880f1757643158e1acfe0873efce5ed8850de0033650462723970b25210fc,SIM-E128,收敛区,0,0
501db279780757c888ef824d709aec981c43e93cdc67e9268b15f10546de38e5,SIM-E127,开放前线,0,0
2da0295629f20f1b1757dba1e8c677d5e67617e43c2dab06e0fc07c07fd1db41,SIM-E128,开放前线,0,0
4a9fdef11a034d3b9cd8bd42e18420eaf6c974e6683ae08c88c4f8fc8dc18191,SIM-E128,开放前线,0,0
2b7b0fdef8d17e4cd94739020d05c68d85e3ed622bc087c09e8d3f2a4a82444b,SIM-E125,开放前线,0,2
f73dbf4db0f3b58cedfb8e56f718ae1681277de4404de2adbec6ac6f22e26ba6,SIM-E127,开放前线,0,0
6568e8b26b19d5c934a7e274a621a2acd7bf492756928ed5a3d7125c4931b161,SIM-HANDOVER,收敛区,1,3
431449d630aa1888bb7b3b4897d38e73957e99776995c3cae5c84984a855ac61,SIM-HANDOVER,收敛区,1,3
43e76d0d48d6a582470ae5f91302a6693137f8fceda44ec6b756c25c75e98021,SIM-HANDOVER,收敛区,1,3
d41b7f4194ef6409bff6fa975d11eb12dd3dc3d6ef123748746c8cd91816f6dc,SIM-E104,收敛区,0,0
bff762029891d4cd0d862e716d1df81a2314c6ab0587b016735adb5ede7809b7,SIM-E119,收敛区,0,0
90438c1cf02b8c7672de731b3d9cb10cfca465262994b04f1c6dc62792dc5718,SIM-E7,收敛区,1,6
99c18883aedca6a20b13c195075988c5bbae211f9edea257288d2d39793baf41,SIM-E7,收敛区,1,6
f1eb8a99f3a1ff84d852283d68b71167aeac8a37abcc9335ec726767c7e2c8f5,SIM-E7,开放前线,1,6
adb37011a161d737740ead8d4bab2ad348a8e4dffa688d0502055be3e16c4633,SIM-E110,收敛区,0,0
22a29e170a11cb1fae7b849251caf1d1223632d80f621a5bb94e3fe711c0037d,SIM-HANDOVER,开放前线,1,3
07318af170c526e7bb7b0962ffe99195042155f84c637587ce1faff11f11a0ed,SIM-HANDOVER,收敛区,1,3
1285e55b5c81b22bac9fa857018efd9bebdc3a33d5df465e1fdddbdb83901307,SIM-HANDOVER,收敛区,1,3
6b5f7d230ce006d6590b8bba063d7d4c5f407cf6ac5b00acb7a2ddc925cdfbbc,SIM-E27,坟场,1,3
86ef5738331fcc4a232ab0dd70c34fef55e7f3cbf9b747b74b8caacfd12d59b8,SIM-E87,收敛区,2,1
1a6cd973bbd8d0aed292ea54227d68f143c72b3365090d64f2ebd2cbdb0acc3d,SIM-E100,开放前线,0,0
befba682f74feaeb7c2352665355241318f7ce6358a3de3c442f4648bf4abbb1,SIM-E115,收敛区,0,1
6409dbe1eee6166eef88f4fe6b4d1f60480ed54a9867d052e02f6e1d4a06a9c2,SIM-E119,收敛区,0,0
eba9834ec80de5a195505bf0bde8d4960e227519d8e6c046206793acc4cc7cec,SIM-HANDOVER,开放前线,1,3
34a318da68c9e2a024d9d72a467573b057078e7b6473dc5e59e4c5f9e1ca5c23,SIM-HANDOVER,开放前线,1,3
68022fefe89505d2727c9aa5d41af0cdaffbbfb534cbcc5173860be8d66956bb,SIM-E111,收敛区,0,0
36c9e35f435a60148085e668dcf696dceefcdafb52dc4d21473b4e06601cc8b0,SIM-E111,开放前线,0,0
6450ccef339cd17569ec3b8b56254cae83901d9f41b60a00abe565ad6fd29a16,SIM-HANDOVER,收敛区,1,3
b5aa8fe72b7aa1c50f2325716dfaf78aeb08daecc593378cb198555a23327cb3,SIM-HANDOVER,收敛区,1,3
6351cfa8a440a6a0e1affb99467040e50235bcc26ea37d513f6a4fe0f9631060,SIM-E120,收敛区,0,0
d78d0c2a3d7b16c7f82f173d9eaa446335f0df6e601dd6106f0a8f7e1ed6e362,SIM-E112,开放前线,2,2
03bf8ef0d3bbdceac483c5aa0770a3add5016a0568345ffe6416f7e0f79fbfc3,SIM-HANDOVER,收敛区,1,3
c30bfba5502b4fe5e841b3ce970e38d87a25077d2baa14732d1f8bab27f40865,SIM-HANDOVER,开放前线,1,3
5ed80474eadc03dc76615ac5c1f97cd8a0f40a6eaa99e02ee1292bda39ed9d5c,SIM-HANDOVER,开放前线,1,3
310188863e8016d36f28bfbe491379c70d007e33ddea84091425339b8f1e246e,SIM-E85,开放前线,0,0
b5a6312996152651d30848c805f1c665af4ec1d071e4de3d801d46639fbd2d52,SIM-E110,开放前线,0,0
2250d432865b53cb943e81e664d2df684529ae69cf0674c1364bbbdeca091529,SIM-HANDOVER,收敛区,1,3
9cd582beab4d62bde54e1d5aadc7dc82bd33bc925ee4c9718466cff961816192,SIM-E125,开放前线,0,2
9a4124a47a3e97c68fadb6f768f75d64f0616498647404218b14ef28a64917a5,SIM-WEB-E133,收敛区,1,2
915890d88eb76a868228afae742c06f43cef68da3a7db083d212dec66fea040c,SIM-WEB-E133,收敛区,1,2
1393ff067428be5704940496f28ae021f3217e8589b7b5d673bd802acedd59e4,SIM-WEB-E133,收敛区,1,2
26912cefbcea347f0959ed80a20035bb930f65d185561107adb28ad5aa0f51ba,SIM-WEB-E134,收敛区,0,0
0c2551126379620bcd18ce4e319ee73f7999e8a666b75ddb08ae0cf0c31c1019,SIM-R27,收敛区,0,0
60bc17d29ecd6da34161f935ab1324a7f913485c913c6c5df0849539b92897d3,SIM-R27,收敛区,0,0
f7964e1c6de0e44100714cd53e8320c10d7ce1669bb812ee6342551fcfbe6983,SIM-WEB-R28,收敛区,0,1
305fb3e3364532f86d465fb052b2bf7f39d48c48dda30fc41efbc272fdf9b503,SIM-R27,开放前线,0,0
a39406244be626501e1cd2a1a1e3950bbca10e36046041d13fda5e4ec46eeabb,SIM-R27,开放前线,0,0
d729229b0c082358df0d796f2ddaa744de4e4add51441ef7244b1eb1d32640e0,SIM-WEB-E134,开放前线,0,0
37acdb8c31b4a5b2ef3e1f16dd94660486e700cadb7dbdc9e08d18587e760b1d,SIM-E75,收敛区,0,0
c56a526423c6811fe874bfa3fd09737cc872b48a9d7ff8135456d1dade5ae01f,SIM-E76,收敛区,0,0
7e792ef082736a48c889e25eea3b39c7c59f69bed257d9dd4421cf45e0001e82,SIM-TICKET,开放前线,0,0
9d772a9bbc18382e0540aab47bfd1273f8376f027524f887f1f1d4ccc1ab5d5e,SIM-E81,收敛区,1,7
9b9210df54e32c2df327f0b8a944f07396eb7a0a206b534c51e9d6b1acb9bdfd,SIM-E20,开放前线,0,0
31c732a4185e997b07b00e409d4ce3826615762ea52a12b06c2ba84fc155077d,SIM-TICKET,开放前线,0,0
04a6df9271850a8adf68b6bf07e40730ad4ff40a22744a6ac6833ba62d3b260d,SIM-E20,开放前线,0,0
71d1cbb60ed2a9e1188eed3a6b822ec28323a2fe2bdc353e0f4b8d78c9940fa4,SIM-TICKET,开放前线,0,0
28cb2473c237f95b7d88514c995071fc3defad0734ef6c520bf95a4a02465ce5,SIM-TICKET,开放前线,0,0
ef31a1ca46fd84a58f6edc5a596a738475cf433d01db341f9d48bb23a7f51278,SIM-E72,开放前线,0,0
ce35c8bcc14376dcd8f00997d3ff708d267b3c20f32a39d376bc9cd47fed434f,SIM-E44,开放前线,0,0
ea7817821a73b97d454df9315450875c0bba01031f701417d5f81e2e0c367585,SIM-E44,开放前线,0,0
3bdc216e8fca93c8d56a37078cd75252e8385afd055be58e56467aeeff3b6e50,SIM-E72,开放前线,0,0
e62553f807c68cecc51b27f29132a1d97a4b6bd1d9938e54aba647561e567045,SIM-E30,收敛区,0,0
770fdbb65fa110f56f3fe1f6ba17ae7dda56ace2620939c19d92215868817c9a,SIM-E67,收敛区,0,1
5294fdd7dcdc15165c0e804be032cd643bafed4ee0ac2b01f00af1d60ffd36dc,SIM-E34,开放前线,0,0
e0b9fbe3960d34fc29e2e1c766926a8bd64d2faf9509c7498ba1d55c19df98db,SIM-E27,坟场,1,3
38d71932a3002536a262570d9172e63a8ae92f9ea314ab87bb4f8b7a2867a64f,SIM-E45,收敛区,0,0
0262df6379e379e6f6614bab6bc5af3581bc15d0a4fefad47bde7e4cc4d8f283,SIM-E32,收敛区,0,2
099dbe37ad792585835c1abff14527e33635abad453089bcd659dd650b9fd7c0,SIM-E46,开放前线,0,0
735dbb21a96b307cb419a76258b0bfe1d060216d0d682f40d9db508d0f8ff290,SIM-E81c,开放前线,1,2
885618e3636cb5a36c71a63217a31405d7e0a1956b9f4026f771b440f690b1cf,SIM-E37,开放前线,0,0
cb106d6a9bc8bef0d5c11f43b424ed958f29d021df3be0028701eed39b12f2a6,SIM-E80,开放前线,1,10
31ef72aaca249d32994724cba42a90ce4c7657a6c9e289f0196511aa04088364,SIM-E81c,开放前线,1,2
a688a988f7f6269efc5c2c67c5e4d68b9bdc170079d07a7497e242b623c61ceb,SIM-E81c,开放前线,1,2
3313e59d06510751e8947714d43023033bf30a3d925c7c3345e8bd588ee0ee1e,SIM-E27,坟场,1,3
3a9c5e3c9caf3da6be6718221e91800e92a71d82a84cb559e5c56fabcac231cb,SIM-TICKET,开放前线,0,0
6ec73479f82104542756c7145221f803db1654db1bb4c1bb46233c3506928cb8,SIM-E40,开放前线,0,0
003a37f8c3ed3bec7aaa28226fc1ad99034f77f7e4c7fac7b1881b607abdfe4f,SIM-E29b,开放前线,2,2
f256f3df5d81ff430e484b4f3b99ca9c7ec5432af76df3b0b0b8460577f48670,SIM-E14,开放前线,1,8
6dfae8da690a561c234704fc48bad493329def744e011bc71a2eb06d519e9166,SIM-E85,开放前线,0,0
b20a13c848f7e67d4b09675d11fb9566a2d2633b04f95fc902ac0bb1bdd9c3d5,SIM-KERNEL,收敛区,0,0
7db60417c2d961cd495623fca26fcfb81af42a3f7b17c034949508c379277d27,SIM-KERNEL,开放前线,0,0
84df440650ca3dbaf9ce4cb9e0f4062b15d1b3a93f07966e456154ce5291d4aa,SIM-KERNEL,开放前线,0,0
84f6afa9b113de7db2861c2414fb3688f4fceebffa18a6afd81e117e0a5039eb,SIM-E85,开放前线,0,0
04acb1149d03394268e9b6091c47ee0d9824ac39930cadd9c2b37093d798a6be,SIM-E87,收敛区,2,1
8bde0986f6b6b45c082d354df51a961d66b1f08e40aeee2af48d197b3b1cd5f4,SIM-E106,开放前线,0,0
ec2028340a1fc06dc1b3ab5636a057c46696b51aaca52aae26f11fa7a9341864,SIM-E7,收敛区,1,6
80450d20e1d8bdd831b824a231a2e30c7df05b32b42088a0037525390917b6f9,SIM-E104,开放前线,0,0
27820258f9c1c2dde34ec859bfa2ef29bab9cd8dda7f3f60a2122c671e610e1a,SIM-E96,开放前线,0,0
6bed434504e65d483953e9e8a1b510546213b82486eb1122997847e32105287f,SIM-E44,收敛区,0,0
d7425b6d84ef320f374805e0d14ccd426f70808a6181081b12338bfc1a3747dc,SIM-E32,收敛区,0,2
6f534489b7697c9fe0a62f8a2535eeae7e3e3b594699a37d39b3702f5c4e27a8,SIM-E122,收敛区,1,1
78690226f267b02de3c93ac08a3b528a13fb12c209d490094caef8b8aa9c30ab,SIM-E26,收敛区,1,2
88b13a40fb3823220c91824f22ec5d271436f3e2d01174a3c873139dd8c00f44,SIM-E93,开放前线,0,1
0fe1f7c96b815b5457dd902e62ceeda7e8d90d227c6c0dfcdfdc584095c52304,SIM-E115,收敛区,0,1
e4a38e4be9a33373e1554a06a0aba8f4f835b899cdd4ce9756e66ff29d6e3b8f,SIM-E84,开放前线,0,0
f0f3fc6b9f4e6050ff7613b0f4da4ff8781e4ada3d4f4416e35637d2f9d8e0c0,SIM-KERNEL,开放前线,0,0
331ae051ed0817f2503eb766ba91d271af4d5d6734b8cd7f911fcd15e4aadeea,SIM-E85,收敛区,0,0
547b85f45680dc998a88acf2966fc354ff988a4a64f14f815e601c392d151e46,SIM-KERNEL,开放前线,0,0
20df70f77874bb23b852c066c2bba9f6e88c55a61e120a89d5be77a1d405b9e1,SIM-E26,收敛区,1,2
3706099f220e02c3ed3b841fddc4a5154ff3aee3a4e28af9e229e483347f219f,SIM-KERNEL,收敛区,0,0
8334047c021656acd9bb2b127e3da270535ff152f84874aaa7232e4ad2640461,SIM-KERNEL,开放前线,0,0
8290b41d7bdc70fcc2734bebeba9c7cb4edac88a2e441e0486b4b2b13df45a2b,SIM-E25,开放前线,0,0
31057e39bb140a65a76b54f2b9f8f3fe290fe4fe006ca18eb3dd30737b080a2c,SIM-KERNEL,收敛区,0,0
10699d2cc23ed0168ce567da5cf394cf79575b4276f199eb2ef9ef88f0f1f7c8,SIM-KERNEL,收敛区,0,0
43738bddc72852cf7926efdc9b779f36f45d0c140e07857114ffd9556fbe4f4b,SIM-KERNEL,开放前线,0,0
4d1e50ed4fedeea1a6f369598d7a3c4ab7ff9c6dbbf33bcc0819ba73f0229a28,SIM-KERNEL,开放前线,0,0
695df2f08556c717529bc5fd9a2f60c166af14d39162c436de71984486d69231,SIM-E122,开放前线,1,1
5c140e4b1341064cebdf2ec804bb678d40547961e8ce53fc79dbca3a0967ea5b,SIM-KERNEL,开放前线,0,0
0510ad5d77208bb7c51ee286ab61a6f05c4aa8839967abb24d1651b8bce8fffc,SIM-ARCH,开放前线,0,0
193feaca9cc63042894c6fb35ccd8359e59573d57e876aad1b5f3c86c7401329,SIM-ARCH,开放前线,0,0
30e958eadbc7846aa41fe487f9f3d833f0b2b082db4b92e12dae66687091a44b,SIM-ARCH,收敛区,0,0
2d093fcf6892962bf94ae18fe989dd4b5364f17396d1d97a7995c9b8cb6bccc1,SIM-ARCH,开放前线,0,0
d1c4a9576309591e7881c3d37a6a2b2add64679ac745633a860e7728e131d7f6,SIM-ARCH,收敛区,0,0
f4365e948460c092aa6813ec6c953b953f1e0e93736411d5387e6d3e9cd2d174,SIM-ARCH,收敛区,0,0
857fb69523aacbf8d7e24858b28d880ff765c5fb093130468a1115b8094e50c9,SIM-ARCH,收敛区,0,0
7ab62d6147a6b2badc9c685dad04b577b00296df92b1e9fedf7a59f6d5bef68c,SIM-ARCH,开放前线,0,0
90132a49ffa11653959704cd4d8ce029d4393363cf132580d9d1ab8be326dd60,SIM-ARCH,开放前线,0,0
ffb9ccf75fdbe7bb268801797e757d0e8745016bd9cca3a83761a031e6e4e4c2,SIM-ARCH,收敛区,0,0
4f1fb5c43592e8585913b8397fc325c2b069f8158a5b4ba904b1928bbc23b26f,SIM-E7,收敛区,1,6
005ccd29dc040fa52f50d67e4b26692152ce346d7fa0c858a283f1355eedfa9a,SIM-ARCH,开放前线,0,0
d4c1b36d12ef4a50ec3f7f75c368ad4c5ab9e772b425d2590529adaad9ac8174,SIM-ARCH,开放前线,0,0
401f8763a3c5063f9322332e4c952ca9b068c31d5082d9c33b4f5c637f4f7b03,SIM-ARCH,开放前线,0,0
327ea47c777edfcd15cb48514cde837ed8bc9f27b6c2afd31b6d67e839801059,SIM-ARCH,开放前线,0,0
f3576d430e8485155a4a8e8a15234dea407351f18794ca612c68a7e8a3f70549,SIM-ARCH,开放前线,0,0
ac096da9375af312228e3f1851cffa18c780e1f35cca3e0291ee43908cc4e678,SIM-ARCH,开放前线,0,0
76699d972b07d7db17ff794e7cf0067b4f2407c087caf7f9ac5eee2b34d402e2,SIM-ARCH,开放前线,0,0
1f6b58465005a06191480bfe29888d592d54b1bb5c81891f21415ce8d98345d1,SIM-ARCH,开放前线,0,0
2bb5dd804192fa3bbf2507c77d5e398d5474709630c79e0ffab417907212a9a4,SIM-ARCH,开放前线,0,0
c2fdb07931eb2241fb1b9303a21fc1530e4a02cc624f92a44100497e0c9680ce,SIM-ARCH,开放前线,0,0
34a60304e2f530e7ae7ace71b182dafa09c417d9221775b2f0949097964cd859,SIM-ARCH,开放前线,0,0
f8fa3854ffd4bb9c59efd63778e69db50b006da0dce3bfc9bf2852a979eb1c91,SIM-ARCH,收敛区,0,0
0ffcc3cb79d1170fad00b4a14836b6655492611cced1fdd483f33499f44b4e95,SIM-ARCH,开放前线,0,0
90332dd5ef29bf08282f3db5ec6510fdd342908f64d13e2181c6b232eb219108,SIM-ARCH,开放前线,0,0
21a355cadcff85244a1a32d5df3da57d086cf6dfdc0c1c852d9a2afe66b3c734,SIM-ARCH,收敛区,0,0
f5cf1b686315d7a4a94b41ff35273794773b9e11ebc843d65bf231fc21faf0ed,SIM-ARCH,收敛区,0,0
dfec727a081f0b64ce9537480d26cda56bf037094abd0b5b0535fae144424694,GLM-WO-v3.8,开放前线,0,1
5453e3a1a612e7028346e87f92474d6dce84d7510d5c298bb365258bf2a6272a,GLM-WO-v3.8,收敛区,0,1
c972eab4e25a29fc39ce0ccd817f612ab062b55b3c1186f2789da5dbd8cb2b9f,GLM-WO-v3.8,收敛区,0,1
dd591a37f35cdb7d09dae6fe198a7d12f04b87abcda24f529c5d7de12a693801,GLM-WO-v3.8,收敛区,0,1
82257d5629905ee69aa25a223a5b62d677a84345740f8c1ffd958403fd620967,GLM-WO-v3.8,收敛区,0,1
1ab1be03e8263ccef83a04844652a521ac8821a702ecae7f5a8b943187911376,GLM-WO-v3.8,收敛区,0,1
022a144295d5ec2c1187b9c71d9327e07ac354c5998b91551021d0227221d1f1,GLM-WO-v3.8,收敛区,0,1
9809ee63c3bac74ee1a18a35c51f6d08cab2ed3bcc40447cf7674c511f574090,GLM-WO-v3.8,收敛区,0,1
06de35fd816506771190fd2f40b6ed1d3a5bfcd555dc5ba1c287f8e3158bbb99,GLM-WO-v3.8,坟场,0,1
6491ef7bf50708c5be9f52d7a1dfc54b15309d1deea0502d75ac1709d23f907b,GLM-WO-v3.8,收敛区,0,1
c1a3ebcdb0925c0ee508188614f30e897c75c48e31b1ce577cd9861ea43ae73f,GLM-WO-v3.8,收敛区,0,1
c602652d00113fd08754c5c40fee8c09ac1b861f84000070ebe09cb4bb1489ab,GLM-WO-v3.8,收敛区,0,1
768535b9498ed49e22321f115eba4176ebde57510bc387d853ddf446be7c5fa6,GLM-WO-v3.8,收敛区,0,1
425c77cec4a88c4ab553f36c7be1ad99fef553469aebdab070128562b6d5f430,GLM-WO-v3.8,收敛区,0,1
c320f8a56bc0d949929c04ad9d514218b5f2711d9c9fdbd7ad342c38bb3430c1,GLM-WO-v3.8,收敛区,0,1
f490be27032e0a502873ac05b31bc9bc22b9e522c4a7474ef407904db67dfc6e,GLM-WO-v3.8,收敛区,0,1
be24bcd1d4686260055341a4e34e925d692ca7978c09a75d2703a0bd8ee851db,GLM-WO-v3.10,收敛区,0,4
78a18aabe853f7951b138edab2af6c4e4784bc407730dfc5a97ced3ae99c57b0,GLM-WO-v3.10,收敛区,0,4
962ab6b14573053323bd7b26ef10f333a22298b446e6976167f8fd388021ac63,GLM-WO-v3.10,收敛区,0,4
d65bdafd439399588162071fea7bc255e29aebb5afb16d9440e3d4aba432fca8,GLM-WO-v3.10,收敛区,0,4
5efb2cadd43a59f49b6d57dce01eb1db6ee15569f4c9de725c34539439357678,GLM-WO-v3.10,收敛区,0,4
ff165f37b9e27511364fa169b55028748eb97698459a408b101686d1d8ac319c,GLM-WO-v3.10,开放前线,0,4
93f73782f148d76fd86e14ccca3dedfe59baadc4d3ec347037b2261de4be74a8,GLM-WO-v3.10,收敛区,0,4
1c7bf3c8451eda464282af79f8931a51319a67f95cffe2e66ab8db8fa704dd37,GLM-WO-v3.10,开放前线,0,4
cddaf78da1314b0407efc46f4c10acdd5b7af1d27abf06187df43be67020925d,GLM-WO-v3.10,开放前线,0,4
b97c1ba8e890b65b52ea0b48594b19e65c13f2c9def7e0c0f87d7e3d2acecf48,GLM-WO-v3.10,收敛区,0,4
a16137843d14f537996265a88f70ba9428f14f70de879d88a5a957cc704b361d,GLM-WEB-v4.0,开放前线,0,2
12a7215ba9e236402f53c23b037a7f43033e643d8a8e5dc026b7882c0b3cdf62,GLM-WEB-v4.0,矛盾区,0,2
dd49f477007785527ea40ddb0709ed889cd3362e108dd71cb0478e8977704e0b,GLM-WEB-v4.0,开放前线,0,2
6620c57836d05f6d8759ddc1e00804b2c4d4ef75cb4bf66c00f787d2c98d0f63,GLM-WEB-v4.0,开放前线,0,2
b615882c30f470900ea78666f04a55f84088f8416ec146d61bc7441e3ea5797b,GLM-WEB-v4.0,收敛区,0,2
ddc6c82334610fb36e0faa5e10662ac0373915da4ade024cd3101cb6a2bf6fe9,GLM-WEB-v4.0,收敛区,0,2
bf621696e5c870da9fb4e2ae27ac820d39ad5fe0e5e9f2abd4ad587041162786,GLM-WEB-v4.0,收敛区,0,2
86011729b421ff7b55b8992c2ded642d46339301470d6401d6cfaae49dd55574,GLM-WEB-v4.0,收敛区,0,2
b4ec2ee4e95fc1c4012510dc406cfc6fb844d1d6c135dcd5704376ed76dc42df,GLM-WEB-v4.0,收敛区,0,2
179f8e71c327f6f5423211ea6aa81e5ffed43b90944c0139ce81f0c7ba80d93b,GLM-WEB-v4.0,收敛区,0,2
0e687bdd14acf1dccb6225236f70ef08f31ee43e3fbc963d562266c475037db8,GLM-WEB-v4.0,收敛区,0,2
a8539a02391711eddb3f1f010e1ea9139daaa4601df1c78145f1983c4d073d82,GLM-WEB-v4.0,收敛区,0,2
8152701ce02758f1f854c64b4ee720da9ccce70d7f0dc5cb39ef57d92ed33e96,GLM-WEB-v4.0,收敛区,0,2
e336469660058edaf3ba3ae9140d0874d4df5fa8157d2c6e4c7c212e19f26ff9,GLM-WEB-v4.0,收敛区,0,2
312b663fe3bbd43355e1721500d0d1b126e34974b7df2b8d4d2fa7c80d4fa1c1,GLM-WEB-v4.0,收敛区,0,2
e45b7af11861c672cbb0874e7300e9e75a7816b1449ff987c363a2f5b3c5dc03,GLM-WEB-v4.0,开放前线,0,2
b55feb38df44cfa61959090d63fb089eb325c47e241fe099f4a535bbc7950714,GLM-WEB-v4.0,收敛区,0,2
b535fabb4d9d7ece42f612ed2ac60687e720315a611c52a15c117e8e4fedc044,GLM-WEB-v4.0,收敛区,0,2
bc03b6b6b8c2a46d492ec82f2494cf62634632a61d55cce36d4603141c68685a,GLM-WEB-v4.0,收敛区,0,2
685bfd1d68430ed66eaa92743893bf4d12fff681c670d09c476bf863ab15231c,GLM-WEB-v4.0,开放前线,0,2
967e26306f7ebec3ba7595ae802479290422b0230d0a0523f8e3bc40d5fcb25c,GLM-WEB-v4.0,收敛区,0,2
548a553904f790a7d7c78cc45cd5423a69cbbb5d833c13c5670f74e4820439a7,GLM-WEB-v4.0,收敛区,0,2
b4a045045b14c10038db171424a601cdde3f7e4ff4752b3004601070906a70bf,GLM-WEB-v4.0,开放前线,0,2
1172f0d8f6ca39c05715b9b22c954001b716894f285532bfe11bfc6969d616aa,GLM-WEB-v4.0,开放前线,0,2
df4a00a0b39eadeb067ef311fb61d0b4e5f24527b5cace43c2950f8720c0587b,GLM-WEB-v4.0,开放前线,0,2
d4ec1c32aba8a5b486c97228993c178336daf72c00b132e9025ae2526436d2b0,GLM-WEB-v4.0,开放前线,0,2
462836677475fa51a750f2b6dca7e333b03b34dcab3ee7c1f8064385f0c4aa2b,GLM-WEB-v4.0,收敛区,0,2
82dc97c7e7ebb20bbfb17d76644c622a5f94c913ac85540a94fdb2958f50c7a5,GLM-WEB-v4.0,收敛区,0,2
83927bbd5e4858de7bfb7239d11d28e94bec0a8f1a2d535f44cbf327d5e49329,GLM-WEB-v4.0,收敛区,0,2
4961379948a11cda9dd2b08d950acff6944585ede077822daf978e5f8c79a1ea,GLM-WEB-v4.0,开放前线,0,2
f036eabb22d7f987f29cf793cffa92118b0ce5427cb52778d6d724682dfbe117,GLM-WEB-v4.0,收敛区,0,2
f137298a78a824a666ab52f38685563d65e4bd4947b44d959e54ea78f578eb48,GLM-WEB-v4.0,收敛区,0,2
fcce264987cea03cbde23dc1f416e347936a0581de2422f0400737def62007cb,GLM-WEB-v4.0,收敛区,0,2
b1c73db647ac2f2489399f1aad44f6d79fd33e2cc2dfe0f6c86788d0755c57f8,GLM-WEB-v4.0,矛盾区,0,2
c762da6e2e462280d6322910bb7dc9336ba7fe0626b96613bc1e2514fbb7253a,GLM-WEB-v4.0,开放前线,0,2
a41f889ff0b511dcecb2a85f66e11a5671f9ceb8c87a9151d23cf17f93471875,GLM-WEB-v4.0,开放前线,0,2
d2729898e487e992d565141d2d7940bec1fd39b33128f5c9537a3ebba7c6807a,GLM-WEB-v4.0,收敛区,0,2
0535f006aaf95521cd31090bf8c2bf00ccdf00c48426bfc5aa666498ce6f6d2e,GLM-WEB-v4.0,开放前线,0,2
33faa284ccd32ca215dfa7ccdfbdcbc4de51a4c76acb74f212ebfeacb6fc6386,REVIEW-GLM,收敛区,0,4
c655bd7e57b99d0279b2f804c9e165727c7c13376d689e5d02e49375be1248c7,REVIEW-GLM,收敛区,0,4
0ad97a56e9308fc8a2e508a5ee58d33aeae846dab0de7e1352cca84340bba6a8,REVIEW-GLM,收敛区,0,4
973e6243fe6ae5a1fce0f1f5e717c0f904597baac139c4b69847cbfdfea6910f,REVIEW-GLM,收敛区,0,4
2601aeda0906a511f1cf9df4de13081d26c4beb8d13860b7e23b3064b18f8296,REVIEW-GLM,收敛区,0,4
52926d5a8e2fa42ae8b580d3b4c27e213274b269792a3b256c7d8088d9b563d1,REVIEW-GLM,收敛区,0,4
395819ff8869b0e46bdf4e5465809fccef59f57b678c0c1af8e9439a347b38ac,REVIEW-GLM,收敛区,0,4
f1625ce053f03eafa71208754b97920fbb5ed7e30e54d64f51837f017771d07d,REVIEW-GLM,收敛区,0,4
8172934a47792046e11606a9dd6d55885de81ccea1c13d43fc1621a54946a627,REVIEW-GLM,收敛区,0,4
7c56fc07ec982668785912cb6a5e9136d8bd41a9b0098673ccde5bfd8dd3dad6,REVIEW-GLM,收敛区,0,4
dd7480864135a140f584b4a9c04ca0409b0a2e71dfe496a2e6092f8efeee0e02,REVIEW-GLM,收敛区,0,4
2ea0e6df7c248623f9bc85e5e91ab638360642450eb3ca9a0c47eded26533fb9,REVIEW-Qwen,收敛区,0,1
dfb127033cc56b783b24dfc64b86c830c01144adad51b835d39a7e3ac9eba44c,REVIEW-Qwen,收敛区,0,1
019795f03f79503b83ac525489f7d2f5dfc49063fd9c621f620ef9975ff54313,REVIEW-Qwen,收敛区,0,1
58da85563b45c96c17546aeeb31aed3ff152b1cf5fd760ebd79b6faed5c55afb,REVIEW-Qwen,收敛区,0,1
967aa0fd43bbe85cd57a8f7f40ae24aedd8b8bd870d0060052b7f84de94c679f,REVIEW-Qwen,收敛区,0,1
ebcc0a513ba0f9eeaf10d9cfd4f7cbcf44f39fa443785e8b6415ec408cee3006,REVIEW-Qwen,收敛区,0,1
415cb27df76bf52a3adb98748ad5d72339d42f6cf96ce8a9e1937b9dd81037fa,REVIEW-Qwen,收敛区,0,1
b8d2165f65f76bd352636797d2051f1aa70d877a53d0732ee5afcf4145f49c1a,REVIEW-Qwen,收敛区,0,1
135cf88e295770a6252450b751a0af7a87b790ab3e78cd43491cc2856445fefc,REVIEW-混元,收敛区,0,1
11d8c8d574ce9df54490581e627ddd588295734b8d17c150f8bcd657e4731234,REVIEW-混元,收敛区,0,1
ad0976d1fdf89b95d194c22affe6ce0dcd0581e9c9d430873dc89ed6f70b5b16,REVIEW-混元,收敛区,0,1
9caf0ce2ce3b92e8ff40788070b74a2a70d6f257ebec91ca448c69daac95f4b3,REVIEW-混元,收敛区,0,1
2e8c94ad15716b2bb0d5979db4050a02c63a7ff9574e8ea784cb5b238a7337c5,REVIEW-混元,收敛区,0,1
0a6129ddc1897becf81002b44bec626400ffb4ca2ee727285cddb574f8ecf2ae,REVIEW-混元,收敛区,0,1
a17a1c74c461d7880115157be18ea50abb29f01f802da12fc3d260d05a3d8d5e,REVIEW-混元,收敛区,0,1
d2bb73231a8b7cd91bad48fd1b46a9e1d97ebfbbd55dd26383fa324df9c4c2b0,REVIEW-混元,收敛区,0,1
cad7a86db3e29caeb96c6d9990e03f3f9c1bea4a40e545dbb8907e386712a111,REVIEW-混元,收敛区,0,1
20c9186f7bc4cd066461970cace4ebe2cb9e9c6bd68f11181033fc4d313871ba,REVIEW-混元,收敛区,0,1
115ce39cc86cb5b1ee4f4094e7c44f315fb1ff61154d0c3b0854927e0359502e,REVIEW-混元,坟场,0,1
adc420b675029d9ac9ec2b3741e2eccb0dde19137667edb4855ea6bf27df339f,REVIEW-豆包,收敛区,0,0
353ec12b0cd3f7880c7b08e4b0849d699bb13e891c62e4262859b294414d775e,REVIEW-豆包,收敛区,0,0
f896b33596123d1723eb5e75559d8928a4331607fac2f5f9d589c7ad2c766fd0,REVIEW-豆包,收敛区,0,0
b14730430c400ba45eb9deea66c8879a5e7b4791e67a4840f3c6d6086a32e5f9,REVIEW-豆包,收敛区,0,0
19d0a9e9e0fed71280b5f49c6cf8a47c9aa172a8822fe8ca390076b196c775c8,REVIEW-豆包,收敛区,0,0
c4b46ac33461b67888a267358de3c69daf94d0707d38acdbea06c4b2a3235633,REVIEW-豆包,收敛区,0,0
2490007a23c5e2db3dc3a7bd70996c0e37ca62e7014379800cc6cf1e93181419,REVIEW-豆包,收敛区,0,0
d1ffda436f3509ddfd879c67c3d2cf261f421d23169fd54c6527a78f063e0f70,REVIEW-豆包,收敛区,0,0
6f146e6480fa17830adc625111fb1a869493bdfe8fa0bb394d4c28eed26f01a4,REVIEW-豆包,收敛区,0,0
09040dd1fbf8900bcf7746fff6d77c8e6c5a5dcc74cd776416cd814f6f497773,REVIEW-豆包,收敛区,0,0
2739b5535c30f458f43dfe87d09c5b641ac931152a0d50fbc9b91522e58254db,SYN-README,开放前线,0,0
d1b509fbaac411f94533364d84b6bf9f8cbc9670b2f4111d9a2be94901fdb009,SYN-README,开放前线,0,0
7333b5eba8bb204356eb4d7fbaae89fde253c5c39837405568ec34bff3a5c289,SYN-README,收敛区,0,0
8dcda92f7cb90a9ab02610f659b909a8d608505fd041589c0a767b0566e75c1a,SYN-报告一,收敛区,0,2
0d5f80c625ced08b3788d2abf8d72f01f0f7b20c88cfa2a1ff46f637859742dc,SYN-报告一,收敛区,0,2
8d7436f63884e813150539dce537fe7a03ed136cac49ed8a21bf53068081ee1a,SYN-报告一,收敛区,0,2
63bcaa9a78b2d1a2fe322583345dda1248be8be1ecc86349303069eab4e236a9,SYN-报告一,收敛区,0,2
ee06efbab3f3f58a48c5a56715dcfdc2e9f7374f80c6ed6ad3f7adc30c2ed845,SYN-报告一,收敛区,0,2
f309d4dcfc82b6c5440e59023180455c32b3e2ad9b6e0899efc41a192d9b1914,SYN-报告一,收敛区,0,2
1b163241514dfd317c3368bf6b21feecd0d284f1b678291fff1c3a710b44b337,SYN-报告一,收敛区,0,2
0303369fd52853abaafe6ddf8563e534da1a9926b6cb04ab6fa7958a4fae31a8,SYN-报告一,收敛区,0,2
08f09e3c0dec97bed6a5b75b39820af4f6a0acf73e9b9a5543247ed285d8c8f6,SYN-报告一,收敛区,0,2
700e808ae9ac7238b84fbc2ff611416b30b30f2c2381e768aa9df160ba2c26e6,SYN-报告一,收敛区,0,2
fb74ad68c33a55cd34c969dd8cb108fa58c3eaeed488bfd72a3afb1874326813,SYN-报告一,收敛区,0,2
6b97bae38cad361e2aecb9526fe9103c0615801ccad1aa66d5820fafa8a397b5,SYN-报告一,收敛区,0,2
33853c02ae87ac55595a6bf02507a1093fa46630ecb53dd203b5ac98a7263042,SYN-报告二,收敛区,0,0
1fd3a2c001b09eb872b5bdba6d2707e2d327bb44251ffa416c623610cfa0f5b1,SYN-报告二,收敛区,0,0
f93e36d83b30cf0d5cd40e1293fb4f715245665f7db4ea520ec804af27293bc5,SYN-报告二,收敛区,0,0
27c146af49aaf8508c325447576c7a8e99f56fe987ddc75dacdee6af7b30caf6,SYN-报告二,收敛区,0,0
430351e3248c4728af3a28a9623a87ac79a3db13a00e2e765ab1344dfc25bcb9,SYN-报告二,收敛区,0,0
7edf87be5813ab69a33dfc471c35a76ed0cc02fa6b0df4bf10e5adef07ff9e37,SYN-报告二,收敛区,0,0
adb62be6221fef529f35e859d4bdf09659914910ec8b149a4aa51809e5a33043,SYN-报告二,收敛区,0,0
4b044a2742d2255630f5e2f8642b624b435d40a35158ef876b0c70922599699c,SYN-报告二,收敛区,0,0
362ebef2ea03744c7e5eb39c69b6bc83a33fb2f21018f538da4203a24511a042,SYN-报告二,收敛区,0,0
0084c44b94215ef4df1ab87c76023f155a2c24361a4dc4802c716de38ef6d8bd,SYN-报告二,收敛区,0,0
e974aa52be7a49ec94215a827602a9406d14c3c033ecdb304066fe1cb9718f52,SYN-报告二,收敛区,0,0
869be780a6bcd3610686d1827da9562852d5391a117ea1b62ee7cbadafc9150d,SYN-报告三,收敛区,0,0
372160e6022d925e0f6f9a9fe5f621639d9244417e3864d4ae16627f06e4f531,SYN-报告三,收敛区,0,0
3c4e779c98e29f7ef2293c2a2284dcb9bc72360da236ddc92c3a962aaa7e8b03,SYN-报告三,收敛区,0,0
ca18ec7a6f3fb30775190541f58178db8598afbc905077c0abcfd21984e3770e,SYN-报告三,收敛区,0,0
1b79937407289b4758dba65026c147f2e07618dc661dccca3e54d0ed1fee3c8a,SYN-报告三,收敛区,0,0
32a794b235dae84fd8a3b98fa69c027167afd34d2008387ee2e2bc9910ed8b3a,SYN-报告三,收敛区,0,0
9827da8136c129f998c1a2c3d0a62e33bfedf91762f2dfa4f4ead60cd036a570,SYN-报告三,收敛区,0,0
ad12b8afba2a76b0e51b33321e1245052e8826fbb4a2087b95e120d3b028c320,SYN-报告三,收敛区,0,0
134a41ee3d90ff39b3e4ece6e453ef4f758a40730cee2a4b62b68453775de51c,SYN-报告三,收敛区,0,0
be008dfe3742845dbc89c858e00141a4e5d8cc2784f40b3fcbc3094ed93fbb5e,SYN-报告三,收敛区,0,0
b4a657182eb5172fb65ae6928faddcaf6a3b919ccaed3dc241c915984627ec16,SYN-报告三,收敛区,0,0
b90de2992f804bb9d131f0e2b74109bea07d4379c87fef19f76929b51fe803ef,SYN-报告三,收敛区,0,0
b4a90f4180607a7afc313ba10834069b88598e42cd378633c237b34f2c3799ee,SYN-报告三,收敛区,0,0
b9de4a03c4ddbeb86257c1ec5d4197b5358d9fd7357d8681cd37f8de69509be7,SYN-报告三,收敛区,0,0
871cbe19f4ba52a8c8ceef052cfc0e0fe2f6993c38f4b24eac7660b016f284ea,SYN-报告三,收敛区,0,0
081984bf46c933c896001bc15106d6f490c0f7b08c95ad66f483f145fae48483,QWEN-v3.8,收敛区,1,2
7733b4b5a2eee4a81b5cc900a2f2cc07b861634524e46b880ed44ca4820dae8c,QWEN-v3.8,坟场,1,2
a30fbc8c5d529a660770e032343b06aea661913ec8fe836ff4031b58700800c9,QWEN-v3.8,收敛区,1,2
0f133f3a6817ab7260b4fdfb56d15e86fa40bc7fe7bff6a2352b45ee7612ce2a,QWEN-v3.8,收敛区,1,2
825a25bcac8975f4a99fbf443ac8ebd2b4907ee13b4458ab4728d3a48c0ef944,QWEN-v3.8,收敛区,1,2
417bb65fad1cb803dc7e81a18ab31d7e05a9584b1de28b6ea1613b139b5d87bf,QWEN-v3.8,收敛区,1,2
ec96f10b70a1975fe445a3724fc54a832916f7b13203ff9f0865a456fc11ad2e,QWEN-v3.8,收敛区,1,2
8ddb1ea34bdc6fcebb85d747d3d8b77e09f2b3851c1496f993d1953850ebfa7c,QWEN-v3.8,收敛区,1,2
c64c4ce1e2b26c9127f0d110a6dde7117a43adb07f0923120eef1a48067a9cf7,QWEN-v3.8,收敛区,1,2
6e6e548daae401601ee828138a9484b6cb6b848b8d2803a608654eb2d6fa0fa3,QWEN-v3.8,收敛区,1,2
a21f3adce2fe999ce596fe631b1ff886fb3fed832d4287f35109bf99eb52fd3c,QWEN-v3.10-AR,收敛区,0,1
d8894eab1e6cc20a3645183f7cf1e184adea694c092739921a934fa5d86e0752,QWEN-v3.10-AR,收敛区,0,1
40bf04d9c048c4718a7213ee11eea76540903efa269acc5560310821533e0f2c,QWEN-v3.10-AR,收敛区,0,1
beb42a56879a9084719b1ff1d6f48a087f6153e07598ad6932b7d99f4eb5194d,QWEN-v3.10-AR,收敛区,0,1
d4b3f2c52554f2ed5ffdb79e61664e9bc18bed30b24fcc444d6586cce8ca3b2b,QWEN-v3.10-AR,收敛区,0,1
75f6439c82e33db887a40748abb77bae92702b15c8d66cb4b3c453f3489c9459,QWEN-v3.10-AR,收敛区,0,1
673ffe581655363ee70c70c878950e8cbac883c12cbbeb7c88ec30a7348c2b5a,QWEN-v3.10-AR,收敛区,0,1
b7138adde216d5220826ddbe9060ae4fc0a5ce3d619bdefc61a1797b5e9e79df,QWEN-v3.10-AR,收敛区,0,1
e869f3c2ebe7641b83a7878c38f737284260fbbeb6aa74b91f65882bc45d2826,QWEN-v3.10-AR,收敛区,0,1
78cbe2a491271103e48261b0bcbbb6b2215e78ee4e949c77f666da7ca8aeb6d2,QWEN-v4.0-RF,收敛区,0,0
304857633d87270d6398c7b6f0029652b893c4cd93c13752cd4665415e0cb86f,QWEN-v4.0-RF,收敛区,0,0
e0c50b3ab09a8b05fffbbdc5e8c8aa8e3abf54f59b81631a4bfcb385db6e3e43,QWEN-v4.0-RF,收敛区,0,0
dd6007e87a51c57690fbcf85f322795573f028110ab00d495e109c19af6b92a7,QWEN-v4.0-RF,收敛区,0,0
e88f7ae35bbac962e9fa585ea69c63a64f3dbbfbfd0e8888ddb046540366cc8e,QWEN-v4.0-RF,开放前线,0,0
9a00a8c1debfc0ac3ed76810628cd2f8d5a974353c3fbd2eacda1e9d9391d04e,QWEN-v4.0-RF,收敛区,0,0
66e78b83d6e122d02e0cf1552ac42696505d14d6ae9bad73cf203cebddb06aa0,QWEN-v4.0-RF,开放前线,0,0
7e06c383269c2e783a230425e41e54acb1ac69c9a73ddf36fd5173d647622b6a,QWEN-v4.0-RF,收敛区,0,0
a8d049b521a14f2ac6564fe4cb3e8c1c391c533f88b94a7d25fa33fc98482d1f,QWEN-v4.0-RF,收敛区,0,0
350ac4e4cb5cbbe43e265b9e7a8da7a5570766397f775f45a78c5b0fcf660d59,QWEN-v4.0-RF,收敛区,0,0
f39b0861f6f9d034fafbb557911f752febe8af849e0b561c7359fe58a5eb84d6,QWEN-POSS,开放前线,0,0
e9fca13986b6cf9c9b70d900ddc3ec5aa8e7dd558e27e2f2c781d66b61c0659f,QWEN-POSS,收敛区,0,0
80552d0efee1956a1ad2e69cca70b3b2d5f92bc2a156707633b8998cd342f25d,QWEN-POSS,开放前线,0,0
e38171eba61f6a20da4f26f273219fa0df23b4eeb244e2c27051c5beb58bc4bc,QWEN-POSS,收敛区,0,0
1b3f0b995d7b4772f0dd9311794cfd34a4168e4151cb2751b06cc3875dfd668d,QWEN-POSS,收敛区,0,0
7b724a0324d63a76b5c67f9acda399a61153aaf405e8cbd470a0e42d0fc8637a,QWEN-POSS,收敛区,0,0
4dcde8370553bcc4e7b6d5ef578c471015e777b033a0787a6cee0d7a209589c3,QWEN-POSS,收敛区,0,0
eba6a9b336e19abcbc6111d07df08b2d07acb3dd09184f41e98669cf19ebfb5b,QWEN-POSS,收敛区,0,0
e342b4da4784c29afc87dd982ca8c5bc02ed4345c9b7f28e3dc6196ab7281199,QWEN-POSS,收敛区,0,0
107bc92e5d18fd1e81bb8e370c8284a180fe06ff61634bf23532f6ee923d4eba,QWEN-POSS,收敛区,0,0
f197b805738a6e2647994f4bb1081b9dd8dde44600f80aa74722eca6abacdc26,QWEN-POSS,开放前线,0,0
666e16673fb80edde9f12ae11f51d258e34b6b70c1775dc0e288e3ebd758a192,QWEN-探讨-2,收敛区,0,0
9eb309759b2f72eaaf8a63d7bfdd2ac0f09c6705cc1863f06514f010813bb51b,QWEN-探讨-2,收敛区,0,0
93885bac7f166f16fbc738d0fdd50b330ca7c8ac46d12df0a6ea328274134b90,QWEN-探讨-2,收敛区,0,0
ca03fc2b70f6dca6c7080b951da5424da1308b1adeb1f4cc80e48a8d1c6034a6,QWEN-探讨-2,收敛区,0,0
fd3fbab4991c1749ab63982d801047ba8eb57fd02693409a55a7efa382b8bd11,QWEN-探讨-2,收敛区,0,0
c0989585d86f9a06feccd88623ce2d28d2e0160f6aa2265bd1f34ab57a61dff1,QWEN-探讨-2,收敛区,0,0
e5a5e6e8cbfe479ef9364b63ae31b7b3bcd745d43bb1dec24186d313dcb40118,QWEN-探讨-2,收敛区,0,0
6169dfbbf79cee29f7aca6f41686fc8c1335eba9d2aed123802c31a42f08a619,QWEN-探讨-2,收敛区,0,0
00aaf6e170dc015b9b64bc01956635a3169f0f2605d13ba3a93627d2a54870b9,QWEN-EVO,收敛区,0,0
8e1f48574408f3aed22dc93d7db8ef28292c58277ef9b8b35335cd942187ed3e,QWEN-EVO,开放前线,0,0
9be167d7d5e58aa0ac0b3a42e3a0482d633c93ebf6513392f0aff9902965577c,QWEN-EVO,收敛区,0,0
8695929134f2904b043a2e42cd331bfd0c2075b1a8781298017916520774c1c3,QWEN-EVO,收敛区,0,0
dba02d5501a380fded9fb1473d31c147db1cf1c61b70aaa048ad23a87d5047b2,DB-AGORA,收敛区,0,0
c44bbe5292fe95cc69baf95a67638b2b6d5ccadcf318617a12019bdd6a783377,DB-AGORA,收敛区,0,0
211c5d9fa0410a56465194634646b1eb6aa083c2a5de357fa9fe0809a2bba7ab,DB-AGORA,开放前线,0,0
8478968656e109c0afb639caa51e00d2f3ccbc9abe9741c18d0ac675b5b2ddf9,DB-AGORA,收敛区,0,0
8a81a23972087f65bd9bf2a9ae29b516b9b99e861e35790d0bfa02b5bed55709,DB-AGORA,收敛区,0,0
c44b7ab81e71ea27358c3af126690443d11446a7fbff8d3bb12fa2299499c6e3,DB-AGORA,收敛区,0,0
92a4673b66b8a2a423cdb6e77327851e87da4c3a0058b3e93abc9f2eb91a61d0,DB-AGORA,收敛区,0,0
5eecaba4a1ce96265755192bf66db2f3a5e4d70f4e2f08227a540ab2d6350859,DB-AGORA,收敛区,0,0
90934a5fa4c9ca97bb0e274e0c397cb626e0ca268a630bfc3dda9e7c67294698,DB-AGORA,开放前线,0,0
d4c8760c1554b8598fb118b08f6606d85bc19e5daef6bf30d3945a0a003114bb,DB-AGORA,收敛区,0,0
53003cc0c7c152284983437565a589a9b4c2cceb514903fb66b842ad3c05a7f6,DB-AGORA,收敛区,0,0
c7f474e54d2b14007bf601fb1cc3ce462617d463968859135e27158a1d4e02c5,DB-AGORA,收敛区,0,0
451142bfc97e4b720d6cf5ee04460936b02e428987d5e456b64c682e89eab2e7,DB-AGORA,收敛区,0,0
0e87c89231d6a5f82353a312cfc037f13ca2c3666fd119dd50040125b484a12f,DB-AGORA,收敛区,0,0
29d121cf07cd91e9cd1c053d1e957ac203c7f98c789b6c4b53ed8558654f5a49,DB-AGORA,收敛区,0,0
70062c57d178d04626811bf16b4f2cdd41fc2f970f95cebd0330835ac7dbae84,DB-AGORA,收敛区,0,0
185b5d31ab1a7e52205f276eb630c9c0eab7cf80eeb832d4ded5af6238d9fffa,DB-AGORA,收敛区,0,0
46067abc22bc410bd09f9db00a08aef35ea13a57c530e8d7e3475b886aac2e0a,DB-AGORA,收敛区,0,0
f7506731d9f2622b2c3e16911841c92d70968fd3980bd822186bd63f76351448,DB-AGORA,开放前线,0,0
3e5d4ce5d6db514736eb10fe6efb42844be6d9ff0110af1fcec78ae5e966eca9,DB-AGORA,收敛区,0,0
34edbb591118c829f5e5135483c32c0ab685a3946eb94a95ab0efdf55c650618,DB-AGORA,收敛区,0,0
1c38bd198a909edc1eff8bc8ecd311930fbac0bcfd06acc6ba310945ae43a7aa,DB-AGORA,收敛区,0,0
4e1f227fd1bdf3708a9fa798c1533d2df1f9a3b309166887ecc7d754d40f0cd8,DB-AGORA,开放前线,0,0
27f8da6844077ad8decb9aa22c7612179d3d1123b9e79cd2368c49ead4920388,DB-AGORA,收敛区,0,0
914afacaf234f10bc3a106699ac23c368d7a50ff19ce749403fd66847b13ebc0,DB-AGORA,收敛区,0,0
b74d497564e31e8a55aae54b60044e996ce18101188468b6acb21d74cebde750,DB-AGORA,收敛区,0,0
b6c1ecbd9322fd229d763e4c982648aab98349f2df186b76be4dbadcf5b70775,DB-AGORA,收敛区,0,0
5cc0583159869ad2b9e19d2e4625edf8f1617639f127c28af9a7e46e821f7e26,DB-AGORA,坟场,0,0
d4923eaa80a3f909b005e99611b64dcc929207e3027bb751a6834be98d070c33,DB-AGORA,收敛区,0,0
36efe4f657b7394c00df44c7e360e11687568e91c84ca0123c9d6f469c4d46d2,DB-AGORA,收敛区,0,0
a3d89f659c36d4030797791393f3fa489bed92ee337ff2508dbc07c333be455a,DB-AGORA,开放前线,0,0
42340dcd092f100be64443a176ceec9cea94811ef46dfbe02f09dabbbd03586e,DB-AGORA,开放前线,0,0
60fe92d52adca5f91acd7ed3f956af49f75747043044788c0f754f31d31631b4,DB-AGORA,收敛区,0,0
8a861ce722e78f3ecc9c9ed51e891df535c73cb79aecc09531d2bc1db8e2f6f8,DB-AGORA,收敛区,0,0
9ae860770ff460210b508287fb1a010b0db679561b27857c26dd4c4afaec6e5f,DB-L9PATCH,开放前线,0,0
74b38bd07543cd2f6be996bf943119d1e5d14d60f341a69c47ebeec6f12a47c7,DB-L9PATCH,开放前线,0,0
d4745db6bd55b939b46af32f2d5cd974f99fcb9d39a474c8b3cb031e086bfa0b,DB-L9PATCH,开放前线,0,0
0cfb9281cc0f102af8db55f2fe3c04bd70f6c6dfd49576c03d32920db63d6517,DB-L9PATCH,开放前线,0,0
7c63fbf2d768cc6fd32a0f650a59e770524a9276c6fb69a2dcc7412a552ffcc7,DB-L9PATCH,开放前线,0,0
49e419f68f0b95e6072c02cc19ef9a7784dc1e30dc9566dbb9020c0d4d010571,DB-L9PATCH,开放前线,0,0
601a08c08a7f442dce65f6c36eca5b443f1febf44ad5aa874372429f83aec3e2,DB-L9PATCH,开放前线,0,0
a049c29d45ebe2af6c094fc6c784ba37ed4bfdd0cba98f2e476416bdfeb0fdf1,DB-L9PATCH,开放前线,0,0
1fcc2bd7e6a0a11e987d999aede96b2f003cc3704af1c95549984b290f18590a,DB-L9PATCH,开放前线,0,0
8facf77aeb0c1f41aec5f362eae18a56e165ccfb42074cecbff695896c92cc6e,DB-L9PATCH,开放前线,0,0
5c3c7a09b8bc90271ae47efb2711285cba74d9e83f2102c203b6a901d27d9150,DB-L9PATCH,收敛区,0,0
877c9c7f760d4409f7b50e77cd07a1ca9e9234b207c9ce5b9c1aa5637fafd343,DB-L9PATCH,收敛区,0,0
a792e86e129c509b7a4a1fa08c332d16878cca000d562b60d5888b93ecbe330a,DB-L9PATCH,开放前线,0,0
fcd59e6f7212be11176c03c18317d69d9fa632c9804af34210d3a349a63a973e,DB-L9PATCH,开放前线,0,0
70176e53d5fef62cb5732fb6689e33f2b233fefdb0851c23ea348f403cf7a22e,DB-L9PATCH,开放前线,0,0
81d94fea26b2de1e30bb4026448609ab3e8102a5175af94d0f5083e71b0d59b5,DB-L9PATCH,开放前线,0,0
71128aba24aec6a87f2f799481038d7725712272872abcd8b2bedd139593c1b8,DB-CODEAUDIT,收敛区,0,0
01ab8cb379a86e967296ca24b9dd47234d837ec401bb011d27332ae41f1b9842,DB-CODEAUDIT,开放前线,0,0
86dfe947487a8f1dfb76cf3302ad5339fb5b30973244e272800899e084cb9533,DB-CODEAUDIT,开放前线,0,0
2c96b26a6e9c4b4019e52e5eb26d2527ad552308e4165d88a3e226f5c6adf131,DB-CODEAUDIT,开放前线,0,0
3ef0a562973f43f2dcfae01c4dbaec2ce033e379e794b99ef66e54b57d9790c9,DB-CODEAUDIT,收敛区,0,0
eb8abfd1d5e105c14f6a74ad7317b3874a66d9e18e6c3dc2fe8038f5e2f83aa4,DB-CODEAUDIT,开放前线,0,0
b9d0b6460ddb1bd23bdddc590cd99c7a812db1f95c8806b44c03249db221c5ac,DB-CODEAUDIT,开放前线,0,0
17a835afe80b590624f3603a8e46023bef09a32d2e60277973b0b20c19d0c143,DB-CODEAUDIT,开放前线,0,0
7ff745045cc4a6b9a853316efa1ff8160de640e85670d03d436530ddf14af390,DB-CODEAUDIT,收敛区,0,0
f7a7d7249146d6f964b12a8713657e41a228bf45c8ee501eba3da1ee6b0cb90a,DB-CODEAUDIT,开放前线,0,0
dd281a79c541b869060381044cbf5dbfbf25481a99f3ae8b7c252c9d489f1234,DB-CODEAUDIT,开放前线,0,0
cae579351e2835d5924dda93f21c9766cf46a3469a1c3ef251185ebf614f3c8e,DB-CODEAUDIT,开放前线,0,0
26df9f305d6b91228db31a368f88404106c7153f9f707e9145aef794a5754080,DB-CODEAUDIT,收敛区,0,0
3f08028f6405939e224cd9dd5e5087eb5056ad7646701480b43090b08d409856,DB-CODEAUDIT,开放前线,0,0
a5be0a1509c28634ef950605b5112e40133951013cbc247ba1a8b95e0f3eb81f,DB-CODEAUDIT,开放前线,0,0
0316d3fcc3dc39ce5a6b3dc9ea264b468b4701c1c14650ea645b03ceea6dce51,DB-CODEAUDIT,开放前线,0,0
59643a70ac750349ff8ba0235e7eb4241839429d79aca9595289f44b699efe30,DB-CODEAUDIT,开放前线,0,0
77604715d902fed5c519552c9147e594dffeff3676e9bd591bca0f298af06ece,DB-CODEAUDIT,开放前线,0,0
be5b16fe37b0cd22b1a3886da7e2f4add80ee616c5a16f03ddd02978029a312a,DB-CODEAUDIT,开放前线,0,0
d213b61b9065bb5636c23e48e9fc827661aca2dbc00f2bd1839f1672d7348691,DB-CODEAUDIT,收敛区,0,0
004b8fe06790fd494631a88295cb29f1f42b1cb17c03df8e94bd47e6e8cb6610,DB-CODEAUDIT,开放前线,0,0
60f37b2fe625ae3d18dd97896f30d2d763b1dbb584dd395b300bb3eb75c2b387,DB-CODEAUDIT,开放前线,0,0
ca70a3a18b096adeb0355769309e61090c16f770b2c4231ba2e3021d2200aff7,DB-CODEAUDIT,开放前线,0,0
415b151eac626b47dd9e93c637593c98dff2368602ef89ece34f1b942852c777,DB-CODEAUDIT,开放前线,0,0
fedd2475c00186466e9d4fda2aea27193b571f4b9b3de7204da2fe30cd90acfc,DB-CODEAUDIT,开放前线,0,0
2b82c0c75aeb76c6ea70da2fa1e87a09a3a4f8048929e9407946b696268cf5fa,DB-CODEAUDIT,开放前线,0,0
4d7f5629f68fe4c93f8365e7e28281ecd40c983fedfb21b5a35ec17cb3be3b8a,DB-CODEAUDIT,收敛区,0,0
0ca1bf865fd8e83ab7913dea88b177a4e58f316798efabcd88456cdb557c14e6,DB-CODEAUDIT,开放前线,0,0
9852b40ca4fda769d909b543bf8513d0722253b8273e7cc37dffa9d8978350ab,DB-CODEAUDIT,开放前线,0,0
7354fea35e5d4fd1b43c25a8f2d6ccd1981d5eaf97651cd649e8ed52e8bf7107,DB-CODEAUDIT,开放前线,0,0
1fc78b983de33d0eabf54c0afde4638f2875f7aac01d12a5f11315c92fbba669,DB-CODEAUDIT,开放前线,0,0
39e1d85b934b2a3dbe6ded2a183b9091cd07ec7f7c1363dbed24f392ac689e7e,DB-CODEAUDIT,开放前线,0,0
d9b4a6b8d082358a71738c9e60a0414a35e0cced9d3cca7155d516eb49207cad,DB-CODEAUDIT,开放前线,0,0
0d1805c828d0e3bb0a66acaadcd867dec45f0b9aa748bd3d115da970f993ec7c,DB-CODEAUDIT,开放前线,0,0
0879ea0d628097a2e4594766a221fccb4b6ae1287370e41a2ffd4e8736b5fe9f,CB-MEMEVOLVE,开放前线,0,6
b3071dd8b10aece010f3c23517ada70dc28231b7fcb9890926504873886e701b,CB-MEMEVOLVE,收敛区,0,6
99bb2e239ec8b72f953762a1b5943df4d3917190b2e66271a4adc5e4b364c5ae,CB-MEMEVOLVE,收敛区,0,6
812e51aa788ee031904dd28d95eff661b88dc870a5d9c9b1716070b786042b85,CB-MEMEVOLVE,收敛区,0,6
ea76135c85806b4f41f21a87700a7c17dceb31b6421dac7853f1d0650007ee0f,CB-MEMEVOLVE,收敛区,0,6
85c741847a9f7a86f0fac6569e84908fc527dbcc76fa1be3d96d493b077054b8,CB-MEMEVOLVE,收敛区,0,6
347b9656f964fc36cd6b1f90276a433670082c5b31632b2092dc39bbccc75834,CB-MEMEVOLVE,收敛区,0,6
3e3e75a02ee6f9a1c514c7077d5bcffd78c82fe19a8fdcf22a9e5162db154391,CB-MEMEVOLVE,收敛区,0,6
8fe5f6d5f1b646a8b388cfc335ad616ce1c7aa666ed37047fb93098fac030911,CB-MEMEVOLVE,收敛区,0,6
3eba046ab51773ced121ed175481a38b41a1c5e258dc5b0c429be4ef35336642,CB-MEMEVOLVE,收敛区,0,6
20f224dffe868dabfc327ed82606a7f21900d3bbd1ab8cda573cbdbc0e9e116f,CB-MEMEVOLVE,矛盾区,0,6
f8435b659404024b4920ee5366bdbd4235848cf9f324aa39dbb4d89fbabdf672,CB-MEMEVOLVE,开放前线,0,6
1e407de36f5c2a36905f14a9979569a00b764b5c58230c033604cc93f27cb72c,CB-MEMEVOLVE,开放前线,0,6
99f9724e7c8c8bc4e6a5d638338ea74064725b2c1ab4b765dfaf83914dcde61f,CB-MEMEVOLVE,收敛区,0,6
c3e459d76cc4b55702c3136a150c5043d65bdbeb4439034304331c7ef17a5289,CB-MEMEVOLVE,收敛区,0,6
cf49506fcc1a4d65183efe5a7ae4c1d4f5ee4888d7c7afbb8977c7ffc4be87e0,CB-MEMEVOLVE,开放前线,0,6
8d93d6d6dcfd280cfd7f284dd6f7c787d15c0a886a8b1f64672c069676de1e19,CB-MEMEVOLVE,收敛区,0,6
539bb0340e795b08e803515dbd9be1fd13e61176994cd032c30c0145daba2eb8,CB-MEMEVOLVE,收敛区,0,6
c518934633d09ea29d14dfcf4ad267c676a66550efd09ce43a4580a89d1ddff7,CB-MEMEVOLVE,收敛区,0,6
72982557e4f7185a159c87c94cc81770ab85106dd8daea2b3f01da2a3215d817,CB-MEMEVOLVE,收敛区,0,6
4e708126f6d8ae0ae8c408e70a691a6effbe5b73c45b9511a8bf08ce1d5ef80e,CB-MEMEVOLVE,收敛区,0,6
3b736dc4b4ba27808a14cb39d91191b95ff21c2bff56319b51b982a1b0809c2e,CB-MEMEVOLVE,收敛区,0,6
bd3e6adec012a7efaec3025c85b968d2afa2d0dffbaff7a032006d88a5b2c43c,CB-MEMEVOLVE,收敛区,0,6
857fe77f3682df6a88c3783b4b60fc3667185ca6270e4333fe41aacf50dfd94b,CB-MEMEVOLVE,收敛区,0,6
e6d39ad9c056b945bd1f2cbbc42651318d815e043ea499e0f9a9d6bc5ebb39a1,CB-MEMEVOLVE,收敛区,0,6
d6017523ab946843553ac1daa0c430a318fda1bc2604e3014b35854ea53dd5c6,CB-MEMEVOLVE,收敛区,0,6
b6e269d317f70b9b176422ed2cb30d46a08a29f58bd8fe837f8055be925a6b61,CB-MEMEVOLVE,收敛区,0,6
3c5efedfd5d94b1f3791ebcaf91f8c17a5bb543c4bebd9956e90d176c5a5e5c1,CB-MEMEVOLVE,坟场,0,6
321948a90f7bd55ccc0f05264ae189406b80741f023351a3c99a0c4082d32560,CB-MEMEVOLVE,收敛区,0,6
d6b7b7e07614f527a961c8f6cbe9ae23d2ac55d1034e0b430ae03988da2d320f,CB-MEMEVOLVE,收敛区,0,6
621407b149bc40b69080e3083eeb04bde1b1d0fb3bbece5344ec53a1cb1a6372,CB-MEMEVOLVE,收敛区,0,6
0d2d1e0199041e55e31552d4ca8509e754c377048c0176b2717870a0c1609c1f,CB-MEMEVOLVE,坟场,0,6
32cb777fabd889a6238b891821d9110e6768a863f565dba1e98ed0ac3ffcd933,CB-MEMEVOLVE,收敛区,0,6
e58cf58c5b7e9f6f88a69c8c922d080b588e21a8ab520d1995a19bd18fa62bc1,CB-MEMEVOLVE,收敛区,0,6
a7d564d684c702a341ced3fedd7614a7d2e7ab4291dca949e92c7598595e7cd1,CB-MEMEVOLVE,收敛区,0,6
783e863a292ec0d02829f5afedbcb5a5f4cb9e62b12410b5d1af81eae0c409b6,CB-MEMEVOLVE,收敛区,0,6
8bef898db3a11baafb892ed7d92d5f3e19ba60c0f9ba6926fcc073dbcfa7d2f3,CB-MEMEVOLVE,收敛区,0,6
a5f1e0efc697d86cb2f40b74d95decf79c2e7bb40db1f09b0b750d65ca8f3c98,CB-MEMEVOLVE,开放前线,0,6
8d85dd65c3ca69ef4580e362a0f81feaf1b6221f8a25400e7e4441db8b499bcf,CB-MEMEVOLVE,收敛区,0,6
f48c96272f00e0f689ac0d27b6099c64bdfc57133934a17d89c4efd4e62725e9,CB-MEMEVOLVE,收敛区,0,6
3c735baf1cefd23de9a6cb1eff73961ca054675103e246a182cfedbde85258eb,CB-MEMEVOLVE,收敛区,0,6
3434a0d7970e21ef3091109daebbaeeaa23ddb7dd01e7070d9c3c1b46d7030d8,CB-MEMEVOLVE,收敛区,0,6
c0aef6c48153afb86b9026dd77b4fe00432f8fea3e2cf4b0b9037c093a539ead,CB-MEMEVOLVE,收敛区,0,6
59c60076881d3b950c905ef53989dd30588bdb9bb5ca6b39ede35cb4b726c0c7,CB-MEMEVOLVE,收敛区,0,6
907259dcff292c9db5a94b7328f3a1607034075876244ffeda028c7738ef8ba1,CB-MEMEVOLVE,收敛区,0,6
c2ef3167bd561e9e57bbae8c960fe3e48b7cd54371e83879926c1b45b90c24b2,CB-MEMEVOLVE,收敛区,0,6
3318c897473332b3ff218c4e61d4dc7cbb2be59954d7a720659d7c72a0cfd5ee,CB-MEMEVOLVE,收敛区,0,6
1a2dc5fbb34e68da17590d1e525d3bcba9b0599516360fc762a1a7dedb51bb95,CB-MEMEVOLVE,收敛区,0,6
d27e31c3f572dc04fdf555d2baf48d7c7f031715cda1dcc0aab92ba962574b71,CB-MEMEVOLVE,开放前线,0,6
3a59e4bf5c61c1cc99e9501241c80afadbcce1819701b825da698c095747a682,CB-MEMEVOLVE,收敛区,0,6
7a366b89156396f444aafac836b760332fb524b49e57e24fe0b3e32c3370ae14,CB-MEMEVOLVE,收敛区,0,6
4908c1045165efba4d3e6ae72b1931c6d810fb3367063e3a594ef8268800e2d8,CB-MEMEVOLVE,收敛区,0,6
95f04bc229f6bfd3991e2e0127f12c4eb8ae52113e4e95c35c7f1ad22bf535b0,CB-MEMEVOLVE,收敛区,0,6
43d9319df9d86d495e5b7f65d2f82a9361b62b77dc56085960d1e45f1f378f27,CB-MEMEVOLVE,坟场,0,6
224780e97448392b18e908a02019775ce48b20a2699c384a4f28c32a096ffe00,CB-MEMEVOLVE,收敛区,0,6
108ee54fb8c229d945b292dd84080ad47d245da7a25dbc3618c4bbce2085b40f,CB-MEMEVOLVE,收敛区,0,6
daede77daa698bb81760b659255a191d2e949c11dd9ee93f99d15835b497aaea,CB-MEMEVOLVE,开放前线,0,6
ff72147fe1be9d684dbbf894a369d2dba5523aba3bbdb899465286cc4760c3f7,CB-MEMEVOLVE,坟场,0,6
caaa1aa662e4ef09b6ef43890d6aec1d562db05e8f42590f040d60674bbf1e29,CB-MEMEVOLVE,收敛区,0,6
168f10a5894165be562aa407770f1733ed6a0e217432e24ae784f44c43e4ef23,CB-MEMEVOLVE,开放前线,0,6
b08f04c53f955dedcd76e850d816ef6764cb5bb94617d1f5ff01ac656663ae43,CB-MEMEVOLVE,开放前线,0,6
42f9b953fc04730c1393b8a70a4d69e9be34d36315db1e2741dfcc4649f5d16a,CB-MEMEVOLVE,收敛区,0,6
6d726eef9d08864305c533ef58ea7c3be595056b60fef8b47692a5dc62fa5a38,CB-MEMEVOLVE,开放前线,0,6
1bd461f334c2a6d6326761efe79ee404a711241c136c1b38ec63611069667a67,VERIF-A1,收敛区,0,0
076729d6fff92d9db223222ebda152cf063ce0bb62a0c56d09e4f5f1689371f2,VERIF-A2,收敛区,0,0
de027cf96a5246de4a456a7265df3723948510ed2c76361575cb726f3d89b3a6,VERIF-A3,收敛区,0,0
ffe1ee65706a5c2021b244350afde2d16028489bfdf36143bec3a622b9d4113d,VERIF-A4,收敛区,0,1
10e79c5948a1478c37fb285f85b9d1261cceba32ece99ad66c4d009c68663355,VERIF-A5,收敛区,0,0
84494c77961687839ccfbe0ed6b862cef8b165efc480c9765055f253bf5e2061,VERIF-A6,收敛区,0,0
fe789fbea780d4579d80ab59490b46a11a079afc246464bfc467af8481937bea,VERIF-A7,收敛区,0,0
dd193ba2b56ad3c88d290f7ed82426e08727228c2ebb5d318000caaa7d31b996,VERIF-B1a,收敛区,0,0
cacf1b807c4e843b13a761cb19563b1c0e7be0788f5cd718edd3efe4d339ac55,VERIF-B2,收敛区,0,0
fcef6bc89cc6d8eace6b1c2ee11bfabb515af4728e3876a7b69e2d9e66c4ca9d,VERIF-B3,收敛区,0,0
d859e58dd0748c9036e3d4dd396abca449d6dfd3ff18ffefa2137a6fe362a875,VERIF-B4,收敛区,0,1
b656aa3d184d99b24f920cfc3392a21b7de106bf2e8005e6412f106b363fccc8,VERIF-C1,收敛区,0,0
ceaa471412597f34e5ea7ec3abcc048ee4c16094f83873a46ad389381103521b,VERIF-C2,收敛区,0,0
3061ee98e07efbd402aaa1508ee8ce90faf3028bbad2636a5a47c8e66e926286,VERIF-C3,收敛区,0,0
b8b4d8c36ada4406d4053db7337138b47e77cf3651b1ad80d7ecd8f5e1e2d6eb,VERIF-C4,收敛区,0,0
343a6c2ae4d8da7968d0082e775d5574ca4fae3b28bab8801f0d83d14916c4ad,VERIF-C5,收敛区,0,0
faba94694ea0c62d5ae855db24b6b7eb67f5171a2b83e34fcd7af6457229098d,VERIF-C6,开放前线,0,0
adf9413afa4253e615a12de7126dabdf4f44bac44bee8401270d7534430e0cb7,VERIF-D1,收敛区,0,0
516240b0a980e89e1a0bea42a1723c96183a4e38e323356b592927c6a025ec7d,VERIF-D2,收敛区,0,0
952e2f771f403ddd011d98fea45cebbfd70b9294826c21b477ccdb2d8552f1f6,VERIF-D3,收敛区,0,0
d2fc65c1e2f6d6abdf0c1b807cd2666834952eb2b8a05fe20764c59747190e1b,VERIF-D4,收敛区,0,0
f400e746831471e8451c2ecdc4ee91efe5ed27aed7603821548ed7d62cea940d,VERIF-D5,收敛区,0,0
bb6b12093b2b1cd6bdcbf062ca39afb56dac09bd71d9cbc52e9ee815ed862809,VERIF-D6,开放前线,0,0
cb9afced80cc6e04c3c6ea42ee7d7baa13187f2a7c3f25eae1bfb3bcf2b0bef0,VERIF-E1,收敛区,0,1
f6d44748b7684899eeaad1f92416af5791d7682f797d5250e67d2687980ec5ab,VERIF-E2,收敛区,0,0
4d387184a6316b8b3489de6f4d550fdc955c984aa7a921fb423322d98c33b29b,VERIF-E3,收敛区,0,0
31bb9a15d9478be6ba8c5e53d26e0ba966394c96b26a379733f03721abee367a,VERIF-F1,收敛区,0,0
d0af5adaebf8b5dc1399780a86954006c75c0eba6a5cb395a2bcf0a1e7545c52,VERIF-F2,收敛区,0,0
869afb8f4ff866d18ecc8dfd5e4b103cfb47396c539718f61a467e159260ecaf,VERIF-F3,收敛区,0,0
eacd3b6498da5a96e4b872abc021eed544ab284774059a604e902fdd5cf9a323,VERIF-F4,收敛区,0,0
05ed7d5821deb5a560bf3da1e0db278a70da1b787c0617e9658c29944eb1043f,VERIF-G1,收敛区,0,0
95b775785d9e1eb154af1ed0b53b5425ee6f706ca500b8dda0bdcc461fd179e6,VERIF-G2,收敛区,0,0
6574761168b2f3d18fa23d76d5ce9e4e921031c2f7e704d4e4b738ec0dda0d8c,VERIF-G3,收敛区,0,0
e9a8c9c5e9300f4d7636f9a2700e98875784d63c807c1d6c9d133c46fb2ce5b0,VERIF-X2,收敛区,0,0
d11ec63c50e1ae7386124addccb346485d1e259c0f5dfedc682024797a810eb6,VERIF-X3,收敛区,0,0
5e511d49d44f4f45dfdec325ea39846d0b480804280f1ec30b021225be0c46c6,VERIF-X4,收敛区,0,0
4df1640fb58b427b4f69e80aabb3d8bd28174e5a12c0ec30ad36175a131ff12b,VERIF-X5,开放前线,0,1
c1f9663aea6ab333c2e15d32dd640caa151cc973fc51f30c4b5189e75aa25336,VERIF-X6,开放前线,0,0
1d4fd453e5041f3ed8e08aca5f31b8ddf4dc0e4e363f97cb5979fdfd4d556b5b,VERIF-TOTAL,收敛区,0,0
a09a6956b9ebb1dc2c03eb0d96c641cf72c65b63fa3367269dd60a022abdf9f3,VERIF-FINAL,收敛区,0,1
e49c49046299f39e5f8b73ab4a15550cbeff5bf4c79a9405bd87cc5de867e8b9,VERIF-S1-01,开放前线,0,0
afccb2b0c3203b723acd00065faee6a5117a83cfbef582c9c18f7875b9ce3aae,VERIF-S1-02,收敛区,0,0
77c6c21cbd1987e8a1bc9e7b78ce6fb38fffb067d5f7dfaf3ff2f1b3f4cf9d61,VERIF-S1-03,收敛区,0,0
b1cadf7fc7cc82b06cc8893f1ec68ba010e465c0f7c1e6d794c9a97459a9c044,VERIF-S1-05,收敛区,0,0
e1ec9268d97cd09281d606f14f89c6b77b3f5c246801c84f256e8731fbf8d6c7,VERIF-S1-06,收敛区,0,0
b8ee22922bd5658c7f82611bc26659ea78511afb918608ade4de89a854a6a7f5,VERIF-S1-07,收敛区,0,0
559a17d052a115b1e88064b70c6792a0ea30a0f06570c4a3e6445bdae6595ceb,VERIF-S1-08,收敛区,0,0
ed350303f4d33f48e39243ed6d328e313185ae068cd96e2a129edbc96d87066b,VERIF-S2-01,收敛区,0,0
35a48e882de8e8726b9406bd0bfe256f6bd1b9c621211d14f5ebedc5a4e28a80,VERIF-S2-02,收敛区,0,0
2688b2bef807601d04a40e5df293bd4f28beb866aca974b439ff0c4be71a386a,VERIF-S2-04,收敛区,0,0
8272d9ea05d39bc3c00171453502c98e607cd488f6a03256ce4854152e166655,VERIF-S2-05,收敛区,0,0
43df31ed081b33ff9011550be20045614f1daeda15947fcc84106b91e21798e1,VERIF-S2-06,收敛区,0,0
9552d36fc61fa92b529f934ab299623f08bd6be1bd2be79f3a9a8a64138cf95d,VERIF-S2-07,收敛区,0,0
fc7c888a5142fdfc122fabbd61a4488a4d98d033b3e37fdd2cb1d8fbdac51301,VERIF-S2-08,收敛区,0,0
99a3e3b6626c59b347a24374e8c37f62be405260b41e4738c543ceef800845bb,VERIF-S3-01,收敛区,0,0
d74916e0f87f6f5f0568e47d53e2add0970cd26b0e0209c2a36cabca0e72e06a,VERIF-S3-02,收敛区,0,0
8a48df32663af0f9cc74e19b3875097f8f06810eeaf551a58195dfdd94828a89,VERIF-S3-03,收敛区,0,0
5954eecfe9ddb4c0542f20ac835c4878f30e08b007607046f8e16edd4b414e81,VERIF-S3-04,收敛区,0,0
1a2ca2eb4603d90f0149a5b2bb30f20d1a8ab97e01bde717e1d97de4c6b30e53,VERIF-S3-05,收敛区,0,0
b6869e9a5e3cdb8cc4a55ddd709e6a8f856d7260a6b3b861f8e9d92156f1770d,VERIF-S3-06,收敛区,0,0
c722c40a8132571048e7c749dfb491546bb0ee628c1e8ad5d2adc1ff807a85cc,VERIF-S3-07,收敛区,0,0
8276b2c03f58ac705b0083267739f802a47b5d740251659cda02e8c3d2c7330b,VERIF-S4-01,收敛区,0,0
6aa73ecb44a5afb9bb77e2abfd2a47414fb2ba6aa2068a7878f83f62c4c52c05,VERIF-S4-02,收敛区,0,0
d5655510374a20cdbd04120e0d8288a641c853455b156ab40437d54bd0ddea57,VERIF-S4-03,收敛区,0,0
0e47c12eeb759c9ecd5a3412aa44bbd37179ffeb1dbbbbccec8202801814d467,VERIF-S4-04,收敛区,0,0
d44f044247f6f2a4afd9284653f038996118dc5a752fe0558e21ef753ac43c27,VERIF-S4-05,收敛区,0,0
d37914d2a207bdfc94418948443c63105021b00a5cb71df9b2b6befc0780c952,VERIF-S4-06,收敛区,0,0
874a8ad4cbfb030c33165204bc7a7c210b9a2c20b182045235d2b82ef74cfce9,VERIF-S5-01,收敛区,0,1
b553bb9b42d34e8bd7af2c544b5625291673d97c6fb03aca61ef3b6f69eb03c2,VERIF-S5-02,收敛区,0,1
680f1adf4b3660a133654333c149e27dd80c1f55d91f5ff6ea7b49c330455433,VERIF-S5-03,收敛区,0,0
cba0a9121275809be9b205fbf4f18f60885cabc627b1224e1db74f6f18d9d3d2,VERIF-S5-04,收敛区,0,0
5037e490750e1831d8a8c5ad369fcc75fa95a76e7dd3c9733f6c6eee87d79300,VERIF-P1,收敛区,0,0
b5b5d40b63177eeeb9dccfbbab1cfb1735170a48aacc1ae95fe10bb2a38942d1,VERIF-P2,收敛区,0,0
b7f132797029f7a35f2d0321062fbfe04825ae40f3188fb7e410c8ed1b4c297e,VERIF-P3,收敛区,0,0
4811b414f2956683315a7bbe0e35f66e2eb436719e3d5fd8e5f78ebb6650ee25,VERIF-P4,收敛区,0,0
2e0eebc755259b88ca8bef67a43675931ff421059a4ac5e37fcd8a7c0b7b1b40,PART2-H-R1-1,收敛区,0,0
4415e2de0f0149c9f0d53406e28acb01350d68a4e915edc8045d3d759c10afcb,PART2-H-R1-2,坟场,0,0
ed37a47d55d05a6c5b4385e4590e1f317072879f3144544f09dfdf7ed0c4e9be,PART2-H-R1-3,收敛区,0,0
5ab53a7b7f5d6eed28194895998801809f393e6d1aa29ebaac213d6dfc277d12,PART2-H-R2-1,坟场,0,0
db555218d673efdcdc2a542dcbe2ad901e797e3b9c4fe6b42ac305abc30aefb3,PART2-H-R2-2,开放前线,0,0
3cc1409f2b809d3efb0a1700f7c324e658c1a34c6a35334a43680e13fe2f2576,PART2-H-R3-1,收敛区,0,0
7160e835fbf463f75943b9e821e22037518b13beedfbe217d84566dd02ddda1e,PART2-H-R3-2,开放前线,0,0
bd074230eee42fdd114f8557b52a5dc7b3a0d2b5b2f51dfea84fa5a62547a2fe,PART2-H-R3-3,开放前线,0,0
9d5d122dfb94550e968d7e81e2b7cd37ad1d0e07fa3823cb9197ea0256c38e5e,PART2-H-R4-1,收敛区,0,1
cec442cc7cf9348642f5980a2c890f397de6ee91ceb8cec445f2080a1772fe48,PART2-H-R4-2,开放前线,0,0
e0e3105bbbf0f1cfa604906b1815451f78f1ee89e41b73e30b6fbf25bab09ea6,PART2-H-R5-1,收敛区,0,0
3c270604718297fe1ecc96f53b67c7f1383e92184b0ea8e2f136c507201c50ef,PART2-H-R5-2,收敛区,0,0
3b6eac363602dabbe5c5c699f907d56ff2c278b6be299b4e4e1e4a76ccff591e,PART2-H-R6-1,开放前线,0,0
c635ec7e60a776c9268ecbc54d974d0307d2221c40af1c2697150f2816427541,PART2-H-R6-2,开放前线,0,0
e4ce0f05dc347150b70562fd47883b6116e5314b0b7d7741fa69cd5df51bb459,PART2-H-R7-1,开放前线,0,0
34acb243865267c750b969c70c27f5a9e272aa088b61bc33f48021830e749b48,PART2-H-R7-2,开放前线,0,0
ae0af220048add459c1b69573ba6cdb496aae45c40f7ede650676db9ecc83d67,PART2-H-R8-1,收敛区,2,1
9fb5777381bea615dc3c3cf7d9f92af9dac3afee273ce2658b8a044004947ad0,PART2-H-R8-2,收敛区,0,1
f803c750c1c99a40af02ad876c40e9ae3dae460af5dfdfa3638afd72a9629050,PART2-H-R9-1,收敛区,0,0
137ccd41149fea11cdcf9a69681df36fad2f9aeff10f040ee29c9be97c108ecb,PART2-H-R9-2,收敛区,0,0
84e9fcd8d4c993f4a2b7563f5e8426af5498ec8b28cb9597544a491fee6fb107,PART2-H-R10-1,开放前线,0,0
c231841e3c0f56cd777c1d478708bc62cd0c7077b95d3febe8376b0be0b0c0b5,PART2-H-R10-2,坟场,0,0
b77f8c1698675d490a49cf1b2450e4a0d7bebc478739bb1a2b4f5ada33ad52b1,PART2-H-R11-1,收敛区,0,0
1a3433a1e74dbf7acff3a25ad748e96144eece93879ab891016876cc09405e86,PART2-H-R11-2,开放前线,0,0
f172402b1460a1b97845c0bb4ea7739e9ba18cba711f4c068e1055a051a38418,PART2-H-R12-1,坟场,0,0
d63b985a875e9edea4dcaeb4d25a9c5314ec08bdc01553f8f0aed75c873f09e7,PART2-H-R12-2,收敛区,0,0
8a613e3c41ef400fd2beacf61646635852a81d5097939a54fa2dd8027572d070,R2-SUM-T1,收敛区,0,0
061359b372c510dbd3fc0e81a92772675b92d605c183524ffa6b66b49e2aa7a7,R2-SUM-T1B,收敛区,0,0
13544a52fdb852d9353a853916563771799f242b6010b3be7699d10bb7523d70,R2-SUM-T2,收敛区,0,0
5956528a2bfec962c4da91576a54e6631fb8286f77c255e5b3d867aae0a9b78f,R2-SUM-T3,收敛区,0,1
514f7e9a3d3b70a3f9bfd9cc3ad29f68ba2d5f2b9bf9feb8323e8012eb997809,R2-SUM-T4,收敛区,0,0
72680ae0a8fc5dd90aa2d83d0145088d6699f39307fd95e63718c23072ab7f38,R2-SUM-T5,收敛区,0,0
bd5848848b59b5787ea79ec7ac540b34c9e5b1ae29cd4a7c5c6927ae64c09e1d,R2-T1-1a,开放前线,0,0
3b1b5d896d4cf5693e89e7beaeaece19da92681f7038892dae0309805eb2b74d,R2-T1-1b,收敛区,0,0
e20f3ddd6f70978cdb59decf87f48a6f7ffb3cc0719ff8d11255660537e831c3,R2-T1-1c,收敛区,0,0
153606a4381afcce5bec56fe2532196c8037c2e6545651c9645923a6650ac2eb,R2-T1-2a,坟场,0,0
6001982beeaef8a1c3125d2c33fc23c7c6da095b85bc3ab0fe925cec5adc5a53,R2-T1-2b,坟场,0,1
ce84524a02aa5f150c73bb00cd26424aa0c4c3c95421bedeb58a5911ebf22702,R2-T1-2c,收敛区,0,0
338f3fb263dc2a21b8a867e04cf9b1e034466d9dcb0fa35555a6657daefa189f,R2-T1-3,坟场,0,0
5b0ea093a6477b03c8ee2dee8b402982a5d4e0c3334a289f2adeb7d9350af8e9,R2-T1-4,收敛区,0,1
35d75aac49825cdc076f09865e2e19976a4083405ae049e52e019f4ab04ae45e,R2-T1-5,收敛区,0,0
9b3cf6064eeacd9a14b1417ed7ea0a8fe241737eea21cae12c764a0e08376440,R2-T2-1,收敛区,0,0
8e8a49af4f12b405984665973874694af6d27d7f9bb3791804afe68f0893aaaf,R2-T2-2,坟场,0,1
9ee316f2ad408e9f87c28c5210c8244b4b7bbc064b1f47558a7701ab23d808c5,R2-T3-1,收敛区,0,0
14aa0023b9de94aeb2bc900e59a8a5e401747dbbc6d346d997b32de46d76b3a6,R2-T3-2a,收敛区,0,1
48c033b9fc1f3cf7cf048ee541a063ee1ac851765c8a87ba7ea29604c0103a69,R2-T3-2b,坟场,0,1
d1f417158c284914fa0f50794e6853cea2b82b6c1afc26a9ce226024c587386f,R2-T3-3,收敛区,0,0
b480703818b836514a46ff333968ee66ba41b268cda6baf9b2c17cf31607269b,R2-T4-1,收敛区,0,0
b885e9ed21d32d1d76325925b2fb42067d47ba0144e8e3c29f792b5c17498e15,R2-T4-2,收敛区,0,0
407cc68a622200ef4c6df7f071b470d28d4f899ab6d9f5c92b3e27c36d667f9e,R2-T4-3,收敛区,0,0
3c928b45a3547dcfc5f7c85df36a4b1cc7d370c6e173ebe8f8aba10fbb6960e9,R2-T4-4,收敛区,0,0
fb7519264349f689029dc233cd0de376d53093433f8f34409118355f7665a58b,R2-T4-5,收敛区,0,2
17071c1964da27ecf2ad37b2393ba2a170e6aa1219dfe3e6277fc6cab52a4280,R2-T5-1,收敛区,0,0
2add62c1a147a9fc7c6622a43fa0c8eaca5d85c5d8f77c8ec627d4c18e15ccb9,R2-T5-2,收敛区,0,0
0b01d08fe9bc7ac9f2f0d2a7abc1d2c4bf16a8abc085aeff384b6293f3e67efe,R2-T5-3,开放前线,0,0
7351c200118b261fcea696d54848a01f5065e72992e79a61feaae4f30e6e2d8b,R2-M1,收敛区,0,0
e74bf3eb99dbfc0849c2fc5c2c204617b6b1157c72aea650c61ee240fcf2c0b7,R2-M2,收敛区,0,0
ce150bb22e237dc0db659a1820bc60a2a2aad774a1b6610981dfbd63827f8ff1,R2-M4,收敛区,0,0
ddd82a45e302d3cdb6a561bdc10016944fbaf8b46530b07a0e7ad53af92924d2,R2-M5,收敛区,0,1
9881cb83afb78ec8f17f04475c661867480785ce68f2a1071240ab650ef2fc87,R2-ANCH-1,开放前线,0,1
3c0834996deafe521209792a94946981c76556cd97c38109a91e59ca84ffb1d4,R2-ANCH-2,收敛区,0,0
9ecae95e6611f10540135ed8958f10e2eba28696083fcc6c1ef38f83bb2f0c6c,R2-CONCL,收敛区,0,0
a6e593769d57941a494ea7f60aa17d360f8b40397ab0f0c3c5b74c2cae39601a,R2A-T2-1,收敛区,0,2
371929cd25193926b91b3051c8168e676d9cc263b9e5c9fecc1dcfb99ad146cf,R2A-T1-1,开放前线,0,2
457426a098906a45d11ffb6d268540c56425eaf5d00df859550a19a1c4868621,R2A-T3-1,收敛区,0,2
5b5245b306e3b93cd91c875a0154c96e6e9d089d851b72af86d27f5ffb28a62f,R2A-T4-4,收敛区,0,1
700ee99750ef742132ea0634f024b735cf35f92509cee35fb8ac9512b2a4b027,R2A-T2-1b,收敛区,0,0
1a62dbfac2e77dace2c5dadc332bf66d8801718c394b8268105e94634c2c5131,R2A-T2-1c,收敛区,0,0
e9c32c58c5865b86f55e3765c656d1077bbf62b92f19bfdbb4c329ce96fab3a3,R2A-T1-1w,收敛区,0,0
12f104f431cec4e538cc409b52f4d0075427659d3eea5b92d9318b72204871e3,R2A-T1-1r,收敛区,0,0
b278c85c7f5c781e8d6720d1b3cffa46fe6d98faa3d1874cb308f2f4d1e0ea3d,R2A-T1-1c2,收敛区,0,1
1d1a006e5977958f7212c18485d0a45854a28bdd1ebc00ee6b6c09aeed889f5d,R2A-T3-1b,收敛区,0,0
79fb19751286555de50d040a7803ff1ca4bec8c9c14f97d836af429ea462cd79,R2A-C6,收敛区,0,1
8b6cf8a43accf6bb2fe8441961c4f155342ab4ef9fb3e610b62d8d4fa21db816,R2A-T4-4a,收敛区,0,1
4989c2697690644d7555c61f5c4a30243469aa3b95fb698bf899570f407d1fbb,R2A-X1,收敛区,0,0
b4fa6f653eca396e4d02298819e82cad68109f52165ffc52724099f3dd170d40,PLAN-H3,收敛区,0,0
2ed81a9624b7a24cb84f5e520247fc56522d408bbfe85f9d0238a2cfa782d7bd,PLAN-R1A,收敛区,0,0
42db664e1b5a2bdd3d09eec97f148ce74a6b024b546c2f7b99fef615c72b7661,PLAN-R1B,收敛区,0,0
06a0f8989907b4da53d89dd673e0f45d478f2e8b31fd0d96d341289cf2ed57f6,PLAN-HY1,收敛区,0,0
00f161abc04b79127d52163cc93d77357dcddc03f9dc95334c208be51bc48b54,PLAN-HY2,收敛区,0,0
0890b1cd1c18d9fc4e7d510e3ed5867b341772483f13a440ede2606b341659f4,PLAN-C,开放前线,0,0
227cb66bf5123a4df43f40a61a48eaf430c69dccf3581958718f13fdf9271544,PLAN-D1,开放前线,0,0
3ffe6c6291302c8d11248d23ab442a68d3f9957d1baeeabaad1f1b95c2301792,PLAN-D5,开放前线,0,0
dd7ba20b8befb15d8dc3f15d147e25118f8373fb0c35f7c480b1918338da7a67,PLAN-T1-1,开放前线,0,1
9d7e70ce1b3e41d77029fb3abe5149dda95a838b6e1432ae2eb731cfc770b80f,PLAN-T2-1,开放前线,0,1
04e929200e75aadb04ea277b0d00d384992c735d45b8906403a5616b0fdb059f,PLAN-T3-1,开放前线,0,1
4477a5d1c09b614920e68a64bc592b87c7510c95f27e433770d2cba5e4ad5ad0,PLAN-BUDGET,开放前线,0,0
4159bc50ff1af9e81eac4bb8ea2d3371be5d16b189ec7a3cdfc2937693424dad,DB-R7,收敛区,0,0
fcd3302f6e0bb4a9c7f2a71dcd5b6de36b538895e2a29fbb2081d904cacd9070,DB-PLAN,开放前线,0,0
15525ff0545fc631c49aae46e83ef5f10637af42de4c096cabe3ba105d9a309b,DB-T0-1,开放前线,0,0
361039c3d9a6ae2e0beb57f71aa3df666acfe0537e08eb4ca154f32f3ede002d,DB-T0-2,开放前线,0,0
3a0853c7a8cf069f307c5982451f3763abf27fc80fb16bd2ba6ddbfea56d61c6,DB-E32,收敛区,0,0
b0443761b6253d40b0d9535b8fff35cc50e9db7390a709d1a989f780ad5d4bd3,DB-E33,收敛区,0,0
b5386abc26368a1f1b3fa6ad87183c9a04ef0b2a007335962c34242cbbc846f4,DB-T1-1,开放前线,0,0
157c5332d9c4526488af23a79010e9179063fd2bf6cebf3c24acfce7de37c6d4,DB-E34,收敛区,0,0
79bbdb979a974f3a5670a52771ab243e1fe109b3ce1e912c4d62bfcd0acfc4a8,DB-T2-1,开放前线,0,0
4d52cd5cee61f72aaf5d4f919df4e82fa0872f4b207659f0ac2f26278c61f5b0,DB-E36,收敛区,0,0
3a11974bfb172f53af9bef97fb9c3b74c408d2aed960418f728c598a090925d1,DB-T3-1,开放前线,0,0
f072f6ee17160cd4bc56f633a8e43f8382d55f167407e463f81061a9549847a8,DB-E39,收敛区,0,0
39e153939c4dbd465ad5cb2573878e0d04154bd06a92ea9cfe8d080eae55e863,DB-T4-1,开放前线,0,0
1073032e1eac2a3140876a8eb88bd8176ad932df93d05a31b2cb1d2d0c20b044,VERIF-TOTAL,收敛区,0,0
0708ca2b5226471fe64075b0636340eef8f64a6713829a5bdbb8368ce7b39404,REAL-X0,收敛区,2,3
721b7c051b02ca8ca99be0cfd87db90139b7d74506a96a590148ac653f3f8edd,REAL-X0,收敛区,2,3
a4a3f039f181ca9e561030d09af1d6cd684041e29752451f6711bcd87a32fd44,REAL-X0,收敛区,2,3
895e8d6d9a93221076b20b5319731a4db880c11c7d59d4ee2e00d0f3f79e1d0a,REAL-X0,收敛区,2,3
ed304c6bd0ec0c4dc803e9e27b16fef642334f1fec4998c619db5964a150495a,REAL-X0,收敛区,2,3
6de71bbd22e51bbcd90124bf1a73d0e41206c2c1bd678608180d2d079fb1313b,REAL-X0,收敛区,2,3
8958c6ebf026787b0f8526163678f5cad14d9d430da5e28563b0a99f74129376,REAL-X0,收敛区,2,3
70129a2686c585d458fac58fef6420abbd0e25096f12a8248702d0d082371c1f,REAL-X0,收敛区,2,3
c09f344511867918bb57a714cf65c3a185d5a9b99587925450dc0b8daee764fb,REAL-X0,收敛区,2,3
00fb660f7e59486b7d8d7e56d5ad53d492bc62359c54882fbb6ce82f3f3915b1,REAL-X0,收敛区,2,3
32cc565f913543b78df571014e2fdf87a02185e949eb1be4fab4acc806c8926c,REAL-X0,收敛区,2,3
d1e1b95be93db5d3bd24b4ecf1be86330a6e46521ae9e7ea5f809e7fe60d1291,REAL-G0,收敛区,0,0
13d79dcc112d2afaf15f13598d9235ed89f071998fb993874ce9b3d812fc78fb,REAL-G0,收敛区,0,0
010fd7710052a4043d1e43a012e263b1b1cff12a3fb366cbcec0e205128a0fa6,REAL-G0,收敛区,0,0
b750a8dc12bda68060f420fd18eff56960ebd8ca11ba36f5246f878e80545fdd,REAL-X0,收敛区,2,3
3ce0cf6f0e3a2f7be1e9468f9ba6a99ed4d27fe00ef6322d7835218680750f78,REAL-X0,开放前线,2,3
ca2264478194608c4e76bdffaefe6c764865c57f6a9f04afef55274f4aa0c0af,REAL-X0,收敛区,2,3
d4a7235ec4b18d07613b1bcd63b4d29d372b045a8ba416b6ff98bfca48fa0d45,REAL-G0,收敛区,0,0
c1c4a4a1f3feb952bdba494617481897b6b69f64e3b48b6faaf8fa964d714e4a,REAL-G1,收敛区,0,0
5c0822c9a32e29b5575e873ae12782aa36a4102549c765703d96748063ff6071,REAL-X1,收敛区,0,1
907c00a38a1a18d7f25a210e17b1fbe8ce197150ce6690693c44eec69dac30a4,REAL-G1,收敛区,0,0
e005d2a3cb387b3a397852787bee0b66087050c54a5854f73b9c97821629eb5f,REAL-G1,收敛区,0,0
332e69588ffd24948b0b4294872a2b111a3ffe004e19754b3d022ad61edb340d,REAL-X1,开放前线,0,1
c1bd163c761ca5f5af4cf44c9bfe8281d685c2010230a7d961f63b42e9479d41,REAL-X1,开放前线,0,1
a387d6201455ed7618917ce171aa66bf42c4df1aedd2dd178e970a3efd05b111,REAL-X1,收敛区,0,1
29a3f62dfc2bf1f7db83d3aaeba1372979bfb132f83d537b3305ffe5ef02f492,REAL-X1,收敛区,0,1
ba91bd5f1613ee02d06699c6004a2233a8e095bc888d9b7e9db5dd4b6cb21197,REAL-X1,收敛区,0,1
a03e02b30d1f12c5d3ed0a1746721d6cc1f83fb3c2e0fe7adc8a4b4eb98398b3,REAL-X1,收敛区,0,1
6fecf40465b145d86847aa20feb0e08f5e3d50bf03897055048db191b29dcbe3,REAL-X1,收敛区,0,1
f4278dbf696eff5ed2911cb2bcf8f2aa9da465c53d8c37b821305128eeefeb39,REAL-X1,收敛区,0,1
41c3357b1f37a32fd0012956fbc2351c279c1071271b41a72633d686c878acd6,REAL-X1,开放前线,0,1
78657558a06d3a953b40ea768594815e6829e84fc4cee888788594db0bc00005,REAL-X1,收敛区,0,1
4be2dddb5c3114f8c4d63367e167820c6b7933b20d594acba9fad80efbfd2d55,REAL-X1,收敛区,0,1
e553f1225add6e77af5b16fc3423d8b980c97e8744cd971fcdfbe7da5e0e7d7b,REAL-X1,收敛区,0,1
7d31a03376692a31f41009fe561abf4af47605d5bbe7abed9ac388d63b5ae279,REAL-X1,收敛区,0,1
1bd4b0dfc8df4ebb5e9b5a11a4913d4a7e0fdc237becf904c2c659bfc55123d4,REAL-X1,收敛区,0,1
1062340ac654e791fa211ea9d7d94ec8c4d134ea3b2821007972ffbfae9ef79c,REAL-X1,收敛区,0,1
bd1c1d0f1db9ba10f8dffcc2701e47524f809e0418315cc08ca83d1c5d7a212c,REAL-X1,收敛区,0,1
8af9c75dfe8295cdae5b35ae08a812cbebc7cd0bfcb835cd4a07e4aa4b40353c,REAL-X1,收敛区,0,1
297beb40bf6a7c1dd3e55ff7033524d3ca0112b32254c6c366d75b4144d492de,REAL-X1,收敛区,0,1
724d6d8d53c35638916a8214c3dfbb5a377bc0b5c94c0349cc8c802be17456bf,REAL-X1,开放前线,0,1
b56157a760288ac4012dccb4223c1dbab347db3251c59c42b78d9cc6d1230acd,REAL-X1,收敛区,0,1
ba3e96cde73b240a8490c314358fbda5f91300f361505eb848ec28ceb085202d,REAL-X1,开放前线,0,1
0d29ea5983567ff5fa0d081b39b0b73c6d47fa31dafb10282f73bab3ffc5ff6d,REAL-X2a,收敛区,0,0
fa26809d265b8375cca4ac935fc5ed56c507f3900c3c539d975435e746af46e7,REAL-X2a,收敛区,0,0
3f21732244491ad854d05465ed8c3adfad678906a78306de27cd46faef9c3c6d,REAL-X2a,开放前线,0,0
fccaff45e0909b4e4007a2970f64fcb9ca84899767a60c36bfaca811c8e0fe9f,REAL-X2a,收敛区,0,0
4099e2de4d5a0ad4a790be8ffb2792510faea6292c7cc2ba1a52ed49a18f6819,REAL-X2a,收敛区,0,0
ed5d0d2a35e38a304dda2a7151bcaa24084450c575d2f3f1277ba82cc0ba1aff,REAL-X2a,收敛区,0,0
f76ebd5061386fc28e6f5d2e070e9398292717467e9557e446c1a4e2b2d92134,REAL-X2a,收敛区,0,0
42a8ff56bf1542abdc80da85372a8a4ef34c0e206590fc84041f4093bba4f56e,REAL-X2a,收敛区,0,0
802822de786782acb27f5160a6131035117105bd0066bc3e8358c1c81868faf3,REAL-X2a,收敛区,0,0
749ab665eebbff275e4e83ee26ab7f248f15b12e29e9e98b9f3cbaa6b2ba5e7f,REAL-G1,收敛区,0,0
44eef151c35faf66619cc2ef8b1fcafe66ac63ce9c0333fc242c13f7302ee953,REAL-X2a,收敛区,0,0
67dfaa1048e5ef23d805380559ea6bd36f202f7d78fb17d9967c8e68922a687d,REAL-X2a,收敛区,0,0
55d8e074154f48b4bdcf74eb36742727e6a404864c45933ba6063cb34a440416,REAL-X2a,收敛区,0,0
102c60a73e3c962297a311dc54350f7dc262a3bd3c199a70c33cf763c236cc30,REAL-X2a,收敛区,0,0
8b87b1c5661c223faeaf8a78ee442792909d7f46213931fdcdfdd20980ce0589,REAL-X2a,收敛区,0,0
6d47f84db93e55db2d9603b39182b526d7a0381a40a76bda4beb4f94d6409623,REAL-X2a,收敛区,0,0
7d02f8724e90087b0ad169aa7c2fd43c9f22fdb24c399c1ef7d56dce4cdbd124,REAL-X2a,收敛区,0,0
6c5cd5c487a7b51fe3c0f0e2dc86aecd8d5892340bfcad674263834ba14ef00f,REAL-X2a,收敛区,0,0
cb35757a222187f7de886b06385d06a4fa8bacf66b3126c1758fc06d8fba09fb,REAL-X2a,开放前线,0,0
3791a60b0fed259f139c816a61b8f03e39eaeeadc06afad361d2ae4eeba9e8ae,REAL-X2a,收敛区,0,0
bd70e901e20dd57983e4c946148d84440a999a5a51fc259108d62dfa8811ef8a,REAL-X2a,收敛区,0,0
210d70b718c0e43898894a3b708aa731a857b293a7e43028f2d6e68d0f478d9b,REAL-X2a,收敛区,0,0
03d80d483d7e9116525348a14c3eb3360992fc4a3df98a5ad29780846030c52b,REAL-X2a,收敛区,0,0
4e32082b651fee9bb2d0de028bdde83aa5d5525598de4090cfa5a206aa6cc41d,REAL-X2a,开放前线,0,0
0d32e8e6730d88de7e8112079b27895246433405a6564918c6f536cfea1b18c8,REAL-X2a,开放前线,0,0
913ede53cf106a8b391944e8f9efad2c7e76b26083c8b1970b2a395e745b7b09,REAL-X2b,收敛区,0,0
c0f8326de2f1fd9c64eecf3729337eb38b63c79d5fe015bafd51f8bfe5e67662,REAL-X2c,收敛区,0,1
505ff0613a29445004c167cb8a7f22a7952b1ef47df513390488c38fc539d770,REAL-X2c,收敛区,0,1
0a8c1f657e5a24fe2e6901ef476ca0b2d8e2ec26a92e641b94a4deba2d3d7b40,REAL-X2d,收敛区,0,0
8ae7410b1023178a3cc481d7b9cdcebe797fbe6778d309ff7aeeb27796174850,REAL-X2b,收敛区,0,0
eec5a37b2c92aec2b0f8e3d571c89c82d4d201cdb3e26ccab0fcb4a4f3e2cb5c,REAL-X2b,收敛区,0,0
866eeaf5d088e8caf412fe0d09c6f9d1d9b9f03b148829e515f54c1d739bc772,REAL-X2b,收敛区,0,0
bea6fe86fa2757ac31503ef637bd1bf1de5d772ed0e58bf19a29e674dff30573,REAL-X2b,开放前线,0,0
d034846866b10ddd73423874fef002016285cde86ddaffa106b7afc6a8b5f146,REAL-X2c,坟场,0,1
e6b3fd8cbd6eeda8c0f07f4f3cb34180e26bc4ec54e8fda21d7c82543d4bfe00,REAL-X2c,开放前线,0,1
196d963f812a28e33325ddeb95d8f9a81cbf2c3a3893078c319beccfe6babee6,REAL-X2c,收敛区,0,1
617c7701dadee6d949a36d4bf45a6a8c4a2afdf120ae7a9310cb49a72aa43df5,REAL-X2c,收敛区,0,1
334419654f379a0cf9810ad3c9b57ddcff098b4cdfcccc12f54947f0e822ca54,REAL-X2c,收敛区,0,1
7b43bd01d083dc7ca0d5f4c280ad4a14a92bb39b4c6b3fb9189a7947a6e02a92,REAL-X2c,收敛区,0,1
073a77efaace9a590f96a3fb3929ad2007e39a075153c3af5c3332ac6c889237,REAL-X2d,开放前线,0,0
081d2f90c80f00a227e1e822073a9e8ccad98a8355e786258de9968027d65109,REAL-X2d,收敛区,0,0
0e50274cb8d5e44d31fe35602af157088c671df16ad2eff609c84516e42f97fc,REAL-X2d,收敛区,0,0
921d97d40aceb674790387ee94ef34a504a04639197ff930fbe4462187d56b48,REAL-X2d,收敛区,0,0
84421b7dbef53037d1042cce7783b2725fcf97c471e61ff759c90d88e5548487,REAL-X2d,收敛区,0,0
d5df2f1f977768cd17621c1a6e22426cedcf3bbe169d8eca768b2b4967ea6dfc,REAL-X2d,收敛区,0,0
006149fe930ec9084aa6df28230772b254cd4d5f47b8741f0863596138e7b179,REAL-X2d,收敛区,0,0
2c3c698dab519778c4bbb503c9a46478b743fad4012aef6a52e8b050680eba98,REAL-X2d,开放前线,0,0
c06ceb93fe712b1e18eeca0664198a4290bba1079e661983269350f01e58752a,REAL-X2d,开放前线,0,0
0a533be3e6547befe2122c64aa7ad17611ef6b38a030675022df413f1cfb49b4,REAL-X3,收敛区,0,4
3c2643dce57004f5713f9436711a722e41d59e629524bf06ed90f65c0ced8ff4,REAL-X3,收敛区,0,4
fdcf08783b3fd3649bddf6114acc441c08b150b6e6a4d64cc6077ac5f902da1b,REAL-X3,收敛区,0,4
f42107cf26234686691bfce68bbe656d6e1cd8b0869ee65d5d12cea04119ccc7,REAL-X3,坟场,0,4
6fc1d0d43a0c866581f044fd886debb43f05030d15295a5070b152ced2fa42cb,REAL-X3b,矛盾区,0,0
fbdb4c1bc1f333ad67ee6a27faed26020c019cfd4a01f4dcb2f0cf4958d1e283,REAL-X4,收敛区,0,0
e45bd5e0766f557b8c31cc4598859889ed1104443cd56f9a734d4a1b0c1bb08d,REAL-X3,收敛区,0,4
06002b712a9f77f32d0fe1e65ac42f12f0a7efda9d965668170baf79c31855d0,REAL-X3,收敛区,0,4
b543943e9c98269acd960a1525c8c5d8130899e837773afd4bffd1b8849982b6,REAL-X3,收敛区,0,4
88c63785b2ae5cec508ddcfefc783f7f7589e9e54acf3be500853b9c8f05dd6c,REAL-X3,收敛区,0,4
554626010d77a42b6bef6950dfbbe5ab02c41edb3f3fb907d2ca3c1d915431fc,REAL-X3,收敛区,0,4
0901c543ca4d023611946da15cae61c32af22766e634954bee67dd0670ffb170,REAL-X3,收敛区,0,4
acca7806f3c6cd41af7d24b9d1d256b8f74380be6f06def258154a777fc599e8,REAL-X3,收敛区,0,4
00fd0fad1dc1dd908040cceb2863eae662281ba66c16d5835a5fd5656211bd3f,REAL-X3,收敛区,0,4
160c9cc19ffdf761ccaae16e8da03413518894f969e5ab11bc5bbd76977eb4c1,REAL-X3,收敛区,0,4
33086598673e888842bde5d7b8dfd6657387cbfc2be382f4dbc799ec817e2dec,REAL-X3,收敛区,0,4
664282510bbd148a9a337bb811ab587769f1863809063eeb86d4e446270773f9,REAL-X3,收敛区,0,4
5d098f88fb87477ce5fd99d16e158f2e52349da16ce0d8ba451d4f38942fe8d5,REAL-X3,收敛区,0,4
625245e1eae64e35f67a13900a57c326e6db23bd3326fa4bc704ade1ba1e3853,REAL-X3,收敛区,0,4
ca5587684a4bc07ad394f6049bcd03835ccacc4fd38417299d936acdd4c30259,REAL-X3,收敛区,0,4
a5fdb491959bfd7c29736a3699fa16411730ba5017a932f44ef78576e5b4763f,REAL-X3,开放前线,0,4
fa0b7ebdd5c39db28efee3f337565c6229e1e1834b64784bf3cb0124e3f2155d,REAL-X3,收敛区,0,4
abdf7a8cebeda23b4069778eefb45cd90c14d0632d185615646545f68e023fcb,REAL-X3,收敛区,0,4
fffd9ab25ff3964b7ba7b9928193f795c3b631cc7d0e4dff90e282be10b378fd,REAL-X3,收敛区,0,4
69876a5eca2fafe0ccd7c5b65f963e29bff7d7aee6dc146b40e3de3afe9c443b,REAL-X3,收敛区,0,4
29d4592be95c1f3c2ddb12579efe689f314ff931e0b06559b7fc6a72aeadc9f1,REAL-X3,开放前线,0,4
f4627be67002f2db8b255a7a7602c760743c7855ab17ad16946db90e346815f1,REAL-X3,收敛区,0,4
4ebae8da22ad09119fe3885ecee6e4dbe16865d9668979cddb6aea52120f9ab1,REAL-X3,坟场,0,4
172ebc54367c8768d0cf7abd3ad170327fbaa9b4cb8b0dccaeb446cb3532349d,REAL-X3b,收敛区,0,0
5ef540fbd948eb175a78dfa6aafc43bc904f94fd21a8d00ceaf5c0422f6ea086,REAL-X3b,收敛区,0,0
5bd2e6e56b84de912c03a0cd7c96ed36c0a3c8b495b3f05dd5be720b628846ef,REAL-X3b,矛盾区,0,0
241b3dfc48bd411dbd71ff552c1c9c3cf68222568af59e23b04782436d27d03f,REAL-X4,收敛区,0,0
75ad79b7e0b61965cbffdfb514199f0a05ba054522fd466029ca287eb80e68bb,REAL-X4,收敛区,0,0
a84625065640632c8d0382adef9d0dd0dce4bca1faf9e1bd3e18bc2d091cd640,REAL-X4,收敛区,0,0
f3755e98ac20294a2aa4e1692451349778aae4fb19c3126a4c5d7f5b65bc68fa,REAL-X4,收敛区,0,0
93b555a063ca575068bde4c3b4ed51da22f54911d000452fc6bad1a08cb5d6ad,REAL-X4,收敛区,0,0
c947aefc7d43f72fafa82e294bdf48541c8a8a08805a6aed6dd306ade111c900,REAL-X4,开放前线,0,0
56e5e8c61515bae6da85827ec6b90e045a21c1ad715d75ccc1a135fedd8bf78d,REAL-X3,收敛区,0,4
081dfc5da55e448d64220fbfcca98f67f632e1bdeb9e9cf108e10e39be1b18de,REAL-X3,坟场,0,4
8ad4ccebd3799145c11a378e07555cd6b566e0b50a05b2f745a7e5fe98ce9066,REAL-ALL,收敛区,0,0
1e6e5cee027ebb302736e459367ad1305c43b5bafe7aaf73785168860e83aea6,REAL-ALL,收敛区,0,0
302f5f98955e7c89ba0d544f3c63a7b66c9ae95027d9c36202bfa9836a6eec43,REAL-ALL,开放前线,0,0
6e66ad24f22c412779ad873ee31751bd84dd5006acaafe1d788ef2377a687a34,REAL-ALL,收敛区,0,0
6cb4375020474f3e5c8d4482e113fab003a6ab3f3a27e6d3613c9bdd06537484,REAL-ALL,开放前线,0,0
662009333e7797360e43dc20ef2e9920215e76aba1dd6eb2ac3853c4c05a9db7,REAL-ALL,收敛区,0,0
48dcbec49f73ea46312e05ea649f451fef4357ef84a13b9772c0eed672134699,REAL-X24,收敛区,0,0
a8f968310482f03a1dfe9838db40a5323450496042f945aa82516efa51b47a55,REAL-X3,坟场,0,4
55edfcc19019b65199940ed03fb08efca139ee6e93f71ea3b9bd1ff8edf2a0e3,REAL-X24,收敛区,0,0
bbf3de64ea9919c83681ecf98084219d38bc530b3a7f1c5e92c82897759ab4d1,REAL-X3,收敛区,0,4
ac28331822ea75c9b015cc259d7ccfbb402b6b04e1bd7976ab5c57491e9d9007,REAL-ALL,收敛区,0,0
5c7bf34cc7f2ecf30f8e7430cf916af25497fd5ccbcf6934abd9061625b6bbdd,REAL-X2c,收敛区,0,1
26d54209d1cf9153340161e7488c17e46ecbdf826594fdbb73854d3408fbb5b5,REAL-X2d,收敛区,0,0
dc7ad0c7a08dbabcc6649afba768ef48d3d59484b07b431b12df6a99a1c8d95e,REAL-ALL,收敛区,0,0
3deb90890654c54c492c0894387ecf5d4a7edd8870cab8dac1a44529f7dbc735,REAL-ALL,收敛区,0,0
f2edfa4d63baed945a30053d2d63d14b3d165b5fbe27fdcf6a6630807797a33a,REAL-ALL,收敛区,0,0
d1343f582f5452da54297b37f48604ec7f1ac5313c25bf08e2bd70019b1173eb,REAL-X24,收敛区,0,0
40fa0e3e3a86b97f3b99bfd6a2328f1a24fcb4dd340f9f4ac6382a81dcd5ae2e,REAL-X24,收敛区,0,0
3508893d030aa2676aac9cd416e416cf6ed52313be39d38e26ff2d1e62b45c80,REAL-X2d,收敛区,0,0
67a6ebd437849f403e52a1aea9c8d5f29611fcefb83bb82fe45c1f838fda6657,REAL-X3,收敛区,0,4
47d0c34aac23531b02702c37ab521866b37f71e4e07c678efe81625ad1eda5e2,REAL-X3,收敛区,0,4
cad9b67edaecc344da6b3c79708c893a453df869ec5f288f7f3e24e6e5b15f40,REAL-X3b,矛盾区,0,0
17827d27549a0235cde083255abd99ae43b40e02910649832daa7d6939c06351,REAL-X2a,收敛区,0,0
ea2e3a3e6c1cca435f452456f1079c371954954a7ae396e0e18f68557071784b,REAL-X4,收敛区,0,0
b70e882dca767976e667c4032e1b27333e1935d4f07fe9402f8e9a18a3cea5ce,REAL-W3,收敛区,0,1
f4eaf8e042541b8f455aac5303d31ae622efb079fa174b8768e7a91705e92a6d,REAL-W4,收敛区,0,0
731dd4bc7d6ecd560bf0622a07bbbe288c1ddc02cf50038dde5c3cb40e9553a3,REAL-W6,开放前线,0,0
cd7befa6c44156915cfea555db178fbe07b406ab36d1f968819b59707fb88907,REAL-X1,收敛区,0,1
a5471139bc464d3854a94478be2db53b8bdd8a67d08c5a09523c360996845365,REAL-X3,开放前线,0,4
c32833abe549f06e815134d3497461359f333c4f0ccb66837b04827a32a209b4,REAL-X3,收敛区,0,4
20201f6fcd2b7d61749cb23ff6697b24b8964d81610b9550b240f4e8dd2e13a9,REAL-ALL,开放前线,0,0
c6a839ff1589d03de084992482381a0df8e6ce954740d5944aed8c1a562121bd,REAL-X3c,坟场,0,1
e309ca5b5f17627a3d54f0fc5e607bdff7b36ac9bbafa1a31a7518b8b69b07c5,REAL-X3c,收敛区,0,1
34f29ce0a7afa15cca701cf47a7b3df1d8937ad55327901aba5a81d6cfab176a,REAL-X3c,收敛区,0,1
d711edaefb3c47c2c06ac2d4aeb1233ed3b04c9101873f67d717623911b7507e,REAL-X5,收敛区,0,2
c7c441db031dc5373c6d07bd37c131e87bbac2577f8b6aa73729c789d9443844,REAL-X5,收敛区,0,2
f20ada90377b3973cdce1fbb78328c077b5430996959ba9ff4f931aae1fc00ba,REAL-X5,坟场,0,2
4c3517f560328e93274bafc01f654ce9a08f4a6a4a5176c24c7fa535483066b8,REAL-X5,收敛区,0,2
4d15ed3e0d63080d5c726ce2aa90284e89c7b86cc662dafb8d85f134d49ca3d3,REAL-W5,收敛区,0,0
c858c3b130f53dc6548cd72b2bafe926ff2910d4b7fb14d7ff1359be926a9d11,REAL-W1,开放前线,0,0
38f9faedb8a3ef9a0bbcd5527ba504d9281aaf2646ee80e1d4428bf5fc28a800,REAL-X5,收敛区,0,2
2de196b416034fd4fd499fb0c38f463e88bd6ecad5f864c3422e310a9ed7a2ce,REAL-X5,收敛区,0,2
dce132a815e9da84d09d17636edad1e51794679751f7003ae20e91ae7a6dc2c3,REAL-X6a,收敛区,0,0
d0cfaf1a56025be8e5736223239b1ba36b32cf8440281468e88b7460d05f8f81,REAL-X6b,收敛区,0,0
47d716f6177a06bce8618b0194af525baab47e5e3b98d7f95752a35d353f1e18,REAL-X6c,坟场,0,1
af6be1df6d2ca37832d6b140605d40aee1bf1013472fd768c704b2b46739a4cb,REAL-X6,收敛区,0,1
5edad72bbced14c9cb5d837a41ce3c145b2ffeb8ef3a0d6e559da63f645ab64c,REAL-X6,收敛区,0,1
c34e1d813fa4865a431b274a80abf4c8f878642549ee2624a62a422056b9be0f,REAL-X6a,收敛区,0,0
628cef1a6a7dcdbeae6904064a9339b85a8d6cd334cfa82f7b8dffa59d0ad16f,REAL-X6b,收敛区,0,0
36f6afdb2c423e26308f9f4709efce5fc4662db917dc5b0de0ade94259a1281d,REAL-X6c,坟场,0,1
702a543d8fe4b1bbdd948cd8d721f684c396e6b582ec2569f2e31e234b4a159a,REAL-X6c,收敛区,0,1
85ccd6893275a4773177212d611dfb24b20ce48a0d4fba3a9e13ee164c0d3c9c,REAL-X6a,收敛区,0,0
1c4867e48c4c369ede7e7cdfe91e30591a35376d3b4fd33dd5983032c76df42e,REAL-X6a,收敛区,0,0
ab890109bae275bce03af8a1af6422a779451ba2b4721b4f880901da9dfddf3e,REAL-X6a,收敛区,0,0
7a5085da290d44715291001cebf65c9ecaa2412663efb7870c5f959565cace71,REAL-X6a,开放前线,0,0
a18ad589e377621ac833ab7cff6355f6aa43611f1ddc36ce6de7aea53bbd0464,REAL-X6a,收敛区,0,0
a6e4a48d12403322bbba2fa1f8ccc12fc85b3b688ac52cdc34d2867334a35c1d,REAL-X6a,收敛区,0,0
30c1bec5b53c48252041c3b204d892f1e2ddec2c078d6ee6efe7d5b3a36e65a9,REAL-X6b,收敛区,0,0
b5091fb3fa3005c31d711e6ca1aec980afab26554572fa73a938316de7a3b46f,REAL-X6b,收敛区,0,0
9a597cd5e89c238aeeadd7266148f2878399a4b728a1730c75fc6b2caf29ed9b,REAL-X6b,开放前线,0,0
dc7fbcbb90e8049a1610e95266623f02a9e966db28913a761ca74c492867aede,REAL-X6b,收敛区,0,0
84ce6761a6f0574a9dd03503556dca17475c57f80852c7b9d244adf3bc8ff3bb,REAL-X6b,收敛区,0,0
9d8ee3266975173ab9942a77c7045b30e979ea34c1df8d43fae2e9c1b1638dc3,REAL-X6b,开放前线,0,0
7a9c112d96a3dd772d7eaf75e0b992ad211b0e2d2bd19edd7625bc72dcf53399,REAL-X6c,收敛区,0,1
9d6ffc7917470104f8953733f5854e61a60159bcf4878bd6b6a701c1b11de602,REAL-X6c,收敛区,0,1
b6efe105158f2d3f3c8ec08f01ecdbe7b3464c60420417467ae6bb82b50160aa,REAL-X6c,坟场,0,1
f93cb2e642135b5ba0b7f505d202f492023c33f72f3920f494f04c1b5f461d63,REAL-X6c,开放前线,0,1
81bacbedc923d7cf9cc0ae6fe95fffaa99b7858e12f1d7b1b991b94678e84bd9,REAL-W1,收敛区,0,0
d3500b8e5f2890008763865574822ebedb0fe4bcd6f2bb318994b4dbd9a17148,REAL-X6c,收敛区,0,1
8c44322aacbf64bad0cfa0b7d14c7d7e64592cb40f71605d6b28cfa7f5b73fd9,REAL-X6,收敛区,0,1
f26ebde13571be1672aba3b8d80c7858101ff7d6a51ed3d5f8d38df4c15b7110,REAL-X3c,坟场,0,1
b4cf7eb7ee29ad565eb5fd3d6461585000fe7e218baafdd52dd60f9ac7fcc7c0,REAL-X3c,收敛区,0,1
dc447addc38f17e1b9f7a005ba6602b167c0e48468a0564d1aac7fd53e034cb0,REAL-X3c,收敛区,0,1
7af057f86a182399795347320fd67bcf7ad2c67d22e70145b039a7c03216fefe,REAL-X5,收敛区,0,2
5b67c07a059a5fb1dde78e18617d91413323fb1088cb728bc5514f373e77cc34,REAL-X5,坟场,0,2
1ad2a52cb083dad95a1ff63cc835efff2cb33d748ccfff7b8775a9140f0aafaa,REAL-W5,收敛区,0,0
0e2f34782e049e49bfad3b4cd01bcc7b23a077479d526c134ee85074e5fe6b77,REAL-X3c,收敛区,0,1
c9584fdae18eb7f2790371635050d691bfa0c842b46e3a6d9b74769dd012a7a4,REAL-X3c,收敛区,0,1
e95726248040cf2ffb0558167b5be3d3d766e65a382fff09e1e5cbe694fe0617,REAL-X3c,收敛区,0,1
28f13d725db287dfcec27528fa95ea179dd69aedc3d286d15a013f224ef942b7,REAL-X3c,坟场,0,1
c53fa3e07d201151aa0c32a005b05d4592bb29bffbebdc4104bb8af34963e5df,REAL-X3c,收敛区,0,1
46a2634dac0e242e85efd29479167157fe50f9507ce395093e1194a8cc934b48,REAL-X3c,收敛区,0,1
cd50d402f1e31e99cedfbf5f2ed64f2ac718f96df4aa04950d15e7215d485438,REAL-X3c,收敛区,0,1
a588a6fa11d685c523e1db1275d1608c7d1bd1b13fe0243d882229a6ee221b91,REAL-X5,开放前线,0,2
8af2d0e80f4f463cc3c464d2d31585e4dfea9959c878a83dd6800f7831e77070,REAL-X5,开放前线,0,2
5de37b4dfa77598ea098ad8af13aff5f35009445ba1117ae486d59a6c7b22a1c,REAL-X5,收敛区,0,2
c6b312955b1c220deb64faa08df76a91d26118ce67383a52a65d524f7cd70060,REAL-X5,收敛区,0,2
89af7c2fedf530dd5f196ee305bf4e1cc5a7bb19798a5547d7108de3676afb5b,REAL-X5,收敛区,0,2
0d2e758ced67b26a71f54d50b1da3b9ad25b28bf781d94d803570c2b7adfb9c1,REAL-X5,收敛区,0,2
ec156281f917182a8af7295788cd509b2469e055eada868f263979cf29d48f9c,REAL-X5,开放前线,0,2
4c12f61df7be602f57d7525970acd4a9dd3a405b1465583318297dfe160a0ee0,REAL-W1,开放前线,0,0
34e8cdf200a661f8ba789d2ed920368a74939a688e2ff55560ff661231bd38ad,REAL-X5,收敛区,0,2
e2ccb8142e91f51b8c10ad6d98b0e5de081f04c0034047f9d7e922ee996c6e97,REAL-W5,收敛区,0,0
0b153bcb7f82b03315256923a309610682237b620875424fbd6b076a6234a336,REAL-X5,收敛区,0,2
1ce4dbc9010195709f0b1425a4c73213add229f7d03cbf4e6d22eff6d72323f0,REAL-X3c,开放前线,0,1
2e70c6bdb6f1194babed4ae6e484a084bef877f7d7b0cf884f34fe93ecf661c0,REAL-X5,收敛区,0,2
d16dc76b689b01fb3be858cfb3a77d94f06120eed7a64d3531ff3e62ef663c58,REAL-W1,开放前线,0,0
a291b47dff63f02c574c75342b6aa44fafdae72cc38b3147f0ad1d61995622f4,REAL-W1,开放前线,0,0
c1245ecddef1c0f826731493922b2a6ff2257ce0ee6f08f9a53892e027417ec7,REAL-W1,收敛区,0,0
406f1ca119fb185c888bf868507d40c5cbb83491cc7582e3394970b7b2def608,REAL-W1,开放前线,0,0
2c71ea7040982aea719e767a63507e507d8d6f16b0d1862cb0ced251a3f8763e,REAL-W1,开放前线,0,0
5b433534bc54804e9a501a80fff82e23a50c7d0c049b09802df5603705302158,REAL-W1,开放前线,0,0
daf2387550bdb5122744787e846c7871be53e6ff344f611b15fe586b23c93556,REAL-W1,开放前线,0,0
617bd9bfd75121866231c9c1233285f46b341359b268cd764a30adf3da99c8a0,REAL-W1,开放前线,0,0
6f96f4e3adb78a8a14f4de13a1a7d687d88dce67d45410d2934a10059259039b,REAL-W1,开放前线,0,0
f2b4590b02dd2739611bb568d0228b1b16962307e2f7b28124ec66be4fcab399,REAL-W1,开放前线,0,0
c2ce0adb5f4a9f40b9c71456df60a0f8b7ca37771ab4d141fde3e734bac18314,REAL-W1,开放前线,0,0
7d0a84297c2f7f9f1c37fa01db391aae825c17fea84526b4dfcd8dfbd3b0c654,REAL-W2,开放前线,0,0
379540967da89dff731766e2a246c611ccebdad9ad3900175d78df03da627b94,REAL-W2,开放前线,0,0
e899ae2518e3647da9484938ac55336016b420877d88140440e49abbdd2ca0cf,REAL-W3,收敛区,0,1
560b06d14d33446a244e4e74bdc8129cb15bd335642e36519f50480470adce6f,REAL-W3,开放前线,0,1
aec6d3e5a1a6a03522a0f92ca6d25c2dc505567821eb1c096e8bdeb6703da5a7,REAL-W4,收敛区,0,0
4f90935ab68394f19025b2aa5276cb789578772527df58375fb124772fd92ad7,REAL-W4,收敛区,0,0
b0345342ac1c1e2f6529195b1f5f6f1ef8d4f0d31292c3524e4db322169095f6,REAL-W4,收敛区,0,0
de066930cf68f86a7508e96bbfee927204f7d8611c00a5bdc611421c0077bc44,REAL-W4,开放前线,0,0
90f7600bb92234335ac4f925047252594a11aa2aca2c00d5083c1d100d829637,REAL-W5,收敛区,0,0
861e4b40c660bcf04290dea4aa34311cfa3c973357ac1b9cae2b1841cf95938f,REAL-W5,开放前线,0,0
1f8e71451272063d9b22efeb53ff0be338c9b8f7b8b6a230d398dbe40ab51ab3,REAL-W6,收敛区,0,0
e50024d290d264b912a1ba5ca8b2a1e02b34ebada08dc20b15ce8cb804ba70fc,REAL-W6,收敛区,0,0
4d9a8f8c94fae4d1099ae66d1c93af2433f7dc85e8aba8c3768482732382b25c,REAL-W6,开放前线,0,0
0383e6baeb35d7a5fc1363c3356a609ba8be3636a8837ec4d32a617d8e106d16,REAL-ALL,收敛区,0,0
884faec504ad0cd0ec64049ff69ba4e39689711b4c36e5a271675164d9be0e59,REAL-ALL,开放前线,0,0
e2d0955858d9f57e710cdc48550b36b27799c4e7b4413785ac418d2ce33198a9,REAL-SNAPSHOT,开放前线,0,0
6793133700e817f7338c5a554fe577d1b578d1289e15436a45f0a968ce8b1a59,REAL-SNAPSHOT,开放前线,0,0
025e4d9eee3d19321bb0b01b42fe4ffcc15ab4455b14f56b2ffdfc481e193a18,REAL-SNAPSHOT,开放前线,0,0
cbb3c456a9cc008c836b0cc04205fc16ae37d9b91729754599d6c3eb84f1acc5,KB-INDEX,收敛区,0,0
5ebb885435ebbf83625e8705fa8598f0204e066916e4c7e346ca556647c58af8,KB-INDEX,收敛区,0,0
9b7adea6350379bad54c9a97960c5327e8e2b1dfa517275a2aade16cc913fb94,KB-INDEX,收敛区,0,0
df4b64478a8128141bc3cf1d02465affdfb4a6dde1a9d352cdcc81c31febe210,KB-INDEX,收敛区,0,0
99aa8169d086fc6087b404a928da6cffb66ca41b1fadc2227698a874ec9e7975,KB-INDEX,收敛区,0,0
33b9e2ffcd8dcb8af7029e9658a2904440162ce5ad2529e3317a4f0339278cda,KB-INDEX,收敛区,0,0
a07e2bf6f518fb3908eeec427249752a641342d671c27e07e649a20f4f95f630,KB-INDEX,收敛区,0,0
74d1d0420f4d2518bf1e53cbcc626a5230184bc005d644fad45389edb53f2109,KB-INDEX,收敛区,0,0
271c9f6d9a26e2680a15e4e6316986ecb4aa3bad0375713db9c02d70aa5114ed,KB-INDEX,收敛区,0,0
082ff1546418767560ce2bc7a45e9ae74850ce6667bf99b1d5e1b7a6dfa7e366,KB-INDEX,收敛区,0,0
545c314745c42d2982bc68a41b56993dbd512c3e9fa83c4fe930f8b64bc0af19,KB-INDEX,收敛区,0,0
3726a1a7518663c21e77413e07cce794a0068cbcb0d3b5f0b1d1705c7f0a9b51,KB-INDEX,收敛区,0,0
c350d47d2ce28749b84c5933716d2cc8928ffa12388e8c30972a5da9e39d6cce,KB-D001,收敛区,0,0
97e6e9bbc32fea5f9a7f8d493b5fff0c503a751f4e0f92a950e1bee66df0ae43,KB-D001,收敛区,0,0
f76969ea2d3c759330670f1cce464dc111264d3370955e3d0a55e411611fcc52,KB-D004,收敛区,0,0
f9b54166958d880e70496672a0eadac094e17124bc0f0fc9bf6edccb0b159001,KB-D004,收敛区,0,0
968ad98600a6df17e6178ba1ce2c66f8c869f3cb29dd4fecdf8958105f7a5486,KB-D003,收敛区,0,0
8b7507cf0e544627b720247e6955bbcdf4c32a2fc219c7d83ca589a62e7ce7f6,KB-D003,收敛区,0,0
eb84c7c2c29b868d952d438e68dcfbad3504fd8fa1a8cb968fd08791cb2f1406,KB-D002,收敛区,0,0
18f4c1ee7593e642be22cf251d29ad1f6b7c8426a3af8ffb09f113a5c0bbd0c1,KB-D002,收敛区,0,0
e56b85478ec083f3d6fcbcf9fc3b0dfda29a8d073cb0bae2ed21b751009f1d04,KB-PT006,收敛区,0,0
a2ed42fe079afb13eef010f4e239e67c3aeb0ab1c216015d926ff33c4abf1a12,KB-PT006,收敛区,0,0
e350ac5bd8d9c399ae9b75bf815b8dede9ff00245a63f4d5c5946104e6134ee8,KB-PT006,收敛区,0,0
34743ad1955d2e1f7c90ae2e49f1c80b198aed60004b04914c474fd0bae94b65,KB-PT001,收敛区,0,0
6a5dda8a780b5eb266606f6bda4a70e44d3a4fc3dd5f545a289cd082c28dda5c,KB-PT002,收敛区,0,0
81fc67241e6bfab018884b4c4a9fb93e3e9a847d37ad37e22c7d30673796629f,KB-PT003,收敛区,0,0
f77ed4bccabfcc59f608c3bbb55648b515a86568077e0c231539184f057928c3,KB-PT004,收敛区,0,0
3420cc93e920f7d4cdbf5c3c2a2626c24862f78416dfc46332a5911ea7851e1e,KB-PT005,收敛区,0,0
7dbc190962d650b73a455004fb89ee1f3640f8d88fba83e7061eb514f3068eee,KB-PT007,收敛区,0,0
d4ac184a8e0fbf6c8577489a457c41588f24908f39f00dbd12a68c55355db0d0,KB-PT008,收敛区,0,0
a21be7ecfefd966e446c0c11adf2011a3867e968c5f5dc048d714316a8bd5ccf,KB-PT009,收敛区,0,0
61c8cf21d539c502f00d6586b46a71994d0f6519974952d792240ce9fc48ec5a,KB-PT009,收敛区,0,0
e68935b06429262c96bd25d65348cd6a874bfbb980706cef08e520fa5ea5bf45,KB-PT010,收敛区,0,0
0978e6cac8b70776b41bc886a16a9f0b7f5ce0f57f62a51dc8cfd0e9ba6e3ac6,KB-PT011,收敛区,0,0
d38459d64fc8d51ef3e28be98c339b96094c5b808f080afc54078e0c45093c93,KB-PT011,收敛区,0,0
47fec49de21929ed6d7b83c3473febadede00bcee3fb011a4a9aaea8a9d19815,KB-PT012,收敛区,0,0
27c994a9e864610151f343c043d647528dfd068ec7bd589c5f15f7ebac8ee6a4,KB-PT012,收敛区,0,0
dbfd26d8d1bf5812b86a20ccb8b2df3ee1cf1fe69e7621ef89a0456f768ed8cd,KB-PT013,收敛区,0,0
d48e5280b0aeb73e02bbff78ca867024783c5b3a9706ae74b58a94a6db65e0f9,KB-PT013,收敛区,0,0
f02ee374de037a7e6e04d868b06992cb508c0b2283582718c9aad5c7d143fa8e,KB-P001,收敛区,0,0
ca53dea4b56db7a83564f992d3d4071bcb2083f993a3080e0012ec8c262ea05e,KB-P002,收敛区,0,0
82d2a7a0ca834b45842ab567ea27abb017442fc7eaf0a20cb48065843f5bea4b,KB-P003,收敛区,0,0
37b9f28423e8962fa87e74e0f6f90659401a73d0412cd1b77fdf9621e4a0bec0,KB-P004,收敛区,0,0
1a3eb29fb2b60b9ee764052bab439c906a8c1a0f4e5835c81829eecd1e501c31,KB-P005,收敛区,0,0
7d4b1125bfb8700472ef8b675de38b01d46a54ed62f20c91207e458f242c820e,KB-P005,收敛区,0,0
bcdd1a505c704936da137bf6d6d2a5097d96f5283e4e76cf3e6db9f186f1d120,KB-P006,收敛区,0,0
a5259f65f2e0307dabbf88944ece982e8f2fd851a6ebaefd91dca619020058a6,KB-P006,收敛区,0,0
b5a944d844e0b9af779eedf371ca2029cfe880ef198d3d37275e3a3fa6f131c4,KB-P007,收敛区,0,0
33a5692bcd29a0b6d0fe296729a03f9d3c79443631360f7bed0a3731319990d3,KB-P007,收敛区,0,0
b212a01cb79893dbf5f945182632fc235c1df95f420051197370ba311c704b0b,KB-P008,收敛区,0,0
87bb9d7bf0ae2cd80458d38fe2b95a2eabacda6a6289aaaae3867a3a50cb6119,KB-P008,开放前线,0,0
8735a0e96da5139a9fdfd264cc4b9b7918b15c108712ac186f5085fda8d90b1a,KB-P009,收敛区,0,0
64794315826812503f2e41319ab1b8772085882514558cd731f0b9454493f702,KB-P009,收敛区,0,0
53f7953b3707c499d190af57c7975acd92978fdb661d358cb6b350df4e0985d6,KB-P010,收敛区,0,0
d2d8ff03be3e9142e67805f52017d239abe616c06795bd831ed2dc041a45d21a,KB-P010,收敛区,0,0
817d60f6e29922614294ea545f985be4a90aaf96ea9443eff3c620a1ee28e2ce,KB-P011,收敛区,0,0
22a88a73604d1570f9d3829b9b4a915e35fe1a7710e4c82c2944736cdadb2b33,KB-P011,收敛区,0,0
c6d084d2345151fd6d7acd8787f2790c2a4006fde1853a308bcfbdf4023c0c62,KB-P012,收敛区,0,0
1b09f051a2d61238aa39ef1ec204eb3bafc0475f3bb6b5f59ae146f7924773f7,KB-P012,收敛区,0,0
ae14a8de79bf39df03f2e429f7e2144be50508235da9874ee529160d6492dede,KB-P013,收敛区,0,0
06e8da94bc90c3d495089953b124a8e065432218f8a8f138da6b8e5f8f62b037,KB-P013,收敛区,0,0
f54593d1e31a956474cea774ea990975f4dbe884262288313cefe58bbc507a34,KB-P014,收敛区,0,0
fceeadac1a2c0893acbe5dde62edae594b4d3676eff55d20bd42a3cc6db068c1,KB-P014,收敛区,0,0
d79dc9a0c1ce0569839fe08c7657de036f0c7d0373936fa5934a2e1bb42a7d36,KB-REFLECT,收敛区,0,0
0581c52de2eabd6ef16ccc73b492546d03a6ab8aec2d5497822f2a1a76c9103b,KB-REFLECT,收敛区,0,0
a3188fdabf7e07a76d0d1048ff45e607ee5fad8d61a6daa2416b3ec17f7086e2,KB-REFLECT,收敛区,0,0
eda0103c8a3148586ac3739b8baecd546570b0e23e686c38aed18858d856062c,KB-REFLECT,收敛区,0,0
8c548a78245698f9217efeec43cf9f8b8d04418b4ff370371f9d931cc1d41bf2,KB-REFLECT,收敛区,0,0
544074997f9dcb1def6c84254155bc97e1ca647ce573d9d5fed6ffa0504f8ac1,KB-REFLECT,收敛区,0,0
521efe84499fe2c99ec3cb0f7ba143e70f09c2fda61d51a8692f29e66a09cc97,KB-REFLECT,收敛区,0,0
112f09fcda77656e98931ac7ebe0312045226870c446ff93d18f3055c2a4533f,KB-REFLECT,收敛区,0,0
bec4e9f8687c2e6b595139aa3619965fec75c8970f894614c81b78b4fbf4a3f8,KB-REFLECT,收敛区,0,0
8943a9b73f8440f9f1f642317a74b70640cc5b720159aa3b0cc9f2ebee95bcd5,KB-TASK-001,收敛区,0,0
cacb79c7655c4c8ad832b2b67a5390545bf94ea8c7fb588030327daacfe72dd5,KB-TASK-001,收敛区,0,0
a45f5ba9bb21e7dd407bbf490d694e1c3e18c5ba61ca607d2fb96dd9901adc0d,KB-TASK-001,收敛区,0,0
4a6d5ba378737231a824c02f66ae1ec8ce28c93a8c73c41373713dc750e2ee7a,KB-TASK-001,收敛区,0,0
aa91295305315087a984e6c90fa8d5c3a15b0320ac789d3e26b7ee959dbab0a7,KB-TASK-002,收敛区,0,0
c039be6de008ec8b0fab695f5225a55ca1028ec0d7e74eb34c4f860375f375b7,KB-TASK-002,收敛区,0,0
9c8c3fa707160d54ee1cd6d5124d50d8b903a344d8d47864fed5e90b6881977d,KB-TASK-002,收敛区,0,0
5ca4e88f267a5c2c60f66f6f6caa732278cf94c83cd610684c659489fb91b6d6,KB-TASK-002,收敛区,0,0
4548e8ff4466f307bb1e72e2b4784a0b3eef6b37c3b3afc233104a6e09d25d3b,KB-TASK-003,收敛区,0,0
6fb4feb35b205ea3a5e5578bb076a3674613fcc578a1de5008968af56968e0a5,KB-TASK-003,收敛区,0,0
87364c26925b1dd456a3839937150fa2337b12dc2c079e528f30c73daa8c1955,KB-TASK-003,收敛区,0,0
7420db620d7a544f6cc4c73337820bb02937910131403c09b67e8d245658dcc6,KB-TASK-003,收敛区,0,0
49dba014c36a7b22a9d59d2d7a1bc99665f47918200438971a9f782a1d5c1a71,KB-TASK-004,收敛区,0,0
39f2b26274e8a7b9dc47c5be4711f1d0adaa880b59a3fbb824544587acc1ad58,KB-TASK-004,收敛区,0,0
c2e14911cf00d235fb08f1c2c0f3849dd5546fc82fcdd4ed58d08a79b8cbd3b6,KB-TASK-004,收敛区,0,0
682fb18533a5130cdc890fae61535b6e923907ddc64b45e4019092301cde9d31,KB-TASK-004,收敛区,0,0
fd2e26addc8d093e3e51a0461666ed72747264d5c1d2cb022e3ed1f6a920bfa1,KB-TASK-005,收敛区,0,0
b86d1204a37260d96c70cfd5e877abf852718de9ebf6f017cbf2af2067397325,KB-TASK-005,收敛区,0,0
f44db23d8e51494eaa503d6f49715db97accc2f2cfc3899fc33f4c3015aa5932,KB-TASK-005,收敛区,0,0
6368a3cb9751a8994597138b630355ca1752208394366a3ce6d593b79af08547,KB-TASK-005,收敛区,0,0
954fdc45408b20f85928a1dfe91877e232f83e4da64fb0d9d69d6dbdc894f5e2,KB-TASK-006,收敛区,0,0
450fe04fd91c6627fc95c163707008972fe6ffdd4dae954a8cac3fb52c1e843b,KB-TASK-006,收敛区,0,0
27c5ff2745203ece25aee8bfec2128d8a614367c36a33f0a57b22da7b550107d,KB-TASK-006,收敛区,0,0
51ea3da5f41e2a91fa52dae705d505d0e77bad275bcfd0a69baed3ac9f2cd59e,KB-TASK-006,收敛区,0,0
e9a5aa2da387f2275d2a66d2fc3195c8703cb271c5244f424bc2a9de14d0a2e7,KB-TASK-006,收敛区,0,0
85f329450255dffb96da7d202d943e66ce50cde4c67893c990c2b408c51f220b,KB-TASK-007,收敛区,0,0
ab253b4abb6b33b34105ba2351e51f204ecc0983d0d7d11ef2092796c2af08a4,KB-TASK-007,收敛区,0,0
6994acd5a53d7c49783b44b5ef37e90f5daf6e6fb127e5a9a74226ccddb5045d,KB-TASK-007,收敛区,0,0
163455819a0b6d39f65ace752f1e58d548b8bb250264e4aa2e1df503fb251303,KB-TASK-007,收敛区,0,0
be8153b0d0b75f3568411707480c4181108f86d7a263f3f644f4f6c528885f31,KB-TASK-008,收敛区,0,0
854d2f6b114971dacdea93f97ced8262a815d6831cf981886e79335b7ac4ba46,KB-TASK-008,收敛区,0,0
c80b9495221238021f2483390de23a478eba72d3d0b3ebbc702f06529b592d08,KB-TASK-008,收敛区,0,0
03de1ff190bb6bcd9f57b5321a1dd380d531811eed752bb37f65644802b4718b,KB-TASK-008,收敛区,0,0
ce53707ed5bce8dd6a99a2172efa61619a1f49038c4ac380c50b035b94bfc4f3,KB-TASK-008,收敛区,0,0
d1a72d3cc138a8df80e050862248db7176ae9db2f7ec7635099c228ef1b547e4,KB-TASK-008,收敛区,0,0
0f04fbe27d8e8d3f3754c816d968e561fd1f624e43e8953dfc0d17261bcc0158,KB-TASK-008,收敛区,0,0
5ac6341b5ac41675c54175a29a3fd961460c9069a4513805762e1f92032692ec,KB-TASK-008,收敛区,0,0
43d2f6ccee3e7ab948354bd732ea4fa72e59645b907ff2771ebd962fa1120490,KB-TASK-009,收敛区,0,0
5a655d6c6145809863e2c20cc8553455565475493059ac24c0651b3a8c1e61c1,KB-TASK-009,收敛区,0,0
82820b96de21766e60b9b6ebd092e9567b28acd899802f3ad9d0bc82bd1c53bc,KB-TASK-009,收敛区,0,0
07b0175985558209241c4e9653065eadce5625520997e791404e7214649f1861,KB-TASK-009,收敛区,0,0
126d7b205644b27badfa774b42b2a0e78e41f38e23966321ad3a15a5f47ab87d,KB-TASK-009,开放前线,0,0
85eaf8005a437749ce27772a7ae0fbf8f3d0edae17731e885c269c13a990ef29,KB-TASK-009,收敛区,0,0
979d07029442e5bb7aa4a29bd5a7e27a20cd98dcd4ee37bc62f99d12825236e6,KB-TASK-010,收敛区,0,0
ff27c1ed8a356295177df4ada071e0347043c001e43cf41b599d29075c4cd575,KB-TASK-010,收敛区,0,0
2d7b67cd9ffdc27af54d8abc30efad00e8925d9baac64e266c71c58137839a65,KB-TASK-010,收敛区,0,0
914d3ccaa50895e048050cfb8a5f0739baff7b5b798b6ffdad249bad043979e7,PART1-Z014,收敛区,0,0
e2ab9b38545fcfa56fb29c5d19bee24f78014566e66343004e2124550403384b,KB-TASK-010,收敛区,0,0
3573ceaee4a6f63178c5982ad8420f664d2a247b97f8c3c5f5ed4a873f0e6c0b,KB-TASK-010,收敛区,0,0
a3e2d4fe4f1b91f19d3030db86f4939f6c10651bdf9b3c3b10242b5d9709e720,KB-TASK-011,收敛区,0,0
0847ab022b861966a1212fc0489b308e6e08b2e95e17508e3af86f428af421af,PART1-Z007,收敛区,0,0
a96d5e43852c521501e64f95bccbf212a08006554802f95268dc3723465a5c9f,KB-TASK-011,收敛区,0,0
784ce9e5e2fdaebe8e713ef92ea6b916f5f90fc748c5906ff624f07a7fc1159e,KB-TASK-011,收敛区,0,0
ecf09b0fef54b21a14a4ff38f0155b28f007c5e857e4831de94118acaa384ab6,KB-TASK-011,收敛区,0,0
1335559dbec987a918a2475f4811254f0aca5918387ba6d087f64749aea56143,KB-TASK-011,收敛区,0,0
8a0a05f2d630f7c933c7044be6b312f843017854c30d4a2cb3f35c6275db00e6,PART1-Z007,收敛区,0,0
a332131a4465efecf7e183cf8cae962fd64a0878724565caabf74319f89ae901,KB-TASK-012,收敛区,0,0
e52d2ab6a97ed815e6da5e9ff92adf266ee4f452779bb7e98cc31bd72818a08f,PART1-Z012,收敛区,0,0
e65abbfc401e9d1190fd818dfdaa3ed0bafe865778657403d1bed2bc5d58d5ed,KB-TASK-012,收敛区,0,0
3d46f77bc881d8180bce888a372386eca8c39d16999d7b563ebbceaea0a1a341,KB-TASK-012,收敛区,0,0
592012e2f07ed9352f204cb49e9eaafd7c4cf3b6739471540e09b0238f0282aa,KB-TASK-012,收敛区,0,0
e59f161d531c8c64c66bcd47fe7c57dc6eb97cb388a7aa6031b8e8f196520de6,KB-TASK-012,收敛区,0,0
2f0a2c612f81914ab1efc9079780bd8f54ce9ac94d7cc32c7864292c3f39d6ae,KB-TASK-012,收敛区,0,0
d183a771b603e4f32b6189042d36754d5952b4d24cbae37330957422e5ec3a01,KB-TASK-013,收敛区,0,0
16dc6cbe3095fc65619f23b2660185d3c78be01510790cc71f46ab6371873f8a,KB-TASK-013,收敛区,0,0
956a20d20d093555bb151154e3f120210e298fb1aef62ec2f5cae895dca360c7,KB-TASK-013,收敛区,0,0
441bda3078a833fa2122e8db09910eccdcbe07b4457e4a12f33fa7b77e17159f,KB-TASK-013,收敛区,0,0
5c8bd30d3cf9438dcf17d5ec4534da3d8eec2a49bc0cba89320d4be105280733,KB-TASK-013,收敛区,0,0
f2f50a8cd6bc4483fcfe285fca49f25c3e272257b8b9e07057ffacec07bb1376,KB-TASK-013,收敛区,0,0
c6427a6041538d9688fd9121614ee18e3360cfd658ee5172edfab210313ba269,KB-TASK-013,收敛区,0,0
e6cd8ea7746d3547f6cc512444913d39a410ba449eebfe00b4cd24ddf41853f6,KB-TASK-014,收敛区,0,0
5151124c3c793a49125755b8d70ead7f9ead6c64b25426a089ee3d912d8d5376,KB-TASK-014,收敛区,0,0
4bda52424177b9c6b6cb662db5fc613f02a2d957e85b83a0986bbd7113c85ab8,KB-TASK-014,收敛区,0,0
3162fd78fa95b60366e135af451fd702c79f595889b39a55d212a46f47f3c91a,KB-TASK-014,收敛区,0,0
6fd21f36f0a2eae637a4ba5548634dfc1c548617dde3ecd433cf093e74d0fcca,KB-TASK-014,收敛区,0,0
4cc6fe83450b6f6744b30cfc88040e6583312e0bb2be81bcf1313a73c2b34b10,KB-TASK-015,收敛区,0,0
632c6a05bae118017a9921bfe706efc474c373d03f248d91961a04d646d2c125,KB-TASK-015,收敛区,0,0
f2373b898f0b2e3e02ebaed1a9c56b471f5241f62a111c0b091d1d75f766a068,KB-TASK-015,收敛区,0,0
ab9412eab74dc9a78bcb012dfad7d5e4664083647a2500edd92de11c7b8186b8,KB-TASK-015,收敛区,0,0
a8a9a424eb6ad8a955c91aec6c7df705854bdbbc4a8e3892f87404529d4acae7,KB-TASK-015,收敛区,0,0
199c49d3435440514873367b7c644bdcaa2760389b631dd8b20991690910004f,KB-TASK-015,收敛区,0,0
0d8dd9926bf9b1dd02c84d97da898814005f31048f42f80ba3360586d6c1953d,KB-TASK-016,收敛区,0,0
d9616dc634ad3700b2bdf9888cfc100043e8e1ed3ae550a5ac306e85987bda8b,KB-TASK-016,收敛区,0,0
961b5fb22d29f366a224cb909593e2d45d290f077e1c90108ec9618b0503b129,KB-TASK-016,收敛区,0,0
5b8d9c08db1c4c445ed96685d9551af49449d7f3c41b300d51ea41223df6671a,KB-TASK-016,收敛区,0,0
95378fe5d0f65e9707642d03e2cec3131bbcc9aab3337b5978944d7350963732,KB-TASK-016,收敛区,0,0
c1177dbdd7d4c08e03ef9ea32fe7fd4788f2d7de7d643f8a38f808fd7e971417,KB-TASK-016,收敛区,0,0
7d3834dcb15ef86865f762c9bcc6e210fdc141774288188caaf6956dace4b5ad,KB-TASK-017,收敛区,0,0
00c4c2adb5e267c4003533252c4f5b7d77b78506cf21e3729d1283d21d5cf282,KB-TASK-017,收敛区,0,0
929dfc80e991503f261d8c8e96b85b1f1e5240bf57887ca0a11215d943ce4166,KB-TASK-017,收敛区,0,0
8974519a52ecc0d16a24849849a7cc9eb9d438ce02c0a9af51dd9cfaec8a5b77,KB-TASK-017,收敛区,0,0
f72de9a4b845d2e6ff6c7466503bb39f29c6145329e7b724b72105ffd1e874a5,KB-TASK-018,收敛区,0,0
eeb38ae071eea063ba53988ac17bbcfca0a17f8aea33061055d036265d9488ab,KB-TASK-018,收敛区,0,0
b0402f7fa6a6427539d352240f9aeaecd5742951dbebccc91d479d3e01647bd0,KB-TASK-018,收敛区,0,0
c4b3ff740d50854c7ddbfa20f939439d38bf9b20f13305dc933ea8833276226d,KB-TASK-018,收敛区,0,0
8a1f0ef81b221a3a6e2d994890c4e7905d3256538d7af91128578a6f968c7763,KB-TASK-018,收敛区,0,0
3b924b9eaa1ac0c5df338a9fcf1ad6889cebc40d47a0272d8350e5a8d73d637b,KB-TASK-019,收敛区,0,0
0b83679d4501791d5ff8e83f239f4b877f94f4629687f511e56e960b529cd7f8,KB-TASK-019,收敛区,0,0
769532b9f82320289ecb1e2ad293c228bc626c2be938e39e24df388847bd5407,KB-TASK-019,收敛区,0,0
de339177d1c913fe26342aa5bf3de17883a30ce0a2f5613069317b74fbf3223f,KB-TASK-019,收敛区,0,0
fd577cf489a76809d83c948d18d455844477fc0495039c1c6baab70e41b21f0f,KB-TASK-019,收敛区,0,0
8b9a459934dd622be3582dc48946b6d21612cd54e3a3c9d09bc0cea169113f7a,KB-TASK-020,收敛区,0,1
8ea8c87362afec60b5aac508327ca20f75f46114605c260d2087acd46aeb7159,KB-TASK-020,收敛区,0,1
f7547fd99b98bbea3790b553bdec1bab95202c6411c1eaa6d9a18b17d042cf39,KB-TASK-020,收敛区,0,1
d62a8faa8686214a4fc7a5de79fcb57d8875e1762b3202341f00320819f88b09,KB-TASK-020,收敛区,0,1
a04d6a10329af6347267cf243707bb3490e61a9c2128b74069619b61a1f5d768,KB-TASK-021,收敛区,0,0
88bbdeef91c6988fb2035e3518df7c25fa0d6581380e60f27ded05bcf839e028,KB-TASK-021,收敛区,0,0
048a73571c9ec7ee8ec6715ff93a84494f21312839635f270d33ba6b1a0114e3,KB-TASK-021,收敛区,0,0
27b38711bacbeb800eda513aad4fc308b3bf59fe226adcd0cbfc93c550002ef4,KB-TASK-021,收敛区,0,0
8706f4ba7f58539a910f20cc97ea45aabd66b94825e8901797ae531a60d8253e,KB-TASK-021,收敛区,0,0
f49d5bcb637012461c089a3ef44814d2b8f95ff028fd87e1108e0440334a080c,KB-TASK-022,收敛区,0,2
f48d601b71e42dcb54bbbe9042c0d0c546cfb8c0677f677b860e15614ba30aec,KB-TASK-022,收敛区,0,2
f5fbd91b7ff4a0405d193ca2b53ecba71aab275c0012ee55da4516716b04a074,KB-TASK-022,收敛区,0,2
053b57953fba1303cd4b901bae64fc5f58add1d05c8718c43d36c25c3ed2b24a,KB-TASK-022,收敛区,0,2
1e7cbe39738d662f5556c2a145925d7419123ea98b777bcc6acfa6c6ed57b810,KB-TASK-022,收敛区,0,2
d194443b3b399b1a5bf43f573ce3bc6be872728eaa59bf13f7570738c1614dae,KB-TASK-022,收敛区,0,2
a96493c1f2c9f2bfa55e3699e1b3edc22676e7d6e6f63437a3c468f2a3b3b1b7,KB-TASK-022,收敛区,0,2
31a524a3a45ca1a54ea84ab50d46006afec09f0b89947b971208f7536518caf7,KB-TASK-022,收敛区,0,2
13b555e8aee2b743ad68f6dfdd0200d2062a82e6948ea81893adc5c010258814,KB-TASK-022,收敛区,0,2
dbe95aeaa40bc8971d7c7daa930e2f23148f8fa28889e21f7dedbf865518d9a9,KB-TASK-022,收敛区,0,2
87ed3343a9779f68f4fb940ca67f09b7eceb2ada37dce8d251df85062d35154b,KB-TASK-022,收敛区,0,2
3b1911579a4019a1fff21791aa3c511e046d994a64dca6b5fbff9af3b87c84d3,KB-TASK-022,收敛区,0,2
5e510f4750515b4dcd5f8d570459cd07860a0b8344a940ae8cd6b8a8b2d62469,KB-TASK-022,收敛区,0,2
db59662ca2cc6143bfc1bf858f94d6bccbbe9f05f97124cf9e05788fa59b3a86,KB-TASK-018,收敛区,0,0
05ce1bf85cd800f916f4a8a4d1f92726024f3ea447dc693e4a0498fb7c068475,KB-TASK-018,收敛区,0,0
a9e73538d11183c6d99c41175a1732fc66da62ad3946443156c05e22877e7ff8,KB-TASK-018,收敛区,0,0
6625879c7badbeed0ec539e2fef00653426a16c654dc51b025056100771cb4ce,KB-TASK-018,收敛区,0,0
a5508c3f15ed58ed5394ef20b26d6f5bf777f309dfa7b33df826ca8d8ec72cd6,KB-TASK-018,收敛区,0,0
c815c5047f7321b073bee9b597f62e1a31d4c7e038e976e8a595d36ce8083fdc,KB-TASK-018,收敛区,0,0
b36ddf66d62f7c34ada17315f64706021ac3c8e29c9e1c52aa2e79c5eae56dcf,KB-TASK-018,收敛区,0,0
e05e5b172c2128c7c2c89a58c6b34cd87d9a439abce5b34cba71a9bbde80a6b4,REAL-总树,收敛区,0,2
1a5de3f249128fc662c8b3afe8229e28bb0d97c9335d43e579e6f2778f5b91da,REAL-X0,收敛区,2,3
938186aa61417543fa71a623864e1ce17f272a358ceb522519a29e8470a5b963,REAL-总树,收敛区,0,2
9367e13c8171150a3802878819a4a42bad93ce1f4367381768fa231a547bb55a,REAL-X3c,收敛区,0,1
a159cf4abdc520bff68cecffdd7fbad4bc2d9f5d981e71479eeef591ab2c2930,DEPLOY-V39,收敛区,0,1
4658d0aae64a5c6426e1c2a032c1dcde501056a95c85b1739bc2adf55e390cdf,REAL-X6a,收敛区,0,0
d63016531a0c669e333c22af1a6a715f1f3876e4c0b3aa4ffbf705c59c5459e2,REAL-X6b,收敛区,0,0
adc5896c7cd06078a82f923a26e909ab2f73afdb528185601d88a878f9d034fe,REAL-X6c,收敛区,0,1
eba03a76d245111ad3c88b1bb69f56c7dc916d970bac34cd55b32e74c1a6414a,REAL-总树,收敛区,0,2
ae3eadba5d40da035b2b4856181b3bd47adebb8f81fdf345547ab481eabdeb9f,DEPLOY-V39,收敛区,0,1
5972cdb83b9fd2875f01872a3e1043a28612d99a5154f83387f3785228f6cf1d,DEPLOY-V39,收敛区,0,1
3760c71c03c23aea2cf9a3eb033f6f8b2ffd54bd66c22633f96f4250ad9281b9,DEPLOY-V39,收敛区,0,1
fa7ca52c356b506eb8800687ecb3fb35ec9ecaebb2eeecdf3e1afaea3bbd5d1f,DEPLOY-V39,收敛区,0,1
53ab4abff773ab1df6238df528922d8f34cf7aeb678f29bf5d83ae8be9af0623,REAL-X7,收敛区,0,0
97ee4ddf2c7c4806b78116bdb98698ed2bb3c94a88023f0036a8507fc1c89095,REAL-X8,收敛区,0,0
ea3ffd8dd209ee2ae8be3b248b5ab1d675bb574dd63d462c247270defb0fb7b0,REAL-X8,收敛区,0,0
506d0cc4bb81c18ad37a70377226183f36dd0e8133112bcec583cdf630c4eaa8,DEPLOY-V39,收敛区,0,1
1e3aad8b7d618b472ecd1e280c1975afaba903682b5dd32072d4721b0c12a268,DEPLOY-V39,收敛区,0,1
f6e24cb431e04b5b46e06e0ce690ff2c39547fe4058bb25f4ea0859f5e92c676,DEPLOY-V39,收敛区,0,1
4a15db062e3e4b90b4d027b9db4af1cbc5ef2bb1f757cd9a430351e329e6d14a,KB-TASK-020,收敛区,0,1
6d43bcac5e3749b60b9b4f924d20604b1cb87c51a3cb7da11f2a3769aff06369,KB-TASK-020,收敛区,0,1
3aa463d7879d3aa9628d3d0acbb2bca2b1c8936bf6985b011cbb8c5a691089a2,KB-TASK-020,收敛区,0,1
f37ad44cdb9d30ae3a9af1615e3fab3be8e88d00dde283ea09869c268a48b022,KB-TASK-020,收敛区,0,1
f757402cf5f1f9475eb04d5dc07e565fff2d484dee60172c04b29e0aae8864ee,DEPLOY-AX1,收敛区,0,0
694b24f7b683e71c799bb04c7e32e02d74163cf183bedaa29a084b798f495cb3,DEPLOY-S0,收敛区,0,0
2cf6eaa940b2f7702238a3ad426839f7e8f7acf97845181f042c21c4c9f8566e,DEPLOY-S0,收敛区,0,0
e57d02610a17fe829301ea9dea09fa3b3f5b422f6bae96e58d90a3a2bd6a3d35,REAL-X11,收敛区,0,0
4ef9bba18e20c2bce8c151da57ab1ba06505adf769ecc7995d470eba723e24bb,REAL-X11,收敛区,0,0
1b8c1a9899f73422c79b8b2d723095937e6648885a9fff9e07c94e97ae83f4eb,REAL-X11,收敛区,0,0
a6a3d1647620e905ec48134152c8d1848649cc89631ac644651d31a4e48f5339,DEPLOY-V39,收敛区,0,1
7bc55c250cdea119ce61e8815e78ac216f1dfd54ef94694dad48faa6a2f2fbf1,KB-TASK-021,收敛区,0,0
ce41bc65f75859755d5fd6d6fa873b60250fe92a8b18d2d06b2eb60eb26bc5a9,KB-TASK-021,收敛区,0,0
a9fb122948e1f82bbc1661c78e367c86fb7ecc81dd9ad705f526bae0e4a11e88,KB-TASK-021,收敛区,0,0
bdab0e989c032ac9467c8450d849d88ce59d0f04c0d1acd9f8102de97455fd18,VERIF-A1,收敛区,0,0
2ce2d0013fae9885d574467bb1e4c6f7e6608de9c8390e5ae41aa852bf6a489e,VERIF-A2,收敛区,0,0
cfd73a3a44526863eeeae7dac5acddd710e0e1538804e85f23b81a8aba57555d,VERIF-A2,收敛区,0,0
0543f27ed2de3404df078abb7ea9d250ceae7f429d61cabeceddb511dd79a3bd,VERIF-A3,收敛区,0,0
60308a573b9d938a8fc0eb326b9201ef36a5ba57fa4a2e00728a70ed980606b5,VERIF-A4,收敛区,0,1
6504d542bbefc23b9743d33a6c753bb1f1c08a52d5cdc93a40bd12812527223b,VERIF-A5,收敛区,0,0
05d1717036e28e28d2f67cd3d241b4292c27e3dcba56f46a1a5a150fe5822a8b,VERIF-A6,收敛区,0,0
ba5e9ba5911b653056b6d8a8c5193b381728ead99ff10cf96a81250a9d2e9937,VERIF-A7,收敛区,0,0
94b6aa42e10a106f91466d8a05365c6c2b837a0818fe729c222a308a1f8b007a,KB-TASK-023,收敛区,0,0
22b563780a763453295d6abf2be86492307d04e0c82ca84d7151785e8352a422,KB-TASK-023,收敛区,0,0
74110bdaa0d2d507b8627b6dcc6de1410567c078c4cdf5a2aea8975d88031361,KB-TASK-023,收敛区,0,0
0ee709bb9fb97c01d6eee112874115b20a2f35a13283dd2711168f61d552c111,KB-TASK-023,收敛区,0,0
e78d7809c496d4bf4b7c5c9f2e4a0f5d2691b53c00aafa935d8f0aad9a9c7804,KB-TASK-023,开放前线,0,0
e0257dcf2f5b33633f5a6977060f0b3271b6c9f909acd14d9dc044af1a9ab78f,KB-TASK-024,收敛区,0,3
18f58882bbd3db922e084b715de8322bd399d3cceb52d775d4f4decebf73063e,KB-TASK-024,收敛区,0,3
22e9cc38bca2b43567504e8d982b92a691457221b353e6540dbca1ab959018a7,KB-TASK-024,收敛区,0,3
cf9d0b7f845388439ce5675f438e2c4323715dc753e74f89eae4c30b7d408c56,KB-TASK-024,收敛区,0,3
4960fc80948f9f2f19b43324270ed7110226fea4ea7af0a688f53c2644605499,KB-TASK-024,收敛区,0,3
dab90a4e9b21cfb95133ef9eaef94bbe46fb9926812968baca9a7f5ccda20e33,KB-TASK-024,收敛区,0,3
db39c4c31e381dd2c7caad6237a1633cab53b0f209a2cdf4928cfa71fdc01a6d,KB-TASK-024,收敛区,0,3
36c99fa61acce7c12fd2b7dd1f2dd9aefd298934429e38a35f3b257c5cc78ae6,KB-TASK-024,收敛区,0,3
f77c6728ece94a6c3e21f43e195f2fc519e4621275927078b42068d07a8a2d77,KB-TASK-024,收敛区,0,3
583e36e68cbc0b62b092036c48589f6bfe18b8fba0598eef88fb37b3263fcbcf,KB-TASK-024,收敛区,0,3
2ee982cda51d1fabede7a73bd6a45b9c8d19ed031893b049869b0a852b9be457,KB-TASK-024,收敛区,0,3
d2d7fa13b5a6104176ce6adf67433727dcef8d2045c9f63d4eb574234cc33bdc,KB-TASK-024,收敛区,0,3
d7a364c625bf8ccb9fe1025bee3e8b4c19553532f72574363d5bcc1333e2f153,KB-TASK-024,收敛区,0,3
c82472904888a8f92e94d13ecd290778570fc6677270c61e0c5f001d987e5cc5,KB-TASK-024,收敛区,0,3
345c0d33c05ced6586ecc0596c46a8c5f93c0b4f208614e1b993f80f9aaa9cea,SIM-E14,收敛区,1,8
aed79aaf0da417a50e87924164893cdd0abe12fee00b5a761f2476fb5bb436fb,SIM-E9,收敛区,0,1
b912c89e9987d0f05d7cb298ea1efc4969194fb38b2399a1d881605ac3b60df0,SIM-E15,收敛区,0,0
c01e7cb94e5e2a79b174ea7b658f3ef5f41646b947a706d3cab5f13c8d11591e,SIM-E16,收敛区,1,7
27bb974cf4756f7b0660844f7d3388f070f4691483de613e5ed00944cc3c7174,SIM-HANDOVER-ACCEPT,收敛区,0,1
4ebd2a02d5d8c051c129dbb4d7df96dbb3cd951143c69513ed85b7fe66c7e2af,SIM-HANDOVER-ACCEPT,收敛区,0,1
43d72a2bd401e61d9a2f11c1b560a8cab3029bb8dd72438e63a0dbc774176f32,SIM-HANDOVER-ACCEPT,收敛区,0,1
6a94e3bd43964339ebe2fee803b0bc2584e35f9ca9ea0cc017ff59bfe2ce49fb,SIM-HANDOVER-ACCEPT,收敛区,0,1
e0443b4309033d69a8ea7e2fb4fb1e22c5f20ef9c61888dd6c3945a5b4ffd3ff,SIM-HANDOVER-ACCEPT,收敛区,0,1
b10c8e19ba6640e9ef6fcbcb21dc185aac4c8cb9eb6e889d6f721fc6e8726439,SIM-HANDOVER-ACCEPT,收敛区,0,1
bf08fed2377cc8794df274bc38e6177d4f18d07dac237620999599a25ed5ed06,SIM-HANDOVER-ACCEPT,收敛区,0,1
e630ed90a06fe439393b7f783de11b7f4542848339e6c89a224a1bb68a2d8081,SIM-HANDOVER-ACCEPT,收敛区,0,1
90b0a8e29bd994946355cea1f0b3fa9b29c3a2511e1adb7f4ca2e6a4338a9166,SIM-HANDOVER-ACCEPT,收敛区,0,1
d9e188497ff8301cea4629cfcea566e6a284dd65d23df7e383bdb137f5c01cbe,SIM-HANDOVER-ACCEPT,收敛区,0,1
67bda2e72121955856f93693924abd4d30528211e15d6c653bee6ef206ba769f,SIM-HANDOVER-ACCEPT,收敛区,0,1
18f5b58356457dd485bf74aa105415d2c7443585f53dcb72c76c47e0f53e609e,SIM-HANDOVER-ACCEPT,收敛区,0,1
abbcfa907f46feca534f2ee38a6b2f2da0d79896d75e73a3a1ef495b9aba5534,SIM-HANDOVER-ACCEPT,收敛区,0,1
bfd01484f4a49d3f6d399b7267bfe20232f066081ad523ff9b6b7f2cd806763a,SIM-HANDOVER-ACCEPT,收敛区,0,1
a3c53d9c150283b9e6361fa86e2aa1136b31ff6d53411f02e67600cb46b59d0f,SIM-HANDOVER-ACCEPT,收敛区,0,1
db17cd488247725c88f01a6babdcf6f531e5f728b36729a064e7a9d95aca32d7,SIM-HANDOVER-ACCEPT,收敛区,0,1
781d58b286c7827b7c6850965f8b66f125ed5e488f8a2d68e25973cf64fbe441,SIM-HANDOVER-ZC,收敛区,0,0
2cf2a734de4922f9add5a395235b0c236345ce80bde0ce076c6b3fcdc8de6b5a,SIM-HANDOVER-ZC,收敛区,0,0
724301e39e5d4b451460870ecbde6ce7012b5301ba604eee48bc4f321ca11283,SIM-HANDOVER-ZC,收敛区,0,0
d1d1219efe858e8b9bfa4d0be48e6454f1af28702e5425992d00d77458877b9c,SIM-E131,收敛区,1,1
81c0a2c4c88dbf0d40e8c83f622896a6c41180ad02168d3d9671e738e7c99b0b,SIM-E133,收敛区,0,0
0e885c4948377b270c8146f4cbfcb5bb6c0b166caf45ba38c5a71adeb56ebe7a,SIM-E134,收敛区,0,0
f6c906dab0a05f1387a78de2c767ca003675a687e7dfb28fd83bea06d7840362,SIM-HANDOVER-ZC,收敛区,0,0
2fc7156aca6c603b56bf4f0110b1e71ff9a4113a2f331ad3e330dbbc07c9e157,SIM-HANDOVER-ZC,收敛区,0,0
c9da6c4d36f8fb8ba7ff260ac9f094eb43ce549592c76235376af21d104d6903,SIM-HANDOVER-ZC,收敛区,0,0
c412050b0bc8815b006fdf3ec8b476b7dac55bfbc1fc92f37dfa04005f067ffe,SIM-HANDOVER-ZC,开放前线,0,0
ea0276271f6aa87678bd2b63cee1a4000372a01eff0671dfb181c72e0f68bbb8,SIM-HANDOVER-ZC,开放前线,0,0
5310a72545fb36a47d39fbe3bc79747a8f5fe806d1577551b24c8dee3a973cce,SIM-E9,收敛区,0,1
82a8acbba7931e77eeb4936ef250eb31ce65082061584ca16fa42d296070be97,SIM-E10,收敛区,0,1
1cdcdb428a6ad1ea7fde5312746c6a18483b3668784211043b65da0dfb2a593b,SIM-E10,收敛区,0,1
3f0dc1c07f550d8e17cb4ae33db5ec27f1fd6ef78fbcdfb1fcf79e95a0cf19ae,SIM-E11,收敛区,1,1
97a6862585ff4efa9a16d9e72b5ffb96cffc3f7f72ec60c14abadb8bfc1aea8b,SIM-E12,收敛区,1,1
d59a4676e596c339c5940855d2548b5f8202a8cf50b1a60c791347297e2694d1,SIM-E12,收敛区,1,1
e2fdf7f482675797bd94f82063e6e72f20900e436d21a9453446e8bf5d621df4,SIM-E13,收敛区,1,1
ae88abe9d183585d82bb7b555899f0b5d495fcd071887ffe22b35766ff33e2da,SIM-E13,收敛区,1,1
bb26bd8f328202bde0f10d439ceb5b31ab7c9244205f8df18ce1db4012057a48,SIM-E9,收敛区,0,1
b451e9f3daa94a3f3372aa8e6220b605a86f2902e39aa09a9f22f8719743209b,SIM-E9,收敛区,0,1
ae2085c84a855b4c5e6b7408038a87d6874c1c440f28b4c1a03d61bc63cae731,SIM-E1,收敛区,1,1
ba90f931be81f24a9e21662bd2c032b366f2e13eb05b9b897f0f5d021ac8c974,SIM-E7,收敛区,1,6
99f42a91ca5985fcbf2bf0fb046be6b4cc5695d70da1d826e79ffe77f093ce41,SIM-E8,收敛区,0,1
f4421532081a17440fc93a68e54897706e6627c2079c6144076aa4152a0ebafa,SIM-E5,收敛区,0,0
b683e5966694d8f42b555b33c98b8dc99e4df994455b65917461a96ab0cc6223,SIM-E6,收敛区,0,0
7caecefa3c2f8494b4bf94147d2c0027ed84a520202abb5dd8332437eeec17c8,SIM-E10,收敛区,0,1
f80fc366a7791e49dfda501a8b0d0fe9f7c78654115dcde4bf81442f5baa8784,SIM-E13,收敛区,1,1
5cee22f8590c7f3268f215d4cb30702da7d87227116d31232a9a2bd6b7a4358b,SIM-R03,收敛区,0,0
c6667c72c8ba8a4cbad3468adc1719a2e7cc3a885999a1b1df6b7cf5938caf01,SIM-E7,收敛区,1,6
aa3e1b4d45a2a9e4e14be3252d43d65095892ba88f7378dcc3d8174a16d31b62,SIM-E14,收敛区,1,8
b7b209afd6b31b8ff587cd901fd0d44f9093f7d405032c40995283f3262e3201,SIM-E14C,收敛区,0,1
f7310553e186b83168ad70f75697666da2882ecf25be3a658e152e40e0bdf360,SIM-E14C,收敛区,0,1
79542b18deb52e05549726948fe240033e2e9ed29137ef35e9e12a31bf3afde0,SIM-E16,收敛区,1,7
bc4d0175ee28a6a586f68fbac43599177553f16275effb02468a247d98156024,SIM-E16,收敛区,1,7
9f2363f3a86e986b450d59d85f56cb94628be71d0ebd8f4be1fc1e9b8571248f,SIM-E16,开放前线,1,7
dc5cea913e828e51c2b1ff071175b749a47e7d7ddf991a268efbf2890256adcd,SIM-E17,收敛区,0,0
dc48bf929773988c6a1a156c71e830ec95a2d8e67ccf6a1a3a14e139142f86f8,SIM-E17,收敛区,0,0
ed7ff333063f04d8e5ae305b704107e26b12492bbe2718b566879f591c457251,SIM-E18,收敛区,1,1
6d9acc7f4f8205fd0d24ce7874eea3a48da8477c8558f148ef1b4ce15873d5d3,SIM-E18,收敛区,1,1
dbfbc907cbfc991204a3fbb3d04719af0ea3a3fbfa1ad6c81cc3f7d44587b211,SIM-E14C,收敛区,0,1
292e08bc8632d378562b4ef54b16ae5559d622e414b86f23d4346d4a88779dcb,SIM-R04,收敛区,0,0
6245902473ef15c1d0a048f56324dc2cec635a229a2de0fc2f7b89bda2ab2a47,SIM-R05,收敛区,0,0
67a9911ee1575962eea4ebc74a4d856697bba1ea475500961946f872244b87c7,SIM-E14,收敛区,1,8
ce5cc39935bea872f9ac48e2b33799670bbb8e1f97342b29b9e207d4df5f29d2,SIM-E14,收敛区,1,8
2b2d9160dff900417b326dd856d4543daa5be90c4003acb95a1cbf1af443c11d,SIM-E14,收敛区,1,8
e0316edd086419067df1b6c0fad2049d9d19b8381b5946c3ba27dba4df201b6b,SIM-E14,收敛区,1,8
54ba28ef45f3d134b8efabe18056ac5d8cbfa00c222fadab15a8828b25b5c47a,SIM-E16,收敛区,1,7
842d6c245934c6b9c9d99b6ba91e39498dadc6d3291da2d500ed8d0227d0218e,SIM-E19,收敛区,0,0
1aef64cbdf3cfad3b7d56cb131866648de2187335c768d0493cccc2c8bf65858,SIM-E19,收敛区,0,0
8e15a7c93b66518d1bb4a154ee46f4584e8a7c3363bc4f35be7dbe8d9820d263,SIM-E19,收敛区,0,0
4005a7182247db065727b5b37353d7a3049ddb9b1936ac7e9f5fdfd1a6e4e560,SIM-E20,收敛区,0,0
4c0603aabff273f22c70a1a0b6502bec4140d9b730582c83c66c976b83cd1c66,SIM-E20,收敛区,0,0
d610e1155490e16dfafc8bd6c29c41efe4177903eb88f39b43e4078e10b316f5,SIM-E21,收敛区,0,0
7d7490c0b5df6a3a55f160d70ead4a3df9c5c5ee8ec540bde1a7fbb23e6c375b,SIM-E21,开放前线,0,0
77307f07a86091db09342bdab702adf1791008b8f265d0d7dda3c0d71b02949d,SIM-E22,收敛区,0,0
448b79708238bc84558a285199eb43b17c239b68448544416ccaa4ccb2fa1e99,SIM-E22,收敛区,0,0
66d650b887cea757206b8515ed97a7c372e6353e654147503234e9e515a3167e,SIM-E22,收敛区,0,0
7c1ff0d853e37aafe7ec66084dc12eee3ba89565ffc06aa11d19a900b4e802d5,SIM-E23,收敛区,0,1
410963542a97efbc1e981653f1e94e65373a7315484732a89c714ab7e011db26,SIM-E23,收敛区,0,1
fd37d36764ae950a745c6ae2767cf879f2cd837a75eaf3973ef74568a34393db,SIM-E14,开放前线,1,8
f7461d77fa59e0ec4261ad0673497905bc218270bfee2e778ee0db956b1065db,SIM-E14,收敛区,1,8
ffc9fad0f221ce3ff69438d4685871fada4df5adc7b541339b61f99a23318178,SIM-E24,开放前线,0,1
f78136b5932856ab2bde1fd5d6488969a7ae1ca97d4f7e8eb327523ddc712c1e,SIM-R06,收敛区,0,0
4a104f3b1e6aebbaa4d00fd6952ea32bfbabf2344833c6d2f6f19613b2861df6,SIM-E24,收敛区,0,1
faef0a967f96ec3ddcaa1c3106716945ba926d4434b01ff08299351472a25d7a,SIM-E24,收敛区,0,1
f85c6c77103e74e85856395c01a3698676de3f3b5d32a925a8220254dfdad345,SIM-E24,收敛区,0,1
a22fee39513a62ddd5dca8b71898a097b3d2e80e8fd21f83540440d0fcde577f,SIM-E24,收敛区,0,1
21a05d1fd031e90edc94599b2b5674adf705e29292f242b93a17d3f85db395f9,SIM-E24,收敛区,0,1
25eda8ef64fea68085a3fb870f38167e862c3772440739d10247547c5af01d47,SIM-E24,收敛区,0,1
1955cd538ed0ca18dfd1dcbc995ef5e6d064618c245ac0af1e8ebdc9353ef57a,SIM-E25,收敛区,0,0
453e5408eb20f5447be48a5348e909de80a95023ddfd583417232cfb7eea54e4,SIM-E25,收敛区,0,0
45e65a97d09a520c99d10d94a133a16f3bd32d1f4867bce935188408771a6642,SIM-E26,收敛区,1,2
afd478b007836fbd6568cfc769f2abea680cd23affd8e8451ef43fd715a32481,SIM-E26,收敛区,1,2
e78005043f0d7fd15e000008852e08fde94b2279c6b680d88ab1d1d60cb32c20,SIM-E26,收敛区,1,2
00012769c60e479382998c2e72bcf83a9022c8b89f1b1f7f1bee94a64e268689,SIM-E27,收敛区,1,3
abb2b75c789a12108f9391caaff6125d78be8f05307e898296ea52ebae1cb646,SIM-E27,收敛区,1,3
146640945a341540f453de50cd72b518728c9cadd58a8bde03466ca603f70748,SIM-E27,收敛区,1,3
3b30e7cc328d56ba0937cf2cbb89cfd297927dfc8ee9363035b767acd3022bcc,SIM-E28,收敛区,0,1
2dadf943d00b1306afa8e547070378132f821f80f0e5da24b019a007e3ba7b9e,SIM-E28,收敛区,0,1
61b941f2dccb0efb91cc335f8d088534fb01fad55e6499bcc0f072c6f906bbad,SIM-E28,收敛区,0,1
99397cffb6b6b199c731ecb75beede5340c216908ca3f25cb83a4590d307ca26,SIM-R06,收敛区,0,0
597ec98dc85146a6bc5ff0f87f40df09b72dc3411b1bb4117d0462986f90d070,SIM-R06,收敛区,0,0
ce3db3996e04f8be477552e0cf7f0cbbfdde4b9736a2294c55c04c51f1de36fc,SIM-E24,收敛区,0,1
19cf1364ebd6db8db9c7a36f980cee702d334ff2fcd72154fba8090947a8cdb8,SIM-R06,收敛区,0,0
b48b65b2fc69e74dece2a09b008659f734a018fbf705c274c021b9eee97f90a2,SIM-E34,收敛区,0,0
54c33478b57a36cda55d3bfa6463acf151782503bcbbf00003460544a34d9472,SIM-R09,收敛区,0,0
5941310c8428db7e1c0f949bd82905cb989acc4688a7d20d6575c16c02b29ee3,SIM-E29,收敛区,0,0
564adca9769d4c453cf5c93b7371b13ad3bda81271d2b939f4f86bf0466f757a,SIM-E29,收敛区,0,0
3e24080935d724a8915e24b02bb5c24b11b28dcaca260d41e87a37bc5506419b,SIM-E29,收敛区,0,0
53580036543641da73b3ed804898ea07b51ce196bd59fda71d3ab4ed5d995248,SIM-E29,收敛区,0,0
ae765a3020b9004cbadc3067f88a84f380f02b8bf3fc369e39c013b549d8a543,SIM-E29,收敛区,0,0
76987fadb9b3a0435d89b31da343db8b18daafb6ae53192ab4d646a1c37921c1,SIM-E32,收敛区,0,2
f66ac338d43cbdffb66ceaaa60f90c547710366917f82b9a5a1b3643be2730cf,SIM-E32,收敛区,0,2
14a6a142b796271f2ca29bff66ecefb57a6cb286637f7fac0c89dd39258285a8,SIM-E30,收敛区,0,0
496160a0c41fc349cfb43c3539d64995c6d24707af4fce417408407cb8ddebef,SIM-E30,收敛区,0,0
e667733d6a33b9c387434203d6a1915ac1743d3a7f75db4d7e3e3e9b611ec9a6,SIM-E33,收敛区,0,0
b815b255ebd6ecffb9b9fd126212ec78aba41ffcc0ec563a717983e6a08c9724,SIM-E33,收敛区,0,0
179177ffeeee89d6a63aa86d88256291cd0c7b52e660d72bf7a5738105972a52,SIM-E31,收敛区,0,1
c4ed3eec173a5d8a764e9a286a26de2ce2b5040264cd9982eec3995c4653d87c,SIM-E31,开放前线,0,1
a06ab54ea3c494853401fbff1069af4144b9f144ce8d53a5087a9f3585d43c08,SIM-R07,收敛区,0,0
a58cd7bea6852788955e98c149bb58cccf56fef8c526c22b586c1f26843d6af7,SIM-E32,收敛区,0,2
65ac99ddee401d53cc25c72d2024c1e642b1132029ab21c66bbd294d898b036b,SIM-R07,收敛区,0,0
a0183f59fba1b543355cbfc28cdd2566fc23c643565ed6e1120828db04d35e16,SIM-E34,收敛区,0,0
a1081a2999669145a2dc2330a3a4e804448a6ee860c3c38155bbafeb8e151267,SIM-E34,收敛区,0,0
263497cd70786ce10bfd9ba9e901b22cee5bb6a8eddc9c3325f2935bffaa1e6e,SIM-E37,收敛区,0,0
cb14f201c0df9be6a041d97f03e75e5c68a289ca87a433d2f9e294a1e68c81ca,SIM-E37,收敛区,0,0
2404e3ea03f6714a50f11aa5fe962a5c324584177c934fed99c6df1ac577e613,SIM-E37,收敛区,0,0
1d9585411bed8941cbcbb468a34701c6dcb4e8ab915998f7e226e5d974c46f22,SIM-E36,收敛区,0,1
00e43b94bbb57f5dc63e0cbf78f997549054c00141af2814c0881f851f1f51ed,SIM-E36,收敛区,0,1
3f63323cff657b7794b5b7ec6aea7d7179bd34ea356faad31a580316b42dec28,SIM-E36,收敛区,0,1
e50869865eb0190ee0b69fbf067bbd38778312d07b867704976f758c0443dccb,SIM-E36,收敛区,0,1
09e3b630c7a2e4fdfe9444028376a278118686c48121ef8564d07a659cd298db,SIM-E35,收敛区,0,0
d583f9c6ddba21785a4a8878d9f390337882ada42bafb303f7a0bd42764bdde2,SIM-E35,收敛区,0,0
98518fe16ed37218c5b65dcd370e547469e19e821d861013e7be4f331c7caa5e,SIM-R08,收敛区,0,0
7cf2b508bdf62114933fc2f69e28786d52093416e684c0cf1665726eee68060a,SIM-E40,收敛区,0,0
f44b4d765c080c305a86aef2d2eac5377a7059732dbc7c404f4fd775e7745cde,SIM-E40,收敛区,0,0
daa8887ab58e6129e748a600c538df0e65ce3a48af12a1d3f98bab25f3a16ea0,SIM-E41,收敛区,1,2
4cf27c34287fab707c55d3e98937e263a1162bdae106430ce79055d98474f40f,SIM-E41,收敛区,1,2
e60db9e6bb5936bf9f89024557158fa78abca2c3f6fa52f68948822240b32ad1,SIM-E41,收敛区,1,2
d9f535a12823469e53bd97da7958261c1754faf41adb4e961cf3401286f28906,SIM-E41,收敛区,1,2
57503f3b09e71ae29f9f903ff6f4a207e5b4151268d1a263f2c751a5153c99b7,SIM-E38,收敛区,0,1
4c381eb1a30f9db9a067fd10ef00517080faccc56f7edfa54a2b9e1a923a5796,SIM-E38,收敛区,0,1
bee3f8ad75cfb9243a52358fe923a84bf4a31cfe5e32cf14a611a694861ee1ee,SIM-E38,收敛区,0,1
f45f721033f2b01bb482be2553090b443a241a16f56ca1d2ea06140c53ffe232,SIM-E39,收敛区,0,0
8dc47e7224ed607d2a9b543ed9f2d638e8db2d9f2308fd6cc8929c4b8991d962,SIM-R09,收敛区,0,0
a4bcd888e4f7f38d5e41568747ea08ac4ae811774f4a86ae7af2071d7d905554,SIM-E40,收敛区,0,0
9d681d06b05580be8006558b9d793148a3f86eca4a5386dac4f19e97e06dfc8a,SIM-E27,收敛区,1,3
c85f83c62a0be34cb848ef69e94cf6a2728d59def95d646cd427d44b45d76c60,SIM-E42,收敛区,1,2
9b4b0ff48b46bd91c5a74a56d32668c40a0b7a7a7c583e87a3a4437b5f005654,SIM-E42,收敛区,1,2
e22fdebf7dbe8dc193e9bd57af86ccc7cdb9906f46d2244e6f98763e49c5edce,SIM-E42,收敛区,1,2
e767d742c4484333d2295f990a59d4171b4ea7efbe6ac4d0bc7acd3d8d1609c1,SIM-E42,收敛区,1,2
ebf4644e23a3317ebbb17ad8563ac9b47a87261f13378332234b433e92790474,SIM-E42,收敛区,1,2
f6086d140f0cef2e70620535a02c34e1949cfd4ff74022ee026f1662d8fb5646,SIM-E43,收敛区,0,0
61652fbe104b931ee5d802d2cf3002f9b553c264cd46e5608feacef354b37710,SIM-E43,收敛区,0,0
f73315d27d16c4a245ea194c7f2b79e56fa165a77c8aa1ffde369826e936e987,SIM-E44,收敛区,0,0
55257954eaa8e3efe32b592781b51d374b590a20601126cde036f4c1b92fb1d9,SIM-E44,收敛区,0,0
3f9f9ac61f03d812c114b59b81d66a3d84bdafa93024700cad76541f3b955b23,SIM-E45,收敛区,0,0
0394d8c4eb4693683c8c348c1a84108518cb8656872baf7afa36460a7e728f1b,SIM-E45,收敛区,0,0
0b7ee0c642fc989acfe7aff9e30e8c12d6a5a476a89142ebb2488a1bff18e810,SIM-E45,收敛区,0,0
1e0d158796c1f71089f1af5b3698ca9bbefaf7d13f42849a5ca816808b7d9553,SIM-E46,收敛区,0,0
8fde9a0b6d927179cbecd1ba465184cd6ce643f8f237b17691db40b523d24809,SIM-E46,开放前线,0,0
c8deec3f107a43ef8dd4d80bf24c37226c220ea4ba71f2b192feb2ced5157114,SIM-R10,收敛区,0,0
495c0cb56dbdb5e5518e0035da61cf3f3aecd8d0dd61341a157c877b3caf9616,SIM-E47,收敛区,0,0
a0a33a1c44e9f5736c0f8a21e6401630b9f3306c05d651902952021997ea60c7,SIM-E47,收敛区,0,0
5a65fc593ac420fa3eba3868fd0bc8de1af8027ae6ec90a10208ac7e46dd5ca6,SIM-E47,开放前线,0,0
c5dbfd5629d51579d29738693cc5017b73b43cd937b03f120bedfa29d513fc18,SIM-E47,收敛区,0,0
21dd53d5f41c88b199645711dd5e04fdeeb0179866f25a5a01f1d3210f5d5206,SIM-E48,收敛区,0,1
dc6fd786c50eebe8052ca928da15609cd4d0bc3226412acaca5419b2746cf987,SIM-E48,收敛区,0,1
5045d0a0d2d1aa994f689aaa9b6e3bcc5f108353bbc01022afefd1a130b0a715,SIM-E49,收敛区,0,0
0c95bf9a150f8148364c7578990af480c8c29771df6248a1de5013f347e54325,SIM-E49,收敛区,0,0
98658e41aa4937f33b4aef408a1c756a8b1f8769c4c0c088d9f6fca2932454a5,SIM-E50,收敛区,0,0
f5f08bf6e2613a6f0fdce195f0c40067b17c628ffb63b0d1ac89599771fc1ea8,SIM-E50,收敛区,0,0
d4632ce097ca0ede5f57d480ba8dc28200ebe1b69c45cb7dc212fdc0abc38a9c,SIM-E51,收敛区,0,0
72c98c66ccaa31e459514324c16de0384ce2bf4877e0d13b21fe1bb84f50c7c8,SIM-E51,收敛区,0,0
b41a77411c5553e6b4e12c999d9f3c2d393da1e8fce0bebc3e377ab43593f5f9,SIM-R11,收敛区,0,0
ea8f1a967e4c9078a2ff6c14abe373dc4b4f3c5d3970d6d0c14d72681694ce81,SIM-E52,收敛区,0,1
c8aa35af9eb90d35355f3df0ff9ef2618a94bc591f275a412b77522dda0b547b,SIM-E52,收敛区,0,1
d15beb23439a025402aaff7d24c6080c68253034a29884a9bad0e215ed3fa20d,SIM-E52,开放前线,0,1
d55d9c6f36f8a6953135559ae4e9b7ae257f7bcf82764b3d2104289cc1a2f1f9,SIM-E53,收敛区,0,0
66843842e7985bfbc0de4f0b244ac78d4041787d8913f1c1c5945d4c843bd80f,SIM-E53,收敛区,0,0
d2cefca30acf63d2898fdf79300cea345400cd23ee3f6cea9f94a917b7c5195c,SIM-E54,收敛区,0,0
81ae5271f881fe2512ec3cafbb508d4158ed6438dcfd5605d7b6b1dc0912702f,SIM-E54,收敛区,0,0
88fa698c585bb0fe52f46f773009fab83a7e093f190757029fe54b7ce4eb11b0,SIM-E55,收敛区,0,1
b46467e2e5f988cc10d4dd8014ea3a62cba3d3c2cf8a9925b077291cb9287b3e,SIM-E55,收敛区,0,1
3a6c146b368ef9ce5dc3964cb183438c96bf84b825060661cb13afc48facdb26,SIM-E56,收敛区,0,0
0692530a9f1d0ae6f649ac1dc2cf29173845c553d42c15afe27db1d3c7518c51,SIM-E52,开放前线,0,1
b039a3f0ab9c22b3cb4b9daa09ca0991c73fad2b520aa6f4253c8199ca731590,SIM-E57,收敛区,1,5
0c4144f9dd91f8d2d4cc5d7d3dbcbe9b9eca2765e5c4ac0c9478ff240ad0bc47,SIM-E57,收敛区,1,5
4f99d3d9708f1a09feccfc5b051e9c61ac62aa904736ee390a7d6d727c447f8a,SIM-E57,收敛区,1,5
a7106209fbef4788a6355480236b839a443bad6ff71280895dfd07dad9a82ca3,SIM-E58,收敛区,0,0
5a481edce6bf4918973d9ffc3b583c5fb667f45de1cedff2b4ec9467f830e916,SIM-E58,收敛区,0,0
1df279a02333695723b97f8bd99aa6f754c474a014d7d191acf2baea9c59516a,SIM-E59,收敛区,0,1
378736f78fdd63143439b73f091f7a0899ff1beaa38fb8434206196569604eef,SIM-E60,收敛区,0,0
934848fe8bbf74dabe7341baf99e7c05172df87cb2e353f1b724105b9eba2fa2,SIM-E60,收敛区,0,0
f2716fd77f906ccee27b85bd478c5ca16e49482f350cc8ba6d6c31c02d83156c,SIM-E60,收敛区,0,0
a283f987836eb52af2b4e23e0dbe072838bad8b371548b37b24e5b11c7bbc088,SIM-E61,收敛区,0,0
3988c520939f35fc4df1771f7795a5cadd76e6b7ca0f61d6483874800bd58ee5,SIM-E61,收敛区,0,0
35aff24fb19978915b297c9fb4f67d5b4b2d66e286aee198cefedf7cbe0f8070,SIM-R13,收敛区,0,0
dc7f1a9c097e90ff3655f8ab257dd4cc279290b6dca9030502ed87101519b35e,SIM-R13,收敛区,0,0
b883f71c01bfeedf7b03e956929d56ed7acea162e3131d74436dc1e692f7440a,SIM-E63,收敛区,0,0
1ea0eed4e1de8195a3e1e513eb12b59240ae0baa046d8650a3b979a584eb3f6a,SIM-E63,收敛区,0,0
91bde43cf38cc68d9687ecfd29b51e4e18c69cfacaf2c167bac91d82372e732d,SIM-E63,收敛区,0,0
1aedf5a4436085264e9c240554fc4bb15ddfa9af40dd453b533f39fa853f6054,SIM-E63,收敛区,0,0
616ca85d125a373196e33fc6fbebee135504383323b595d9e0cfadc96f8623ff,SIM-E66,收敛区,0,1
daffa6efc2938e00fe95369f945c5df658b3eb1d0f2c4042244d761d2ab3b831,SIM-E66,收敛区,0,1
b10c71ed234545dff1a2d11d60bf180c8953282b41b58949399c5d9036c446e2,SIM-E66,收敛区,0,1
4186e57b8dc7f681ea30f215cc5b0a19bdb9ee7a04890944508f720177aaaa4e,SIM-E64,收敛区,0,3
2bf16bc4e0f874ccce41d385672a07edf9db8f1aa9364a00c4452d11d48cd2ee,SIM-E64,收敛区,0,3
9e8f6e713098dea45aad12a3eafc4edc53fa088cc8eceaebcaf76672fec8b70e,SIM-E64,收敛区,0,3
774f4449b6d65c023da44ae1ddaf46f18b0223b6442d8a18d5fafce071d8c144,SIM-E65,收敛区,0,1
f57a4dd055e611a1411c193ca628d8068b0bcbc78641397ec61185772fb579fe,SIM-E65,收敛区,0,1
569fbc7d980b71a20105fd8e23e6210489326501b46799eb25658559953109d3,SIM-R14,收敛区,0,0
29e0e78afb7628ec544755d30d2b47005be25ace12c2a1de344599506d8a7251,SIM-E34,收敛区,0,0
037ad432ea618fde6f199494fe137f5ddf397a7dcf01f63dc9c24f7b720bc146,SIM-R14,收敛区,0,0
de3749ff437744e097dae934a6acea63378a1ff41ee8b9344702945a9fcbfdea,SIM-R14,收敛区,0,0
abac7ca1c7ead2f920a88722d06b725ab218d480f0f5476e6a08b99458a4c43c,SIM-E65,收敛区,0,1
2af1490ed406d81d8c2cf969311b7abf147c12410d7effe3d24403bf3db1285e,SIM-E76,收敛区,0,0
9e45d3e11c6ebb77861da9618354d64cda04292c0e83149d1ff0edd5de9086cb,SIM-E76,收敛区,0,0
517c7f8a48a570fd349b3ca22dae5a01cda30fdf2fd6387ad94798a19d75888f,SIM-E76,收敛区,0,0
f1957ddaef7bf7fee4df876de9b94a9a4b78ff47456d4680280f16333fd0e155,SIM-E77,收敛区,0,1
dc6f2ad4759bb670deb23783947b2c5e5f24a92b8c23b862cf710296b3ab9ad7,SIM-E77,收敛区,0,1
684d9e00aef8b145c46edbcfd3e6fe4316169fe58e650eddf2cb2f6e854a657b,SIM-E79,收敛区,0,0
4c55a3ba6b498124431d3f65824eb402d364edcaa15ef4ac1677c701495db6c6,SIM-E79,收敛区,0,0
0a217e21a79d33be3eed09cf2a124704b9a8d6da3a35d171141ac592e0b61006,SIM-E78,收敛区,0,1
004b15c6f1dc9666fa70886d4ab1626fcb77e1199a958f35a50538def44938d3,SIM-E78,收敛区,0,1
bf4dfcb68f80981de9a4d897505024ff827c9d7efb05bbf9c78d07431121467e,SIM-E78,收敛区,0,1
4ab051af1a75b692d0065e6176966f820f2266fd053bacf35783dad47a4509e3,SIM-E80,收敛区,1,10
8e6ac7b80aacfdff53a4b73d534306435dcbad1eb0d47f88f7dd6371c8f1cd1b,SIM-E80,收敛区,1,10
e89119e7bcaffa76e0a2f5031eed253337bb6cddec8d0a8cce50cac10a3bf332,SIM-E80,收敛区,1,10
f118a734d0ac3a240544532325f752cdf84248831a8e6225da69d7f90189face,SIM-E80,开放前线,1,10
aa5a971141219b22fe95a581b81105ec44669807b49645bed4ed9e6c2448c453,SIM-E76,收敛区,0,0
bd4a7ce61eb3cc033e66d8a15de9c436339c925e4fe15f9a15dc504837292d57,SIM-E78,收敛区,0,1
a21e913d2b554d08542ee21424a9725c6332f0d02bc1dacfd30bba917e459e5a,SIM-E64,收敛区,0,3
fa6d3c163eb88381d093022d7c26ea31ecacc9bd6aa7b9f3fcd33d3cb504140d,SIM-R17,收敛区,0,0
8368d78887c83edb729784038134252335a8fa7fcbc4abb80ccfabecfebb1e51,SIM-E67,收敛区,0,1
b98e77a348fd919eec66cbf93bf240bd5cf9668e97a79395849916b914828148,SIM-E67,收敛区,0,1
5f21e24096a891b617faf8a2f5725db425ee840de376105b8aa860aca38a45db,SIM-E67,收敛区,0,1
be2cf41f775df9fab366b4c64b8d530b7c60fca21a5372a769dc2f7e6dfa30fd,SIM-E65,收敛区,0,1
5aafec7efa54b5c7c9d1e26933f0c9bbb530b440597fcc28ae03a2822c869106,SIM-E67,收敛区,0,1
a85a7930a552009c1be16f16c3533a27355ea1e0da6c5127e970f8cef681be8c,SIM-E67,收敛区,0,1
588e3be44a258fdaaae4f73565f9b5b9f510ce3a6e253fa10ab00b68decadfb5,SIM-E68,收敛区,0,1
5563a9cb56c54ab7a2aa86d60edcd3205c0682abbbcabdd26f6683f174baadb5,SIM-E68,收敛区,0,1
58c69cc9aea6f37dd4a9d0418b5128eba5cc5fdbbc7e6d38c99c87c741ce1ba2,SIM-E69,收敛区,1,1
e516aac380683ce0a23871f59742c31080ad21345836cddbcc9b635987269ad5,SIM-E69,收敛区,1,1
d78a3de0b2021b169ca7016cd7334b6e7daf4511ae007c893bb7ce04434935ab,SIM-E69,收敛区,1,1
65a69c750139d0d2a4800a5c5cf47c2d1607ad426086d71d3dd4fe052edf5110,SIM-E70,收敛区,0,0
e5848a580707524400a2a7a868cc748eb37eedd25e4f2be08c7bbae9bbb7d5c6,SIM-E70,收敛区,0,0
5257d5191e76cc77987bf2be9f03f8daf2e11594ac66e107b9e06ff81bb9376d,SIM-E70,收敛区,0,0
272133fa41e049bf660a0e05c784483884b2a5dae6021769f0cf8d679f79f9c4,SIM-R15,收敛区,0,0
dcb92e99f71c76635a99faa9e6956eb39c43ed7f168ec426457dd46677c8077c,SIM-E71,收敛区,0,0
62cfdd79a14613fef187731fae6f030e056b3432d3fb4a44ad48901d9767282c,SIM-E71,收敛区,0,0
9e8fab2a1f6150748e5bcca5e9edd806cdaaad4bc2edd8b37438db8984c4fef6,SIM-E71,收敛区,0,0
ee0b7b48bbec51c07a15c06c6222be4d85ba972c17f7655c4be888fe11f68819,SIM-E71,收敛区,0,0
4df9f6eaf731ef0f781ba7eaad0279b839e821ca1f1d964a6b07820a3cfa4d3b,SIM-E71,收敛区,0,0
545af5ac8c9aaee7369586b338758f9293108ae85f061dc451943b3fde72f02a,SIM-E72,收敛区,0,0
1efd6b7d002ef92d5c64cdb70300031bbae2b09f5f8809fb43259cee62425198,SIM-E72,收敛区,0,0
4463d019d0991f3851e9364400ccd9cf5e80564fb88488592c284edb5eedcd60,SIM-E73,收敛区,0,0
296b27631792e3340e9512855796c93268c27c9b588de649a2933ec83dbb3224,SIM-E74,收敛区,0,0
d45f5768d35ee750de09180cd0bc35b23d6f1d681df8f0857a946933dbbd0afb,SIM-E74,收敛区,0,0
34e7d2bfc0d5ade134833a1806ad097ac6bc19010357e7420099cdd6038e653b,SIM-E75,收敛区,0,0
5c4afdaa6f60ce49ccc5cdc2ef232d986524cb9d58873367c664a2d149f40334,SIM-E75,收敛区,0,0
fec9b52423aa088ef40a980ff4220b9320e81951c5e52545d7451fb7b0ee0c8a,SIM-E75,收敛区,0,0
5c1163088cd15c058e9bd1fdda4593da069e9121a30eaa8741a3fbc3d93b17d9,SIM-R16,收敛区,0,0
26553263212a2673a9b3b8675428b044a1e263885c3a5fb891b5d3e767707eed,SIM-R16,收敛区,0,0
b1a88b59b7385aaf4fc4819575bd3bdf961891553ca063d43dc409f04fa26deb,SIM-WO-V38,收敛区,0,1
a20a6bf1aff4034524291ac88ffb27a2e3db1a45d610a392d7e9bdaa8a74ce17,SIM-WO-V38,收敛区,0,1
e61909bcd6e0d7a3d20337337eb2a3019669c179fb7661ed83f1098a38bd8983,SIM-WO-V38,收敛区,0,1
ec0e7b99e7296e712b206cdc4b0c696414c196ef3bcccb8fcc81129b0e08575e,SIM-WO-V38,收敛区,0,1
168490b00b2c2ec978ac6223e309b169464a7507a5c4db27288f015f481f08b3,SIM-WO-V38,收敛区,0,1
fdd9edea3d95adf4b80ca918cabe06f09be96fc6e67854af35f9f3fabd7d9649,SIM-WO-V38,收敛区,0,1
3c35ca64768d9a15d6fd063fa60fd2e8d099b260833670917116bd83b7bfa628,SIM-WO-V38,收敛区,0,1
8449db2e46fb8183c7eb9a88480405e877720677be0e803db09b7ca47f209bc1,SIM-WO-V38,收敛区,0,1
269d6345878b0b055a8a49af8785ad5605b9bb102bb7bd168cf868caff2054fd,SIM-WO-V38,收敛区,0,1
f544fd259e52089babf23c817c1c89b7621d49dc2c5ff8c90b781ec162dc89ac,SIM-WO-V38,收敛区,0,1
ce08a14120621fa8c61e2db7f7d0acf7dde629b60e9ee75cfae51f774bce5969,SIM-WO-V38,收敛区,0,1
1304c83f7102b8f16786036a6fac3d445624b0e8ae808b290b6e331d002b5c9f,SIM-WO-V38,收敛区,0,1
92fb94aaa716567c25b35fb16b7494a1299edd1ae3413a53a16fcab4bf66abe3,SIM-WO-V38,收敛区,0,1
ac5cdab7856d2a3546e283d883ba677242058f3fea6fb87206e6c4288065ffa5,SIM-WO-V38,收敛区,0,1
fe750639ceafe13e5675ad7e8c4dd72081498445fc5f051c16bf9d6bc45a0b17,SIM-WO-V38,收敛区,0,1
eaa743a121d95bd6ea97e4e62f32c423bdf4c1af704193a4ae7e907c4a425fa3,SIM-WO-V38,收敛区,0,1
4e84b7b3d8d1aa954c75bb3644463ed0850f6636c7afc087a757ac3611189046,SIM-WO-V38,收敛区,0,1
aac35db4f35bffb4cc6def68120efaac6152f1d34e1a7c8ff846382b98db563a,SIM-WO-V38,收敛区,0,1
1dc5cee0cab820759c132310302f84b32c2935afe7e426dd0ec9d01376f5635b,SIM-WO-V38,收敛区,0,1
5c104193ab365e6cf9ebd2e5c7ae17e40808a7bd3b9739a516864f2ad5057151,SIM-WO-V38,收敛区,0,1
1aad88dbf13402047b2b04de2083ff35df1322275f64a0885ff1b3fba706e3d6,SIM-WO-V38,收敛区,0,1
bd1e814c8df62c357d4521f184ae8dda9953a0761d4bd874a433ef002260406e,SIM-WO-V38,收敛区,0,1
51510b0fa87383511142bf4a025bdea7cea724381c5c80f4d368ecd4d230ec2c,SIM-WO-V38,收敛区,0,1
6d1e2a7683340b03caa5ee3de98f559bd7c0351e215029fa5b7eb9663dfdc2f8,SIM-WO-V39,收敛区,0,1
897e64a8b8606bcb945954eb8dd29786ff88d29588fdf591081ca2e9a3088827,SIM-WO-V39,收敛区,0,1
8aad410b4225d8b56885e911b44eef2fe7338cf86cd7efbdd5ff32a425d4eed8,SIM-WO-V39,收敛区,0,1
ed8adecaa49c6de07d968c3e19c71620210020996c0e1dd7c51f7731a7ea0042,SIM-WO-V39,收敛区,0,1
025dd4d699277a1af9fd28145dc8d0d15600456559f60d7dbf7f0f757c5651ba,SIM-WO-V39,收敛区,0,1
fb6484a78fdf275519e77ef6e9882a22e626289c0eef96eaee00b69645d86e50,SIM-WO-V39,收敛区,0,1
71bfcb541603803c6d9967bcd8a6491b21cf6449a668f22fb114d7203e255e72,SIM-WO-V39,收敛区,0,1
26c8d50704539abbb91be2a3b8cea041df617600bd8a56a35cda7bb5d0554586,SIM-WO-V39,收敛区,0,1
638311fb2afcf791b523b7921f1849925766c5f65bbb2094a0500c911628bee3,SIM-WO-V39,收敛区,0,1
b1fda1c28b5f6b1609c1f2c4e306a509c47251ccf252e7b92c213f73e97c0fe9,SIM-WO-V39,收敛区,0,1
90d67e7c65ae786d45d67b19ac32b77ccf92fedf3c66fe48752505a276b63f59,SIM-WO-V39,收敛区,0,1
8c24ee38f89b831da09c4de73aac0d284511126c894124f1c1d176eab7a047f2,SIM-WO-V39,收敛区,0,1
365431b159c7aad4759b854ccc61ee072a7674d4b434b6c236c31bce6d8f4ee0,SIM-WO-V39,收敛区,0,1
27eea2b78135f839a98862a54de3874f937869abe08c3229fe74b7cb5777abe9,SIM-WO-V39,收敛区,0,1
b5bfd002fdfe63e8e4797eec79b96e74d28fd732044934378b67003e96cf353d,SIM-V4ARCH,收敛区,0,0
e5b88894d48bed8c3b1bcff24bca6d209cb31d924a2e6aeada024be3475627b1,SIM-V4ARCH,收敛区,0,0
f12567282a3bb9d7a2284c6088742b2fd86abfb54eb555fd76fecf5c7a0d3ed6,SIM-V4ARCH,收敛区,0,0
cc41080271c1d6bf069e8db57747536f63217f5270ea051d15b44464a3619724,SIM-V4ARCH,收敛区,0,0
1375568583c31afe210fed45c762f525ee77e6f26d8003a705ecce2afce683b3,SIM-V4ARCH,收敛区,0,0
f75dfd8b32f624395435048c44ff95dceb7ea0af115ca365448b7edd7389cc2f,SIM-V4ARCH,收敛区,0,0
9beeebec1a17436060c5bf500a79121de41df90c897e0f3e5d02c545c2738a75,SIM-V4ARCH,收敛区,0,0
390c3c4bfd8dd6f542783c4526eb223469164d35de42b03acfb00089ee19ed6b,SIM-V4ARCH,收敛区,0,0
14ee9747d1e66a152e9d9fb3e4800eb3e951f94b164d3db77855270add1da951,SIM-V4ARCH,收敛区,0,0
8ccedf048b7eb7eecba22c0ab2e0e05cef588877322467761b7773c44e0ce45a,SIM-V4ARCH,收敛区,0,0
05848f259cbe845b3b4ad05cce72c7c2678a3bd950e536445dceb4443862c996,SIM-V4ARCH,收敛区,0,0
3eef75323f4d73aaed9552b0cbe04e9f1eedb376d5f6492556ead64b836d29b3,SIM-V4ARCH,收敛区,0,0
b96ea9be45afe90480da80034497d1772bda26b0dd0d6d8995c6611862375843,SIM-V4ARCH,收敛区,0,0
0e2598275ca5169f4c7d085b8789bcfb5fd1b5bd1f702304ae05bc51685ada98,SIM-V4EXPLORE,收敛区,0,0
b91e52795e3a524cc5db3e2ba80f3aa6eb7ca1ccde359f0c939fe98c41ae5984,SIM-V4EXPLORE,收敛区,0,0
7b8b028584da7e05b64945b050b8bd581a957a1aff7dab2d82b864269e46f7b4,SIM-V4EXPLORE,收敛区,0,0
754792f1232e2c66f4b5051a63d9ef5dca3ee47d90982c8279e2ffe399faa347,SIM-V4EXPLORE,收敛区,0,0
3519741d1799a3a94a723fa5ed3d4bbc65415abf3ba27f362200180cb3ab3b2f,SIM-V4EXPLORE,收敛区,0,0
3a37228db328f8428c5c320177b32fdce7f8fbfdb6efa8ad930f5e65b225e0fb,SIM-V4EXPLORE,收敛区,0,0
7f5d053e02c1a51429c00989f237aed5c2bfa3c0fe6ef3bc2972db1a18335d57,SIM-V4EXPLORE,收敛区,0,0
f7b6e9a896ccf812f4dc65351cd116cbd0dff271a1987c9f1be265f033073147,SIM-V4EXPLORE,收敛区,0,0
bcd2d27e22a2f44f09c8d3c97d9b26c34aa49ecd957bccdc60e175c8e3c34dfe,SIM-V4EXPLORE,收敛区,0,0
58177e35ff69dfeb04303f51c1b5ba108a4ac1444026730eb977627f02235ac2,SIM-V4EXPLORE,收敛区,0,0
acdf2ae371be81be400dcd4f5632309e669a0da6807507564ffeb85007f2c58c,SIM-V4EXPLORE,收敛区,0,0
0140c1a7e06b1138c09a97b2c14b8d3f883bdd875005c3ce96ab52d19760f546,SIM-V4EXPLORE,开放前线,0,0
6326768396f2c909af1f26a8700f42480ce870b97c410797c2b89d4713f70559,SIM-V4EXPLORE,收敛区,0,0
563ca4ef8be20e7b06990bfc98fe0bef349173ab91a5b5dea1b6817b8bbbd470,SIM-V4EXPLORE,收敛区,0,0
d23d91990bad3830719c61daf689b90bc5353289a1af5c3c0ba3a111414b81a2,SIM-V4EXPLORE,收敛区,0,0
8b0a75bf4e398bdf2b20e10be2f32ce9fa1d510de8965899d38d01b1412d93b3,SIM-V4EXPLORE,收敛区,0,0
460efda2e3f22536340bd95e28eaa6363d52b344bc63c14cfea370a9990f76a8,SIM-V4EXPLORE,收敛区,0,0
48fe6aa09b498ba43d3077aea0c93cf62ef9c1ce0bf4684e6a8f505c9e597c8e,SIM-V4EXPLORE,收敛区,0,0
28cc04186aa1791d66036980234a3f0545f42f6f39d9615fe84887ab17a94bcd,SIM-V4EXPLORE,收敛区,0,0
119be78fe9f2c893c461b11f24db49a399d8aceb5e21f151bc221423ca7445be,SIM-V4EXPLORE,收敛区,0,0
14f25b24f6792e2dbe1226af8b7fa63d37ecb389aabfd034f43b3f239a81ae50,SIM-SUM,收敛区,0,1
525de9d1ddeda5cdd0a62dec27f3c037cb5cdaf704b5247a7ab6f773dffcbb01,SIM-SUM,收敛区,0,1
64b053a50e79258b3e3b9baa124c969427eb8b9e16e0ca777a164b86ed23bcd9,SIM-SUM,收敛区,0,1
58cbd7b96a98af6e97260bff59769b7e32b27492c9ea85977cd68b6f13863f5d,SIM-SUM,收敛区,0,1
8bb1106157fd509955ebe99b0d9aecfd2c5e3324a620e1e4e7ec97de5d0fbee6,SIM-SUM,收敛区,0,1
c07b149d43d68f814ea57c43f46cf1f00174b84aaee6566112b605b10871a0fe,SIM-SUM,收敛区,0,1
1d46a54e6d3a9bb621c590a90f939f19652a65df1f986069f6b1fb7509caeabd,SIM-SUM,收敛区,0,1
28fbd3ce9f343e4ff6f5af028092d46d947e4b59560429839605a56545f880db,SIM-SUM,收敛区,0,1
0608fdcbf2f23683ea8b08a1fbbf07dcc53715fddfc5426cd8713cc67854b978,SIM-SUM,收敛区,0,1
6f7fe19a2020300e0e28cfd22415ce6e46bd332492c8bf59cb5400995e39a16c,SIM-SUM,收敛区,0,1
a2612ec0fd8ae5931eb298372a12fc2a583bfb1a6b2f57fee01c7e9d2a100ff5,SIM-SUM,收敛区,0,1
27e48c3c4745333d4ba65b30ff6c1fb26a7e317b6e743e4a1fdd2a23607ce6d6,SIM-SUM,收敛区,0,1
53843e3d0894f353c6415c46a1977b6c6af204f5eb5ef2035a8ac35d6cdb9ef0,SIM-SUM,收敛区,0,1
d7a85d54f03cdcae59056a71e496ddd349912555836ea6b32d62380ccb96bfe2,SIM-SUM,收敛区,0,1
52a5ad992b783366e1a68ce1f7c0763667f32724e2dfe73f89e8709b45e68401,SIM-SUM,收敛区,0,1
a3cb6c4b4d7427b74630b72e75a40d7cd3ca9264afb7f90a8218ac16cf6cad38,SIM-E1,收敛区,1,1
c4bb1df3c666e4829d3c53f1d2cadaa52366757b96f2df6e098eb1c2ea2b688e,SIM-E1,收敛区,1,1
ba8e2d5084569fc4135c53c437e1ff6715092eecede53c896174e2c05a854b5f,SIM-E1,收敛区,1,1
3317c3f3ce6c0f38c5f958c637381f3219539ed9f8954164ba0bdb83d2b2cbc4,SIM-E2,收敛区,1,1
87bf74be1fc6abb9d4ebbee0a44ff7bd4c1c81573c809743eb241dfcb580d08e,SIM-E2,收敛区,1,1
bf02a941f9151955adb4b2d7222c5f02ed914cfb7bc7b073d238de10a1aeaf67,SIM-E3,收敛区,0,2
d7d53186b60f182a8ba60ad8951fdb4b8ed90223f34ab0eb8c4b170850588a82,SIM-E7,收敛区,1,6
ff18c67299e3dde584cee92309b72ed2a0f435801a518b84488894ab910c7ffb,SIM-E7,收敛区,1,6
2e9275809df8e0d828853fd1a0abe5e385a400b378697d7f4bcfef9afbf85794,SIM-E8,收敛区,0,1
ae9b99e60d9e629c870a5bddc422c83d26d2fb2c46c87b467e9fbbfc2cc0e75f,SIM-E5,收敛区,0,0
613996e2c0e2954ccbcbf25bd5ae6e6284cea908322e00710c07f067ea8e6586,SIM-E5,收敛区,0,0
e1266e0fd79537bb6e21f3699f40d38d236c2382f81751008fa1f8f8cde263bc,SIM-E9,收敛区,0,1
d6fe7bf8c5c03686476e042c20a34653cfba46513828ea826ce6a150bf1de26b,SIM-E10,收敛区,0,1
eea264b10e0def83d45c0ec7190b60d83dca90055e81a94789743488b79e000c,SIM-E11,收敛区,1,1
b23c0c5c020caba20fa78e784b9498a63796d2679265ea5d6ef43ce83cbc74c5,SIM-E13,收敛区,1,1
d1bf160758823cc962809d850164d5e00a1c906feef596fc4d48133661729f32,SIM-E14,收敛区,1,8
d6668bb5e0dc6c6fc1f07312ee99bd6206232e9bc1da839971f2bd296aa8474a,SIM-E14,收敛区,1,8
af4feac75c024a0d712d1fe589d4b81fa9de9fc168d50a1bfb56bea9214106d9,SIM-E14C,收敛区,0,1
99b6b688088a0cc3db3af53406359aa1d26f3d14b14ce17fea81229a1cdf8b8d,SIM-E16,收敛区,1,7
2f8da4396f5bfbe62dc4d7ab76ed72ecafdf5c887bd662da0e26869adc718c64,SIM-E17,收敛区,0,0
20c1a3e6b48a6440446f02f53db6d11acc6ab1590901bff3fba1f79edc356a9d,SIM-E17,收敛区,0,0
09e0f8702d4fdf2aec4d62d71e4edaf62e63544040f5aa99f15e35122a9e28dc,SIM-E18,收敛区,1,1
1d30efd0d7957c2db26ea02ea3e7a167f9775d7311a1715fb5917c171c195bce,SIM-E14,收敛区,1,8
72152191ea8ebba7a292490eddd40725d8245e43d05ac29d35eaa3511237e799,SIM-SUM,收敛区,0,1
b6a4590f7732e0c6d6a28aa0f3cc448319c93931313ea241da48e8669f4a34e0,SIM-E7,收敛区,1,6
3ba43bea66a47087d87a1e3766c1ccbe1693f80234a52eccf48b79bfaa1558fa,SIM-E13,收敛区,1,1
962802e5c3d2d533100e685bfc91b5c9db8ab781ff9476692d8e87e2fc251ced,SIM-E1,收敛区,1,1
edccc2ccc72ff330750618dcaa8aaf8da1044d878bd68b3d779dd89f2c5e220b,SIM-E14,收敛区,1,8
65b508b689afedd6786dd10be82caf8ae8ce9b5aff89a95b9ea65c6f32627f8c,SIM-SUM,收敛区,0,1
1c6d9e5ed0074f6099288d5a37e708e795fc4ffa47afbba1d748997eb2d667e9,SIM-SUM14,收敛区,1,3
6b80416bc0e182a45af82e524bed43bf6161c3ef048ba4468e5d39bba63deb52,SIM-E14,收敛区,1,8
9142b66257972cdb8ff178f2324de26e57084bcd63e4a7f4b9940f6c69ff2fa7,SIM-SUM14,收敛区,1,3
47b14528ddab7efb72a89c7dd80e3566e1acae796e7e70dec6863268188b37e9,SIM-E64,收敛区,0,3
254e520729d135db39d42f7e0ff0cedd28e336072c832c5469233c962c4cf059,SIM-E40,收敛区,0,0
07c9056f177bbb518c89232da66ed933c6c67a28ba073edc410e87d084e17679,SIM-E24,收敛区,0,1
b900b418297435571f96d88ea51da61ac36ad0bfb8c1b38aade174acfa323a29,SIM-E29,收敛区,0,0
9c958fd124b6a9ebf64cf7da750eab01696d78bc6fb84ed61a39a2849cb7be5f,SIM-E32,收敛区,0,2
24c9c2db24d972f75bef468fe2b0d0113b481e83da64124ea040e7a92552800e,SIM-E34,收敛区,0,0
69d90445a36b662395b8ef3d4bf122caffaa0a27dd76af005001a2970a2f96b2,SIM-E40,收敛区,0,0
3581dd3938883e03a7c50e489ea1d72a1364dea2d2f7bf77d1ae623bb1e5f253,SIM-E42,收敛区,1,2
1a553fa27bf939b075bcdf2383bdd753e111c4157a429ce8e705cfb968a33b00,SIM-E44,收敛区,0,0
d785509dcc2471854df8ff17f348e5ddaee47c06b4f6fbaeb59acadab43484d5,SIM-E49,收敛区,0,0
4c744cfd43c519a57c83f5275b9cfc42972b89562043ca6ca806a3080d2ded50,SIM-E52,收敛区,0,1
728d727788f25a811e885acef8dc4bfa9279db6ac1f52ab5fd18c911d73000ef,SIM-E57,收敛区,1,5
b80ec003ccc4c0e3bae73361cc355a23bf76f4b7b41ef24b3c51dc5e5e75f6c8,SIM-E63,收敛区,0,0
ff2516211e4e2daed3cfebb219049e691428049d40124c9737d8c8dcf8c0abe2,SIM-E64,收敛区,0,3
3024cc3e53811245605eb7fb32a3c2e54451eed6eef020aaee093f88c613ae20,SIM-E66,收敛区,0,1
5240420b27a092a0c1c71d65ce2e46b1ac1ec360bd65cd26eff792cd90561830,SIM-E24,收敛区,0,1
1d9356746c02ca8b093798299bb96e5c1a7e67ea107bca3f7b73413746aaaa3f,SIM-SUM14,收敛区,1,3
6dc3317074b985eb9329a56263f8cc1cb5a4a2693f4cacfa6151227d72fbecb3,SIM-E24,收敛区,0,1
2ec7dee34b14650c109a3ac1c9e8d161e1000b25ab02a6db0f1d224137ff65d8,SIM-E24,收敛区,0,1
e99cac6314cdcd958879c8a4040aab1f43199532fc912de7eab8e2f72d2298bf,SIM-E40,收敛区,0,0
930b3e523521ffac449bc8cbf19c7bb5c8930e9395d3795d4c1aec000eec8fb1,SIM-E29,收敛区,0,0
56895ba6a8d6135cbffffd4d8be0b58681e456e0659e9eeae03bb11e5f053013,SIM-E34,收敛区,0,0
fa0577771a4fdbb1d4f764669800aeb64d7ffa5ef1447fb83ba8748c24123c2a,SIM-E63,收敛区,0,0
6c3296e8a63a6840bf60e79d4c761ff82910af21fed44fce8024bf7e1f8a9b5d,SIM-E66,收敛区,0,1
51cb124375c052f806ca43283260569b16d8d66f3ba091a81aa8c08381177211,SIM-E66,收敛区,0,1
f1c3e042383278fa1d3cd615c4a52568911c3952657dfcbe51c2bbd2a1b23515,SIM-E64,收敛区,0,3
2a00c773202a01d41189394ed69283c3046d0198c81130293ee06d60eee51980,SIM-SUM14,收敛区,1,3
ce2277c305431a99c9e80f24eff6c7504970a6e7974f4e7fd3c7d08a98833eda,SIM-SUM23,收敛区,0,2
4a68e0c2e286133d0c7d2c58fc7e47810996c948f586b1f728562e7741d4f9c9,SIM-E69,收敛区,1,1
2c9791acfb6be44dfe829fe2ba4a608e780495f5d68b8a147fbb88dbb8069ecc,SIM-E71,收敛区,0,0
ae97edd7d281dfd1ac18f73fd6662c9a8f7a471c698c362cc31007a3f6f2882c,SIM-E76,收敛区,0,0
3c9677d5673c133285e249fc5b0b85e0aa58d6adb11e01f5a36bd413e1ef0185,SIM-E77,收敛区,0,1
ecd4615b912f136db9d74f9ef57bda51ab890fb9b350b1237f0a3a0a629ddbf1,SIM-E78,收敛区,0,1
e9b9e009bfa761613d60e3e3ba2960bad088643265e67c5eeabdb6e8d7a821c0,SIM-E80,收敛区,1,10
4d36cf02a35bbcce78d2ed9125d5816a0bcb05ff8b16a05b710c744dd42afcc8,SIM-E81,收敛区,1,7
4c4442ef07fdd02fbf86c46d0454ab574faeb493d195ff80c20f4b3efd3d0767,SIM-E81C,收敛区,0,0
35df024ceb53e5f28f2a573d43b9b05c9bff2c788340b8ec18c0a41ea96a6d73,SIM-E84,收敛区,0,0
a8bc35a5eec3b49829bcc476616668c8e13f8ab4f100a910348f36ef18230936,SIM-E85,收敛区,0,0
de899f7e5a0adc96968f36bd6a6a3737399c0b21d582ee116c616a5b87b9c819,SIM-E88,收敛区,0,1
1682d782e67643dc454d3e698c6be24f710d69dc64c802c1f5a29f9687c1ab21,SIM-E87,收敛区,2,1
85fc64f3d1f5f3dd64e9413247141e5e6e1b5bae375bc40e767ca2842603fa8f,SIM-E89,收敛区,0,0
0a24934ca1cee5a623ba4d4642e9120e165a50b38a8307ce0031c09c26d79cfc,SIM-E92,收敛区,0,0
278715f466f1accdf74df26c3eacc82abcd44c935969ae0a619f29ee64ce373d,SIM-E93,收敛区,0,1
9e5c1f03e3d2381cc0d0329433bd15d24d424f97022bdb436d3f9db666b3f935,SIM-E94,收敛区,0,0
a478a1d34ecebfd4c7e6fce69781591e93c4b4ed5248d4bbce6dc2f36a547a2c,SIM-E96,收敛区,0,0
ec276fc1298d6d962ba561d06810bcb7ee4b08b71bebb592edcecc309eb79ffc,SIM-E97B,收敛区,0,0
68808419d4c7e3b2b7a7bec9ca79488e0ebf69ae27edd3f9efdd40f1405f7815,SIM-E99B,收敛区,0,0
572650ce50ea3a22f6a0a9f345e849726978fc8a2477b1519c6d300287380bb3,SIM-E100,收敛区,0,0
94951e26899700a55f9cf77dc0d196798739ac0e43ae685a52059f4727a68907,SIM-E104,收敛区,0,0
0b380820dc7bc44d504a2a7ed38307b85d4552153608a469a92df0f524f6b81f,SIM-E110,收敛区,0,0
60b12b28b4717b96acbcdc125f74dffca40c62654010a46504136ac05f7ae6fd,SIM-E108,收敛区,0,1
df3b846b0faed13f7ae9e687b9ac9c745ae98f883dc72d490b08c391988100f2,SIM-E84,收敛区,0,0
c99009e5b53b864324e203784fc57180831116e1246c2e6672e0ea14384e2f60,SIM-E92,收敛区,0,0
e2b9ae710df29eb42e67165fbded30ae3998b09a71a569a8c794bb81211a0c7a,SIM-E85,收敛区,0,0
034a311456d130dca1de6d01b3d6200f76af7a9ffb52047e80a5f0ab8ef27574,SIM-E93,收敛区,0,1
e8029d6e61ce14e08bae1e03d182337c969967f589a2f60f2ccd1ba602af93ad,SIM-SUM23,收敛区,0,2
d374746ac82915f465e15b5f2c16858b658a899d69878ba4ec585e2ce62af4d7,SIM-SUM23,收敛区,0,2
c8cc151f5febc9a4f0547e8b585b607898e27acbf39c5963d699cf16dc5d0506,SIM-E104,收敛区,0,0
4ddfdc5ab43eb8b8adc6448787303838bca76619b37b34c56fd197cbe02f9715,SIM-E104,收敛区,0,0
3463485674ab03cfe2ba5aec19d5847f092afd20099c1880b466156dfec7328e,SIM-E110,收敛区,0,0
58a50bd84f8d78a58e6c968c63382976d480c6a9be32bea651875455345eabdb,SIM-E110,收敛区,0,0
e70edb97bcb2ff799c0df829d4896c352a152ff6ef998cdf9522899fb21016d6,SIM-E110,收敛区,0,0
253566dfd96920b0c78283d83c6d5479408a4979d640a0e57fa2860eac7bf713,SIM-SUM23,收敛区,0,2
fa7688ead5b915c3f334d7a1e31ad076903a0449ea93f2d3721fb2cea949bf81,SIM-E108,收敛区,0,1
01ac5f2a12309f671f7be3440ab62e11894ccd34709be568bdb29543c2874305,SIM-E108,收敛区,0,1
226a7bd954ab1541ba58f970f5da5d696147342d532d88f0c1c87c5cbc4e791a,SIM-SUM23,收敛区,0,2
e9406c95794adc14b77f5aa94ecf7b44947ba8e63ba5c1960d27432e231e6126,SIM-SUM23,收敛区,0,2
7c352f02e883f962dff7f464e25aa885b62e7a4bbc1cbe4eb94187e6d1799ffe,SIM-SUM25,收敛区,0,1
e5eb3e1861415a3eda7d8816b6ec9b90fff9184b82c8b17d4d174d0372c4b053,SIM-E111,收敛区,0,0
5be170384be7ac7f935efea652bce51894f9abbae84ab6f4e29993c67692d6a6,SIM-E112,收敛区,2,2
a01eaa738932e00bac0d477f61cbaf57b5f9ed87b3a6af7a61479201e3cb19a3,SIM-E113,收敛区,0,0
a66f9ef14a954d09e9c0218f05f6bde6b0768b2ef2655f54183ea04b7a0c1384,SIM-E114,收敛区,0,0
f64b0a9ce83c4437f15eabe7460bb1150aa16dc6ac8bb100a656fde87591c999,SIM-E115,收敛区,0,1
306943b01d6eacd152d3349eac9a6a1652007a52698d1fa658ec2822ae65710b,SIM-E116,收敛区,0,0
010cdf55d7e7ebcea6d8e85656ddf7752b29168faa5fed044cca8ba50b8af15c,SIM-E119,收敛区,0,0
0ecef885fbab8786c701b5154e1fe98a4a72e83e1a153607465cd269d82fc912,SIM-E119,收敛区,0,0
d88131450fc3907ee93b7631aaf2a5f37e423590cc863200dfc3a93ee6f5ff83,SIM-E120,收敛区,0,0
34fa9df5c6ac521f936a42fc8977adcf3a8079299a244e5cc6127f5ab806bef5,SIM-E111,收敛区,0,0
8a886defd2bf5c8f4fd4dbb7388dafaa2bcf5faa0df94a8ddc8bf09b2f04310e,SIM-E115,收敛区,0,1
0c8394f70ecc607bb7dc072b18c738721372e3d29ddc2e84ba46cf723951b79d,SIM-E111,收敛区,0,0
73a296767bdf47d62e836627ee46f4c8a1375ddd08f41989deadde5bca3fa199,SIM-E112,收敛区,2,2
86615ddb2ca27f6c9ab0a55f0f9eba27d99e7dfb8da80d6c0a4dc34d5ba64fbc,SIM-E112,收敛区,2,2
929c565224d984765bbb7bca39e52e5d3a40950f211e7704376605c9e73363ae,SIM-E115,收敛区,0,1
0e400e0a798dc9615c58d904dbddcf8b86e86a9719a3cab110fc02870dd4af33,SIM-E115,收敛区,0,1
6665720720e7645b42147eec27a8604c6ac2179af279b4845abf7780dea563f5,SIM-E113,收敛区,0,0
d0778d1930059dacae3ff0191b3dc3f2d590810b845e2d2daf56ef991d634b0b,SIM-SUM25,收敛区,0,1
706d33cf6dbc219ad64ee8bc4459a98c12ce2601f5bacb700dd81aae5f164c97,SIM-SUM25,收敛区,0,1
e0776bb3888f164503ed2612af3b80118139a8f972289accadd301f1cc9ace2a,SIM-E119,收敛区,0,0
c11fa7729b1c2b0989cd59dbbaddd8d830f1e968a14ddc899f21ce81c1db53b6,SIM-E119,收敛区,0,0
4dcb033da97675709bd4f13024c6cfc03ede55c1f57d3242d93823f2d4016776,SIM-E119,收敛区,0,0
1a1a21af5a3b0242e405172e7a3058e801e3bedf6c5a50888a4ad6310c7a9ac5,SIM-E119,收敛区,0,0
2bfc1b38ff3998e6173891358ae8b59ff81c9d209abf3aa7a02a950d9665eb3b,SIM-E120,收敛区,0,0
24a8a3d7b62a39628885c79df47810be58121de8b28c9c11a4771ae02d3fec79,SIM-E120,收敛区,0,0
5b45ea92032bd044c6598534ef6c520ddd733504a9630b785d7cd1d8c47e26d5,SIM-E119,收敛区,0,0
1e59c5f35af67541090d81a7f16cc5097c10608b1c7bb683c3e63b7cae5c039b,SIM-E119,收敛区,0,0
4da91b89a1e0eee58e01a2743fa164f3673cdf41a04becab70f7df43f9177162,SIM-E121,开放前线,0,2
43bf65dd1f894a36fb5e5730d14c51a5a77642b7292fb8c813bf6de8925ae07b,SIM-METH,收敛区,0,0
a73e478d23a64ea21c9e69e588b6fb4b5ff0ea83855c4e57216079d8efd258b1,SIM-E110,收敛区,0,0
822194d444b6f834b9a6d388c7271e9f81165161b1ccf7860cfd83059b4b273f,SIM-METH,收敛区,0,0
40e9c56a7428d39102a868a78f7510d90c6c0af4b76d0688f266b6919849ba02,SIM-E110,收敛区,0,0
6d02b548ff1d0d09532340f4cca0ff42b9ed4d0ead47098c75c5f4f13b3294db,SIM-E111,收敛区,0,0
a55911c8f8af6412f1d8d35f582755d34c825d6cf79bc304699c75d74eff8b28,SIM-E111,收敛区,0,0
40ee5be159e199c44682aabf6ce578d092645702a1e134d36ee5106d545a05ad,SIM-E96,收敛区,0,0
2430bb3c7d8bb8d0febb6d4ed1f26c8e8ec35115cc7b1ac413daef516cdaacb8,SIM-E96,收敛区,0,0
48611eb7ebc98e474046393b9f9bcf4723f4d29e6cf809ddd523d641e62b3922,SIM-METH,收敛区,0,0
d0a72c44d4724ea3aa562a14fdb61d40b54240a0c3db5a0c49e48ffcece6c046,SIM-METH,收敛区,0,0
89baf53ea8ac53558943883733d611a2c61f873bbdd16caa74543f53427cf4b5,SIM-METH,收敛区,0,0
b24cdd6f496f80d50942d19c043e50a6441afaf3e06a28a5de4c37fb6a807ea9,SIM-E41,收敛区,1,2
21d8e584d249ccea83a1c68f88e796252478e53be48dc33b1b1e1026f054a8e6,SIM-E104,收敛区,0,0
81dc4a69d2d38e8776cb8f30c33fb1e9d687c462b69b3567fa3834114b7d9fe5,SIM-E89,收敛区,0,0
89be75a19bc4f9858ca561d75b8821e7ebbf9ed410ece567ba6d33ede8c88c27,SIM-E96,收敛区,0,0
04617652a75a5c66f69aa4092cf9a01d4485300fbbc7c6a757820c6beaa5b66d,SIM-E81,收敛区,1,7
45196972acfce5254561edcabaf1a7579a670f4da829965df399cc679fd9aac0,SIM-E97B,收敛区,0,0
2533f6af9bb04033d64f59ddf732449f7401da7f273613a8a4952f5985d30968,SIM-E115,收敛区,0,1
ddf421e13545c4faf38b1824ea34167f171d23e9c261f49cad7ebbcaea8223f4,SIM-E104,收敛区,0,0
1505473b6483d35d325b8e424413f29f8441c0206590bc65f899f3b70e8ed2b8,SIM-E104,收敛区,0,0
d67e3b71adf9a4eda01b53656dc1cf5980f1654419ec9829b4915f79a6fc3d26,SIM-METH,收敛区,0,0
f05a7fd984efd3c8b8a9d858e40fb1f3a361341c71e039ed506b3810cde2d4d2,SIM-METH,收敛区,0,0
3d6205cd66322dedb79cf2342f6be3bb6095b0398516e52ea1136201b40dfeb2,SIM-METH,收敛区,0,0
e28d3e4183a8ade0f5bfce79c4ddaf2c3ff42f2c78123d0cb09368e21a6f65d8,SIM-E120,收敛区,0,0
7debab1b9b9f34e7551270ffea8641f8eba896035159b736879667e7bbf33dbc,SIM-E119,收敛区,0,0
7ec45cb2ba04e3014a0eb3c6a8f0a273521befe70c71bd80cee8b3aa369bff1b,SIM-SUM25,收敛区,0,1
219e3d924ee744a2884c2d6a0022b0a07dee94542f00e255ad386dcbe1e761a8,SIM-E119,收敛区,0,0
e84533fd41c652fb745602eb85d88c778a92878231075cad02955703b0474b51,SIM-E119,收敛区,0,0
4d8accbb25a3d44a8e95e853274a4c083aa9e1f1ed03473630614c5f375cede4,SIM-PROTO,收敛区,0,0
7bb15d22653f3add9bdaad2e113eaf5afc68d7451bb615c0208c32de4d11f95e,SIM-E110,收敛区,0,0
f626b11755198f80877208670b68dc9e8a789375c62c886be7d4952dd3ea8d9c,SIM-E81,收敛区,1,7
8a2c13241d9a8ec4ea6a2f72cd52db6c96bdd7b8fcbc2862356db22a3ba7eb7d,SIM-E119,收敛区,0,0
edd5da656839c2cf2eb22bf545b97128a6a82ddc9fb85d13d7d2b83d0ac1b93b,SIM-PROTO,收敛区,0,0
6fd02a41c2940dfa74fdb3b396e1f67510c29fb7665b78ad8e6c17f99164098f,SIM-E85,收敛区,0,0
cd38fcda66cd28ad824f6e27354ef3e613906046aebbe263e56080a3000d7d22,SIM-E40,收敛区,0,0
423f9aa05504ac802901f63db4f27282915e77fe8d30156bdf36e8f5647f3713,SIM-E119,收敛区,0,0
1d4e33a4205ad9f4446a9168f33a6e818b232b3a4524ef08fd661fe398b79341,SIM-E81,收敛区,1,7
b405424abe3df6cda95c189cb5b2e4d873c6734c42511ac1cead3945a6a3fb09,SIM-E81,收敛区,1,7
b3654328c5bd8b855e7392d36ec7897ae0f2f4a6a26f8b0bb03598dac8daf87f,SIM-E104,收敛区,0,0
de90be158782cdfa2abcdbca83cc605818d8b8e3efbbb7efd5a8d0ac4962e19d,SIM-PROTO,收敛区,0,0
5f6cb893ff5202e10cc5d7a168925a94e10cd3309c70032a52ee3e67a7333535,SIM-PROTO,收敛区,0,0
bd288f2e2351d154031f2884f50d9af0082deb9d01c65cf0d2f0cd744113d7cb,SIM-PROTO,收敛区,0,0
a88c73400aab9bc1b6373f82be69287ccecef7d7799edf4fa68f2a2b3c852b5b,SIM-E14,收敛区,1,8
9dc28fdbfc1241641ade726d78aaa590c9dc634ffaccd6328de97f765bcb03a4,SIM-PROTO,收敛区,0,0
c78e17010db64d378eae2327df84273e9322aadfdd12a98bbd537163f94816bf,SIM-E122,收敛区,1,1
e244f501a9f673549d156505e0e1b0c47fac1391448bc6a1a57b8542016c3e33,SIM-PROTO,收敛区,0,0
f8c26926ac94a196b325d84d226c106b1baa722132ed1ee7ac99e4dc079a26d5,SIM-PROTO,收敛区,0,0
e80aa420b35b6b6df727c6738ab3342f4e0a772492300f754cf8e34253e4cac8,SIM-PROTO,收敛区,0,0
a9577b81005d7b374ed9597179c16a223adadf3ca51d81a24073da00fd80cc3e,SIM-PROTO,收敛区,0,0
6a638a0e06178be238c638a05ef720ec00926bc1bf84d775725d08f45722b7b3,SIM-PROTO,开放前线,0,0
6845529e8454111d90048a33b730d0f0b2336386afb69d69988177bfdfddca47,SIM-PROTO,收敛区,0,0
c1d514e59f7cb26080c153508c857c522cb39b630678981c30eb4245865ef76b,SIM-PROTO,收敛区,0,0
105a88da06fd559a85cad4e39403bd69b2222944d0ab696f872f543236a23ee1,SIM-E64,收敛区,0,3
c256a2f734e1c94f51d4567939e7e892388d1591f3ea0d769bc1fd0df162ad1d,SIM-E16,开放前线,1,7
0f6f127dc00313bec641482fb0f553922973f62a62ca303eaf563c231f3f7b64,SIM-TASK,收敛区,0,0
ae86bdf714fcb3baffb94ea55c220e8976dfcd1c05f963dbe498437a45adeb7c,SIM-TASK,收敛区,0,0
afcd12a3bc4882f022bbf3dce5b69909aceffab5a0dcd93b093851818baaaf25,SIM-TASK,收敛区,0,0
874943eec596bbef7dae36e8081f09ea2ad4adc5cefb88287b73968ac56a6b47,SIM-TASK,收敛区,0,0
8b4cb97d70861f5624ad199cdec706ef9e442e99a0f9aa841713fe4604b05b5d,SIM-TASK,收敛区,0,0
7136d043fd1c084ed42884dbc9d6ff0a8ab9a577ce2bd24a42fcaf00f8bc7d00,SIM-TASK,收敛区,0,0
bf80ba66e06164531589e10040773516d16e259aebfab685a2f2d1876114d512,SIM-TASK,收敛区,0,0
957a4c1fe368ca5e0aa906782abcf2b8d341b24bb47872ee625557526ddc4049,SIM-TASK,收敛区,0,0
9d36f63cbe39fc4cc25acba6a3d9d1d1ed64da4a1fd835c1a83a3e87836ddc34,SIM-E7,收敛区,1,6
a657628e068734d382ca6fa8288044dc9650830544d480ca00231924fd7e8cc3,SIM-E7,收敛区,1,6
a658de530c84198eac42002d93a1052104b16f5e417c8f476c2d6f5a40414923,SIM-E32,收敛区,0,2
b45a14f05f78c23c16c99dbad79b705004778e564b56dff733e1040cea6803a4,SIM-E28,收敛区,0,1
0731e8637dc89c5e4f930fa296eea637e2b6e8ad2ebf0892166844a790e48d00,SIM-E39,收敛区,0,0
561f4f8fd11ed16101b2e89f0902a7e1bb113f6f95b2810e943845b25b742ee3,SIM-E64,开放前线,0,3
12bf2d59002e5093f38cefd89596ae8982214f0f4aef2b6c35de1bb073e05561,SIM-TASK,收敛区,0,0
67d6ae3683ddb3386679f7a0973008b3110ea20862824a25fd19db2e33114f5b,SIM-TASK,收敛区,0,0
db7987b0ee266851e819701b5dc4dc4116c6bd8d0ec796373a2fa89c446c50a5,SIM-TASK,收敛区,0,0
fab3ba1015351fc4301588c2b6f01ff8f503cfe88b14a1e783cbf907bef3e18b,SIM-TASK,收敛区,0,0
28ded49eca81711355a2f6a2c7c86d258b358a9883803a4d9e973a9bcef51c28,SIM-TASK,收敛区,0,0
5cc42579451293dbb8c9180e9eb4cfc9ca0088f9abe0027594f5827b8684c5a0,SIM-TASK,收敛区,0,0
ba7d63a3858e3a2b631c059df31d08463f82f3f092d95197daa0841ae2b83977,SIM-E34,收敛区,0,0
f3de82319032327585cfe04f7df8d34f0dfb03b76717c41f8475a741e1466c3b,SIM-E34,收敛区,0,0
d84005a9e84c89d96afedc063bac7377ded98557ce7265b3d2cce4a3847ed788,SIM-E7,收敛区,1,6
6b7ecb8da7434d9f9e34c5f3706e61a5a63b8e309388494ff1aba8cdb0abca02,SIM-TASK,收敛区,0,0
0e8f888c684660191cb15e1c28697080f5be37bf95290b067335da5094049934,SIM-TASK,收敛区,0,0
6189881d3537f65c9eb83cc9626de8654aee9829f46db5c48b5699beec44371b,SIM-E7,收敛区,1,6
c344d7415125b7dc7907985fe82f452b6902f294640e427f86aaa00d5a237a4d,SIM-TASK,收敛区,0,0
97aeccfd1ce1a262d12bea7838184bc69da4cbaa21b684a1eecb6d815fb8fae1,SIM-TASK,收敛区,0,0
f85f83ec49057b589f203d9fd9f396e1eb136754167a1987bc03002dfdc156a8,SIM-TASK,收敛区,0,0
584f88c84a8385ea9921814c8c65234bfd476d6b5f9d1001d2df70997fd70a31,SIM-TASK,收敛区,0,0
f2382ef9d3515a74bdc81aa1226d04e4dcbd0a0c1560d57116917098a43ac126,SIM-E16,开放前线,1,7
5de9f8f8647d8465253e6d0262f6adb2b3daf7bb2652f3bfd41027f8603ea8c2,SIM-TASK,收敛区,0,0
5cb377c19aa65b282ddf6231ae6514117548f7d85d6b41bc803aa2d58053a54b,SIM-TASK,收敛区,0,0
b3280c8b67eb9cbdcf46d7e233769f7be8b682030bb6d6ac6d17451bd413417d,SIM-E7,收敛区,1,6
0d3dfffbc624eb29994b86218aaf0245f46357a0da0a7dc33ccc52b5680be891,SIM-TASK,收敛区,0,0
67a6405a8a9a48407f7442130b410eefcf19c6327d98c59f49d9a6f5898215a3,PART2-DIRECTION,收敛区,0,0
cdc7d902775bf5d327610a8b527405e06f46017733e5aef480664f24a033eec0,PART2-DIRECTION,收敛区,0,0
958ea6d2e6d51e7e35d1d2b304916223183b66a8dae1cb4088e23302c8297575,PART2-DIRECTION,收敛区,0,0
ce43dd225a727db41e0b7e0b7eec5fa57c30d568ef1166b971b1d499d9f01c3f,PART2-DIRECTION,收敛区,0,0
9d892b060e9d5c3e7929824a09754c03c4ec73642252d98a260b1890aa05748e,PART2-DIRECTION,收敛区,0,0
2440d5eeaf3167c6b948b37c0ee928d45a4ded835d86b3c35db748668dc07e37,PART2-METACHECK,收敛区,0,0
15098b79ee60113a4bb3b08da06ac15d955131770b161319dc29c4d6dfb49114,PART2-METACHECK,收敛区,0,0
19a45147fdff5fc224f2d9b2c6c2b1277e6eaf5b26da5c90056173f26b112f86,PART2-METACHECK,收敛区,0,0
39e97a19e6e18c8ef30588dc02b992fe09c72745d78761f934c90c4c84001028,PART2-METACHECK,收敛区,0,0
ba057314d7bd562795d949d958d34e9bf361fc2137f15c362d6847a0268470a2,PART2-METACHECK,收敛区,0,0
c0513577ca267873c84bd6d0181f5d856c71d7708e1e36f7939ef695214ce4a7,PART2-METACHECK,收敛区,0,0
3e808bc5814f3fd8014a53ee915ff40259683a14138a7bfb7456762c23c621b7,PART2-METACHECK,收敛区,0,0
3004098bb26baa5b18e37fbb10e8c7cc973a9683c4d4859bedbf4bd6c8d92c46,PART2-METACHECK,收敛区,0,0
c13bd853cc82182ef3246c9660b239fd840357aab24e9bc46dc91626a10f8482,PART2-METACHECK,收敛区,0,0
1d3a75c13ed484e3b4d3cb20d622413d984b8a462acad317ad0402bd1ffe143d,PART2-METACHECK,收敛区,0,0
15f1b28e8d0ee4e5042851bc6f7a71a632968411a7c722542e149481133e4118,PART2-METACHECK,收敛区,0,0
65d36f8dd09fe7d3756cf94106602d2dbcfa96c836be1663accbb1a4772ea120,PART2-METACHECK,收敛区,0,0
b18ee1fe3cc3f4ed80ef3c607b29be51c8ec53f400e0bad9c1dcb799a9a60243,PART2-METALOG,收敛区,0,0
b9660bc81ae95750d7c1ed9fd54ce59f0cf8060f9f0483b7b397bccae33db358,PART2-METALOG,收敛区,0,0
63e532dbbfb09de2991463e33261d30e49d2e67bf915317c6a3807e790a09078,PART2-METALOG,矛盾区,0,0
aae014d748500520277474d5919e4b8323244ed743887e0a82a45154f3630631,PART2-METALOG,收敛区,0,0
9146afdb70dd6b887bc37894c34361c1ee756115c4288bafbd0337fdfc9975b1,PART2-METALOG,收敛区,0,0
427eb61f7f62022773bc899dde171d2533359df9c3476db2e2faa4063d81f5e3,PART2-METALOG,矛盾区,0,0
965df7be23b163d6cefed682eaeb5b248f935190232e1ca71f631ce21e25f773,PART2-METALOG,收敛区,0,0
4806c4a7a54f47416a96748f197f2704c3f5d8ea78c107f6de5a073f1663b0e5,PART2-METALOG,收敛区,0,0
a111984be01eb73fc6d0463babaafc3f4bd079be5d2d415e566df762c4a03838,PART2-METALOG,收敛区,0,0
6eb341130ecc6208a9a815748c7f760999f658fe95fb2a6f659b0e6dd7f75a06,PART2-METALOG,收敛区,0,0
ac748f451c01825755176aeef16206c67a7ff8bba36cd34068b54e2c1dc42bcc,PART2-METALOG,收敛区,0,0
e9625b607a2b3da4fab303c652bdfa697082de8200eb52f9f145326c6d8ab8e6,PART2-METALOG,收敛区,0,0
e0aecd79d661ab319599415176d7bf2295b61ef7eb07978a50920bedeea9b9c7,PART2-LAB,收敛区,0,1
2b16aa977be12275a4e5cb2495a78c2366c56070895e8604137611a420716238,PART2-LAB,开放前线,0,1
b752cb67d9ac7eaf2199afe40b067ae8eeeb39a8c9bfa4ecd52ae75f8b489d50,PART2-LAB,收敛区,0,1
0dcf8c848cd0cbb77177a488d8884c3acb4777fb6106a5ca1f68dc730d7f5978,PART2-LAB,收敛区,0,1
a124fad63cec6c3cdb79e241f17895193b2f3bc65a51060759c49165b5d8ed9f,PART2-LAB,开放前线,0,1
2e80267fe978e410451397db89af2a457d6c0eb46f6374d9b254f2987f69a9c0,PART2-LAB,收敛区,0,1
de80b927a3af43f8fcbdc93ca64163527c718d0ef41913dddb83f7b4ec2a3358,PART2-LAB,开放前线,0,1
f6ce95d64539650c1d89489ee0c9cff4fdc890526d627c75c8018c7fe233688c,PART2-LAB,开放前线,0,1
f2a9df8f753306c35f2cb316703a479699eb82b8215a177c8b05d0ed721d31eb,PART2-LAB,收敛区,0,1
83b571793ab1c2e5dff4a79ee9fbac227bcbdb7f396f8cbbfe5c1fb4169180d6,PART2-LAB,开放前线,0,1
d34ba85ba0d34e97de52a33f44c7a8a5c0e53e47ea41da1a89d0c34f8b5a7552,PART2-LAB,开放前线,0,1
86dd1c9695e8c00121e98bcd194e42769ec889f38bbdcc2d721a450b8a546429,PART2-LAB,开放前线,0,1
18deca3a689dc37143acd839fb8850699d5d7324ecb986562c05323e10e99fa0,PART2-LAB,收敛区,0,1
ce0e3cb6cb04f600ae9fc2a9b4dd98e2b63024f33cdf843a374b2c81cf175c12,PART2-LAB,开放前线,0,1
cf819fd80ab70f67856e1ae9fe5d8501f9eab86487746d256421fc8f599dfdd2,PART2-INVENTORY,收敛区,0,0
3153524913138b15ac127a9e7a049c943b9db97f9aa20a7f8cb20edb42eae3e4,PART2-INVENTORY,收敛区,0,0
510a6eed66437740bba5c3926591215e8a7f424d1dbfce70b6d36a053f6db153,PART2-INVENTORY,收敛区,0,0
5ef275a33d9e5c3d463d2342568fdca1e2a1ed2288ec4020a500de3b44ba1b62,PART2-INVENTORY,收敛区,0,0
95b5cf9192670a6e180f7025031a016d6d4c223ba93bbe253746a18f1aacf3f0,PART2-INVENTORY,收敛区,0,0
a18c20ca754e40331692b0d61e826700da571d41ed6fa5712d436cea9549460d,PART2-INVENTORY,收敛区,0,0
f0421ed0514b23edb6788c72cefad14afb5e486dc2587c027ba60a2b5c1fed6f,PART2-INVENTORY,收敛区,0,0
8e9587971a7465dee39ce2f73de809f7d8b0f579885b3bf25c33a2bf6bf79583,PART2-INVENTORY,收敛区,0,0
25fd032489b6815f2abbb409dd9e6fab873308cce2207ebf32fcd6caf7aa4adc,PART2-INVENTORY,收敛区,0,0
53c56ee4e2fe233301858fead4769432f85c80b0191cb058c99626e6d15f59de,PART2-INVENTORY,收敛区,0,0
7dd0923c352738beb618afb7d1ec62be4f2bfa92121f9e66e39fe275a2092858,PART2-INVENTORY,收敛区,0,0
5e058b0eb07b1b94b6d3515483fe73a7017fc97d65c619e0dc59c8691bf3fe08,PART2-INVENTORY,收敛区,0,0
5816f54b531491a8217f517499bbd25febe3c326e0362bcd429eb1659726dcf0,PART2-INVENTORY,收敛区,0,0
0dc5828d9d79e33db2ee46ad27e13c83d3da01a66a4dc1c2c82ec150b361ac99,PART2-INVENTORY,收敛区,0,0
577020b30789a6d3b3886cbff2522ebb008b939d230647dde6f8e256f9ca2bb9,PART2-NORM,收敛区,0,0
1fe0e35f01de3218db72dd3fa883f7ab5a0eb13f082128380ad459db4abff5eb,PART2-NORM,收敛区,0,0
86f3206f82aa29320f38ab22ddd6102fa3ab92942c209ad8620542f6b0670106,PART2-NORM,收敛区,0,0
774c82d4f0c733b8a047ecf3b933ad8f55ef467d6c39784462b97742a9eed66f,PART2-NORM,收敛区,0,0
53e62c92f6b3441717263eec62a9079927449b33e1789e55157946e6aecfbd4a,PART2-NORM,收敛区,0,0
539372541b1fe1b46dd42a64878bcf7ef06fb8ad3fa1951654effddf06637401,PART2-NORM,收敛区,0,0
e2419a90345bd94acd660afba0a46287997015dc97cb8b6973804222bb9a7405,PART2-NORM,收敛区,0,0
c90569456d9e0e01b2ce66a919771ddadbd4e674e0b78963fe0a96e883a9d3a5,PART2-NORM,收敛区,0,0
815ebe1692c41a77235bde2edd68abde13610c9475ac1fe4730e5af48bb55254,PART2-NORM,收敛区,0,0
656b8a0f2a3055087d36beb176c6d908678a3e132414fccaefdc126657cb1950,PART2-NORM,矛盾区,0,0
132f8544bb78c4d111fe9d4d2488c1f3dc70de890fa4759bf3a4457d632ff88e,PART2-NORM,收敛区,0,0
d4e234399b3291b3ebdecf76dc1f19001a38039603127558e78f95d0396bcbf9,PART2-NORM,收敛区,0,0
b075b10d0f69b50d018674694174ed952968f7bebab2ca255c3bdf2507c2acbe,PART2-NORM,收敛区,0,0
5d04dbcb784d2421e7e2837d861a336b3c4dce004e8034919375cc64931a962f,PART2-STAT,收敛区,0,0
e542f2e16342ca9c0b299eddb8d2ae188eddcb82df9254f6a36bf9a1b407ad1f,PART2-STAT,收敛区,0,0
903ff5c7a22ea0b7bc39207ddcc389ea1b2577138652e8b809251b0470bf131e,PART2-STAT,收敛区,0,0
b0d09fc2b6dbb7a0233a08828ca78de4dd92f3167e6466b017a115e63c59f0a5,PART2-STAT,收敛区,0,0
7e98f17a91dd825232514ac3417755cf261f2a12ed360dc7c84610c4eacb2721,PART2-STAT,收敛区,0,0
b1aa38a4ba1fca32beea9b35e44d5175ed190f3d0d10a7c2a56b6fd0e234d38c,PART2-STAT,收敛区,0,0
684bbe259093b600e67fd9772502fb76793bce144a78fcd383f3c6940a61bc05,PART2-STAT,收敛区,0,0
066a55c924d10e2ebbd977311093f59db4d99a5e83e5f49b4ce9348d13c31e9c,PART2-STAT,收敛区,0,0
6c4433514cb413819ea1e49dce09a0788ef6da5916dffd7d5c7f10f977e24190,PART2-STAT,收敛区,0,0
425cebb32a37ec0284002df12a8e7d5bfc53fd9756880845cef45a73d21e654d,PART2-STAT,收敛区,0,0
35c1d6f79c553bddb6c04899fc54296aaa300d315367cbd211dbb093a093edfc,PART2-STAT,收敛区,0,0
4d6e95bf7ad7c068350c713d2c40725e1d916b18e6421299a83628ba62f119a7,PART2-STAT,收敛区,0,0
a87f9a4081d12ebfa7dc9cebe1b302787de5904e951572d734ba34522a2d8981,PART2-STAT,收敛区,0,0
fdb1720d92ecb0f33fc90e8d36ec017a9296fac4032a61ce2c42ccdf6e493764,PART2-STAT,收敛区,0,0
bd2718d4a4a482de37d5b0537e0520d9431de0cb0056193ad83ddec93212a968,PART2-STAT,收敛区,0,0
70451d7f9e449b6c7819fa29184f4262b22d51682493050080463eb642f78f99,PART2-FLAGS,收敛区,0,1
b503bb484fa6a62ee83d4fdadd572792df2e737087f8952f21b552fa90fd4e62,PART2-FLAGS,收敛区,0,1
3aaf489ffcc477e6f7d5f214d1a3bdab900062ba15e5a8663b804d4d88ea6727,PART2-FLAGS,收敛区,0,1
c72966162919cd20ea037c241669b68061de64ba7e0fde32b5245865dc330912,PART2-FLAGS,矛盾区,0,1
4720d1869e06ebcece235afb5a7537d75c9a557293e2ac8f9f482388451342a1,PART2-FLAGS,矛盾区,0,1
28dc243d41aed722f22fa6b777798018f19a2a4358a54d5894e3ab5e38470565,PART2-FLAGS,收敛区,0,1
f79ed97c4b479fb5db44d4ebc6fbc4b4ae00288edd3acf56f2d256e0c6b33531,PART2-FLAGS,收敛区,0,1
7373267c5483b615240a26992a1954404fc209b96996075c18a559ff314518fc,PART2-FLAGS,收敛区,0,1
fbd7d706afd63b54acfe9617b3f396d9c7f56d8904ba066266ddc624095f0d92,PART2-FLAGS,收敛区,0,1
09b551856d8a879a8e5f93798f1e1bd5ece5f905d9b76f2830e1608be76dcb44,PART2-FLAGS,收敛区,0,1
0f7ce5376bc32a1f6db7ede1457abb3b917a1bdc8f84738cf0d86708edc5b0ea,PART2-FLAGS,收敛区,0,1
90fa56af727de63e6f7b1c83ce4e080602b4722c523736c88dee3e7afdbb7297,PART2-FLAGS,收敛区,0,1
052f879795a93c74d76375586dc5ebc2c1f8bcdeced2965f5625e65c44709315,PART2-DIFF,收敛区,0,0
1badeca00de8c74e3eba823dd9c8d24e3b3d300c4542a3de515bc0c5f8d7186a,PART2-DIFF,收敛区,0,0
82a162a1fe521f29067b93e6abe5efc9d79887fc114a415cd66396993114350d,PART2-DIFF,收敛区,0,0
3aaeca40385ab33eb322d11ec0e398544638a3a1d93b441a3c17b7e6b0f81e26,PART2-DIFF,收敛区,0,0
e3dfc6856f583bb3fa9f58e736ed080f683de48bdc08c72162fdf48dc7412eba,PART2-DIFF,收敛区,0,0
fb5e0d4b9b155280c9869ed23923d73d0e67f748c52d929ad55c8e8e1f04c0f5,PART2-DIFF,收敛区,0,0
aa15fef3fc5fa32ee51603bfaba4b97152b44adaffadaff3170897e00b36e2e3,PART2-DIFF,收敛区,0,0
33c4f6121417be7765deadb21657c097a8f727340aecf1dc668a61816ae30000,PART2-DIFF,收敛区,0,0
426ba89e49a278f5157ef0c4cb1b85c76f6b70505715a1f0aff43227241d19e9,PART2-DIFF,收敛区,0,0
cb55d5919193666a9cd17440c112a1557ec264da549ad702bc2d20e1ae4684b2,PART2-DIFF,收敛区,0,0
bd854ae7bc714ce302d980daa12f507fcf6a54fd42a5ab59a607b96fdf838ec0,PART2-JUDGE,收敛区,0,1
b187b6cc29ef5e0341cc27243f01e52bca2843bacd5ff52ac4c33b4e1b730dfb,PART2-JUDGE,收敛区,0,1
140c2112f7d262e887ea5100f0f9b18acf23a28689c457100d6863fb33ab07fc,PART2-JUDGE,收敛区,0,1
99715a5f0fbc185fc290fb555f59edac0dcd0157be3d41cebd548c3aa1b3c7cd,PART2-JUDGE,收敛区,0,1
49fe1684881042afc76c1405801764e5e6b7baa5da45b9ba50618e9e6213b6a8,PART2-JUDGE,收敛区,0,1
177b60e8b8556a80c6d23e3b70a1f762b265e4333fc40065798dacf9a59ff1e0,PART2-JUDGE,收敛区,0,1
2f7dadff6b054cd2774fb7535b6ade6a3ee4f54879ba2b91adbd50e611bc69f9,PART2-JUDGE,收敛区,0,1
c757e7953a841752c532957fe9516713b1f389c01fb8916f53561022511703f5,PART2-JUDGE,收敛区,0,1
d07a32834556057877cd3b386c6d7fb7b33cbe43748e4f596f3bff17b2ed18ad,PART2-JUDGE,收敛区,0,1
5d6e8edbdb686c8e741c12f25957a409de2e6f11bfc5ccb2d75393b608bf3822,PART2-JUDGE,收敛区,0,1
e40289a4a2cf4c08f78018c5f87347b87d7f2230c10437f9bd5af0efff80c359,PART2-JUDGE,收敛区,0,1
6d2b20f124f27fccccd3ce9602d303040952bb41094ed7c041db0ed3c3e95d6c,PART2-JUDGE,收敛区,0,1
c38b0389d1f3e4aa4b4b50ee746f799a0cf95b7a5aa8de19af3b66a69b961b14,PART2-JUDGE,收敛区,0,1
d29557c4ea1a968c6212ba24901e1be3790d4700fabb8cf7f34a43509032f581,PART2-JUDGE,收敛区,0,1
4763a3c155d828726a1675b905600bf770de9f85c4df7ad507fd121a9e4205e7,PART2-JUDGE,收敛区,0,1
80817d01b1f37f729339f8b22309e4c25140f2e1e0a5b03277a73a71d3600eaf,PART2-JUDGE,收敛区,0,1
4f6353969282bac77e5e5c001a2bcb4de18005e3af4a6e47d74552bd2234d924,PART2-JUDGE,矛盾区,0,1
9a00ce25d9147456e19c27c503dd98fdbac8d174e86b30f4fad0134438a38797,PART2-JUDGE,矛盾区,0,1
9c84a5966d04f290dcb5a2337e7a38c775f49d122340047a0f22da36bc5b3d8f,PART2-JUDGE,矛盾区,0,1
b3bbd73eceb346ac6ab7eebbec4d444aee22f0493415f139b78ab7d18fe9d215,PART2-JUDGE,矛盾区,0,1
25e41b1515897bb6a4fd67c0b311f632d86862f4abf0b47bb79b655370065056,PART2-JUDGE,矛盾区,0,1
95c1a1824d2d71f5a37142f36a08de26f250997891bc81546b99d226e8be8e00,PART2-JUDGE,收敛区,0,1
af9905de0d261f9596a8abccafd69d98694539bba577439382443d09b627e907,PART2-ANALYSIS,收敛区,0,1
11674b4a4156519cf29150e4da46fe54d18dd4c4b0ecdc61deee0b58c40e54f9,PART2-ANALYSIS,收敛区,0,1
0b6f33136a148ae0ba2412325aa4f13a783f4e8a643918b6a4e744aa8357ac32,PART2-ANALYSIS,收敛区,0,1
48e5d3c577c8d863139f201d0134d1eb9a3a75c41481002a58f979b97c8ba96f,PART2-ANALYSIS,收敛区,0,1
cb632ffc08923346de2f7bf3fb6af5cbd693b74afc770c35af6219567f476939,PART2-ANALYSIS,收敛区,0,1
be42cbc15815b4cc74193c3a6a8588fa093235762ed8bedd8bfabe764b9d8c18,PART2-ANALYSIS,收敛区,0,1
1f3bfa2b1a380855ef3cd684c34183296a948e56f6005d9a434e4ad6620f85e7,PART2-ANALYSIS,收敛区,0,1
8d17887b1d38cb16bbaff764fad8485ad5aae7a556ba6bcc79daa1777244009a,PART2-ANALYSIS,收敛区,0,1
a639e6896246b9432c048f25982e8700710cfc4bcf763008b68a528fc00a5246,PART2-ANALYSIS,收敛区,0,1
2f4939124c9d2ea48d7b206a6bb1946b5d095dc96d85949ad14b9d901687578a,PART2-ANALYSIS,收敛区,0,1
306887d7344eab138afec6de593dca06bc6e75101f6af8416b8fd04b84629f33,PART2-ANALYSIS,收敛区,0,1
9e66eeb36ddea3c9a7b4b8797b65356577d58eb212aaa9ee759ccdd4088f5944,PART2-ANALYSIS,收敛区,0,1
1b4c7182dfb1972252ac666bc122dee967fc6f0b426b15c554692d7cf6cfbdb9,PART2-ANALYSIS,收敛区,0,1
a50090ff51621c16181a60fae85c8107c602b94459d69629ee0a6b0944f3ba39,PART2-ANALYSIS,矛盾区,0,1
163ed5c96ac6260d951713085a9dc5d0f19f31f99b2e0ca648fc9ba95b65f9ab,PART2-ANALYSIS,开放前线,0,1
cb7e0f3aa26b6710e525d68977b2f8c2f09fefd2d36f012c00fe2ac2ade49b65,PART2-ANALYSIS,开放前线,0,1
eed4a1b41b68bc7e20b2ff19951daf0d9107d3fcfe22de9aa2530417c0f6ceef,PART2-ANALYSIS,收敛区,0,1
58b98f61468cc4fbf9730ecb1a35b2b00e8e569a7f76ea54d1ce7006ef8b91fe,PART2-ANALYSIS,收敛区,0,1
a6ad17753c72e74f0f23c623cc69ac1edb6ed027578f1f7612a3db4f2ec4f2f9,PART2-ANALYSIS,收敛区,0,1
75ef8013d967fc97ff9451797f102b8da02a0d531fe6728bafac06bde328a8c2,PART2-ANALYSIS,收敛区,0,1
e6dc15ec477b75bd2cc80ed26b015071a38f35d3bd7e8ce898311c325bd8fcad,PART2-FINAL,收敛区,0,3
041d8d339ffe8dcddcbf66394acf659b6387583071ae0c00190a151596a67f61,PART2-FINAL,收敛区,0,3
a0e7e1007dee9adff1c1ac5b179f7a62c49f34eb3e78520343bd4a06b1795ba2,PART2-FINAL,收敛区,0,3
d52885123a14a693fb42f46c12fe9b269acf886b7a00289b6a67276bc7072bca,PART2-FINAL,收敛区,0,3
19ae706b409f9d198aec7a0daaead92dd80e74184836d05aa145ac0b202fba01,PART2-FINAL,收敛区,0,3
2cc6232cee9e3ccdd934d5ecf8902633016824736f10d386b31f7549d339e9a5,PART2-FINAL,收敛区,0,3
e0b2d0996054cdbd21f78471d509b89d6fec84e275ccc632649467938011711b,PART2-FINAL,收敛区,0,3
b30900ec87af7f2c6b65b224ad91a5417004b20047436f5f4e48396a71a1097f,PART2-FINAL,收敛区,0,3
82a1df2358dfae9b7098ae5fcf0c1ac4aa7f5c2c23ae8a390dd71a00eaa8b048,PART2-FINAL,收敛区,0,3
04e5a70e6ec7bfa8d6a372db26808b5ea6a9a4e1a3abcab2f58ded82e0dd7ae8,PART2-FINAL,收敛区,0,3
f50b055337d5eddadf30802e38df813cea6144a8c79ca4651b516d1f8564a0bc,PART2-FINAL,收敛区,0,3
e0dc3e3710d3d7715400d7823c6bae2e92c2062cbad058b5d4bf3813ad9ab00f,PART2-FINAL,收敛区,0,3
c416dd1d1c46fc81d3b327c4221429dbc20a07d4c8669788342a2ca2db44c9fd,PART2-FINAL,收敛区,0,3
3957cd54a5211066aac6b8aca395ac8a35a5055a40a5d4eb35378de8eb59897e,PART2-FINAL,收敛区,0,3
88e869b0c1d12a4e87ea1699624349ff51421fac8deac1470219d623a1c8263b,PART2-FINAL,收敛区,0,3
2eb1b75c6662fbdf042f0aef7ff51a7078b97c65eab080292e3d250d45a90296,PART2-FINAL,收敛区,0,3
38c4026f1f68b534e3c6bb527cb0503433829c3483c7e7178b62361036c43b9c,PART2-FINAL,收敛区,0,3
c9e4e4ae85bb8b45114364834acdf30ae24b02f39c6f6ae5dc57fc2e6fcd44cc,PART2-FINAL,收敛区,0,3
bc57cda0e1fae24c9ab29bcc621444be79c2d904f77c7f403b3e31b5f9b87dd0,PART2-FINAL,收敛区,0,3
e947baf4f7f90cc724ef91dae562fb1c9a96d65bc2f3947803de847110e9a1f8,PART2-FINAL,收敛区,0,3
715fc514675698fcb0bd3c325097b9a8d58eaf7cdd830b00a28d5e35b94d6ea9,PART2-FINAL,收敛区,0,3
c8227067cb3d242da1dc8e3c253624e2567df89ea8d27896ba75cd06d2a37d3c,PART2-FINAL,收敛区,0,3
a396d54b8d7ee927de71f61239ac9268035f320c44c85a5142f4ab145b11d920,PART2-FINAL,收敛区,0,3
04c245a4d76e9f97ced810e527ee065a6309416f4288e1178b699410895d2138,PART2-FINAL,收敛区,0,3
c52d60d45e799760efb9f574beea276b990527c8b2bb58fcf4fc8bc230809082,PART2-FINAL,收敛区,0,3
6acbf65168dbd4a9c39a0d41e00fd0d0469848f110e4a2bfbfadb90fef964888,PART2-FINAL,收敛区,0,3
b126b3cb7f20a81facfebbfafb6d74f97b0244406f953d02d097dcd5168272f9,PART2-FINAL,收敛区,0,3
a9310bec8f727fb1b2d8b17d40008e79fed5559f7f7a7cc2f7a0be460c47be24,PART2-FINAL,收敛区,0,3
744bab043c9675aaf954f4cb266bb705314c1b16ca726dc20037373e301eac46,PART2-FINAL,收敛区,0,3
cba29a54ed26f616f5b40c81a278fc22d54c602713ae4b2607f8185ba920e4bb,PART2-FINAL,收敛区,0,3
3b62244fabf55cb96b3ef2961d7c9d2cafaf283ace8da922fc96623a162748f0,PART2-FINAL,开放前线,0,3
7e362992b3f132e8c74772c4a0d68603d63befccd951f41bfcfded2feafbd30d,PART2-H-R1-1,收敛区,0,0
a9222df18ad78df402cbca1adbd5cd12d4486f87c174d62315218d57a0ccbf3d,PART2-H-R1-3,收敛区,0,0
77b4883a640a9d9522a852f49f248802e94578bba8341242dedb44fe854b8c4f,PART2-H-R3-1,收敛区,0,0
a34fa08bf827ba40b9d9e264d38cb4ba2f3e7888f9ed145a218001eb5bf5ac3c,PART2-H-R4-1,收敛区,0,1
06caa895c2a080b8711f4cec058c262022550f128cc6333e8f1094a0b03658ae,PART2-H-R5-1,收敛区,0,0
6ba99c6e0e0e7352bac18f85385db1f995a41c10e48e9563821f318e3a9a0278,PART2-H-R5-2,收敛区,0,0
971c8749ead1bf444346f47d21ded5412d15bf6f9f3ed13f5998ba9abdaeb723,PART2-H-R8-1,收敛区,2,1
8611ebee7055d69883d9597c1eb23b1af3fe39786462561a2c73ea0fe240c72e,PART2-H-R8-2,收敛区,0,1
deedb559d5f76bf8f9f1d88c8e50278646c43cbcb39ac03e74f850b8b6335793,PART2-H-R9-1,收敛区,0,0
cd7ba50bfe9addfd3f006cf293b0a6bf2bacfe86fb636cf57080f00a849bb47b,PART2-H-R9-2,收敛区,0,0
d851c92f374da20e717188e22b8344f224ab207023a12fe821d797815b8d06de,PART2-H-R11-1,收敛区,0,0
73023372115a0484d70b856d6495ea26934560597ce77940372354ef8b067b9c,PART2-H-R12-2,收敛区,0,0
e2e3ce450e02034faf64acf49e8cca0f74bee9e8cfc11f305c599d6fa1ee3d08,PART2-FINAL,坟场,0,3
d8ee4d54bfc21ce7a2b4d31d9938faa16eaf5821049c4011b505bf698b7da550,PART2-FINAL,开放前线,0,3
8485b63595cee7c93f7b0e4443fa125378ef92d20e6ce2af992f6ca73d37e34a,PART2-FINAL,收敛区,0,3
4d69dfd9eac90700554bbfdae3493ebb77ad39f4f1cc39e49239f17d995bfd68,PART2-FINAL,收敛区,0,3
cc2398591c0f7a3dbe0ffdc1db653870c269e6dcb080b5cf05766e95deffcd10,PART2-FINAL,收敛区,0,3
f3bb826b467eb4eae7c389f5f242b9838a3f4e492b9e51d31f3c942e792920f4,PART2-FINAL,收敛区,0,3
264f3024ff585999013fe8059e1223765111e9ad0ee064451ea7be9523994c81,PART2-FINAL,收敛区,0,3
dd704f8ffa4b4e66c4fb51ce16ab5f03b3f4dcaedc1dc1242e0f17817a808b2e,PART2-FINAL,收敛区,0,3
4380be7c936c7bd8fd6d01f8f5cc2c78517d9b290404a5b529c214767b7bad22,PART2-FINAL,收敛区,0,3
19809a44c0dd2293a4b96baf5b1504ac30ab688242a128552eb51249807a204e,PART2-FINAL,收敛区,0,3
6cf4f48b5a528946a8568d2dfbc612bc5035a3edee734d8606708cff514c69d1,PART2-FINAL,收敛区,0,3
f9e2b0ab1e1d63eed2e37ec43479a46fbe016d55244dbfedaa2567db7b25e75d,PART2-FINAL,收敛区,0,3
f273c3252de445bf81e4fbcea575d6ca1dc1e3ac316df767f5658d9e5be42164,PART2-FINAL,收敛区,0,3
2470a4640b085040a1d1f872be4567a339f68fa80c4bfde015d59efd0f741487,PART2-FINAL,收敛区,0,3
9bca0eefc8ca52fda679a732a6a9e8bc3fdcf1ca2385d934afe0163529d7d2fb,PART2-FINAL,收敛区,0,3
fd03b1c925f584ed9059625cb68a6a2189299c8ca67ff8a4988c6aaf22237571,PART2-FINAL,收敛区,0,3
d182bf1291245db71412ff90cf6d6de9d4bfbf2b1e7f45bf3bf6df0b14046a72,PART2-FINAL,收敛区,0,3
758dc40f463a994ae86b3306b3c7c94c92ed9597124c9fdea1e3c097e96aae50,PART2-FINAL,收敛区,0,3
c1b6cc3b1b5876890cddc3a0445c8ca18cc3b92cbe14c5400c2692954a71026f,PART2-FINAL,收敛区,0,3
15c0bb8f608958b3a891653bfd1a747bc100933dc2203c41003a2c8e2061a06d,PART2-FINAL,收敛区,0,3
7155cfef35caafe60b3161564344e1227cab0fe0eb273dd2b951775a6d692990,PART2-FINAL,收敛区,0,3
2bee0185ddca9358244ee20cca160e6176b79a0695956f321ce2cb4f182654ee,PART2-FINAL,收敛区,0,3
a66494610e4747739743d3777ba4a01c3a1f177e4f298d799b858c3d700cca04,PART2-FINAL,收敛区,0,3
6b231459b83c5fbffaef330837f5bc956978c899695c79c8ab37de82de806195,PART2-FINAL,收敛区,0,3
9b31b5b6238c8b987dd4f016626018920dd100cca643d6f01633d9bb16c65474,PART2-FINAL,收敛区,0,3
d2e0a0ac79fdbb7912f610f60e7f7343cd5a68e711fdd03c723dc001ef623f2e,PART2-FINAL,收敛区,0,3
3a624b3e37a9d9276ea1778c7bed4313eeae6b59a34176bcc83636be17703de5,PART2-R5REVIEW,收敛区,0,0
82bfe4755806b71b51cc62481bb40c9bd2b14707c48c758a98908215edf4ad5f,PART2-R5REVIEW,收敛区,0,0
99ff149c3c80e410666217278cc13c7c9bf5f0afc8b64390307932379b929f05,PART2-H-R1-2,收敛区,0,0
9356cf731610c0a4ce4e5ce1c993575397eba098ea9f10d20d450097c78fc2d1,PART2-H-R2-1,收敛区,0,0
fbc5ec39d48291eb8b8e4315464020ca01fe8eb3bd62ce92b6b0818296ba7a66,PART2-R5REVIEW,收敛区,0,0
db536be28a3a0e6ace6b409a17ea78c4cde52cb9b9f8624113021491c0f92cad,PART2-R5REVIEW,收敛区,0,0
3cc4e2929a5c3418af461341c985631e91a2b78ad24289423cf5de9eee93ad08,PART2-R5REVIEW,收敛区,0,0
a931e19ad318c99d3fb91f4c0f58a09a1f0495af3397c3e9870a345def79c520,PART2-R5REVIEW,收敛区,0,0
015e8eeda5b2cbfd2bbd302f571810767c5fda50ae60b25358067fe372c8d97f,PART2-R10REVIEW,收敛区,0,0
b5b3a9d0ab1353cef6aafef3a6376f0153b6295aa81e85f6b4db29e1d63f85f2,PART2-R10REVIEW,收敛区,0,0
29ecea693aa79fd222ce13807e1cc67339acfbaf5d95305259573fe7c2da0c79,PART2-H-R10-2,收敛区,0,0
23fa30711720c8bd847858f1c25e4f3299cfddd233720d5f2e9831ffc1b0ada4,PART2-R10REVIEW,收敛区,0,0
c44cd7347bc6d1e2cf00833e1b7624719a3a2fb6ce1aadf2dc2afe90e8227908,PART2-R10REVIEW,收敛区,0,0
52162abebaad817df03f1481a3e8953ae296e5311c54b4123f4869769aa5c610,PART2-R10REVIEW,收敛区,0,0
e83ace4d8d3d1bd4397aefaa78e5c09f148940472d188a1570c190c177d5a8ab,PART2-R10REVIEW,收敛区,0,0
e3fcb0b6689b129e4ef7a1c59c51e734bf60e0d1bfcfa412b4746a0429d1ba9a,PART2-OBL-001,收敛区,0,0
2bbef6c9b6ac590ef6fb5e17a764831ee064bc83dba02e0e38f5f4bae8ba88c8,PART2-OBL-001,收敛区,0,0
692ebfb3b1082d4d23b5e1700cc92a186e4969a546c7b676dda694c02b6a861e,PART2-OBL-001,收敛区,0,0
f8d7ba783c6a96c1571c2514a2593085fa2a5f1a0f7f58434679506d0b8fe743,PART2-OBL-001,开放前线,0,0
4b7d1116bceb647f27ca61114e99cf0911abc328cdd3a595aec0272aeb0da282,PART2-OBL-002,收敛区,0,0
8762f12f291dbc3e19c27ec0308019d378261ab5ae76b7d909c8430225e3fd09,PART2-OBL-002,收敛区,0,0
699578a610109503bd0678064adec344dfc89dd47748a219fc8e8206fcc0b234,PART2-OBL-003,收敛区,0,0
3f131489da9daa9b51b178cdf586365cfc2697c2196822bc0f1bf5739a292aeb,PART2-OBL-003,开放前线,0,0
3c0381f438b32cec63ddd002599288f5789a54ec6ec120330d3e11536f4d09ad,PART2-INVENTORY,收敛区,0,0
4ee2c74c8aa915c4ea52045d01d606eb80a05266c0fb5c99935bb8488c2eac7d,PART2-NORM,收敛区,0,0
a0885191b20a1bbcec6217acc9bfac42a22e9ad056dc5df27c6269b1dae4fb82,PART2-INVENTORY,收敛区,0,0
52950dffbbea39136b7edd026f78caf61e52f68342c6a756ae06900a00ab6fde,PART2-ANALYSIS,收敛区,0,1
80504932ce7c90c2dc8ef5a4594fce2a3aa0d448ec9e86c5a4e3687b117ca93d,PART2-METALOG,收敛区,0,0
07ad21cd1f051a738d61f27bb03c445a0b39a4d36a6c4efa40f9dd08fff577d4,PART2-RND-1,收敛区,0,2
413b57adba0a4b9c8fb1403b96b55080ed5265c7f5f39bba41857cc7cb5ceebc,PART2-RND-2,收敛区,0,4
b4d2ba024ace695c478ad06ad53a7f0e39f84ceaacafbbd4b80ae3fbefa02a11,PART2-RND-7,收敛区,0,3
cd47d3bab51b09f5e26365be5121fb17c81a2fd678a3bd615517f2af063c6512,PART2-RND-10,收敛区,0,3
d4eed95673eda737deb6218079c2ee56bdc805ec36d25dd79a8fe19a61a759d5,PART2-RND-12,收敛区,0,2
7a294fe43e41572b802e24a47e51645c681b9b8bc048bfc4cb5d3a9e6daf80e8,PART2-FINAL,收敛区,0,3
23b78d7350d317d1a245bfa3d66239882712fa76792ee54958857d36059e967d,PART2-FINAL,收敛区,0,3
a4ffedfcca014395e2afa33e0f800f16d592da5a276a9508ed91552f5ffa41e8,PART2-LAB,收敛区,0,1
d3002452da2fb5a13bbfe3b96172b9ac95a4b4d8c3d03b92dd6e3f98e8ca32be,PART2-H-R1-1,开放前线,0,0
03183b693ed9b96e466b0b50761429c24571aebf9f3516cdca6ce6e01ce06c26,PART2-H-R1-1,开放前线,0,0
59aa9f1b16737b528932b9b52f0b03fb30b0f4e4245ef0c096e81f0f180e8b1e,PART2-H-R1-2,开放前线,0,0
ae79a17d382db11c58f6fcc455351ec77dec1f8d7b62d7ee2ad03d89f3431fcf,PART2-H-R1-2,开放前线,0,0
6ae6586c56eca2d0e10e7876cb4446150cc3fefe9bf4167b003b9118588440be,PART2-H-R1-3,开放前线,0,0
fc67622d576117159c9b63c52ea67a153c1bb64dadab666468057aa0d6e01bc1,PART2-H-R1-3,开放前线,0,0
a9ec5d7698793ea52145d252ef8db839ecb4328dfaefcf1a4e6ae66984b5970b,PART2-PREREG-1,开放前线,0,1
a8ef039bbaf9240516b32c492ee9808d664c10a6b564c7f49169886b6af0fb8d,PART2-PREREG-1,开放前线,0,1
19367a57f98db22ca2ec6f59dce0e3cf28f98cd7ac944ed20a73d6a9776db6f0,PART2-H-R1-1,收敛区,0,0
b50cde4b305d693517941ff6fc2031230d63f023b5438156a1ccbb44a7c73dd1,PART2-H-R1-2,坟场,0,0
7c4298d9f3e2d24747cb48dd0741999b01750556c070cfce94cdb12b040ef06e,PART2-H-R1-3,收敛区,0,0
f9573b223465c5553b534c4c0afac40d75f1d7b3bfa0df89764df3bdb0262fd7,PART2-RND-1,收敛区,0,2
d9bf29219416e5611bb2f6a58c931898f8036e3333c3019b52e7c9751b7c25e8,PART2-RND-1,收敛区,0,2
684b7f3cf5e9625236847594b50c510ab5d23a5b7315b4d77b70b6aa570419a8,PART2-RND-1,收敛区,0,2
4925cd1bd75571ae01aa7b290ef5af2ad0521f5b55023d75ee76ee9a28199f07,PART2-RND-1,收敛区,0,2
5f3f5d9ec1b7911d8ee96515d0e95ea481f02a801b362ad565b3e9716e8efb11,PART2-RND-1,收敛区,0,2
49fb126ec8e66644f68ab968f5c39f4d4db0e63a13823ed05b73db36e99966fa,PART2-PREREG-2,开放前线,0,1
fe711372938a41c2f37e61345c779680db51a99cec3eab2102ca01708702da5d,PART2-PREREG-2,开放前线,0,1
9c153c2f60606c08f404ed8e02c44a914b58116440fded0f32fc3ac3dd8e17c1,PART2-H-R2-1,开放前线,0,0
cf846d041aca7ea76b59bbe133d30a1c837e93f4b2bb45b33fdc1d4ed4f127d0,PART2-H-R2-1,开放前线,0,0
a3cab7a9c5b88d9885377cf5baf72af4793b0a820c2fdf3fe266f2ae7ad63087,PART2-H-R2-2,开放前线,0,0
0303e8da541c99dc55c2cfe5e423e39ae2cd951dcaf576cb5291b9a545cfc1ac,PART2-H-R2-2,开放前线,0,0
f1975fcf6328c315d72f2b2686ea53d647b8663a011a620871cdd581fc0fd828,PART2-PREREG-2,开放前线,0,1
f9833907a127f1e2fbf9fbe9883d0fcc4e9b9a17fdc22efa79591e19b8234164,PART2-RND-2,收敛区,0,4
7183ea7d6c4af02d3d219e8ad0fcff620149761895b6fe7e01dd20dff3d42c1c,PART2-H-R2-1,坟场,0,0
58758e3805b109852157f95ad10cb2c5ff588b734f52693f756375c658d4ee4d,PART2-H-R2-2,开放前线,0,0
fa453bc1c016370babe08c01ba808057726a8bf62e85762c00dc6761faa3195f,PART2-RND-2,收敛区,0,4
f7e58497232f2f416755a83032c2c2b5cccb6f56efcc92e4f8764a56f81748dc,PART2-RND-2,收敛区,0,4
651d153660c851f57ff2332f76ced968197608c2964c988f215d4fd01f962e27,PART2-RND-2,收敛区,0,4
ee76edebde07b168d1dc4aa969d7c77338948cbb57e1261150d5b39e623382ed,PART2-RND-2,收敛区,0,4
0ff1483b3d50e94915f4f5af2cdcfc0dd254a7675654442f0f59d13ef7dce34d,PART2-PREREG-3,开放前线,0,3
561a0f838272c7c27e1adad949281bfec0fd3ccba336e716ec888bdd899d1c68,PART2-PREREG-3,开放前线,0,3
9149c0e910a8e957cb7722afc106d15bf75c2602078eb1c60c7b6cade707582c,PART2-PREREG-3,开放前线,0,3
bf2ce4a78bb89cefb443425dac2fd92e48c3f15283e986066f421806e09bb747,PART2-H-R3-1,开放前线,0,0
53c24f561dacc97ea2cc3b84ef10aca783b4f54aafa7dee3eb85f159efd1ba40,PART2-H-R3-1,开放前线,0,0
f9cd09216e14b240df10538da37b68c3712af0455f43d64d5fec397b85574111,PART2-H-R3-2,开放前线,0,0
deadbfe673c7c3f0b5a3d9c69f8ce59be19c8d212f9399c8dbb2be06776b0118,PART2-H-R3-3,开放前线,0,0
f5a6027a07051783a974efb5a982069285a1cf68e13c5ee7d56508e558bd723a,PART2-RND-3,收敛区,0,4
3172f54aa17d4c703771e82074245c22f441b455ab698ffdcfe1bcdac7119bd7,PART2-H-R3-1,收敛区,0,0
952b49a488665f2fba96bebdeab476eb9845996f13b45c4042a93ce749495515,PART2-H-R3-2,开放前线,0,0
911bb16bdc30ec6be71df570983fd09221bbfe8485df6fdbfd1227839cf53649,PART2-H-R3-3,开放前线,0,0
8f21667a1bda5beb6f8591d3640045930acaa44a4aaa639c6313bcef26db0d94,PART2-RND-3,收敛区,0,4
f2713c149ee734628e2c259097de35c651179e64513455ba43509a3f3e2498b6,PART2-RND-3,收敛区,0,4
36f7200c72e80427c41ca8fc4ec4a9f186a7daab42de202fe5a833dc8873f732,PART2-RND-3,收敛区,0,4
4411691f820d489d5c99732a3435ad36a1ef7f0bc38bfe28ce911939ab5ca7b7,PART2-PREREG-4,开放前线,0,1
4051bbbd35189aa2d23cc9580edbdfb27e05f774dda0deac977eb40eb48199f6,PART2-PREREG-4,开放前线,0,1
3ad6d11551d4c6f5ca1f595c06e9f7da3c841d8d2eb093dc5fa4ac49656ce7f2,PART2-H-R4-1,开放前线,0,1
a539b979dc4c6c47e284dfa48409261ce6eb753de7376e3cb8830ef3edd96a36,PART2-H-R4-1,开放前线,0,1
e0657fcb83c973eb78d824fa76f80f7a4989053aa2b0505a1372a60795e0663d,PART2-H-R4-2,开放前线,0,0
bac235bed37819b09d1e8face3d3dd01d747f13a99245a84197cb7d850369ce5,PART2-H-R4-1,收敛区,0,1
543a85d7af7a3c3733131e2a19009cca571fdc121cae14c2c45b5a4ba8b993b1,PART2-H-R4-2,开放前线,0,0
0bf81012fef06e1259d59b8ea1a23faf0062b7ad07ea99091340c5f99e07e5aa,PART2-RND-4,收敛区,0,3
f2ed8fa349de03d91ca5af4efa63e70fe3cb9924157981422ccbb8569b57e926,PART2-RND-4,收敛区,0,3
406321415f063f256eb3c97c4cd8f0beebfd8215fbf4a8ca8844ebbd9ca29013,PART2-RND-4,收敛区,0,3
2cb374b28922bb658812556615dc64d8d400d86b598afee2a23381723fc15c64,PART2-RND-4,收敛区,0,3
7f5c7007aa15caaccedcef1dc2944d95f908fb9cf423a39f27b6838a3b6e0201,PART2-H-R5-1,开放前线,0,0
10ad3d70b910cee7375479c8fced5e67828942ccadab770375e954782c416ccd,PART2-H-R5-1,开放前线,0,0
45a27ac7109f0b2a26db80522e5ffb9b10ff0a4d57e7b605e9695313ba92ca24,PART2-H-R5-2,开放前线,0,0
99ac0a8a53c60617d1a24b5ba5d2690ad43a30a3c74280ea10eabb7ed824f535,PART2-H-R5-2,开放前线,0,0
ff6b5bf2587f5529932617fe0c2f764bfd3d37a09ee0948c99b18ab59af6f9b0,PART2-PREREG-5,收敛区,0,1
b65f7b5052ae7c83b1e3ca82b99d7d315d96982e4b90aadbebbc31f50f59701a,PART2-PREREG-5,开放前线,0,1
c96c6a4ef02f513a9a934fadfa6a952fa575e9531a03aba83276232f9378ab63,PART2-RND-5,收敛区,0,4
35b8b5db431032f71e7388d8479becea3649a91346896cc8aaa633071bfcb156,PART2-H-R5-1,收敛区,0,0
92d081c0d679f6180e06911881129422aba8f7b88f49a5015edbf613aa870564,PART2-H-R5-2,收敛区,0,0
e6bbec511182e03c64410a0af71191257d35ffa9f0b496b3cf7124ddc63c9072,PART2-RND-5,收敛区,0,4
0ec7b8db8c22b1963d54655cdf49b79fa87cc6fec9304601bcdab3bd57c10fbe,PART2-RND-5,收敛区,0,4
8acb9cb7864c9dda2730a73248f4027d5c9f55ba99ea0a8b33fbd05b6ef4bafd,PART2-RND-5,收敛区,0,4
45a4ece962d2dea2f5468c157b25052647c08365dc3b8f9d3ba1667336e23148,PART2-PREREG-6,开放前线,0,1
b17ead6960c3da9efad3defaa82bb48b891ed484e0f60d3dddfadcfc00e84635,PART2-H-R6-1,开放前线,0,0
e7f6cb927ce34e088d7203dba26edafafecc83447231c9549e682a30b292e7ec,PART2-H-R6-1,开放前线,0,0
476570e4f7dd656779277cad77f0c14d814133138878eb933dc8a03b12a4d212,PART2-H-R6-2,开放前线,0,0
e41b0c8eadf1356147a560b6f6dc726ed41648e751352ef88170ed664ce27adf,PART2-PREREG-6,开放前线,0,1
c4907bb11675945ed31a828951ae909c852060bd83066a0e11f7a4dbc25813e2,PART2-RND-6,收敛区,0,3
42c64637b5ae7e31090c6fd2a7a081adc1d9fc75179566375d814cdf94d16f58,PART2-H-R6-1,开放前线,0,0
b8f7805b5f7c96779274cb2debf42734374660977029d4d302834eabd8c3d987,PART2-H-R6-2,开放前线,0,0
336037f0a7395ac684ba236a695e98af3a234e133bd3692ea7157da100be9271,PART2-RND-6,收敛区,0,3
8a1788897114784461e211a02d58ded05123030bb49fdac1c4401aa41ee4689e,PART2-RND-6,收敛区,0,3
5ca71dac8f7b33bd84886541bd3e22c993f54e6dba3d1f5a20384a9720b53b37,PART2-RND-6,收敛区,0,3
03535b212cbb1a39b285526b2f8718f6289e88cdc06d1bb7cadc866de8709188,PART2-H-R7-1,开放前线,0,0
8aeeecfc84c0995d0f5d2812f45767edbca22c0b17d7289c643c0ac6211b8bbe,PART2-H-R7-1,开放前线,0,0
d73cfe3db19836d75e25be246af8f22db744ada2f3ced28b18be46f562b47aa5,PART2-H-R7-2,开放前线,0,0
80d50614f929e212a87a040f979a6ed8027f275db9226f90a5962d3632541fb7,PART2-PREREG-7,收敛区,0,1
cd766df5da349923afcd0742935ba5cbe7ee520d294bad21bd1c8740a91f82f6,PART2-H-R7-1,开放前线,0,0
595dbcd2a5dc75eeb185209788ffc16b0ace1f43c17b2c0fbe0eeb8a665992fa,PART2-H-R7-2,开放前线,0,0
d7de2cd250f879e32bb66a0793d995f4b0bc2718e15a74baa462a9db69bf0a38,PART2-RND-7,收敛区,0,3
fb7a757744a6755cbef93b202d6f5983ae4c8a509059a7831afe670f9874fd11,PART2-RND-7,收敛区,0,3
883eacf02372814d1b74b17a0f8e9ccee9e5f4304f4c3f2ea775ec157015f305,PART2-RND-7,收敛区,0,3
71caf4d7ead1cfb1ab8c3ee4ac5a1477fe635fc81a726a0e59fbea68aca79005,PART2-RND-7,收敛区,0,3
17e3d3ec4bad0ea41fe259038571d3f8404eacd6fb4c73b0b6517dedf0a631bc,PART2-PREREG-8,开放前线,0,1
d0843bf78fc7fbf3f5f10467b2f9839d90e299779e8c788ec4ef956be08d01c4,PART2-PREREG-8,开放前线,0,1
465b23f29d640f6d248ff5387d05dd4bec55d5718b6aaa016e12aa1e67f25ac4,PART2-H-R8-1,开放前线,2,1
eef25a7917383e22d96b86896355ce9d44ffcdc1fb5d7de9789f114e561a67e0,PART2-H-R8-1,开放前线,2,1
eafa0db8601e66555825702b7dfee79b21cf08d7eaa52fdaaeea53fa9d175cf7,PART2-H-R8-2,开放前线,0,1
7b71f3d6bc91d917b004b698d85b89dc1e7a102f78ef027ba7bf306d6c70b4b7,PART2-PREREG-8,开放前线,0,1
cbb1e0ad4be73fcbce4b7433692e07b548a9f2a4a22524b5f28291e2928e970f,PART2-H-R8-1,收敛区,2,1
3c12441871d7a1fbd4067ebbf7defb2f5d3ee98ec69828fb7243c9b01ab3e4e7,PART2-H-R8-2,收敛区,0,1
2d07e48d0a431e7d0921341ec501bbec4b7efb4e5a99f716abcac7cd2ca9bf75,PART2-RND-8,收敛区,0,3
d33370d09851afbdb0fa74b236366609d35a874d2a7e38b8e4727f7757d3a098,PART2-RND-8,收敛区,0,3
3ca20239d15094ff5a1e040047e6abfd2e7759d4427fd2406b9d6b83e575b126,PART2-RND-8,收敛区,0,3
ccc79de64c834771b339ccc03998251c8dd700ad5c7d8c5112e5a41d810b5656,PART2-PREREG-9,开放前线,0,1
f4fe70750648f41fc1cc0f843acb8790724fa9bf7e860092fdd0e065c73390b4,PART2-H-R9-1,开放前线,0,0
05661bf3e972f91b1bea4ad3cbec5e4dcb2ae649120350366833d0cdd62079db,PART2-H-R9-1,开放前线,0,0
d12d588e2a76d2e1823f43f0e67a3158716220dcba66a4d49fa1917ba66b3338,PART2-H-R9-2,开放前线,0,0
c0a19d2bf79bdf07e306e1e7d64ec01edcc107836bbec4a95e7712409e157909,PART2-H-R9-2,开放前线,0,0
f912e726b62a902324193ecc2221d74624fab0c07036a856fbb34c3b646251eb,PART2-H-R9-1,收敛区,0,0
910700f8e33174d364f3a145c8983fa1496c02440e90f0d16dc86ded14a1e3d9,PART2-H-R9-2,收敛区,0,0
70b085ec59b1689c9b62cc960c9f2aa8eb2de77a8ed488ba6a343b78f0daae6d,PART2-RND-9,收敛区,0,3
4d8e8055302f4901a588a508ee725c77b7f3e789019896ef5a14e130abb4f66e,PART2-RND-9,收敛区,0,3
d2f8c64aa1059678edc0d4c005501aeb7c3ead56950be8c26927c109b38ef271,PART2-RND-9,收敛区,0,3
9ec090e8a75cfd2a43e623145691764e25c16796b79bd7ec263f38f18eaff769,PART2-RND-9,收敛区,0,3
3fba8c28399100d4ca253dab155f370c885de7276b5765fb47960ce7e976986d,PART2-PREREG-10,开放前线,0,1
ba2f20ac925874bb31d89286d47bc8ffec3136dacc030a3f9033fa490d190fca,PART2-PREREG-10,开放前线,0,1
e58b49a81e1ec72b9ec7261f0294c957b57c1fcc130631631259741895cbe079,PART2-H-R10-1,开放前线,0,0
68c741c92f590fb1bd0579c92ab652c730f1e88d7509d42cab22e67ab3ecd2de,PART2-H-R10-2,开放前线,0,0
d5c7a0c67bf80b682f939d4fb10e0ee74902bcb3bd60d7437fc3cc0428decfee,PART2-PREREG-10,开放前线,0,1
45b68a8670a78cd36372fbe53f55289e34474737364a52d7af322d7ef35954f7,PART2-RND-10,收敛区,0,3
1f05d1362d850f757d280a6c437b91ea0e4f97191de18372582d40ad4a6aeb62,PART2-H-R10-1,开放前线,0,0
3e0634288bda150c987f22bd2698420598f8b6c74f66f3d1f2e1e670aef869db,PART2-H-R10-2,坟场,0,0
2a2c221d6d3a9b686164fa6ac43f118b124538445e722e07f2b4aa5c6894174e,PART2-RND-10,收敛区,0,3
417460e9ad9b04a333a89162090cb23b90623ca513cdc0e1b862fa12ba812430,PART2-RND-10,收敛区,0,3
19e4da0356e277d58823fc78f3415d9dc398ba09f3cac2bff914b12450fb303a,PART2-RND-10,收敛区,0,3
82928304b7bcae9afaa5ebcfb8c18004d4ee916faaf2c97661fbf60aee2f2ca0,PART2-RND-10,收敛区,0,3
1c2a59e65015f6a71f9dd8d7b1b96db3609c9bd24505bb84cedc7c6c7b542ffd,PART2-PREREG-11,开放前线,0,1
a9977ed3127d3b85f6bb27da0678b7f2b0cbc930d6457bb3845ea94abd785392,PART2-PREREG-11,开放前线,0,1
19c3ac25e0ac459de81dea210f05ad89289a16b87a12348c9b78d79396926eb5,PART2-H-R11-1,开放前线,0,0
a00ec72ec06a04071033da8a23e3370e079330b9afdc463216f554f9562661fb,PART2-H-R11-1,开放前线,0,0
308638de3459fab955294f1183603d0c15ff81d948b0f3a02245864ad5876aa5,PART2-H-R11-2,开放前线,0,0
623d4828fac0bb540abe06116dafebb05745359d42e903e476fb6cca9cb20407,PART2-PREREG-11,开放前线,0,1
49902aaad68b7bee77e10976616b88189cdb2bee28a081ade984704f94c2a1f7,PART2-RND-11,收敛区,0,3
6e0a54ab186556ed94b24f1f3e773349c38882f838baff975f402ec1abf0aebe,PART2-H-R11-1,收敛区,0,0
fef09e0e3ed6e33c9cf2a1cd675a6ab6b9d1424682ce0b07de8177b77756e2f7,PART2-H-R11-2,开放前线,0,0
07bd168d106d312647b40cc71bad5fda0695e650e39e61cd57ad4929ea70a8eb,PART2-RND-11,收敛区,0,3
1683968e8b66a59a678c3d1dd908c6c6cef8e89efe337d41b3340d5d6d630db7,PART2-RND-11,收敛区,0,3
0985f0c4413cee4dec03c861afa4b528326e2db6bf7be1a14f0d896a675e2c62,PART2-RND-11,收敛区,0,3
affcf89205b72aeaf8c4038c136e70cd81dd756559dcc503b0cb8b91ffbae337,PART2-RND-11,收敛区,0,3
ae8cc62f213493162e671c63361beaa3dce87aadfe9167c096177770c158b7a2,PART2-PREREG-12,开放前线,0,1
5e974544107cd8bc8acbb6468bb79d1deb8605db2078be2de739512c679cde42,PART2-H-R12-1,开放前线,0,0
237276c530afbbf7b5efd4514589be7d7afad9188b9fe84f9994a1625d3c32d9,PART2-H-R12-1,开放前线,0,0
e445d8b2955014b9eeaa5e12c283d7da3b9f5d374645744187f3d3d00b919f1e,PART2-H-R12-1,开放前线,0,0
95fc85c9fb64c893e6e504b57cb8dc5d77cde224ce6eee67165c452278740254,PART2-H-R12-2,开放前线,0,0
44f7c61b170bee04d8d32f3867453c0d85e256ad9f14a90de8dd570f349046ef,PART2-PREREG-12,收敛区,0,1
83713a08f03bb7a656712d6b0e307e1029c394f4733a41fbff36374e01a7458f,PART2-RND-12,收敛区,0,2
ce723d8789e2d6b36d9c54a89daf428dc4faa0d9c219bf9de2fa2613854ca3d8,PART2-H-R12-1,坟场,0,0
ad32f91bce2a4ed831a37275429ed334f86db6c3e7824dd46a58ebc77e7e830b,PART2-H-R12-2,收敛区,0,0
8bf62806dd033f47cc6158468500829303a55d33dda986fd0bd59382ead78139,PART2-RND-12,收敛区,0,2
3a16cad92aa02a2c77ca7b0f77114490a368f32a66aa87690bbe7fa0323321e7,PART2-RND-12,收敛区,0,2
b6d15ebc9511ea62c73c03b7c0e923d2564d02255e408c37c58ed05c49af8092,PART2-RND-12,收敛区,0,2
4f985bf7d7bdb0243af3bd9c8115ae2bd6810972461795b658e3e13dd97210fc,PART2-RND-12,收敛区,0,2
84bc08e79118463ecd2ffba6c790d4b16b6e01682e864d610e8ddeb79a55577a,CB-HANDOVER,收敛区,0,0
4fb6a21fb4a9bdc84f2a6e7afb7e739c63d62042c0fc9d8c44497590100c13d0,CB-HANDOVER,收敛区,0,0
9e9ef7fe07216232ac5fa612ed7a55812fa12a414502cabece9aa1676a4d3c31,CB-HANDOVER,收敛区,0,0
62fd1a350950ebf3118333d70301f449efa2c00e6d401dec3d56dd58b3ebabe4,CB-HANDOVER,收敛区,0,0
9d06070ac7470969975af61c148ada8687986aa208092d238ef61135b8f401f6,CB-HANDOVER,收敛区,0,0
bb6210874a45d063823a58b040f2d173bb3e4704ede20aa6539c57f9c46fb9fc,CB-HANDOVER,开放前线,0,0
5ae5435ae991e4e62a0b7d2fd231de714593b1112f11ac1df9a552842587f0af,CB-HANDOVER,收敛区,0,0
607a52f539c9ce866fd2d51c33b34a4bab62f07efeb8b2e96c741c506dbc897f,CB-HANDOVER,收敛区,0,0
3a4fd6fa5cb099db7315558e9c35a958657d008ccf277b1b30babcf981995f36,CB-HANDOVER,收敛区,0,0
6400281b6cfd7edb4449e8be1d3a67ec367c2eb676618943f647de8c52b66ed0,CB-HANDOVER,收敛区,0,0
667cca3c9705aa99baa51763baff1cc3d1cd625049d3577372b3cb1216353d2b,CB-HANDOVER,收敛区,0,0
7bd982d97e689461413fef6a5154bc7ce5c85a71bb23b49e42ed68d6841c0a3a,CB-HANDOVER,收敛区,0,0
42e5892000b96fe0fbdb3ad9746269f06a15df557c405af1dfb1b628939227b9,CB-HANDOVER,收敛区,0,0
aef8fd9e4b42daed0c01847fd98779f510ad3242d3f2d75170dc1e2107b881ba,CB-HANDOVER,收敛区,0,0
d593b47e0b6b5f6d65f75daa8973473db431ff48c1d969b3bc7f1abc7c51b73b,CB-HANDOVER,收敛区,0,0
097e4d46aa97277f837024dd5082a9e125e40c5b963ef6e4730ad078bb09d9a4,CB-HANDOVER,收敛区,0,0
ced7251e4c309c6331943eca082081b52b96738f58663362d7f7e2a02e54d4cc,CB-HANDOVER,收敛区,0,0
7ae423abf520acdfc2fe5077a4a03969fd74f0e49decb8d433d84e4f13a1be84,CB-HANDOVER,收敛区,0,0
d64261ae4726458ea224659faa87b69e887a85af16d25f148006b92175bcc540,CB-HANDOVER,收敛区,0,0
a97ca73d214716b6d1a6b7ba7824b4ffcfc10fc2dbdc37c19b1ff7400a5e9c24,CB-HANDOVER,收敛区,0,0
49e88b4132f930deae87ebb8988f3983d7bdd20096b723035fa896646088f7ea,CB-HANDOVER,收敛区,0,0
cc5c0448284ac3e844d2f07dc5c483ada3f605209baaef5f11352c0cf53b22fe,CB-HANDOVER,开放前线,0,0
ae27801e20bb86e36c034243bbda8cf269d4f5f3f1b1256ac3ef190c8378353e,CB-HANDOVER,开放前线,0,0
64e585d7ff43778707fc57dd0b467b1480b8906c6e88155cdf5b047f137ee974,QWEN-v4.0-111,收敛区,0,0
a216516e7308a8cd91dc845996bdf4ddf51d433cb3b3181177cc9c7828eb2ca4,QWEN-v4.0-111,开放前线,0,0
250219c0bd1659b3053e000bc59416d98a081e84863244e3550a3c049576d911,QWEN-v4.0-111,开放前线,0,0
7f89538044946baa19af8ca26debe7741ed460eddc05680fe74543899bad53af,QWEN-v4.0-111,收敛区,0,0
88b5c9d08e1e148459294028312f55b72393491ca41153d72260db4310a33249,QWEN-v4.0-111,收敛区,0,0
703f331a0cec529132079760f73d4ebdc7cd8d089d2ef7980ca67185d284dd74,QWEN-v4.0-111,收敛区,0,0
358ba9cad9a4224d19fb7d0169cb40d6f6fcfda733d29d8027e85206e61c164e,QWEN-v4.0-111,收敛区,0,0
65c61b8912dd53164ffaf7828d89fe698c7cd2a153b7b4977fbb24afa9c2f853,QWEN-v4.0-111,收敛区,0,0
ad07d9be22397e509b83cdd6a1dc0700336fcd46bf8c251e06568b76dbdf7690,QWEN-v4.0-111,开放前线,0,0
4bbacde792b20eb0597b5fd4747fbee4a9af2226c361ffcfa336c4184dc872c5,QWEN-v4.0-111,开放前线,0,0
07a0f8a60f0d37b3d85fc7223a573286f5bfb2198106b1bdbbd18a32a9b15b95,QWEN-v4.0-111,开放前线,0,0
dd001f10098258e8d0653c59c700cb75600dc6db42c4cbd9058f981298e88c1e,QWEN-v4.0-111,收敛区,0,0
ac8b6202838bebce1db65937354ac0f8c3ef8635423f1fa624f23cd4f80a8ffc,R2A-SELFTEST,收敛区,0,0
471b825dbacc313d3236d00a158c8e1420971a9dfbad83bdc4a8d37c9ad71255,R2A-T2-1,收敛区,0,2
688a239d15a37210f1acd703723ea41ea13764d1bc4d094f4a5c3f903809629c,R2A-T1-1,收敛区,0,2
32abd3f68feed0176ccb10dc1bc0799050c1eb6e3d622a2132001111e04a0f4b,R2A-T3-1,收敛区,0,2
1a25d38b7793639a49943b39af54234b18e11dfff9268b4a5d7e2a5b89d80c9f,R2A-T4-4,收敛区,0,1
e575275563f23c550fb1fe7d4f819a06a6b4be596cc46b861b1663ddae435bdd,R2-BATCH,收敛区,0,0
9569cedbeb44a7c1acbf4ab542ad2745e4c1458bdfa67da17103c4878b5f3a04,R2-BATCH,收敛区,0,0
663c46a476500dd3a61d20c56ba933b044b72b5f3f89932fe571ed351da34aa9,R2-BATCH,收敛区,0,0
6a134e10f37efa857abbeba93f1caae509261fa5712f76c1f5a7a378fe6ebc6b,R2-BATCH,收敛区,0,0
d3ccdaa526a16f62232b3b60144d37eb575640e769625d3e649e9df49b90f87e,REAL-WO-V39-ZC,收敛区,0,1
9582c236a508dbf962203c3879e1e7e4ea7b6e27fcb81f3ff1342ef1217b4d72,REAL-WO-V39-ZC,收敛区,0,1
b9acc5b4ac32531955582955d41b065ef462117b30c93f2d483e95accf223db9,REAL-WO-V39-ZC,收敛区,0,1
edbac097966f959e079967216a47d08ae6782ee64c59cdeda9f25d18898d98aa,REAL-WO-V39-ZC,收敛区,0,1
1fd0d735763852304959436bfaed1cdda3b69275522e9d0fcc4b2dedaec3ed60,REAL-WO-V39-ZC,收敛区,0,1
a275d40d64c47a19e321f822a3c6cf107b432ff4cafd96020607533efd2b38f4,REAL-WO-V39-ZC,收敛区,0,1
564a477e0777867a116d53946e6143419abe2f2b855ea61812cb584249a979f5,REAL-WO-V39-ZC,收敛区,0,1
0d408d83133d7ae52acc758de5ce7790344c549e34a1870af0e281ac7af18a94,REAL-WO-V39-ZC,收敛区,0,1
9e6a8f7accfcdcb55f5352744bcf48433cc95ebb6bd932b0558f0091c2b081a0,REAL-TREE-ZC,收敛区,0,7
7ebbaf613d4d54590254a8e6d2f80c623d9265258c0837bde8f60fa4be49e54b,REAL-TREE-ZC,收敛区,0,7
1e172d29c3d46f7848f11379a8511c9d421e06a8e67f2de6790014bc71d6dcda,REAL-TREE-ZC,收敛区,0,7
6438154acdc9fe8910efb9b9563f66097b70d294341ab1742791cde162397fce,REAL-TREE-ZC,收敛区,0,7
543babeef8d854b2d90aa8d1df00582d6d4e0f5b8ac4cc7d367db97bc745811d,REAL-TREE-ZC,收敛区,0,7
1849e919a9de10f275900cbf176dc179f2c7094b1dea8cc053d339c3bfef7b68,REAL-TREE-ZC,收敛区,0,7
63ace1aa11eb9189fb577132b99cbc3ecde56d5dd95ee9c46ea24f54a929c348,REAL-TREE-ZC,收敛区,0,7
0ee909a9023c9a1b443632bc9d02b3cb56b73237ac8bb91bc6882e89ff0fbb43,REAL-TREE-ZC,收敛区,0,7
734ac9822e6605b03c10569e5210943fd5e7324903d954d986bb27666e5c1b2d,REAL-TREE-ZC,收敛区,0,7
5dbd84ff0747fe0d221f4bc065dab95748e946c3a080b71558931cc2d2703cb0,REAL-TREE-ZC,收敛区,0,7
3a5cc25174ce279f19d725c0234ff9a6eb330035ff91d27ced0ff56100ffe6e5,REAL-TREE-ZC,收敛区,0,7
e15a8cb6f6a9872a51492e93c2288b26620f5384bdda83df80409800b2d9b621,REAL-TREE-ZC,收敛区,0,7
473803728e8d3bd59610975fc8477e6c118f21b32008f4b8bebbe0c579ea14ef,REAL-TREE-ZC,收敛区,0,7
004f50f40ee4e7e663a3a21cb2cb5b0b28db0ab7e95c54fab890d6fa811f85cc,REAL-TREE-ZC,收敛区,0,7
52905d0add3585864fc3465996de0f33e1cf08a1f890df82a1468cb331a418d3,REAL-TREE-ZC,收敛区,0,7
057255572005b85cb0a70aff9b9a18cab1c2bcda894be8023eafa437f78176d7,REAL-TREE-ZC,收敛区,0,7
61ad420a87419e9764ba72c8c3af1c7cb028195be80decb774a19f0c3cc46b98,REAL-TREE-ZC,收敛区,0,7
16345a4a35b9df9c60c7d7b43587be945d0b32f24a31bd84e24dd0ef2d862d10,REAL-TREE-ZC,收敛区,0,7
c5d193c715601a2b338a2266ea91491cd9817085ca1314a2f7385fa87490337d,REAL-TREE-ZC,收敛区,0,7
0eec3d530e418d0c5af08f61ced5111e411612fbe36225abe24b8c49f94394fa,REAL-TREE-ZC,收敛区,0,7
6a56cc8d8b97b355d9850c0cccba674b24ce43d906dafb1c73ee8b416f3f069a,REAL-TREE-ZC,收敛区,0,7
8994eb580897675db9f51e7ce2d2337027c0269182597432ffd412a394f362d1,REAL-TREE-ZC,收敛区,0,7
f33c542102caa3e3813713aa051a695e318684c1825b895bcbcd8f3d8b30cc82,REAL-TREE-ZC,收敛区,0,7
d7b36b1b2c60b59de334307a82e5e00a124875cda31fc3eb827d6075e696e41d,REAL-TREE-ZC,收敛区,0,7
984672350eaf736a9d8428172ac2241e605fa60a9cda7f4a510cdb12b2c8779a,REAL-TREE-ZC,收敛区,0,7
c41d8d505429137b625af3debaecdc3142dd019f4c7cbf2b84e91b202e729bf6,REAL-TREE-ZC,收敛区,0,7
f1679f09e14a4ac8feb8db92075c4f0626ecb5e27c97979bb0e8f7c7e336a3d4,REAL-TREE-ZC,收敛区,0,7
6211afb7312db78504ec9b1056da19a1d5717754024f79546b8cae7aa1c0bc93,REAL-TREE-ZC,收敛区,0,7
6e76f3451bfacaac7f3d45b34ded4aa50f1e005b4f1197f0530bcd63cd135aaf,REAL-TREE-ZC,收敛区,0,7
31c4741bd24da98da37e8d314af8a76ec159510403d5eeee39cfb77c58fed15d,REAL-TREE-ZC,收敛区,0,7
1dd442237ea3ba8cba3c066d6dcfbc9674508c44c922d61ffdec646a7430ed61,REAL-TREE-ZC,收敛区,0,7
c230c3b4243fbfef064c10455ccd9a2c47d7a416ea9e64aaa67e883244dab906,REAL-README,收敛区,0,0
e65cc20b1c85276c678406e00ac25eddd09f6f5395167e57d77882c0da05a9c8,REAL-README,矛盾区,0,0
82174080e04e73658e9ba154fbd764b8ec27607e0e13d45ef8c2ad4f885d8d48,REAL-README,收敛区,0,0
128b008f249984cd7a73cb53cc958f0766bfb834ea24fb3831b5cca4ac30a993,REAL-README,收敛区,0,0
73d13e2536302b89c2621f8e374aef41268327cafbadd46a228de8ed945c1d89,REAL-README,收敛区,0,0
6eeb09293fe90151bace8bd3a9da40706188bdec292ac6d8a14ebf8c6f563723,REAL-README,收敛区,0,0
d473f1d8b3face970c79e7460d34606719b6c37c0674673d4e1467bf49d40796,REAL-README,收敛区,0,0
e9fa762466ccf91b616ab689245a8dad419f0e372ec66285340abf5a45be04ae,DB-V4-WO,收敛区,0,1
5e6aea4f28a9c0cb7ca60cb5f8e1673aae175b36dd8246aea0c5a44e239c3a5a,DB-V4-WO,开放前线,0,1
8594e0a5e0717a9c14cc5d45a9149c31ef881decaa1f72042263371597d09578,DB-V4-WO,收敛区,0,1
d4b4fa044fe3de77fce74b4739c32f7032e0db4346d8d3ee7367e748c8ed4bee,DB-V4-WO,收敛区,0,1
37a23bdf8d3ed5563f1a5a930d8022d04b924f51bbfbe55bfa3e7f2b9557e834,DB-V4-WO,收敛区,0,1
96f490a6aa64755b200039143884ddc283d900fd8ced09b6c4896691b76436dc,DB-V4-WO,矛盾区,0,1
e4bed9118ae0d08cac83fa575bf972cd92ecde586c2fd9668b21f2d0b23fbeee,DB-V4-WO,收敛区,0,1
06b18cb31c5df8ca7929dcd76d6c8e762a31aa7a8346e5ee026a9c2177bcb998,DB-V4-WO,矛盾区,0,1
f7548aaf488468085c4cf9fc34c2eb5685e6d7d19c069eda11fcafb0d966255d,DB-V4-WO,收敛区,0,1
ffe91a5a5106aeffa038319dff256c62a5656063419b2b9c622967a44507c6c8,DB-V4-WO,开放前线,0,1
984ccc3178765c4d226ea235eb9e42eb0b278e00e264cd66a09c8f664061b466,DB-V4-EXPLORE,收敛区,0,1
23a014016be9109899703d7c823b5e328fe9466bf227617f518ce0f70abcba63,DB-V4-EXPLORE,收敛区,0,1
8af451faaf076c42340b43d34f1dd37cb32b52294a2cccbdc939b78b95789841,DB-V4-EXPLORE,收敛区,0,1
a50bf8e4998158799ac0f111a0138c8d23cab4b3be1812d2c5f2b8f816e9bf65,DB-V4-EXPLORE,收敛区,0,1
758a07787328c2695bde22dd7228b800cae758f403c89bdb690d4d1a759e0af5,DB-V4-EXPLORE,收敛区,0,1
4e6ba6bc3cb17baffbb77d4adeff37426e0d1342b27548ed9a417bf950dc9bbe,DB-V4-EXPLORE,收敛区,0,1
268b1f345b9a0ca7243d908de126268482f6580843cdf900740733ca7ff0654c,DB-V4-EXPLORE,收敛区,0,1
587d9f1545f9851d903e03b61047146539aa45aa83bd1cfe505d526cb0fb37c3,DB-V4-EXPLORE,收敛区,0,1
7c0f163fedaa7960880d85a48eca37034788f23ebcf7d13eface0cadf56e4b63,DB-V4-EXPLORE,收敛区,0,1
85b7a24a3206fbbbe4362f32dd88b940e2f6f15bd9677976ba96c25e0bd450ff,DB-V4-EXPLORE,收敛区,0,1
b579cc95806b8e44c9f60901370fd6a4835de461c953cf248ebdc43bd0b07241,DB-V4-EXPLORE,收敛区,0,1
19608506950d0227af35e4c8bf0cac776c463abf5bcfb8502c00dad7f1134708,DB-V4-EXPLORE,收敛区,0,1
3ae5618bf3d2d69643dfdf39dedcef816fd5e47f487e02fbd9aa8c31dc2a3f49,DB-V4-EXPLORE,收敛区,0,1
db719cdd95fa3bf6432dd779769f1cd3b40c69cc4d5a1b3c8880e2f1041afbe2,DB-V4-EXPLORE,收敛区,0,1
63e7819535ab1ab276786173e97690e165c77c1907fcb2fd43f27f6e6a0539b2,DB-V4-IMPL,收敛区,0,0
505dff0b80765746bba95f79e2d92953998d1889b5214bab22f8be947c12bb2a,DB-V4-IMPL,收敛区,0,0
9f23538df4f6fe76c69c899ef270d518827df8024ac8dda50df1437f15254c08,DB-V4-IMPL,收敛区,0,0
6cf70713521e56ed0c1c006587e4c4ba5a8e8c880f2ea4fbd43b104a50abf24d,DB-V4-IMPL,收敛区,0,0
80b5c19e4b57b02c1550ab427d10ba566f9fae9f8d3ab272e1a4f3becfaae0b9,DB-V4-IMPL,收敛区,0,0
f80df1422a64a69fd3c5f2b2fc9e767991c5a9ca651998ccd69dee377878e2fa,DB-V4-IMPL,收敛区,0,0
8c483399dc595646234140d74ac585cd1d5b417392a35f858c154b6f6b150870,DB-V4-IMPL,收敛区,0,0
30f0f13270c14ed8e0a8a6df7fdb4b7825cf3cf97b8761dc502a60b876acf43b,DB-V4-IMPL,开放前线,0,0
ab35451b0ca49ff465659666772a7309affe9a0b30c5e4c74cbcfe5541d7af7b,DB-V4-IMPL,开放前线,0,0
53d7e6d921224cc8386b1f0c0d266f10064b73d643353220285769c4c8d6abe0,DB-V4-IMPL,开放前线,0,0
6caeb973188d194bba8f209fab1501fc734556f9b9f584125a9c83a014004a2a,DB-V4-IMPL,开放前线,0,0
58652f6518d1af0f20e63b2858bce58d4853d0dee01b582b3552dec4bc5e0825,DB-V4-IMPL,收敛区,0,0
10d0a7b51306b059173dfe569bb950af5167b501e2fe5d8b6f270628f1d1cf8e,DB-V4-IMPL,收敛区,0,0
dd7b341eeb7afb28af2f77c56fb9904af6f5257f4d5fed68f4922e0a3b17f000,DB-MEMEVO,收敛区,0,0
b1eae28b8d51851071f674f06ed65874664e28ed63c3a50953b2055c947fbf33,DB-MEMEVO,矛盾区,0,0
5afc26a926ca293e8fba8eb6ff95d743d21df6fc33fcfc90508cf2e162486c82,DB-MEMEVO,矛盾区,0,0
400a7c7ff128b7d4319b56a186de667a9a0aee95b3fd261c74265ac867ba04d3,DB-MEMEVO-D,收敛区,0,0
40f2af6591f07ae0f88907352ad56bfb830745d664a1d7b561afc781d2f302a9,DB-MEMEVO-E2,收敛区,0,0
51bf79c2144da3f240c13ef597d1c85e1f7a8d6426b13281a88e0d1d7a8533c5,DB-MEMEVO-E13,收敛区,0,0
0a992b21400cda3423ed7a757aec4cb5d14479627cdc991e8a36a7959ed701fd,DB-MEMEVO-E14,收敛区,0,0
33042c6f58faba95b1dfa527024bcedada4321ef8bd93e9a4bbd58b89a0cbd2a,DB-MEMEVO-E24b,收敛区,0,0
fd21adf18b885d9549c58027f21b5f1eca3cdd457f216d14fe2c0dd1124e004a,DB-MEMEVO-E32,收敛区,0,0
5e6161715cb0c3c38b8d62c6f9853c9226d629a5545d00181e9e214a599387a7,DB-MEMEVO,收敛区,0,0
b304f7cf4b71b5e188c677c471e7990c80f968a52804e8f6ef687cda5c5b7ae9,DB-MEMEVO,收敛区,0,0
39374c220a7aa29a4f55b3ea20825cc8f8faeff90ddda358838e00d64b06827d,DB-MEMEVO-D1,收敛区,0,0
23aeef12695da5d4e3d89bad1331b941e77a81524e324655607a92a51880e7b4,DB-MEMEVO-D6,收敛区,0,0
177f81b04abae04153da30005f18c9867eadd8a10d3e20771c4d12e972e29ad0,DB-MEMEVO-E1,收敛区,0,0
0fc0d8389703d134c45d0e74d34159ae65fd3b696b71cb6546b266c36abcb798,DB-MEMEVO-E6,收敛区,0,0
81d1b3d48f260666f7821448f0325d7388aad4b6daaf48ef1fcc54cba254ecda,DB-MEMEVO-E18,收敛区,0,0
905a3b93b1e0a11810f8f9a9f69dcf177cad4908d39cad47b98168d98f08c79b,DB-MEMEVO-E19,收敛区,0,0
1f87c90a2e5b4032d24dffce7045a437a99cb4f1a3f7e177cad7c5deec09cdd8,DB-MEMEVO-E32,收敛区,0,0
01ceea50628351aae0ccdcc90c13a7f77ee7165e2b443a30fb5217c8bc8b47f4,DB-MEMEVO-E33,收敛区,0,0
21a38a17f2b91423612f077b7cff0a806a83d6939ffde9dcc996494c84e59772,DB-MEMEVO-E34,收敛区,0,0
1b8882db93f43da7fcf99f3c57e9fea804ca5d76c74f64b4f589588e028921b7,DB-MEMEVO-E35,收敛区,0,0
3ca96d1c5ff3dde4494ce10917d73421ac24ab7abefb648f0e77cdf6f57e8ec5,DB-MEMEVO-E36,收敛区,0,0
18935c415757e778e19ecf247925d2f4ab2bdf66bc00644976bf925a14bb6790,DB-MEMEVO-E37,收敛区,0,0
9107ba47656818782c3961d8daa19372280c7d5222be52e90bc1f250ded80d0a,DB-MEMEVO-E38,收敛区,0,0
8589e458b52a2481521d424ae4c75cf01b63368ea2a2fed6274f2057786ec6e2,DB-MEMEVO-E39,收敛区,0,0
af162bec2f2f0f7b7782c2079f97d578038ef55f47b2f1f9436304c9fe8d4ccd,DB-MEMEVO-E40,收敛区,0,0
7b5ef07e5380d8ad2f9a44b933f603b19eb1d59d094a6bb93a9ec47dd5eb7391,DB-MEMEVO-E41,收敛区,0,0
7acfdbbc7f75bb8542486728f74fe617af21e9a6f9cf95e474ba340fc1d8c0fa,DB-MEMEVO-E42,收敛区,0,0
f61286136f27def24d8982e43a7f92dacb34d46c00363b426269cbd76c83635a,DB-MEMEVO-E43,收敛区,0,0
e482b2a1d196ecf9378a4408b3f6d1262f00f53104a83476f5016a2f0b7bb882,DB-MEMEVO,收敛区,0,0
0486ef4eafc105b493f82f3153a22f4b956ea310174b14f228a8784afa3bf7fd,DB-MEMEVO,收敛区,0,0
d4ac67961d956b0d852a3512621677e724d50799b1ab6bd729dd236653785bf8,DB-MEMEVO,收敛区,0,0
ef7abeb02c95230931115b8d8590094b1b99bcf0036552bf5584a3ef71788239,DB-MEMEVO,收敛区,0,0
f20440bf67f6d94f4db89701bca3b87530de41d74b8d46df6713a47cb294ed24,DB-MEMEVO,收敛区,0,0
ff83035975f68886ca7f7fb402b13152837fe8834840a1c1449744d5a8720b9a,DB-MEMEVO,收敛区,0,0
9639af4013c84f7ad2ac5dd3524c961f5fcd570d5068b326d626271f4f1568c1,META-MERGE,收敛区,0,0
63986c921cdf219acfa363efb36cf3f8db4e57f8cf72ed2042b523995d9499ce,META-MERGE,收敛区,0,0
d3a41079552d5b28b7b23f6675947cdb2a26cd262d33180ea32c1dcc1e78ec1c,META-MERGE,收敛区,0,0
3b474f71e43e6148c5aebb7b3d7021a105771d214ea54f3a5e79b8c151c30103,META-MERGE,收敛区,0,0
4d38aad5270bf367d47827e402039760b27ad59098ffd60105cf89b0e9d5dc3a,META-MERGE,收敛区,0,0
fd8d69cd0edf096a967831f225fbd0b71aaf5faac348380a9441b37a3d18d9b0,META-MERGE,收敛区,0,0
1494c1eff50e148233ce6968f2a980d97b51fb6ef77861c6675443304730a6c4,META-MERGE,收敛区,0,0
98d36830f577912318dd3fbd4359eac0606f09e15fdc7e086f53ad3c817bf570,META-MERGE,开放前线,0,0
d05e57a7a8ad7d5ac0bc1ca804b95611ea66fb0dcdf958152e76dd2da7c67da6,REAL-SNAP-README,收敛区,0,0
c189c637d7a3873c096650c2c28796378c250234edfe2c2baa61f6e6675f70eb,REAL-SNAP-README,收敛区,0,0
0344154c500450c45183ee2ae0af9981823646952b9d636d3003c1a62fa77569,REAL-SNAP-README,收敛区,0,0
fe6e6a86a980c8c1125eba13613600b00710084baf7544d96ff2a394a13011ef,REAL-WO-V39-SNAP,收敛区,0,1
3b47b96acadf24a807805da5797f2b40a20b4071d6bfc29fa9a396a05cce888e,REAL-WO-V39-SNAP,收敛区,0,1
885948c0822fce173d04cc3707a14fb4bb5ae9a531f1b1e338c93afb9f3ab8e8,REAL-WO-V39-SNAP,收敛区,0,1
03dae62d322ebe4df460b762257cad9c5f8bb56ff0ad2608dfbe20614cdfaaf0,REAL-WO-V39-SNAP,收敛区,0,1
e3f4f6af925785dcfd4b394ddfba08ba85fd9edf410f7480a404b894d5bbe43a,REAL-ACCEPT-HY,收敛区,0,1
31c886df03c5cc4d8abbe04e0e3593fdc77e174b1be14c17802385fa7c194e24,REAL-ACCEPT-HY,收敛区,0,1
9e82777368938319a31b98f3387ffbf54f31dea9379649194bef201d8365534c,REAL-ACCEPT-HY,收敛区,0,1
e587c64686fa81e3244ee752261d9032d8fa0a8742334b7e0a70106ab1e37918,REAL-ACCEPT-HY,收敛区,0,1
98c3ef6ed4731e9285e779c093558458a763bf743cf468b36513c68cbf286ecd,REAL-ACCEPT-HY,收敛区,0,1
f5ac9ab0e0a46508caa167e3fc56476d55d6c453b43215e17de4d6403d9e34b3,REAL-ACCEPT-HY,收敛区,0,1
47d9a1fc7201c95904b778b1d6a63f9453a7d19f83cdc482d5499f84f914f213,REAL-ACCEPT-HY,收敛区,0,1
e055fa2ef456031b7b15010fbb86235c404a07fa48343ea560e1ca8e11b0ec18,REAL-ACCEPT-HY,收敛区,0,1
4ab805e44dbbf843587f5589fa01cadfdef3afbc6110d6c8bbe8f408d77d74be,REAL-ACCEPT-HY,收敛区,0,1
6e8896567383fb73a4723300977a01b8fe3c773b77359447acd50ee780d2027f,REAL-ACCEPT-HY,开放前线,0,1
d70786b1334d14eb87d28277d404b951e02658812e912d3f85ac856945291e65,REAL-ACCEPT-HY,收敛区,0,1
6a2e982dc4eb3a400fff3202fad9f806effc7f2e24bb0867cfab5c965dcb5184,REAL-TREE-SNAP,收敛区,0,1
c21657a40cbef4ae53657dc75c0f2aed69feba4c6a0f16782d37d40925a4731b,REAL-TREE-SNAP,收敛区,0,1
cc64da3c74d7f84b4178ef451b1dca84bff249356d1347fb530303756a1ce32e,REAL-TREE-SNAP,收敛区,0,1
9c871cddc4f17bac1dfb0680bf526df043554cd8857452e0b1dd8373e493a188,REAL-TREE-SNAP,收敛区,0,1
b0efcc9b3b55d428679b62a3ef5d974d66de03fb260ef94f4974ba3053309d93,META-AGENTS,收敛区,0,0
6c34be71588633d4f95843da91faa0b402deaf720831debf90eb94e0f0a1ad69,META-AGENTS,收敛区,0,0
80547983ec5f8f2f1437c83da985dd30ce5424e79ccad57a45d0e4200ae6818e,META-AGENTS,收敛区,0,0
47776eed258fe8954ffb61ab8d3c4a8dc3ae87abc29317999c42ea3018040a74,META-AGENTS,收敛区,0,0
a83df3d5b1543e865d5fd47ac3d6d07baa6d25a31531fb8c8e019e874c61ab4e,META-AGENTS,收敛区,0,0
baae186aea26c9092ab6929f93943f905890d613fa7356802f2c9b7c876a3eea,META-AGENTS,收敛区,0,0
6b6614bed68e7630f3fd090a3cfafc78d7150186bf25c707f267082769bcfd57,META-AGENTS,收敛区,0,0
aad82610a13e10dbd6a024b79bff226327e751e51d1f5dff7f38642eab88d22f,META-AGENTS,收敛区,0,0
a1a955183a343dbdf649377f9de914cd5408de73a3a01f1df12098bc6e79937b,META-HANDOVER,收敛区,0,5
8c85b16c98c6c39acdb978cf4c3ff7ca03edcf0729189391afe3b5bd9e5be17e,META-HANDOVER,收敛区,0,5
f5f0639eb39b7e9a2739f49182db612fc4bbfa8c4f900d2369236502adc3e020,META-HANDOVER,收敛区,0,5
28321f3cadc4b0bba56e8736097b68330c757ce805c8e13990d9ba5245f3bf26,META-HANDOVER,收敛区,0,5
fc9b28db39bd29c0f5a1854d3ef19da06e0b3173d7f7d9fb7998d911f4ae952a,META-HANDOVER,收敛区,0,5
56cc90c5a3b9ff200a64c96383b4b8cb9fc4245d35a048736b74f85c6631f5b4,META-HANDOVER,收敛区,0,5
55ed82c31f08a56fabe982b4cf7a1365adec64f059c6738749ce3e5a4c56a798,META-HANDOVER,收敛区,0,5
0407cc1cead971ce2d52703e28e20653e457f1d31bb7b5288caab17f7071f4c9,META-HANDOVER,收敛区,0,5
25ac7f1fffba2b13152aa9c7da1bda7e60469a098def4c49e6f8a0c53a07ec89,META-HANDOVER,收敛区,0,5
5301554ff0cae263cc4decd443471bc9a64b53e4a078b8c1a3037d7ca63802b2,META-HANDOVER,收敛区,0,5
2ffde8efc7bc059252784745387562a59e178bdb7993eb51b6018917fcd58525,META-HANDOVER,收敛区,0,5
d14852f104b4d5993571f908f51b82d82ced416985dc9b6ab6bde439fb06961f,META-HANDOVER,开放前线,0,5
b22f6e2918184afc013614d27a8670735cbf8692b649c846dfaf99bee1ee271c,META-HANDOVER,开放前线,0,5
7640568c3b53829d69ddd3cbaa693dafab11607d011927fd3c525a1260bdefe1,META-HANDOVER,收敛区,0,5
f34f2fee9045d47c575cea659de75bd29066fce202ace3fcb3d98886fb01a4c6,META-HANDOVER,收敛区,0,5
27593dbb3423d6bf32cda31144d26d492b95d1d490e114ca04843546b033b1ad,META-HANDOVER,收敛区,0,5
15e07ec0f546f043a98ee35780f84f7a8af6d3626c07fa79ee7c01cabbda5314,META-HANDOVER,收敛区,0,5
f3028d58f5e23cc68a8646b3cafc66d8dcc26308ddb3918061f34931304b56a4,META-HANDOVER,收敛区,0,5
308e959afd20c2166071797f1be6997562b049cb5523536497c027f341c077bd,META-HANDOVER,坟场,0,5
ccbf45117a4adea72614403c1fc9dc00b99aa6de8695fe469ed63359db2c154e,META-HANDOVER,坟场,0,5
9bf437f946e12a1112c2491fa5967d7c2cc4c153e8be2b7dcc8ce8861fe257af,META-HANDOVER,坟场,0,5
22c2be63367dadd1918e517e20ab455ab23da15380b60e955e56dbdf58e712fd,META-HANDOVER,坟场,0,5
dabf98719ac79a75ac6e57f3eb619f16d9a82b2b1661e747fda5dc72926b3b72,META-HANDOVER,坟场,0,5
b2d9cd0b59189a01d4a32ca17f6617b16de358a8976f0fe8e7a2f8e3248c62bb,META-HANDOVER,收敛区,0,5
7d6bf307ed5d82a0254480bf60d6ec155851b6407935015dbb6dec9b7b3dca8a,META-HANDOVER,收敛区,0,5
8f3925f9dae18fe60e67d2627b2c6d5ac85c7d7abe2bd6e5c24d380a8cf23296,META-HANDOVER,收敛区,0,5
9471716be40276208f001e13c4d0028f754b43e7688531fb3c0d4ff329065850,META-HANDOVER,收敛区,0,5
f03b54116c918111f14edc7dc559623078749a479e76a509c977d69969d3ff59,META-HANDOVER,收敛区,0,5
f04c495e34d7a0be194c67539faecb1ac40055189414f047bb6ace324b90d5b9,META-HANDOVER,收敛区,0,5
2ff97b83351846fc992c84b3292a834c6c3865eeb8f0ebaa0abd9d3a8359f840,META-HANDOVER,收敛区,0,5
967e52efe4082c136dd0b036890a5aa6f89e137e60fa92deeb80bb18d9d65bb1,META-HANDOVER,收敛区,0,5
1f0c10124d247b776c9d94f4a8b851c15bd939158f1bb5e4407c47805f04aa7e,META-HANDOVER,收敛区,0,5
a0f40b18d1b7d8a86a9abda797500e3bf4c006a566163ac451e6e675d7342a0d,META-HANDOVER,收敛区,0,5
c4820aca48eee43756d2a06eaef5bf42ba7e57d79092e94848de39addda1d69b,META-HANDOVER,收敛区,0,5
eba40ad614673e67dd9fdd69818d53d1679bac782e25d5705efcd02733a89af2,META-HANDOVER,收敛区,0,5
21b9b6ad910b7930b1541f686c3bb63a4c16324817ab2fedb398f1c7ce510f9a,META-HANDOVER,收敛区,0,5
abfa89f8b2623f4bcfde665b9d8986e93ef1618332a6b2e4caa1f999d1588ff8,META-HANDOVER,收敛区,0,5
82ad66b734095a053a2bdd3317dfe829c9a34870de4389d3b92fde16a0dbeeca,META-HANDOVER,收敛区,0,5
afb704af1621753a6ea5adae0e23669aec5acc767592e59e2ef1d4e0f1d0ce00,META-HANDOVER,收敛区,0,5
c555a78d52804a63f61dfed472f31ea210c352c29d1656e86713d01a0600f10d,META-HANDOVER,收敛区,0,5
ac2ba4fa65c9b7b01a09d5c2004f9c8b896b19f55ad25baa844144bb3e95839a,META-HANDOVER,收敛区,0,5
468e3a43791dde06dab2d826637e071f59273607b0662c60803bdca09d558b75,META-HANDOVER,收敛区,0,5
cccaac67cbeb2134fdcae6ca45e945922331efd65bf087253af1858062868e30,META-HANDOVER,收敛区,0,5
ed9d953feaf6e7e6144f984a8214ce2bb239ae69be2a33064ed78fc39956ce04,META-HANDOVER,收敛区,0,5
f65e5a55b22999a4445cc1c1228b85a62e229003e176caa3f3fb035d3ee7f94e,KB-WO-20260905,收敛区,0,0
53cdd65eac2b1b41f5b99c200b20a90b681b2ce6db40253aecab3d65f393e20e,KB-WO-20260905,收敛区,0,0
4737c9c327ac3933cb34aaac48f03f4ec8392da49f932e43d49a5243559429f7,KB-WO-20260905,收敛区,0,0
adaef32bdc47e1bdf8502221cf90306e9e9198e685be0f06322866168ebe3224,KB-WO-20260905,收敛区,0,0
5dccdeaaf6dc264c3b9006a2e7ec6ad7b0657d662bfb62ffa6ac68e0ac036e1d,KB-WO-20260905,收敛区,0,0
a6e3f4728ca6262ee2962a04cb9b77e1bbd6990bbb06b2c5169647cd7a2c5833,KB-WO-20260905,收敛区,0,0
95ff79672d70d89775aa96be0019191faedb4a83b136fce7d11f2fd2d725d0ce,KB-WO-20260905,收敛区,0,0
4cf8e8c4d947a867268495b0c6d6ab8973b8114a02d908485c89a1d099281ce5,KB-WO-20260905,收敛区,0,0
69cde878b40b7ef7447f7bcd746de12b6f3e83a41a216e66ba5395bb864582c7,KB-WO-20260905,收敛区,0,0
4fc18517d814bd3f4719115395b67f3cb298d78bea603d3db05823cea4548b23,KB-WO-20260905,收敛区,0,0
89bc064447120fc978c4973ee36e46252ab38489369d3f0f53231bf7fc7f1833,KB-WO-20260905,收敛区,0,0
cb2585ee6a4b064ff6ae10a723b92b1dc7b1a4595acb03ac8330af26a9997d7d,KB-WO-20260905,收敛区,0,0
742d754e4fa2db0ea649197119d3cc40e3e12c206ad84db5a5abf580926b2cac,KB-WO-20260905,收敛区,0,0
0988c6576ae4e967433a7e957be7e4182043e89d95d4ad7fb4c4ccfd6121a8ae,KB-WO-20260905,收敛区,0,0
6fe3e1af829e8b6daedb3736e41b3c35b0bdfa26d8360e77fb87b39cc0dd5b4c,KB-WO-20260905,收敛区,0,0
0b24afc747329d2cd2c46e5dcbcfbad12ed1281b0dbf4f2af06e68e9a875864f,KB-WO-20260905,收敛区,0,0
fa5833a96bdde4cacfc6a3ed732f81eacc532e03a940573097a6839505be2c66,KB-WO-20260905,收敛区,0,0
f8294189b057b13c571b87e202b4711ca2dfdb118cd4ffd64e569adddda4fc7f,KB-WO-20260905,收敛区,0,0
7e8c8ee5b23b17bc7b90f6814548271e6edde85f11cdb9e1d43d94516ec6722c,KB-WO-20260905,收敛区,0,0
049c93b70348b213b93ef16f212c2b3e1e9472f2079da73facf298231072972c,KB-WO-20260905,收敛区,0,0
8d46769d624723d948f6b479f61e634eda77e75f8ca411c5265c5baa9ec32aea,KB-WO-20260905,收敛区,0,0
366ca22ca3be55319f9b4eac0516c6823feb7b26f634a0d064c213cf1ab388ca,KB-WO-20260905,收敛区,0,0
5f5e5388ef8aff57703a09202740be83cf308d6440e376203f7b302d13ffba35,META-IDLE-TASK,收敛区,0,0
f630aca2b85be948b3a9898b48471c8571576959a52e00ce3fa94973ca5d3334,META-IDLE-TASK,收敛区,0,0
b33b6d4698b8531b5121ae97ae70acfb361ce00ceaef53d27dad72940cdaadbc,META-IDLE-TASK,收敛区,0,0
4a5453a8abdeaf22bc2746a99a0350f5e30252a3ceb1615741fa934dde96128b,META-IDLE-TASK,收敛区,0,0
c8d977783ed70ec8f9c52c5f35b2503e73bc49b27945967671d5668dedb646b1,META-IDLE-TASK,收敛区,0,0
d3a1632da862adb1f61788501025db1b7a3f2a58737007fad86b545b907dcf8e,META-IDLE-TASK,收敛区,0,0
e8ceaa576334619d2eda1cd6cf7d2deda0667dec014c98f768d2fdf616d9e3c2,META-IDLE-TASK,收敛区,0,0
b57198c0dcf3b3eee50a3bbbf8ec7fcd9fdf7c39dc6026aa3c75319450af2ebe,META-IDLE-TASK,收敛区,0,0
43ed2bce4db0b6d39b291e2ec2fe507fc66a851ee95d5ae245afce0db8abc181,META-IDLE-TASK,收敛区,0,0
a2447867878970684d020eba6012071b49688a88d31f2417e5d5c0d6e703aa17,META-IDLE-TASK,收敛区,0,0
2c10e5a2e64261674defe74ac798491b8ff31e37645f84c393a58e8c1d84a781,META-IDLE-TASK,收敛区,0,0
8fe263f91601e47b50a06db8fa127662bc01ad41a9b64f042e8c975151fe5937,L8LAB-CONSTITUTION,收敛区,0,0
adff8f7384becd80e449ea8bde95021e477df8ceeee0771d51e405b990e5f006,L8LAB-CONSTITUTION,收敛区,0,0
e164535d60d2b6659cdceeac296cfb8e3b9a2d510742fa22268c74f3536e8212,L8LAB-CONSTITUTION,收敛区,0,0
7aa765b73ac22ca205b03d1b2865e8c28220e2abab38bb3fbb9a4932a0c2784d,L8LAB-CONSTITUTION,收敛区,0,0
85985a1d45b55fe0f2a093cb2d6bbad760790363b3c3d14af9971840283e1731,L8LAB-CONSTITUTION,收敛区,0,0
9593cb7a88ea76272194ab6c0636b5a8c48587906e63313b98d89ab222b59e12,L8LAB-CONSTITUTION,收敛区,0,0
3ba245d46ac395c8207a3b53df1c91f33eadb6df0f1f1c563a5531cfe106220b,L8LAB-CONSTITUTION,收敛区,0,0
19018b4f4e1f27fff19fa4853440018517d628b11ceee79c9f0468d92c794715,L8LAB-CONSTITUTION,收敛区,0,0
aef8f4a9f75b816e3d094a165456bca8e3677a7ad1fb13f00d0ace56c5810fc1,L8LAB-CONSTITUTION,收敛区,0,0
d4c3b6d005b507b320ada387fdfdabe1b090572cfbf3364f811ec634435d82da,L8LAB-MUT,收敛区,0,0
c0410df1fe27cd148846ac12919d8d8997818107e62125e58bbfaa8f393bfcdf,DEPLOY-V32,收敛区,0,0
c317687f4a9cd95a6106bceec5fbfd4263bf23bbb54cd1df54402c5afad7f790,DEPLOY-V32,收敛区,0,0
aea2e54cfc98efd13b3327241bf075e64d19a994f5fb6677b1779798d777402d,DEPLOY-V32,收敛区,0,0
abc22e174b55b134f14a2aa93fe7b090d74d337cc8fe7a79af263218d11f56c2,DEPLOY-V32,收敛区,0,0
9b0eb00512f9bbce96c068e4d52e5d2225f1d96e9e82b86370a0d69b636940f7,DEPLOY-V32,收敛区,0,0
efe88228b1da8fae6a64215e6fa759f12f6c959a52f4b8ef38c1f0ddc655348e,DEPLOY-V32,收敛区,0,0
3d5a5e17d4f9309921387c84e5f0919862e74cd7026c6a4173ffa085cca1fec4,DEPLOY-V32,收敛区,0,0
3bd9a2c0d64977141e6e948637e3a975a9c534668977eba1a3d5f66232c146f6,DEPLOY-V32,收敛区,0,0
b3f38b4e578983ab878e18ce59dda4602d40a8c82a97ff378a1937e2646be6ed,DEPLOY-V32,收敛区,0,0
e347356348f49bad08e5e7da8f2cf432ede91ab32c2d6023ba3af47b79698119,DEPLOY-V32,收敛区,0,0
e1c9b929e5a9b5fd50520598feaf594e50621fd7dc7a6c8505b0355c89ae582e,DEPLOY-V32,收敛区,0,0
c10b2d27dcf80841a427fabcd06bbdbdd63cfd4b03a53e7acc7413bab45b9139,DEPLOY-V32,收敛区,0,0
0f8f732ff761f9efc6859c54adf4d8094bd069f36abbfb1d07dcdebfd75b9ef4,DEPLOY-V32,收敛区,0,0
ad6d03e69e5f6093d38e6273f01f6c8eea911fbaafc1af64a9f338fbdb6a0a39,DEPLOY-V32,收敛区,0,0
b7afe24513ce52a570e725b828458498cb04a50a174089dbcb2c68dac85246fc,DEPLOY-V32,收敛区,0,0
9306480905ad031c4e6471c2b9018204963c40b8eb319851b1a1ac9379742002,DEPLOY-V32,收敛区,0,0
90abd645e4730f518ceb691a10699a5b9b2e985d11bd45664c49d6ae8ddf7ae9,DEPLOY-V32,收敛区,0,0
c2383b4bd83a8376e64b9cfc36f104f6448e4409a17ebc6f27ed83cb1ee4c54d,DEPLOY-V32,收敛区,0,0
894f17c50bf0851aca066d5c98d8507191c494794b0f8f8b7afefbc5f0aca178,DEPLOY-V32,收敛区,0,0
a2bb2ac5ff7855bd96a3b238f14462030147ba0f3db19b7bafb274cd09573f3c,DEPLOY-V32,收敛区,0,0
2362ab1906e43a6359feac89842277a5d736e17d7a0a777b7a859c6e8ef9c3c2,DEPLOY-V32,收敛区,0,0
e49c32cac38d9790f08e839611778e8c00b6c32effec5640bc581ee63a4f2438,DEPLOY-V32,收敛区,0,0
27f2c3728c1a671f6b568eab93571f3f133df3da6f06ce2f841f957ab472e5e3,DEPLOY-V32,收敛区,0,0
6687e11378438cb2dad39345e20cbc92b94b9b26165b1bc231e9a8800416b14f,DEPLOY-V32,收敛区,0,0
e98dcf972a4ff15916ff046e18be1be20e1738dd6506e4275c0ea9432ff91f0a,DEPLOY-V32,收敛区,0,0
b85536519d966084772ab1aa97323313b38015a4b3e4447c909c9e390b62b44e,DEPLOY-V32,收敛区,0,0
23259a08f3bdf2ee08a4293c999b17b621e20dbad42e4fe5443629098eb175d1,DEPLOY-V32,收敛区,0,0
3920a73776f0ab9582196a1015ed08992f28de7480d70b15b5f1dc235b060dfe,DEPLOY-V32,收敛区,0,0
4a741287a33b6ad85444f115bc51300ebe9482870ab285e943e89b84b8ed46b8,DEPLOY-V32,收敛区,0,0
d5c98c370d7e42368178e56e08aad5165ca5bf85644fd8998fcab4d334f14bed,DEPLOY-V32,收敛区,0,0
ef60585a69efd2f3c33f4781f243b6df87474b0ca54f904bae4132d27c7745ea,DEPLOY-V32-LIFELOG,收敛区,0,0
005f81d6b3c7eb5edfe140067509ee6a433eedc33d85850f37e8dc18ea471638,DEPLOY-V32-LIFELOG,收敛区,0,0
dde1746c0c003c6ade42fd0372b46407d641c6face7814fd73beb729305770ce,DEPLOY-V32-LIFELOG,收敛区,0,0
f805f5f5b2201319646c46a2cf08dd40365277bbe63e5ec7c6bda692e49adc1b,DEPLOY-V32-LIFELOG,收敛区,0,0
874ad7cea3e087b61e15e0fef305b6e118b8d7d0ac283ffce55959ab47999567,DEPLOY-V32-LIFELOG,收敛区,0,0
563cc85ae01b6c9c6e92f302f2adb106d45a7ad0ea81766c51c94e8aa21a65fe,DEPLOY-V32-LIFELOG,收敛区,0,0
5b2b9ec224845b07c081be3ba10a2953c0545547acb1ffeb984cdbd357c8cf2c,DEPLOY-V32-LIFELOG,收敛区,0,0
019846139b65e77418715add3135a444dce938652b64aa3989d747d7da23a8de,DEPLOY-V32-LIFELOG,收敛区,0,0
3263c840770503a39c8331af9e279361fad1ba541708eacb171b9633c0ff6fa4,DEPLOY-V32-LIFELOG,收敛区,0,0
d131d2e386eabb296dd443a327fc465acaf5e9f7dcd76a02ee5ea1b223d06305,DEPLOY-V32-LIFELOG,收敛区,0,0
cf059de20e1b693c57bfc82d147473770c2e47fbb2366b42a7343d082bed50de,DEPLOY-V32-LIFELOG,收敛区,0,0
99d80d140fd8a6d4dfbdd841bb0f702ef55034eb9ff0d2c466bce95ec1ea271d,DEPLOY-V32-LIFELOG,收敛区,0,0
59d0a2b63f90803a415e7737df264363e2bc3775b8a1f0f2d62082f6d8d74422,DEPLOY-V32-LIFELOG,收敛区,0,0
a2564150f4f88d1c6b529f1026e9bf2aab26ad44c69e0f67f8de7fda59c8eb6f,DEPLOY-V32-LIFELOG,收敛区,0,0
da508819630fb8d1b9f277955365de6d5cf9d036f88d16ce454e9ef64c950366,DEPLOY-V32-LIFELOG,收敛区,0,0
403f9823d7e1d3c2009df33c107bb95fb9f4c39e79e74f529fa925842ad2ded2,DEPLOY-V32-LIFELOG,收敛区,0,0
c317bfd2873a96db86db973b53c74832863e1aafd8345f269afe77bf64e5cd5a,DEPLOY-V32-LIFELOG,收敛区,0,0
411dcaa331fabe9c832fbc841c724e5c9058f2c11bccf87385579412ce55e351,DEPLOY-V32-LIFELOG,收敛区,0,0
e131287eb52fcc3c983ab2a324b256d82143b7ed7acf85ca3055259112c0a5e8,DEPLOY-V32-LIFELOG,收敛区,0,0
342a1d369195a9fed37e98c626efdc3ad09388b632a9f0179e6d31fa59c8481a,DEPLOY-V32-LIFELOG,收敛区,0,0
c157512b51f7a78e7de2f82d7343de2a3f89e7782752b2f4253f9f96af97e520,DEPLOY-V32-LIFELOG,收敛区,0,0
7c5eb5e73afe0542f6e9dbc479876c4a48001ef05e8ed1a44f4ddd2583fbdf64,DEPLOY-V32-LIFELOG,收敛区,0,0
428a1de19e512a1303485699b3e891fcdbc2e07c5eb39b893a90811aef490e4d,DEPLOY-V32-LIFELOG,收敛区,0,0
3f52f1d1a01eaeab9ff84c3404fd724b0a3cb6bf3f085edd321e79f1ce882a2b,DEPLOY-V32-LIFELOG,收敛区,0,0
5627ba893c4e874d7e1004cfdaa850571aed691e8a6b3a937cb0eecb53ac2644,DEPLOY-V32-LIFELOG,收敛区,0,0
e6cb99a53751a4adfde6f75d8fa7027b9bf33973c53c324f59e31ef787015ce7,DEPLOY-V32-LIFELOG,收敛区,0,0
26de1390afca0de60237b59c07504c67ddbc10370fab23f3c68fa54a28cae250,DEPLOY-V32-LIFELOG,收敛区,0,0
9aee478af2740ff95ea2b24fe05a577533dde6288bc0465b5c1e020226132463,DEPLOY-V32-LIFELOG,收敛区,0,0
64646e6f04912f778ace5602672ea98973acdb6591e8fd0fdc1c5e24dd86e773,DEPLOY-V32-LIFELOG,收敛区,0,0
8ecffc878a4ed28a5caec01193361dd26f7da873060c13af6990004b942c36c1,DEPLOY-V32-LIFELOG,收敛区,0,0
16c5dfca798619ca9a320d4220245cb0b530e5cd23856f0c142e973c8dfb549a,DEPLOY-V32-LIFELOG,收敛区,0,0
91bbe24a249c46d03d1ecc37d0e97bc7db20b31197408dc64c92e48aefb0a04e,DEPLOY-V32-LIFELOG,收敛区,0,0
2d0940e0a6a68a3ff36697ebe2658dc522f5c6c3f2da94fbac4f15ce757b0d73,DEPLOY-V32-LIFELOG,收敛区,0,0
8bfefb8f629f6227df4e1343f26a946d100537b8dd325fffb624fa185839cddb,DEPLOY-V32-LIFELOG,收敛区,0,0
ef4a7bcd42a2e62124df81baf1fbaebe770bc7244ed01a20a42cf8a8c08786f0,DEPLOY-V32-LIFELOG,收敛区,0,0
8a4e6a0e9722ff5cd83cb7f6fcce5e50b09c166cbdfa2e79d656fd20bcdebcee,DEPLOY-V32-LIFELOG,收敛区,0,0
08a0c413e7869b244921aafcbe6ccd0c919c978a5fa340d32271be080be6306c,DEPLOY-V32-LIFELOG,收敛区,0,0
83884eab662f9456196e5c91c6d44fea0a97066e85864f1bd0bece042a415566,DEPLOY-V32-LIFELOG,收敛区,0,0
8707ed23980073b1aa8979bd9c4b9413196495c1497e238cc8809d72c634aa8a,DEPLOY-V32-LIFELOG,收敛区,0,0
eeff280ac12c3d780e3456e415698edeae1c46d12145b26adfd517143286e6f5,DEPLOY-V32-LIFELOG,收敛区,0,0
7a628ec78d41f86a006aa78a80d2ba93f12a61ecd1b6d835cfb54b5fc87a137d,DEPLOY-V32-LIFELOG,收敛区,0,0
fc20a5bab3c3f15c4871a2e5b61aac10ee853be545546f25a1631ae686251332,DEPLOY-V32-LIFELOG,收敛区,0,0
13f2eae878b2d969ef1d00d6ce7928b909ae6de87f007b592d8431108d330bfa,DEPLOY-V32-LIFELOG,收敛区,0,0
88893407b5dffedf5d78ff4512e4a97153138f2155d7ee9da3478dacc1f11519,DEPLOY-V32-LIFELOG,收敛区,0,0
46aa330d39e60ac7fdd070b37c6607062d29fa58d0a3bfc6b6135a15d9e13d9b,DEPLOY-V32-LIFELOG,收敛区,0,0
cd0b31281b96c03bf5a53a2c2f4dcea315f9346ae5a4ba7b2ee8e5d2e84dcc71,DEPLOY-V32-LIFELOG,收敛区,0,0
2494e3c0734d5659ab9eb9e86c3f17d8a7cd25b64f812ce26b6317d814fdcfa2,DEPLOY-V32-LIFELOG,收敛区,0,0
ebd60bcaa9442d10b26c355ce15709eb7d035b9edaf6cde5414340f4cab92da8,DEPLOY-V32-LIFELOG,收敛区,0,0
1bbf9128107bb842d609000e4d6d76c82b2def41672f86a7c3b052effb1e72db,DEPLOY-V32-LIFELOG,收敛区,0,0
0383c3d987e7ecf25c6510b21a99d2be198d53f853231a0f7947dc1815409cd6,DEPLOY-V32-LIFELOG,收敛区,0,0
c9be5b195cd23cf39c66589c0b9dae40034615f13d818ceb61db31798f09acc7,DEPLOY-V32-LIFELOG,收敛区,0,0
991c3bd5088f4c50c979555a741815eb5edcf8e3e92d1c860e981b4b1d0fda88,DEPLOY-V32-CODEMAP,收敛区,0,0
ff630f920d368714c6f51083deb3bb0248d3968e1a55b8fff4eb7651ac824bf8,DEPLOY-V32-CODEMAP,收敛区,0,0
9e896ca9598100474f726e74e496a23a064d02efe0e04f0e69fa0483a4c782fb,DEPLOY-V32-CODEMAP,收敛区,0,0
819a41694f650c8782bc570845b5c413ba86974efa9a78818eae48293c24f8ac,DEPLOY-V32-CODEMAP,收敛区,0,0
f918d4319deb9a370a9e0a42c4b8d2632d7cb645038daea5d46ca99129c0f2dc,DEPLOY-V32-CODEMAP,收敛区,0,0
b043cd9c04cc3f3bf1708d45a4c326586b38226c182a5b7d9eca9509a9763dd5,DEPLOY-V32-CODEMAP,收敛区,0,0
94a80a6b9a8e852eebbba917326c782f124c3c3c719dfdf4173f7c7606ce3518,DEPLOY-V32-CODEMAP,收敛区,0,0
dac9a3a1235721be3f012dc2cb1c3dd9f1233303a21ad2b18fffda3d18435e85,DEPLOY-V32-CODEMAP,收敛区,0,0
7ab14fce2042607d971dd081ab9941fdfa05312b8eb990f4f57868367cd9ca3f,DEPLOY-V32-CODEMAP,收敛区,0,0
210384ebbc08703aa2dbffd3bd1b1c30a396ceb1134daee6300ec2578f872a95,DEPLOY-V32-CODEMAP,收敛区,0,0
3dc745c2c403e3435be3f3354cb7f389e9ece4f357e8b47075aacc31a61a9fe2,DEPLOY-V32,收敛区,0,0
183ea9f6bde8170830d88a13ccaad368bc45fddcec36b6891b8955a2ca3aace4,DEPLOY-V32,收敛区,0,0
17158bbf03a5bd93b7578592b46822a4cb489e514f78baac652b8bb71cc57c09,DEPLOY-V32,收敛区,0,0
83fe23f1d5d08b4e4329cfd54060c92cb9383c3a836e100c53bd75ea75f279bd,DEPLOY-V39,收敛区,0,1
2af0434428bf2caa3dd18e2017697fba249ed9adcaa0aaba98013521e98df13a,DEPLOY-V39,收敛区,0,1
7f37990d84ff4f927728064fc0d8be34d5aca1a2101780eb7ae43dc2d064859d,DEPLOY-V39,收敛区,0,1
505085276a345e1796b8df9113e944e5d03f0a7ac0d823dfe1488b5b334c6994,DEPLOY-V39,收敛区,0,1
32bd40b25a01683f139970c87f4407c20def77f3d32cd18c63088200f7780e01,DEPLOY-V39,收敛区,0,1
cd5d0deaf565d95fe8ac2063193893fbc70a5914d414d735875416cb50a5a5c6,DEPLOY-V39,收敛区,0,1
c60ece554ace3afbb0953f8c766c2d5b8d9c626687d6491dd6b87b0b479e98ef,DEPLOY-V39,收敛区,0,1
846cfabb699578912c21728c3c31fea0b2796d3c917c7de61ea053537a3dba85,DEPLOY-V39,收敛区,0,1
0cad2dc605f0b4d1b92ecf406bf13ef0b077d7d14aa5b21172b3ee1de79391dd,DEPLOY-V39,收敛区,0,1
40468ed858670c3d11e66f8da14c352ea12fc7b0ec19666641dd743e757c7ec6,DEPLOY-V39,收敛区,0,1
24263a7eb5e28302af0463bf0b01040b8cc21c88f5ab955951ce222deedf3cb9,DEPLOY-V39,收敛区,0,1
2568b95d7273386ce84415d45e6528496b9516697a650e485dd9e5ed11c5268c,DEPLOY-V39,收敛区,0,1
f83a0994499a0fff9d13b1df168e93a0d8463b64c8564e34e21cb82671194fb3,DEPLOY-V39,收敛区,0,1
36ac0f22ae6024170f8f8fe7a63c2943bc617c125bdf8d4d4add46b2442fd478,DEPLOY-V39,收敛区,0,1
3b3017d8d881727f35ad55c0ee1f21c69d89114533e2f7eea23eb1dc636e4b2b,DEPLOY-V39,收敛区,0,1
5e08cfc33345b42d835bda7eb4cb27a6add9550f9fad95b8d4bde0b2af4233f1,DEPLOY-V39,收敛区,0,1
11f387b03570acf201c6962e77d9f1d09cd5555430089d166f5929e0e7a533c6,DEPLOY-V39,收敛区,0,1
6f4898b73c183adc9c6c1ce6449cd920c10fd567c8203c2aecc318497c968b41,DEPLOY-V39,收敛区,0,1
3ab52743dcaec8f13bace0b87ccc27b2354020c38c3a5ae247b6221d4d97d23b,DEPLOY-V39,收敛区,0,1
9786e849d4f88a5f435db4a19ce3d865bceb2f9385c11bd5a5b37c863fde7977,DEPLOY-V39,收敛区,0,1
46e5d42878a3b48ff5e2de4e85e08439f02506c9110a8acece71ce84ecd3cb4d,DEPLOY-V39,收敛区,0,1
349e56cad864db0ff4994516246cc1271f67b8f3e8ff88781a236d96866d3c9e,DEPLOY-V39,收敛区,0,1
28627472d870131cff613e317a22185fe8ba4c654154303f708644b8f6c27d45,DEPLOY-V39,收敛区,0,1
9065d670638a1f4f97c2f711a67c1b7f8cfbe2a33d439e8a2ce78d68da368049,DEPLOY-V39,收敛区,0,1
c1f792fae9d230be30801eadf50afc049ff1e3a1bdabc0556717e9530508c186,DEPLOY-V39,收敛区,0,1
e738bae6e532d8561a93aaa168456edbee1504a9c161fa918d47edd9fcab27c6,DEPLOY-V39,收敛区,0,1
b3d6915ff8b53428ff547a66a7cdd2110d14efb91aeb816bd815e3599c499c81,DEPLOY-V39,收敛区,0,1
8080aca0bc3fc0eeccd4036dc5c9e98e2385020a1b6e2245ceaa37aee0b2f184,DEPLOY-V39,收敛区,0,1
2b6e3474e1a63a2441545e9b8810c95b5eb53d32adb895c63d80acd85e4d6104,DEPLOY-V39,收敛区,0,1
ebc32c2f45eca3f3b63ed5ea954e5fc6fece36848a6f4c880c20df0accc7cd9b,DEPLOY-V39,收敛区,0,1
d901485dfee300713fc37d32e3207bd5cefb41b8708de1bc441145831641339c,DEPLOY-V39,收敛区,0,1
2a39dd898dfd305ee102f89b90379755628f32e3764863d727ec96a853d76ba3,DEPLOY-V39,收敛区,0,1
ccfea6e954a37c11f66d42d6adb033881f4b4df472af16dda2e7dde67cf3589b,DEPLOY-V39,收敛区,0,1
f8cdbfbc14e94c1527a127f4a25555e1b899f5b65438b2c963de7fe7b3d303cb,DEPLOY-V39,收敛区,0,1
8a1a4eec01542472aad936101d8565e0baa587bbb8c8e4ccb15411bd171fe935,DEPLOY-V39,收敛区,0,1
4de38d2d609310347ef20a1d1de672ea819f98cf84c0c8c41da88276f41ee42c,DEPLOY-V39,收敛区,0,1
bdaa28f71a774ef38d7cce0fc4cdee1e4b81b1f8bdcdbf96c7f66f198abb01fe,DEPLOY-V39-LIFELOG,收敛区,0,0
d35f4ca7e2d8ada47839178bf57d8f870cb9871f77852a33a8ae697435e5f4a8,DEPLOY-V39-LIFELOG,收敛区,0,0
2d3c42e585dac4397912fda4b21eef7b86026d849779c41d3462e88266005e22,DEPLOY-V39-LIFELOG,收敛区,0,0
a0e0f1a33c4ccc0ec4ea252ad080b42219b60f56acdbf56d13addf02b328d46d,DEPLOY-V39-LIFELOG,收敛区,0,0
8f52de4f73e17adfd873915caf509ae807921b68660994828a3421193e9faf7d,DEPLOY-V39-LIFELOG,收敛区,0,0
fab9cc5280a24ea719c9bbe88b3110a25e65a875af52800d22b7516a31ae6d80,DEPLOY-V39-LIFELOG,收敛区,0,0
f5d42495001ba849981d32f3801566b6d47b38be311bc9ec2f3f10f1dafff31f,DEPLOY-V39-LIFELOG,收敛区,0,0
ee4b6218b3f872da0bede937daf5e1ad4f1bd6db21f027a437556d5b5c7481c2,DEPLOY-V39-LIFELOG,收敛区,0,0
8ed60fd876bf7826431885fb15eeb6a3ded538bf990873d6d59688a80494b331,DEPLOY-V39-LIFELOG,收敛区,0,0
41e7f81990cd4fdf6690c00e100afc0a6c2978fa742c068a331661fda57f338f,DEPLOY-V39-LIFELOG,收敛区,0,0
ec10641e10c57b3225fb24057206c4649ba6afdc4e1b7175eecae15f340265c8,DEPLOY-V39-LIFELOG,收敛区,0,0
5801ba07240c3a0a5d607cacd3343fb206016815737dfb60337a6f7ab1c9d44b,DEPLOY-V39-LIFELOG,收敛区,0,0
3007ad1dbbff83a96084c795c37c53ce4d1eb2a0bd20d645d3b27a1c0de6d337,DEPLOY-V39-LIFELOG,收敛区,0,0
d48a3dec48aa9134f65bdefde0a8a51258c4597476e23ba30dd05b9c46439c48,DEPLOY-V39-LIFELOG,收敛区,0,0
3bb69fcd31b82b6a8095019ae07e7fe3e042fb20ec0cac6bf0dbb5bc5325c1b0,DEPLOY-V39-LIFELOG,收敛区,0,0
41c13eebb61e1a16c9b8bf12673a8f60c22aa95d7751a20a6c3173afcfef3144,DEPLOY-V39-LIFELOG,收敛区,0,0
aa1c0b58e2968621876138d39ab3f987043cd22927861a32499538e2d8a1b3f9,DEPLOY-V39-LIFELOG,收敛区,0,0
3512cbd06f30d61cb734bd31ba9c66fe79806a4028cb708b1713042c99787732,DEPLOY-V39-LIFELOG,收敛区,0,0
64cd77c69429b837a3ee1453f0780529fce2774130b4b947dd6223dd8cf11836,DEPLOY-V39-LIFELOG,收敛区,0,0
094d92f8f9043dfa2ebd0803e75c3caad557133b1e8a5ac2d6d5bcb4ebffecfe,DEPLOY-V39-LIFELOG,收敛区,0,0
caa098df4c7ba730e56443e75b724bc06eeef10fc57d3a606b3a01beae4aaf5e,DEPLOY-V39-LIFELOG,收敛区,0,0
195b1cebb1cd4c30dc3bc3e4b42f1663d314e0f1cea26266e546f2abd53b3951,DEPLOY-V39-LIFELOG,收敛区,0,0
3678f84073d58e75ba9217c7c54ca51125c7b58a2247e4eaf09068e2aa1341a0,DEPLOY-V39-LIFELOG,收敛区,0,0
facc98183536989fd38a7b1e55deacec6a0a1c0a729c5b840c5701f3abfeda89,DEPLOY-V39-LIFELOG,收敛区,0,0
8591d3ad9a422e9db262a4fe90ebdd8ea41c153642781d09d3157594881e79de,DEPLOY-V39-LIFELOG,收敛区,0,0
b2ce82541b2853ae5c0a087c1e3f52e14e22da800f97428a40771b14579f558e,DEPLOY-V39-LIFELOG,收敛区,0,0
1d5fa7ffd0b2a20cea0ac84e4580884a9b9d747dafce2cd3f58a8719c931d098,DEPLOY-V39-LIFELOG,收敛区,0,0
fc7ba0ffbad9a31cde08b92afdfbea02e7011768c4d7010d219160cdd691d28f,DEPLOY-V39-LIFELOG,收敛区,0,0
afe9c194debed2580d8314944a053bcfe55cfdfa0be28092591cd9924559f4a4,DEPLOY-V39-LIFELOG,收敛区,0,0
26ebf9f66638099d28eabdafa989ec95f500635ac90e47ce2bd41f0b18e0eaec,DEPLOY-V39-LIFELOG,收敛区,0,0
ad4cde912cdf6c19d2d6ad6f8502d957c842f95e3666a12cb98a6c0da2f3a56b,DEPLOY-V39-LIFELOG,收敛区,0,0
3087282c78709ed315670c6abc4f05eac3ea1602ff21788df6d88d35bc33511e,DEPLOY-V39-LIFELOG,收敛区,0,0
8189525ab20efa7ed48df50b1a2e009f9dcdb9ee9b06063f27680a5d48abd5e9,DEPLOY-V39-LIFELOG,收敛区,0,0
b18808bc363e9e18ca01c2bc8db7cc2fbd5b3531653e64fbfcfd106b25a4f59d,DEPLOY-V39-LIFELOG,收敛区,0,0
a62740bf8553a9f6349adb124856e024b431febf7d0b6f0a107bf92132fcd38a,DEPLOY-V39-LIFELOG,收敛区,0,0
f092667d9c92cbd5f568452984843f734760f3b0f320e8e5db22ef0fb7138204,DEPLOY-V39-LIFELOG,收敛区,0,0
a4357466da3d271220378b5f97929dac309182672427465f87971597484a7caf,DEPLOY-V39-LIFELOG,收敛区,0,0
84b384bde900a4243dffcfe869a3231ae0d756fd2d7b93f62590b2135eb164c6,DEPLOY-V39-LIFELOG,收敛区,0,0
2fcab4c34e7e030232a4d1385c125424b133672c1b3b55ed03f5817b02019bc6,DEPLOY-V39-LIFELOG,收敛区,0,0
44c8330a2c4310d4f1ff7f77dd936f273a4f0c066a27ad974d83557eebca7c68,DEPLOY-V39-LIFELOG,收敛区,0,0
44f26b4780a99b041bcbdb6ace5ab8cc318f3293a4f9ba114fc59d6c2941c9cf,DEPLOY-V39-LIFELOG,收敛区,0,0
e62d60c7bb59013254c868a9ca7149fedb92e4c7765f781da8f127b2693f33de,DEPLOY-V39-LIFELOG,收敛区,0,0
1e270e0fc2d10fafdb145e35291adceabc325037ed90a6f57d9bf528e76625c3,DEPLOY-V39-LIFELOG,收敛区,0,0
a17674cd4dc8fd5b9c2e7e23ab30c8c018f99fab091e960b6271e15eefd40e1a,DEPLOY-V39-LIFELOG,收敛区,0,0
0a1deb2f3459288984e1d253f8e8ada5328ffa06615f7d545a5a38c2a3af2b10,DEPLOY-V39-LIFELOG,收敛区,0,0
8b64fd1dc51e49ba9979a9d85a23c1b75a7e944316b2a1650fe3ea5dd468444f,DEPLOY-V39-LIFELOG,收敛区,0,0
e73e2df4271f5c8f476dfc1707a7e7d634029cd37a6052af7384317406b99d68,DEPLOY-V39-LIFELOG,收敛区,0,0
2e0d5cda507bffd4ff5af09e2278f7bbb99b38e38de3123bf25b2e24d7986d93,DEPLOY-V39-LIFELOG,收敛区,0,0
2274b33838724716f3d589df57f7ff5cd72d881ce5a4b7d256f1855e8e3bf233,DEPLOY-V39-LIFELOG,收敛区,0,0
12d90b605893d467c97657e7025ebe6df64073bf9f8dc4ac3abc83589a3c2186,DEPLOY-V39-LIFELOG,收敛区,0,0
5ec60f78baa2ca3ed060b16bac06baee536995f13fdbc9148d9e1ebdca81dd3b,DEPLOY-V39-LIFELOG,收敛区,0,0
344f12e6fea32f9b35d11750b104f63600b656c8c9d252c022692bfed1bc6a7a,DEPLOY-S0,收敛区,0,0
2fd416f760a2176e84adadc3b784d40e912d801f3b4983d486350b3daf7e5ae6,DEPLOY-S0,收敛区,0,0
7d6c252dcd0de4de03baa7425387611be96f285742bbd70017be88a28e51401f,DEPLOY-S0,收敛区,0,0
542d9de5854d1bf1f6baadcacdd75dc2b82871ece1272cafd7c5bda139d30580,DEPLOY-S0,收敛区,0,0
51ca62a99fd2dd9f051b39e4b688601653654907e5452becdc442be3bcc254c6,DEPLOY-S0,收敛区,0,0
ad4fc026389e4d13f039aa845dde1634a400ac0c9654eacc5487f009466a6dd5,DEPLOY-S0,收敛区,0,0
00741ea697d37fa266bfd541d148e6605a9163e34edc7ed4b64daae9f64a8919,DEPLOY-S0,收敛区,0,0
864a2caa7ba995419d607e855c0ae907e21f555e92be630f23122643831008b8,DEPLOY-S0,收敛区,0,0
0d3089cae928736a7e7b179af85b067a14772e8e5957c5a7af24fd0e39026333,DEPLOY-S0,收敛区,0,0
0769dd809f5910bb6da02898ee14f13ab60bc119e9fafd5f7d9f15690b4f4529,DEPLOY-S0,收敛区,0,0
6a966f6a7c021cea423a6e045dd11b257cc688f22da788bc9069c155f7ea43c9,DEPLOY-S0,收敛区,0,0
3738f9d6b5e927e8bec71aa6ab947b90dd8b224ee5df349efb320b77a46b07f2,DEPLOY-S0,收敛区,0,0
4ca2c797caaa215e369de30406796c20b6b72ac0a8a411f7caa60c6ff45186a9,DEPLOY-S0,收敛区,0,0
2616e5da8515b5fa888a3f58ec24673a50e5529e90eda6b549af7fef3ea9ba32,DEPLOY-S0,收敛区,0,0
d349b2db5e6c898a905c967557a47f754a34b02e9a2077648a3c9496438434b5,DEPLOY-S0,收敛区,0,0
64dcae75b51c6e63ef68fefbd43cec83eafa0faaac3193fe64252807f3a43f30,DEPLOY-S0,收敛区,0,0
db3f60db23050aa6afb2d00cdf62f1d1429470af1eb8665ea3c74862fa968704,DEPLOY-S0,收敛区,0,0
0321153e31636c0d8582644e226bd4add3a1e1ecdb41eb2753533f7fba26f5cd,DEPLOY-S0,收敛区,0,0
7e64d1a428265884e9effcaad01ababab1198328bbf4112790f76a45ad792fe7,DEPLOY-S0,收敛区,0,0
7cb16c802a3e4b8383bc27beeab0b1695ed0c583ccbf98e3afa3d60792fc701c,DEPLOY-S0,收敛区,0,0
4993d2b62be5f8fd0d87900dcdb3265591c2ed81829d4b0d18f669a9a59ff1f1,DEPLOY-S0,收敛区,0,0
4e9e2df77476fa6abf405c78e0402c06b2660e19d3c02244c806d6de42c3ebdf,DEPLOY-S0,收敛区,0,0
4d587d77744d3ac9b6ff2817e2bbaed1ae51dba4ac72455937bea5cca238b04a,DEPLOY-S0,收敛区,0,0
db5473bf1ff09f49c69e20194d003840614d9201c15024ac16754eb70167f691,DEPLOY-S0,收敛区,0,0
83e290143c3f6a4594556c20bee556f8dc9dc072ad810735a933fbd2d3fea507,DEPLOY-S0,收敛区,0,0
c68264582e01c920acc71f08ca1f6733bcf626db9f41883f3167e5ca6f886368,DEPLOY-S0,收敛区,0,0
8a46fa0d5df9b52b78a690f5c0359b82d0bf37ebbdc094b4360abb3a6314175c,DEPLOY-S0,收敛区,0,0
126e66d90463f7a13fa0d6acc111221409e190ed2e2b8647ad8f5fc3f947f7f7,DEPLOY-REF,收敛区,0,0
cfc24bf73680ba79d8faa2001b751d78eb268d2fcdb7c5c4292a79b9b5200a69,DEPLOY-REF,收敛区,0,0
7145acebcf9620fc0073be84bed2460c289686b160427bb70548000bbd5d15e7,DEPLOY-REF,收敛区,0,0
3765c62ea9b950bfc03a47f848a3321903e27bfad454f12f310c17dcc5cf5a0f,DEPLOY-REF,收敛区,0,0
497f39d01a9b2e3529486851b7794e24898443773874f8c02a5da66f9cf4deca,DEPLOY-REF,收敛区,0,0
67357ebb44f28bd7047063417379176e7d959e12b1fe857716b22ec3644afedb,DEPLOY-REF,收敛区,0,0
3b4de75911944436f8a05c9d4727389ecfe73b4ea96516fe2a1909db93e08d28,DEPLOY-REF,收敛区,0,0
2b8112e1dd5d79cf41981bf88727e7245acc550e54a9a7561f318b2b9b52905d,DEPLOY-REF,收敛区,0,0
c4059896ba43d18293817721c1c5aacc4266a3d428d680b6355dab139d9875e5,DEPLOY-REF,收敛区,0,0
76ac4ee4113a257a32053e231dde73cc5a3f37c9c9e0fd20341702d7226ac2ba,DEPLOY-REF,收敛区,0,0
0af3bf5f1c5eb943fa949531ddbf6e4108575f3a65e53b41d64b6e8ed4332ca2,DEPLOY-REF,收敛区,0,0
e71dc2feb68e1f7e692cdd854a961c029980fb9d70a83f04082d538030aba498,DEPLOY-REF,收敛区,0,0
2e5c78f3792453309ea7d1c712887072b229589e8869e6df5db9e5f90ad67092,DEPLOY-REF,收敛区,0,0
4106737c5e40131fd9c7987dcdc20be1d804e2043dbb44bb2dbdb50d24a8287a,DEPLOY-REF,收敛区,0,0
ec3e465570605c57fd49e098227ad5712569698376fdc4ec2335301e4b1daf5c,DEPLOY-REF,收敛区,0,0
424e67db96a98d4acba9794db8373b02424fb2137c31ef3b638d139dc470f2a9,DEPLOY-REF,收敛区,0,0
f3d872f9be576790dcc05d4860a1d373887c8c815d8e1ceed921eef2ccb771d2,DEPLOY-REF,收敛区,0,0
5fcadae0c8fda837d872ccd7059389b9d9c065e3d97803d606dcc7dafdc19328,DEPLOY-REF,收敛区,0,0
805ecab973d09ebb97afb64fe3fc8757c3f4f2fd56c9239bda515b3afac33d53,DEPLOY-REF,收敛区,0,0
8e9794d08c7de937758f5a275557616178401e73a509e6dcf3d11951f6f4ef29,DEPLOY-REF,收敛区,0,0
d1db1a7314de59db9cf2afb4480dda066ad681bb50a138ff6abb8efc3248acad,DEPLOY-REF,收敛区,0,0
e41ef95a44e444d2523f80dab8e0b5d2237c40101ac56de50ee4822770e77c6e,DEPLOY-REF,收敛区,0,0
a5d8e91c36087afe9dad155219f0402c0117692a094259d64b19ec0d216d0b38,DEPLOY-REF,收敛区,0,0
f404e4421358944173221d140863b220e4297f6c6376397f52552b4383dc647e,DEPLOY-REF,收敛区,0,0
adb7053b12d9e0ebf4722c07ea54275a6d83804d6cb856911dd75ff5cefe8204,DEPLOY-REF,收敛区,0,0
244bc0240389ea4132cf9b87a7f58ad1e371ab95d75f83ebed6fe84725df5704,DEPLOY-REF,收敛区,0,0
fda39f1c02df205bdfe6dee567528a580957c434c3678f3374083fafd39f525b,DEPLOY-REF,收敛区,0,0
e4ac94bf4210aa3737ff23ac5d28b01769c20dae0f9d815617ee614164c5aa68,DEPLOY-REF,收敛区,0,0
84bc9dde7c9057475324dbae785ee89251bd0a6164dd85b5d66d038c1a484eae,DEPLOY-REF,收敛区,0,0
5119682834484ace99bc0010c83752e05d345e24fc556299541c24a4f17bb0b5,DEPLOY-REF,收敛区,0,0
da7f652126e09ec12c082ba83f3935203b865ea080495b2c951366375884eeb6,DEPLOY-REF,收敛区,0,0
ffed25ecdda8472cb783ccf44d6dbb5abf67ee0d0abadb8746813a32a10f389f,DEPLOY-REF,收敛区,0,0
5202337041765615d0e98033059fd85422a1836e2f64b78df2c682aad8056a32,DEPLOY-REF,收敛区,0,0
9e09b42d5c279ea664559961fa4c2828598ec4a9881791117bc83b1fe8a48fa2,DEPLOY-REF,收敛区,0,0
06ec7a4a9ba95ffec31502036175f13611f296dee8dea1d08768aa1514dbb083,DEPLOY-REF,收敛区,0,0
7f92762cc88699b9b58d1573131f79908191f626e7e502fcf34743077e220424,DEPLOY-REF,收敛区,0,0
9eca2dd86969ffad15ae248a828cc99d97c85fb7b42c96c06ba8e69fd4802fc0,DEPLOY-REF,收敛区,0,0
0bcb14b8b044ca4a9a46b37a2810cf955196fb6bb354a38108a2dea1c3e25445,DEPLOY-REF,收敛区,0,0
fef4428710c646032ad2fe1d213a8fd6ef8253987bef92635634fbcf731d0980,DEPLOY-REF,收敛区,0,0
b2092dc83e90d85bfb3d75f4e2cbd02b9cfa029270a2bd3aa49e0e7fa7f6f4cf,KB-AXIS,收敛区,0,0
cb1b1be0cb59cdc5c29d8a304830f078b42e2a5f45eaf475d56bd5bdf842d691,KB-AXIS,收敛区,0,0
63d21c37b6154a1234793a9bb8cf81c9a90e6a028623adea60be027a73b9c7dd,KB-AXIS,收敛区,0,0
b1c325679937a1f2fbc1b620e27c9c7cbd4769ec9c061a242d9c59bc2ea6940b,KB-AXIS,收敛区,0,0
051014cbdebdd9cd56bc9d5af29338ace5b358f20cd0900adea7fcdc38d1e1d9,KB-AXIS,收敛区,0,0
a672d3ab56dac3e5f34ce05c267890f4ff63739a6f9d3fa010cecedef4a1e17c,KB-AXIS,收敛区,0,0
35018871e212be06f1b4173eb64c1465d222a2b7b49b10520284aa94568f9bc4,KB-AXIS,收敛区,0,0
5ae5436eb7bba9fbbef3eaf53b6f8aca4814d611ae78be18f26b304970ead7b2,KB-AXIS,收敛区,0,0
cb094e3449336b4f1e156dcfd27e103c3ead61a29bde7663839c9544f630d143,KB-AXIS,收敛区,0,0
f72cf250727cb69e9bac5e927d083c8c1c9055e63ca62534d390902f763718ac,KB-AXIS,收敛区,0,0
3ec171c12e3cc098abe84bca39804aa9f2253f804839670c79c4ff3d629d65ff,KB-AXIS,收敛区,0,0
eed2d433fae2c42a5d5f4bf6ce06bdb3e41414fa3cb7bddb4b0aeb92c8c184bf,KB-AXIS,收敛区,0,0
d042b90ab075404d72a74f9aeec257cd14bebfd37dd5a657fe3947e85074f5c3,KB-AXIS,收敛区,0,0
9e85184f9539ce615c4b6219dff2290b821b7b0a48506a1dae5ccb61bf685de6,KB-AXIS,收敛区,0,0
e51f367ed5e06d3badd97086feff509c7e4e737168ba63745384799548f6d0c1,KB-AXIS,收敛区,0,0
72e81883860d7aa344edd0a386f77474374ce711ae137d254bfda27f4683c2bc,KB-AXIS,收敛区,0,0
2ee2226be2557f5056a6b6e002d6e2aef0123b49f3c5ad36c4bee9cc6dcac32a,KB-AXIS,收敛区,0,0
fc57fd12e098716008bc92818a10fc622e2668c960f65c2884376f50273aca93,KB-AXIS,收敛区,0,0
3402885de414583c04c7e7804b21f0bcf3a8c3ca2f28ff7cee8bf06b138d1145,KB-AXIS,开放前线,0,0
8c0c4404a6f1c247c02d5ef711b597d26acd961804ef688aa60a4581f6a2b43d,DEPLOY-V39,收敛区,0,1
36c44282a9564a7c60ff6489cdc5fe7be0653a0b0242765af8ccbbc13064d9de,DEPLOY-V39,收敛区,0,1
d410a57a80216acdfb8a1a9a210c31175ad462d38c4e2ac68001c2aae0425bbb,DEPLOY-V39,收敛区,0,1
2d1deed1ad49e62b1901871c6046e0f0e10632ff8f88ba8bfec02261f3da4d3e,DEPLOY-V39,收敛区,0,1
3794a8fb13a0e1c9bd18361ac009ee3199396ad3a930ab074bd8a76fb576aa52,DEPLOY-V39,收敛区,0,1
47344f25bee36143aa6f3563e10d18d861985fcf5cc5bcc1efaae1ced1a6a1f4,DEPLOY-V39,收敛区,0,1
a3ee60d22aa5275f0ea322fb53c78351fbfe6239934ffcc597c3e5525b490cad,DEPLOY-V39,收敛区,0,1
9bd992ef92bb69ae3dd2063172d9a6a585fc79f0b1de31b0f2cea10971e1ed8e,DEPLOY-V39,收敛区,0,1
c55f9f774ddca82e2fd4c2dc48fe4e59a13226faf71108d92c8852be0a3f90f7,DEPLOY-V39,收敛区,0,1
5d252d5f20d52585b59b6bbebbee720573f011ba6dcd79cbc2edd8f7cbd26710,DEPLOY-V39,收敛区,0,1
e68aff139a84cef29e17719540504b419590e6c1679dafc271a83503d685dca5,DEPLOY-V39,收敛区,0,1
bb1994f786d74f86fc75c79296bacd0ff63984e4f7ac872906f980de821cf459,DEPLOY-V39,收敛区,0,1
b8bee2c83d6a064598b895fdc7eb2c69d1d98d2757d526c25d6164bcd269b1c7,DEPLOY-V39,收敛区,0,1
d7c4fbcc27f5105fcd637b52cf1a45fdcd196c0e6a71e11ad092e033026ab7f2,DEPLOY-V39,收敛区,0,1
82437284878c6e3bd24eeea527b14e6e0fab47fc684f43e2c7b1e291ad5184a5,DEPLOY-V39,收敛区,0,1
8abd9d6f8b0e57748d055c39e8f2436ecbdedbef047b68f5b729557078441806,DEPLOY-V39,收敛区,0,1
7fb5c218e5cd32fe77a20161d29b7bc415553727a3a96ae434afa8eb258612a2,DEPLOY-V39,收敛区,0,1
f18ba14c59f313566796639f0890e14b78e6d12b750585c04d759f0ff09ffc06,DEPLOY-V39,收敛区,0,1
77370b6616ab15558b050296de9be2c13b1793a82123336f2f85214ea5efe98e,DEPLOY-V39,收敛区,0,1
da7f20491954210668973eaf4387ddbb3ec660b8ba662c27ef201a28dc2110c4,DEPLOY-V39,收敛区,0,1
5ecf042949f84e2d85495cd2ca82e462df6676aba17910a55560211e9cbf89c1,DEPLOY-V39,收敛区,0,1
c4c468ca85598bc7909ae957c3ac347ec00097d8aa622ef28fd905ef3c72190b,DEPLOY-V39,收敛区,0,1
2e65296b3a57a4c05025ef6d1d10b38dc4f1bfebe0666885e7389f951da29f51,DEPLOY-V39,收敛区,0,1
60ce1f13df783d7999670c5b13c01f15d7476a03b54f950233700fcdcc68689c,DEPLOY-V39,收敛区,0,1
c53cf9592b0e5e866bb7b0176aae1705595081d5d847230d70437b1e7bcebe2c,DEPLOY-V39,收敛区,0,1
aee00be89b3e5ec3ed9254248dd5bacf1d585aca8a155bc137cba7a2f52a737a,DEPLOY-V39,收敛区,0,1
8e39d4c3f6b92896e1ab9c98c29e876649ff55c8eff97b110497c92cbcafb9b3,VERIF-README,收敛区,0,0
eae5761e7146a48329444e17669aa23c411cff0ac90e9071e7df137e4fe240ca,VERIF-README,收敛区,0,0
f0b1ec60f781146541be10db0db7c4428fd7fe8c4f80b6dcee9fecf71293b84e,VERIF-README,收敛区,0,0
0b5986089fdcea345a73599fef72ebcc325f182bd2933e1e7e005cef25722f3b,VERIF-README,收敛区,0,0
bec3e5a16e1c5fac3ad646b0afe0f5ef54f3b0d4938137a0fc6a30d9aa13974f,VERIF-README,收敛区,0,0
efd5c7d3c5583eacdf7557fcf0dab2c791461a36e0461c55de7e758223db1fe7,VERIF-README,收敛区,0,0
2582e0de3e4f1f07c6f679e8763cdccfe4be8b5ed1ed4dc6b1c5702ec55773b0,VERIF-README,收敛区,0,0
1e520847e8c609347f09daf77778c5cce56c04fa2d32d864a6015494cd785cc0,VERIF-README,收敛区,0,0
9a06354080ffa17959453b82d5d6c99d3d85d4dc1c4821b858a3093c720e0ea4,VERIF-README,收敛区,0,0
d28674213d3b5464134c670b565f5260b9d98242382f7736d2830f62a6d47351,VERIF-README,收敛区,0,0
8f99b329245022e3dcae65083ae303c29e4ba966d3485acf243c7d8f4887c0ef,VERIF-README,收敛区,0,0
b7a5158b84b97263c0f4d4c920892cbf888fcb80ccc81360a57113436fe4f080,DS-HANDOVER-PKG,收敛区,0,2
4b110d6246fb72fff11ece5b09798a1484800877007ee269fd7c167d3ff1368f,DS-HANDOVER-PKG,收敛区,0,2
60ce1322a6a29e83a9322d0c940e077b946ebfe65e0a39564789a8968027e434,DS-HANDOVER-PKG,收敛区,0,2
98bf4d4dc6a2fcfe36b478a76d9d16af0c8476562c965045cb583c00bbd1cac2,DS-HANDOVER-PKG,收敛区,0,2
f775ea5fb36e6a35421b6a407a871b83d92c552d03e95a4108e74e7138e65a9c,DS-HANDOVER-PKG,收敛区,0,2
3f03100d5a3d142431c5f734886b11dec7365581fe23c8cf643ede4120b3d9c0,DS-HANDOVER-PKG,收敛区,0,2
c3ffafef8a38895779e849fe244b250f37ab0c3788a2379ba560f1d1da206d2b,DS-HANDOVER-PKG,收敛区,0,2
877dafe79623a2150ebd831380b7f224c7f77b8d01228b897ef20f7745bb576b,DS-HANDOVER-PKG,收敛区,0,2
a486dfdfe4ad90c25f10478f146862ccf33e23dcba35bf2bdc988ba00473d22f,DS-HANDOVER-PKG,收敛区,0,2
26c93ca068b2f1a38e300539c8567998c663cf414c3a7deb358f8ed1cc35489d,DS-HANDOVER-PKG,收敛区,0,2
4ef9a1df0aae380fba42169b6099c169dd6b10f1edad5a76540edc21f8208dac,DS-HANDOVER-PKG,收敛区,0,2
9b6889aa1fd50b51307afe22130300471a0c6121675b218c1dc2976b84cbc00d,DS-HANDOVER-PKG,收敛区,0,2
6fc6f72fa873d6d4e6889c92bccc34a988434b6531c137acf346a03e92358154,DS-HANDOVER-PKG,收敛区,0,2
f8cee7b42d9e79acab47bc5fb51bdb5673c510f821916ee5a98fa84149f16bb0,DS-HANDOVER-PKG,收敛区,0,2
17aa4578b65fec83f3173d0f4339bba2e22e8798a1a245c3a6dafc1e8d713cd4,DS-HANDOVER-PKG,收敛区,0,2
46d32d4cc53e26d19f17b7c1878f3f616ccc2891be38e61ca723f673f1cc93f2,DS-HANDOVER-PKG,收敛区,0,2
05ef49942f3cfd43d9b8838830ac9c3a42719b3f1b677dacb66f038fa0223722,DS-HANDOVER-PKG,收敛区,0,2
a8f836044b6194e620902250f1bf5d5fcb3569df64f94333997132fc4fd1a0cc,DS-HANDOVER-PKG,收敛区,0,2
900358d766494ac4dcf4a8acd623fcc49c0d4f15683f61c37a4dca1902310fdd,DS-HANDOVER-PKG,收敛区,0,2
cf94d488977bbf71081653a7c45fbe6202ad64c5f6803c1e677312d558df0dae,DS-HANDOVER-PKG,收敛区,0,2
a6b6bc63d1f5443a89a8211ccaa224c5e4375f71346bc83f942f1aa492b96e52,DS-HANDOVER-PKG,收敛区,0,2
bde7c9be20b74fb0634dde12b590ca677b47538a5912e4009dc570589b677f30,DS-HANDOVER-PKG,收敛区,0,2
898245377c1df8d66af180cac7600d2d7e1521df934fcc75a319c8a4f90f6d17,DS-HANDOVER-PKG,收敛区,0,2
f75428d8aeeaf7c16b82d20412bf09ed9c0d9c46c21db243a1cc264794ee3713,DS-HANDOVER-PKG,收敛区,0,2
55c2bb2c12683dd7126dbe24ee4529ed631523b1b9d0f96443981017dd44dabd,DS-HANDOVER-PKG,收敛区,0,2
8f70cde2e04b9a15a40fae7c93ee1aaac60497265dbf2912c83a32c672946fae,DS-HANDOVER-PKG,收敛区,0,2
5a482be1cb1d8c8af33268a9845751bfd137211b8ebe86c0b98ff403d9ee877e,DS-HANDOVER-PKG,收敛区,0,2
eab27e2ee3f916174725695f6df33ffef06435ae645ff1b3260ba37d99f339b2,DS-HANDOVER-PKG,收敛区,0,2
3e7878d141bafa740b07c7f4e9ade38a44a78c349f7072903ede44f14a492959,DS-HANDOVER-PKG,收敛区,0,2
dd0ba78ef6f1e31b5cfd9787b85587a0c5bfd230cff2533d9ce7a8bc085718af,DS-HANDOVER-PKG,收敛区,0,2
dddc97941ca5cd31730483c620b65406913dd7e97849002dd011cc8565353608,DS-HANDOVER-PKG,收敛区,0,2
503d89fff72ed48a3c1655f836292c97d11c36dca08ae783caaa8ef57f0ee95a,DS-HANDOVER-PKG,收敛区,0,2
c6ff3a7d4ef813440057997b44a04532f6c82f958ae9ae717715f16f38fea8a4,DS-HANDOVER-PKG,收敛区,0,2
b0ffbdf92d1bfdabd8337109be10fbc09a11493ffcd9039139f2a9b1eb740609,DS-HANDOVER-PKG,收敛区,0,2
defde71d2de937b5281322f82f8c5fd3b2e5b8a1aa9ff73ae7639f857d451e16,DS-HANDOVER-PKG,收敛区,0,2
024befcd499af6e7b198c6095fe05ad0ff6d8e7814b90fc080b8042f60b31180,DS-HANDOVER-PKG,收敛区,0,2
dbbc85c3888900ce08468c4da130a6c340cf3f7a69d8d31a45c0480bae785535,DS-HANDOVER-PKG,收敛区,0,2
c031f47666f738d0374ed8ac7de28b328dcd1be1472bf6f59b5f36370afd9a26,DS-HANDOVER-PKG,收敛区,0,2
0b7136fb76816dd683ddbc6f79f9516d71a51cbe53012c6d23fc32d26dfb124c,DS-HANDOVER-PKG,收敛区,0,2
548c5207343f5140c445731cedb6f5ffe50f265a6ffb38a69157cacd6451de88,DS-HANDOVER-PKG,收敛区,0,2
9aa129d57520f220413fe8e424570481486a4ee7f112580c92c7f2d3fcdbabd0,DS-HANDOVER-PKG,收敛区,0,2
6776a2de5930dd0119291a14b9311c72ababbc7173678a33b1433155617ca1c3,DS-HANDOVER-PKG,收敛区,0,2
02daff4605dc705213c42e68c562f7b3b4cf5f817180acb3618666fe1bc20e39,DS-HANDOVER-PKG,收敛区,0,2
848f1e700876b743f759cedf21a83f6719cd69167391d146d858f6fb434214f9,DS-HANDOVER-PKG,收敛区,0,2
834e5411fa36d0362197265ae574213cf62f8ce765cb3de243b0ff8345d4d869,DS-HANDOVER-PKG,收敛区,0,2
7c61fdf6533636d1817b7a54ffe2ae3e2728d9fa3e324d56d3b31efbb775d75c,DS-HANDOVER-PKG,收敛区,0,2
31a159569b5b72723f9d879952a8769abe6c6fe5bfeba8aa39a455746343b396,DS-HANDOVER-PKG,收敛区,0,2
e1736009af5100b063922fed29b17cb343803e713f7b14eb90adcc756e96dc69,DS-HANDOVER-PKG,收敛区,0,2
4835f2cb7b773909194cdfc97c7a5719f2f7d742166074435e0e6abc977d7bd4,DS-BATCH-R1,收敛区,0,2
ffa2c7174c34e478a369ce18d99548d4d313dad89720a97537f69c83d6b340e8,DS-BATCH-R1,收敛区,0,2
58deee6e8e7dcad082b9139031cb279226ef57c383c9282da38dc2c77e5040e1,DS-BATCH-R1,收敛区,0,2
236f35dde2e3df4b1e01692be196a42083e5fa79b83cde2d84bfe94efb2037be,DS-BATCH-R1,收敛区,0,2
fc41364efe3b99d554450a0955a64353b287d4a9e0a82b0472e8965c2962c290,DS-BATCH-R1,收敛区,0,2
2fc633052598afc37472897bb79770ff5aa443fdea38f6d2e2a4520cf1793e72,DS-BATCH-R1,收敛区,0,2
c0e9e3dbb9d8b091fe5d49ba4b25be3717f7aacd0a6228c0a0b842c02e52f657,DS-BATCH-R1,收敛区,0,2
87595b2a08a58a19ed11797745d6804ed8b3955064cd0a5aa4fdd06f4d6bd818,DS-BATCH-R1,收敛区,0,2
0afd8200a34e82bbdbf82371b0331cf5387b774f8c37bb6c1c200d1199c1bfa9,DS-BATCH-R1,收敛区,0,2
5f84d8485f859444238889982180aaf1fdbac7cd15371b638e082c6cc0590681,DS-BATCH-R1,收敛区,0,2
db13c176673538cd10e8e9e01a7d8fc4590d64c031a990f370d7ecc353a44771,DS-BATCH-R1,收敛区,0,2
99bf3cfefc55cf4e5ce6233242f26b32665a96ea9ebe4ade33c1312be8f8a247,DS-BATCH-R1,收敛区,0,2
c81071207b4cad996ef98b6591a2ba937c925a2e0a6f93108a596868f2897ae1,DS-BATCH-R1,收敛区,0,2
0ece085ede8f17660f11cd1ef5b845dec926757bb2bc5f86ecac9f2e96ac7c16,DS-BATCH-R1,收敛区,0,2
99bbd9e1660bc8fb584cf84f22ab02ba7299d72875e2413b3f0cd754be2ba710,DS-BATCH-R1,收敛区,0,2
042cde9718faf8694b2166bcbb690146fd706f24be7416347c242b52eda24f82,DS-BATCH-R1,收敛区,0,2
807de18a341ccd0af9f9c18041d3b40dc205b0c8978cd2430a53228be19e0169,DS-BATCH-R1,收敛区,0,2
5cf2d61fafd5831b4d6fc665d8a36b0459f3acedafbe2b3180c4dc41f83d573b,DS-BATCH-R1,收敛区,0,2
1eea048fd09a269017d4f648b8cf6b3757093567693147fb1312b12726802312,DS-BATCH-R1,收敛区,0,2
cb7fab1a5558bf3a92bcec86f370c33d6b36a3f78df1b9aa7c18f6374a317da4,DS-BATCH-R1,收敛区,0,2
dfef56d33e8d247e7a9e88332f09c8036701bacfa3f00a8bc71f078906b2e4a7,DS-BATCH-R1,收敛区,0,2
d0b3a51f2f1ecbc5d1eea22e0a982009a184a96a61028b4befb731236e789741,DS-BATCH-R1,收敛区,0,2
43b8c9864b5ec0753dcfb5e6a0fdd86d0a2227dd706dac2cbcb02e6e7f47470e,DS-BATCH-R1,收敛区,0,2
9f700472f14334c01fb449a7429ed3538388116f1dbc09941d0bb6ed3ec974fa,DS-BATCH-R1,收敛区,0,2
57727f6a396813ba595990d6cbd84ada864a5278030e94c5e0c22b6905bb81cd,DS-BATCH-R1,收敛区,0,2
057fd173d90bf00b5889e9a2e9c4684b4e3bb94df7e1b77f1c8fe1049d2efe9e,DS-BATCH-R1,收敛区,0,2
60241000f591c7a11edf266898df39a979feeddc8dc13cb0506b335c23725217,DS-BATCH-R1,收敛区,0,2
6857718546e8287f68adf0e151d95476f5598b487af0e68d042c5a868e297771,DS-BATCH-R1,收敛区,0,2
dbf2fade3cf0e0f07c0500854c3fb2c99a92e590f79963658694f49cb8136006,DS-BATCH-R1,收敛区,0,2
6a716e8a17fa9bd96fad7f5a11fdfd867b12bbc55956635e64a1b2fee9d0dc77,DS-BATCH-R1,收敛区,0,2
2e56a2ce78cf468b89f64c6106ef0e3ce092766f33b5d17a0e4be77468b144de,DS-R2-N2,收敛区,0,1
1245594e28c3eb7329bae0b9e922c73d1d926cd10f3e13893aa5ccc11fb7cbfd,DS-R2-N2,收敛区,0,1
cbd8a1dd858ce88061446cd89850f95dbe7a5a83317c1d05fa6f822cf6cb08de,DS-R2-N2,收敛区,0,1
df4d7e4637edca36efcf08bee06c6224a4ec99c85640ae8bfcffef7eb0e9dff1,DS-R2-N2,收敛区,0,1
d766171f5b4214ec7cf12817e15881db6c2ebab714fae0494b2c923146326848,DS-R2-N2,收敛区,0,1
13225d02dd7ce9ac83ff0ef0cda43cd5cbac2b06ee064509d3582559d98ab36c,DS-R2-N2,收敛区,0,1
e327eb58d42aefac4a25d0fa0aa76caeb956d1b8c5c8e35ac73901e410d8eadd,DS-R2-N2,收敛区,0,1
3bf62fcce5710e5eeed4ac76390004dfb302ace77bfce73a647d72373eafb081,DS-R2-N2,收敛区,0,1
6b5e565a0f9df637c87326206923cdb5297d119289a9328c6a299177a68a5fe3,DS-R2-N4,收敛区,0,0
1bf59a9d57bbd0dcf2c7187044ed9bdd259fd09d8a19ae98c91fcae57b1772f5,DS-R2-N4,收敛区,0,0
4b78dcdf213692ca1098e4ca5f98eec99fabbec4f44d9f9e0797b96e343be1fa,DS-R2-N4,收敛区,0,0
0654ce501231403b0d70d60f65eec87c64109cc4a2aba00759807147c6991db4,DS-R2-N4,收敛区,0,0
b76a2b6e58a6e2dd8e9846397dafbab29f5fbb12fe586bb156b80c567448f77c,DS-R2-N4,收敛区,0,0
0362defa858ba2c61ad60d5a4194c56c6bf3766c10a64b2f758c83da2e37ed8e,DS-R2-N4,收敛区,0,0
1467a09989c75a0b8f08e6883c91441e876e80e66a78b970de3652eba4e502f6,DS-R2-N4,收敛区,0,0
759b82541af4edf136a326a21456b327d9bc142383aceca9723b167d14d80975,DS-R2-N5,收敛区,0,0
bd6555e8f8b3413f0ed215d71c903a57f71303076c562cc921319056c6136439,DS-R2-N5,收敛区,0,0
3b5b6da7497490e6b424ba08d1d0744f5e0efc522f107ec49c8a0ef77a78d4cc,DS-R2-N5,收敛区,0,0
20af3c76c533de49647c1f1aa74c072e5c950ed45c6271c342236ff2002c2f69,DS-R2-N5,收敛区,0,0
e9f1e16c0dfcebe85f919aeae6d75edb984e90e6251bc54b31b0f3ccb8fda080,DS-R2-N5,收敛区,0,0
9e32580487cdc5e91fb03041e1a9f67528f0f108a9539ddca0c80d02fa10a242,DS-R2-N5,收敛区,0,0
ba90c9b37879f56a60857e8bc2ebced954dc09e6452aa2c5b959616d8c502ce2,DS-R2-N5,收敛区,0,0
5792556b51c63a772bb1dda7a673938ee877be2ff556be17f112f9c1c06b619a,DS-R2-N8,收敛区,0,0
71f5c8aefb6626a5e5a2642958a19de99eeb146c21666ec7f820a8114938d2b7,DS-R2-N8,收敛区,0,0
ef8b4c74deda886508a065e0e98f827bb44cb6839ecad0539ba08ef24fae514f,DS-R2-N8,收敛区,0,0
b5e9934952aa1fde6334ebbe6d0852c090cf42df656f389579fb66d9c21c1c32,DS-R2-N8,收敛区,0,0
4f3d2b9c427b5383f01a813f93890ddb503580af8c532cfa8bf562311f8ec75e,DS-R2-N8,收敛区,0,0
5cb791e93e6b14131ea04fafb49b437f083f9f4d8d370fb8f0412f0eb5abba0d,DS-R2-N8,收敛区,0,0
cecda343a4b02cc1bb6f046f73dee19d955dcdb40ee25fc4dc6bccc7c8136340,DS-R2-N8,收敛区,0,0
f867a9958f45f3fed4c2d40113865abe266bcc3846973a8bed64368805060d4f,DS-R2-N8,收敛区,0,0
0f6f7aa75eb4ebbc12431a46233c8a1606c6d8ba1163e208bd8a228bad88b55b,DS-R2-N8,收敛区,0,0
0e0aca03074e92fa798a58475aaf3778f29c5634f612ca01f38756657ef2598e,DS-R2-N8,收敛区,0,0
121ed629e3b188a9e271bb2204c8a2552bda98fd73a3165c04f02fe6e9c4067d,DS-R2-N8,收敛区,0,0
29a730dcd169f6f435dc6f92d19eba6d120123e82fddcd215e54d37aa50b9985,DS-R2-N9,收敛区,0,0
13dba20b29571d27e3f4c648f933e1a1410ba959b08d65a3cba52a45769ed627,DS-R2-N9,收敛区,0,0
4d76b3797a86e34719e7b83c784aa89791b0d849b09022f74dd6ca49254febe4,DS-R2-N9,收敛区,0,0
8c315c1790794339af1052588e404ab0007722226bfa7a857f4cd18959a5ff5d,DS-R2-N9,收敛区,0,0
f741924be4f630c00bf6e723c4105a638b3580d3e6620a145da6a369864e1010,DS-R2-N9,收敛区,0,0
9097765317e3e1a360b6032f96042a021330163e5917daf1666c8f9981b2ac04,DS-R2-N9,收敛区,0,0
aa28f5fabd5c1b6ba37a8f1d4397cf5f87f1370f0b30c645fcdf4098210b5bbc,DS-BATCH-R2,收敛区,0,1
625a38d9439119f81cd9cf1a3ef82432c3a87278befebd822d82375a1fc539c9,DS-BATCH-R2,收敛区,0,1
8d9d786f98e9146416713603b0722d9157cb949ebfb9efdd6b3646647419b865,DS-BATCH-R2,收敛区,0,1
efbc2286f37622a21fbad83678b183078b678df5dd8b81a9e25a397db9d1ccab,DS-BATCH-R2,收敛区,0,1
d3faf19ac333b85e055632de998ea8739bf705e528e30dfc9b19d5fce6fb8fa4,DS-BATCH-R2,收敛区,0,1
d6e0a43f4232b2617ecad0d11e1c7f3615001ce66ab465ab2f8a8d54b02f2acd,DS-BATCH-R2,收敛区,0,1
f7aca918818089897e185a8f877b03d7eeef29c6eeb94ffa14dd5d47692a5dc4,DS-BATCH-R2,收敛区,0,1
3780cf820ac45628b94c5b2748deeea3923161509feecef1838f0b4c789bbc10,DS-BATCH-R2,收敛区,0,1
140f85353f3f1ffeedfa7238015ec30140e6dae5a808d765b5ffa6160b6f902f,DS-BATCH-R2,收敛区,0,1
4e0ce4c88bd095bfdc29bfb982bc058c1dcccd1297a2033d920ab612bee704a3,DS-BATCH-R2,收敛区,0,1
fdfcb6c4c84e5502a07e3ec1123162d6de528efb75790889e7e6190abf1fcd5c,DS-BATCH-R2,收敛区,0,1
6585c96967378ae9da71a50994f0eeb3116d41b9f9cb2e10dcf4f6dda9f1b791,DS-BATCH-R2,收敛区,0,1
6d8c5753c1c279c554780675d782d27bca71b5dab1ace348662cd40fb20f3661,DS-BATCH-R2,收敛区,0,1
5e1a4094172c1dc0040334189290c26f0e9d49f42f1e9d7d51b0eff54b711b66,DS-BATCH-R2,收敛区,0,1
bf45ba896f291d6a4642cd80bb950c1aebeaa408bb98e9f6801f4d5145b28518,DS-BATCH-R2,收敛区,0,1
ef5f9610112c55bd36d411ed080283bada3910ca5770d1399760ef82e9188e87,DS-BATCH-R2,收敛区,0,1
788c618160ecc2909922c6ac4c0dc0af5f785e66f1ee14de3b52476c316f2926,DS-BATCH-R2,收敛区,0,1
2848552dbcdd9230d5191b7aa951cec1dedd60a899259499847241d60b8e710b,DS-BATCH-R2,收敛区,0,1
4475e6fbd822fbeb60a3e3470dff23b92d7997eb94105fbd901102e0f54225c3,DS-BATCH-R2,收敛区,0,1
6839f8d82f3c34da2727c77c14ab6f2a1dcd7698d51179bfbaf490a916a9318b,DS-BATCH-R2,收敛区,0,1
57be69e561f6a7476701e66f1e5a01716ebae96c7279d966b2460ed06d56685e,DS-BATCH-R2,收敛区,0,1
a9d478db63e0403c98a3ffc32841e89010cf96c45f020b36b777f627f954cf06,DS-BATCH-R2,收敛区,0,1
77875c3c4e1de1a589fb7b49228b773e348e5bb2fc5803aacd255418faef78c6,DS-BATCH-R2,收敛区,0,1
c2d4ef5e0c735329473f7fefc850f5da4f919bab6b45f3a84cab18b483e7756d,DS-BATCH-R2,收敛区,0,1
287285ebc1534807e69b59960a342d40c41a2dba5d59d313ac8fba20dbdfe271,DS-BATCH-R2,收敛区,0,1
b7e4bf61842b2df2c95dd3970e28883d709581aee2de82631ba01bf74cd9ef2e,DS-BATCH-R2,收敛区,0,1
0882450acf722462ee336678b216e82730d3373e1e277218b5f8e32246e435c8,DS-BATCH-R2,收敛区,0,1
75047c49175abd7f2210f1a1733cb2a009d629ac551d2f56817e9b49b1850c6c,DS-R3-D1,收敛区,0,0
282620219241799651e408c02f0b632821a69ae9a309c4625eaf724545d35551,DS-R3-D1,收敛区,0,0
31f4763e5b0ee4d1766a69b9575aa8600b43010b8124ddaed6d013f7485709c9,DS-R3-D1,收敛区,0,0
6d95763167af727c93eb5056fe3afb6610bc148b9a0e77e0bffd1d7eab19fd78,DS-R3-D1,收敛区,0,0
f77ce88af798183feae505ddb27f21ada91b02ded66af46eaa5cf6d0329977bc,DS-R3-D1,收敛区,0,0
8e9e50d318c96386de96b97fafa3ed20f0deba7d6761273da45c4efd5749d255,DS-R3-D1,收敛区,0,0
c678b23f98e26fae154ae30352a2d35712f1d102794516b885db537fdf1f1a91,DS-R3-D1,收敛区,0,0
ee17e79a6a4fcec06650b2f5d5167147342e9f51bfbcf610dfd7c6838a26cf8b,DS-R3-D1,收敛区,0,0
189a5da1d46d67ace0559b45703330590ce68d511d637dc6fbd8abb0738ba4b8,DS-R3-D1,收敛区,0,0
7a656201a823fcbf6fab9788a084db3a63834612079f304ec4b2e6a4a8a5aa35,DS-R3-D1,收敛区,0,0
93e48ef004c16398eb31e5b44609f9fd5fd3625b05e1fb1d7d72aef604b3a543,DS-R3-D2,收敛区,0,0
000d3a5d52c8afe197e7eff5c3d247f0d1defeae169ad55966d889d1d8ff0a1c,DS-R3-D2,收敛区,0,0
ad859968a880600f9d1e669e49840465fd3625ab288f7eb8cd7a9a7b2e3abbf8,DS-R3-D2,收敛区,0,0
66b21d2da880ed4059473032a2bf2203a2f5f19d4070a83203ac80d2ca88f4f4,DS-R3-D2,收敛区,0,0
ffb554a4496dcaa47373545ce676045643509cb85e0f06e26e94c832ce7c314b,DS-R3-D2,收敛区,0,0
72b64108f6f704525d5ba3f0dcf900f296e73f988bf87b146546dec75d675ba6,DS-R3-D2,收敛区,0,0
c61d8d350c59ad1a79bb4d98a0d33f1be7f7c99feac97803d3f3f1673fa78d40,DS-R3-D2,收敛区,0,0
beb1a35244e66437a956cb8429cc8715d302d0d1b027d9a767d2a5b8ad37e178,DS-R3-D2,收敛区,0,0
2ad7353a5a9207162c724be75c9a8bac7baca5eb2daf6894f24c82a03f2b57cf,DS-R3-D2,收敛区,0,0
ec363aab3b6846cbacf9529e67ab9ed0b41f836ac78cfc0b36ee170103af7c5b,DS-R3-D2,收敛区,0,0
5dec940c7dfe7e0beeae24a02466b8b876eeee98663c6e5f03467a9bc95c3f3f,DS-R3-D2,收敛区,0,0
4e37f5dbbe0925f875d4235bddb00b3133b75211898cf243a018d5f7d1c158bf,DS-BATCH-R3,收敛区,0,0
b1ad72076faa87666db3d714a2b0c6ff1cf16106fca9bb6375cb11045de96dcd,DS-BATCH-R3,收敛区,0,0
b142e8699d65e1974a4a732457f9da7e028b9ec34ed8bcd7de5537ba371609c3,DS-BATCH-R3,收敛区,0,0
5ea22e23a506dbebfd0c0125e1d289a5c1ce8bc0d9dd9905815aef99ad730f13,DS-BATCH-R3,收敛区,0,0
ca3f71676141502cd39acace40071c601074e35b873e959861538101a152c668,DS-BATCH-R3,收敛区,0,0
fd3965273d6fabb8ee680be03f7ed618e373975780f9c7c311c045091a3c77d9,DS-BATCH-R3,收敛区,0,0
d3b99fc16a7f7af1558c3981ded5076e2584a156bd192115621701b52a464e99,DS-BATCH-R3,收敛区,0,0
3b108b0b1a499dd0c4498f4fb1cb31b0592944d291a585db0eca59e7c72ac3fc,DS-BATCH-R3,收敛区,0,0
49fae60ef31a5a996f669c5938340345260c4f8db0d4ce468aa00b781c7d9ea3,DS-BATCH-R3,收敛区,0,0
1f48a5001aa69ae3d5f8c8c46b5f26be7fb1cc765844cd9bfa41fd15bc2a3dd8,DS-BATCH-R3,收敛区,0,0
aca1b91d55cd330879eb5ff6117ce1f052f8c3496061cc85362b952f31acb8ea,DS-BATCH-R3,收敛区,0,0
9f564128dd11402ea549f3542cf334ccbe627870dc38147d6b610bdd8660b16c,DS-R4-D3,收敛区,0,0
ca1ec3b98f84069580029aa0f97361ea47f4fc9e1e045c9e78d125c857d2cc7a,DS-R4-D3,收敛区,0,0
eca09c9b87117e704209541d230220c7e08d26f87c41431ce066b26ed88a33cc,DS-R4-D3,收敛区,0,0
7aba8901bd821e5aeda7288ae9aca3b6d40a93be0dc86a57b6a5d3cf097530c1,DS-R4-D3,收敛区,0,0
fe953dfb4f2f5eb6e7e211c0c5f3180dbd57023ff75b7b773539263b5bf9764a,DS-R4-D3,收敛区,0,0
142af7456b1f0d024e2968d1622762cbab30942470b06b0ca7df4bc373b5eb05,DS-R4-D3,收敛区,0,0
1e6196f7b7220a005ec83a6fbc4fb89d413a8a0a95155742dd5f0137d4a78372,DS-R4-D3,收敛区,0,0
8adc17779927ef6388b47408fd4768978b68dd8d2e76e17365aa3768a827d37b,DS-R4-D3,收敛区,0,0
ebaf0e0edac29b3e71e6b5e9101934b5ba5ad18bd7c9d2e5d20b5138cdda69a5,DS-R4-D6,收敛区,0,0
5a815f01985dda5686c39e9f527d87ea96f61ea48eb97967a0064d2ab000c592,DS-R4-D6,收敛区,0,0
5f684516ef597b90e81284b34a14d623d864eb1fd040288f2ad7796e9aab037a,DS-R4-D6,收敛区,0,0
8992b1364e0d4d0bc13a8c737f591c82442340a0017e7b13573ef45067b8fe39,DS-R4-D6,收敛区,0,0
a6235a78304a6ef3fa567408431a322f4d7c192143d19b95693528118de53c35,DS-R4-D6,收敛区,0,0
bcad3af9ea838fec4df792d95fd73258533188379a0cc77692e77884af3a3202,DS-R4-D6,收敛区,0,0
f4581119a25fd6384fe5d6e8329aa05bc02c80d00b61909b44126e5042f8e0fd,DS-R4-D6,收敛区,0,0
081bd14313450ec3f6fdc7e2854c041e6793ca0c72f536bb681c7f41e8fdf1ab,DS-BATCH-R4,收敛区,0,0
4719aa8fe61186793cd9f46aa7a93630fac5da545df64da81663a28e8309760b,DS-BATCH-R4,收敛区,0,0
fb0351095e09f97f23d0b6b557be1bd66393d305598dfff2bfc736d132442625,DS-BATCH-R4,收敛区,0,0
ef1ba17f7546a733ac4729e0d9f729b1b73460e4141e303ebac72f15578e8efa,DS-BATCH-R4,收敛区,0,0
a2017854d6ec54d07af2ddee3142588ceaed30fb76c277988f7b89e8a56ba420,DS-BATCH-R4,收敛区,0,0
67ad55ab34bb0220f40ca53604750b3108f24294e5e3f67f8f27b9857b40d367,DS-BATCH-R4,收敛区,0,0
7d05090d9f76631c4d7c978ee830e9aa3410456f9bda02e55d4f73bdb0a8b87e,DS-BATCH-R4,收敛区,0,0
d87dcae389d230ff78f8ea0f1ca8dac81554bb68320f9c301d71cd9d400a4bc2,DS-BATCH-R4,收敛区,0,0
9c701a707da8770d17abf5b45e4922665c66cd0690a6c4184227ebb774f09d27,DS-BATCH-R4,收敛区,0,0
4aa7feb364182ff00c28d38de4d24f6fb0c5d9021a5bae1e09c2d9cf76045d62,DS-BATCH-R4,收敛区,0,0
91a1c47d54f886ef9e0c8e257f747b93675e2f8ca9295f9e2b804158c056df62,DS-BATCH-R4,收敛区,0,0
cfe33b454e26eaa7131e821f3781f9f64fe5f8e9eff346cbabacd981be872c1d,DS-BATCH-R4,收敛区,0,0
56c0cf51b91ea3b24eff52935af7c03c9944056581ac17e6f46a2f291c70cea8,DS-BATCH-R4,收敛区,0,0
509dd90d07225ae6b9df9193e96c780481c10da894829355ccee86e5ed29cbda,DS-R5-D4,收敛区,0,0
a84823f500b4b3106174e0fd40ee287608fa9ffd03ba54590dbb0102a72e8681,DS-R5-D4,收敛区,0,0
f06213091048b89cc507fde5335289e6d24e060360ae82144cc5ee5aa08c0f6b,DS-R5-D4,收敛区,0,0
97d473330195a54a4b92f63a74d29e850a52a8dfa3eb8e1d1f204041acf6ee33,DS-R5-D4,收敛区,0,0
9e9828944dc924d7efa0615273be945a2525d374cea807b3c033afec3ca9f08f,DS-R5-D4,收敛区,0,0
efd1c44dbea4591b0aac8ab3abd51b1d08b11b211ed47823278dc06780d4ac44,DS-R5-D4,收敛区,0,0
aa0ebafe7faa433fbde321bee50886aec6c52e6869fea9c7d4c9a1eb9126d8a0,DS-R5-D4,收敛区,0,0
2b934941b00bf5e526ad7a5e8dbe7af7f004926ea6718da704415b98caf3167c,DS-R5-D4,收敛区,0,0
1d920d58c4f0e7fbdd1f64298df8b3caaec0c45d3fdb395572395e144f47a575,DS-R5-D4,收敛区,0,0
612e11bd3bd8a92ef6dbba53f999879d84ef2fb04e7bb5f331edc677a99d43a0,DS-R5-D5,收敛区,0,0
7b50754f01aafd327c612c44da6051f93b2939532d2c2c57b5d67611bd7c3509,DS-R5-D5,收敛区,0,0
186b06d6160aa5214bf2501ecae503042f8d022265140a3cd9bf061bb08e57ae,DS-R5-D5,收敛区,0,0
cb5cd456b2927b00c2c2fff3dd278aa80805ecb363e02160a4a9ad15c888c7bc,DS-R5-D5,收敛区,0,0
e8ce397f6fab2f7272473eb7ad4ae36dd07db5128b0f1e5c5930a4c53a9d6def,DS-R5-D5,收敛区,0,0
d5573ada7354b0f93f42fe032179816a4b2a41840863839cc760435620ebd192,DS-R5-D5,收敛区,0,0
2ecb7eeea6f93b936cc9860c04a495be3350da573d0a05f3286bdb49d09ebca5,DS-R5-D5,收敛区,0,0
a4ac3425e84c4358830451872b64027264b58c58000f4a1b508f4ebef9fb5cd4,DS-R5-D5,收敛区,0,0
221feee967900bd8355991abe10d9aac147de101a06799a38a352a18d117a351,DS-R5-D5,收敛区,0,0
cad654b76ed591c3b1d30c3c62ff05dac067e0f44533dc497fbe94edb7d1a94f,DS-R5-D7,收敛区,0,0
40ba4a166c32ec9d74fb369b88dca357f7ed763eb4cc30a0dea5e0671a55a710,DS-R5-D7,收敛区,0,0
c19e68acf34455497560a2083e7ea2c4983e9c9d1314d21712b6c08240dd4409,DS-R5-D7,收敛区,0,0
f9b614a728fe6fc5b3057f77a9df20d4c94f473ebb716faf3bce556c72b38e6f,DS-R5-D7,收敛区,0,0
a302ffc2ca5f1698ad540af44462cd6b34458d920476ac93f11b905228fa0bd4,DS-R5-D7,收敛区,0,0
d14e2c434f363190f7a14c97cd732a7deb35b74b28aeed1481bc7e5f2c8819b4,DS-R5-D7,收敛区,0,0
fdb9d71a74812c5202759364f244bf4cd2c7bed3bc1df5ee4d2ddf8844a3381d,DS-R5-D7,收敛区,0,0
4cad4c1f9a781c6502c75d3164ecaf7858b02dcec59d6075f6459314af66477a,DS-R5-D8,收敛区,0,0
c84c90d9886390820bf097450723911a75b0b6553b0c0941529a50323fbd1514,DS-R5-D8,收敛区,0,0
ec3011f9f3b1e2209557d884c1b629f29129b6776ede78cc5478906ca4fdcb48,DS-R5-D8,收敛区,0,0
53c4cfc4fb9bbc6e5b34b1f5a877ae8ae94b98dad09730165d775e089d79b790,DS-R5-D8,收敛区,0,0
da93006744d5b6c268b491462c33873662a211349796011fb6617733c6ab86d9,DS-R5-D8,收敛区,0,0
fcd97bf27ded90d40650e3ddec9dfc970d28ebed1898864ea98498f6e1d176de,DS-R5-D8,收敛区,0,0
639c9841c267ebf17c9a0d0f42a1d8f3337667bffd3e7ea60194543a34df19c2,DS-R5-D8,收敛区,0,0
b58c31716c3c4cdaf9c92ba779e60d5103a166bb2d2c6293b9ba88f2864120b2,DS-BATCH-R5,收敛区,0,0
a76f26974ddf4c5826d4f0a9f860da93156194c7338b977d0adf177f4c02a454,DS-BATCH-R5,收敛区,0,0
7e56b69c01806442742f3279e068000603a796b502830a7db5a3a062d211f76f,DS-BATCH-R5,收敛区,0,0
6220f5ea1f1e9d37d2fd6283b821f9944aee16d188b29c140d73f6b05199c79f,DS-BATCH-R5,收敛区,0,0
5965643edf3bca1692d827d3feab054c9e66503e1809cb8c77288b5007e195c6,DS-BATCH-R5,收敛区,0,0
b8bac95a8dbc3082b9ff0a22e9701e6a98dc6120abead24c9da6138bbb592f98,DS-BATCH-R5,收敛区,0,0
7b00895fdd9e937229133dfb57e62182d1b8aa7a7faf522f4a3475b4b4e5c2c5,DS-BATCH-R5,收敛区,0,0
71d4e6cab7831c6dfe14f3de6b596c61163210c90fa06b96c4839fc03973d067,DS-BATCH-R5,收敛区,0,0
bc55d043d0c71d57d56c697caec5e3087a009435fc6dbd71ddb5d60089344a28,DS-BATCH-R5,收敛区,0,0
4c7858e6840467070870e0b47a06cb2f55d7388fcd54eea372a214ad077c9b88,DS-BATCH-R5,收敛区,0,0
2f983e27be3e4403f79ce563aafe80866bc48a489dc7c0f6fc32061bd567fd78,DS-BATCH-R5,收敛区,0,0
d8c0f657d4c11d6d247105d95936ca0d6ef3bed52443b0c80a9218f052405787,DS-BATCH-R5,收敛区,0,0
56c8a707b7c9ed093fd5b66c89fdca15312c6768cbe371505419deeb790b4e22,DS-BATCH-R5,收敛区,0,0
7f3e6ae1447008888ab19e3b5fcdc41fa218ea87eeae38fb6665e467550dd87f,DS-BATCH-R5,收敛区,0,0
f3d0e41b8852485bbfd4e0f8e6854078ac3c0771db6b7bd626a6abe999d69a15,DS-VERSION-INDEX,收敛区,0,0
1ab9f40246931de05561dba83c3a20a21bf3283910406e7bef3332c61bb7e2fb,DS-VERSION-INDEX,收敛区,0,0
3600c502240855701c139b400c91c0cdecbcaf7edeab73e582e8af6df6548d65,DS-VERSION-INDEX,收敛区,0,0
31e4a30c1f57f107986049168d50f563983e8ac4995ccc21da9457d1e728218b,DS-VERSION-INDEX,收敛区,0,0
c547e7041461904d583c6a017b7f8b033b149f36a8ba419cfee2a0641646b431,DS-VERSION-INDEX,收敛区,0,0
463b2e198f98abd252f3af3eada5e77bd0e40614d18d1c0b77f206bb6682156d,DS-VERSION-INDEX,收敛区,0,0
e1470b973c06c204741a37a079830559116f2d26feb818175e95c386d3bdfc48,DS-VERSION-INDEX,收敛区,0,0
326dbe33c6ce0912a7621c8c202f21b4a038778e8353afc1d40a18543b2c0d32,DS-VERSION-INDEX,收敛区,0,0
50361dab460dff9d3b30121715f9b8637f66b04100954c10a4eeb60ef36d691b,DS-VERSION-INDEX,收敛区,0,0
61377f7852795ae0ac543a4d268229496d449db526126c277a6ce73d04a2b068,DS-VERSION-INDEX,收敛区,0,0
d90ccc6c54311553c6e6c2397a463a1eb9a61cc982591250e6ef9f7deb338628,DS-VERSION-INDEX,收敛区,0,0
eb8ac92d8960f10cf808204e5f8ace915473a9154d9b8f4e347d6df4a54248a6,DS-SUM-V2,收敛区,0,2
0436801fd9908eb000f118b3e0d66de9caafd67e3d8d3b3011f473b0ac2c80f6,DS-SUM-V2,收敛区,0,2
af7364bd5e2fb0dd909c5ceb98ac319751ba111ba19906529b22babeb140fda2,DS-SUM-V2,收敛区,0,2
2d3af15b732c4d1f1ab2027155370976eafbd57fc778f845774427433d68a9c3,DS-SUM-V2,收敛区,0,2
f84b4587c230bdc29a8620433ed7084fbf7a3e968d4ca6ea307537b1dc7fee39,DS-SUM-V2,收敛区,0,2
a39299569b4e2e8c06d29147626f586f2813ee706b16457fba3af944c6a44789,DS-SUM-V2,收敛区,0,2
d3df19cf884d323727af0f8a827214e3d70313987a2b6bf21407e165e40fddbe,DS-SUM-V2,收敛区,0,2
d52d33142f80b1ce13084f1b92f72fbe616cc41d9ec5fcea1fbe006cd384ff37,DS-SUM-V2,收敛区,0,2
ae20514c99757955bdc9c15002543bd9ee0421d71b7c334f2768c31afa2067a8,DS-SUM-V2,收敛区,0,2
b3f310013541cf3cc5a84918590245f2de70043d0f093fb11f17614b1c1bb0e7,DS-SUM-V2,收敛区,0,2
5085dd662b2bf815266738cd940f55f55ab8e44d8f53319d97ce1c6ea793295c,DS-SUM-V2,收敛区,0,2
a812c4fad452cb591dbc4b7fccc6cdce9a8a5736fad82134135b699a76445c18,DS-SUM-V2,收敛区,0,2
199fdb438bdb5a2b68d5e8161f06368806e7e17aec71d13fcd97509007c16238,DS-SUM-V2,收敛区,0,2
3e06db3a10f1bec6cd2ff6f0ea44fb352f9656e7b91c9ac5c802eabf9e87c6e9,DS-SUM-V2,收敛区,0,2
5878aa03be1ae2ee72812ae7adb15117809366d9f7d1467f9477966a4256dce9,DS-SUM-V2,收敛区,0,2
9886041ec85df6c81841c7e0aec5f8e70e56b55e097438fe317a0b50b2c04131,DS-SUM-V2,收敛区,0,2
ee01371b91d29135eab37cf31962133a243c16b66487f5b6ade5074953407d55,DS-SUM-V2,收敛区,0,2
6bdf0f636fab3f040572c26c4afb1f76a14eed915bfe336f971d395b43c2d83f,DS-SUM-V2,收敛区,0,2
74312623704518c28383b816188a0290f17878958b40a83c9c52f42084b3502e,DS-SUM-V2,收敛区,0,2
3b3493caaf228f7000de97a967278dac84aeec408d6f63dcf4071d021041aabd,DS-SUM-V2,收敛区,0,2
38d29ed58e7941c394864b06e3c612352a0ababf5acb3126b72015f7594906ee,DS-SUM-V2,收敛区,0,2
5091ff2971bf24c7f12bb06f00807d7457fabcd24cccb73f2a7479f7ca1b8049,DS-SUM-V2,收敛区,0,2
ecd47451fb3646c1e315bdd2226635411f754b092149f76d43c663e2d8c2beeb,DS-SUM-V2,收敛区,0,2
73eead2684270d79d72f05dd6a446cddb9cb0cbe5a6bd7deb92b3d0b8efdc92c,DS-SUM-V2,收敛区,0,2
7f38b7654fcf1fb98c0544e936af3b28fcee57451ec652e40729a3c667f97045,DS-SUM-V2,收敛区,0,2
d6229faaab93a7453579dc22aa5113bc9318a94aa1fa3b575df474ad41fd941d,DS-SUM-V2,收敛区,0,2
d1ad2ead1441ce3de1a45527552fe8df17a1e20492c1bd04e1f51b4d51b0a457,DS-SUM-V2,收敛区,0,2
d2380bd71b44749634e4a4a60ffc408588a948f6fe257c1fe008eecd549b8bd7,DS-SUM-V2,收敛区,0,2
363cdfd60fc0c7773a0850662c1da1a1b7b9637962cb479bd52978d63b65b69b,DS-SUM-V2,收敛区,0,2
87efe89f6760ea06b112b39043ccfc717c443603de546fdf87c95cec06317c54,DS-SUM-V2,收敛区,0,2
c927ed92b8ebce3b30c9496430cd16962a59b1848fb6f5e4d1b83ec724829bcf,DS-SUM-V2,收敛区,0,2
994928b0988cd36255ae0d026ff10788eb7517612514ac18e7b575c0e7f58ee9,DS-SUM-V2,收敛区,0,2
c5196e8ee0886099ceb936485c5def7b7864ff6209bbcf9768ae4af35a23a00e,DS-SUM-V2,收敛区,0,2
c0b605ec0f44909887eb29c4d16f953065f6e9d69009ee60519b1c094d71777e,DS-SUM-V2,收敛区,0,2
3d95f95fe947bcfbf9564b24a98712cc70f56c2dd71e0e4cce405de5ea25a879,DS-SUM-V2,收敛区,0,2
f071887d50b14a2e06c945970af89876028e3f8dacec772338c2137bd4ba17f8,DS-SUM-V2,收敛区,0,2
1e73532d03981312548cd8f6c49f08179726ceb599eab933d5acc39dccb27cd4,DS-SUM-V2,收敛区,0,2
22be71fd44d28ac0bee7ab279265425e631be0606382363fd47cbdefc57b95d3,DS-SUM-V2,收敛区,0,2
05d49807ab440509dee64dca9aef2618371b0918eec31a87e743c76ef1f4cf78,DS-SUM-V2,收敛区,0,2
eb40b23d43b4e4ebfcf20b5594f567bbad884702a547818d4bddf3e46720e79a,DS-PROBE4,收敛区,0,0
5afb17747d3e35fbbad868005db41bca1992b58206ba598ede64d100dd8c784a,DS-PROBE4,收敛区,0,0
73f5004e9dbfc948d900406475d7a229169f7ba73c2d9884e3620f3b0a5cf53e,DS-PROBE4,收敛区,0,0
1000a009920e0b83524bc1f594a8b20ce3f8b641f80b70ad47fe5c65b083b752,DS-PROBE4,收敛区,0,0
368df69b3ada28ed766bdb0a6947cdbd61b8cb5bdfae6b174be320cc82edaed4,DS-PROBE4,收敛区,0,0
0ed1f7bf2e3d3aade53207a13c378cc53e9a183e3502eebe480e24eb649b5a3e,DS-PROBE4,收敛区,0,0
101448954c57963dce0e0e57099e81c002119a375d1edeabd6aa6184f25d02a5,DS-PROBE4,收敛区,0,0
5184b3c8a094b5858cabe0f871b8282f1a8139cb9d94cf26e74b5b6c6f7b5b5b,DS-PROBE4,收敛区,0,0
43aa5e28183ba953bcab0515211e36827253781bf62cde0a62291a3106e2d35c,DS-PROBE4,收敛区,0,0
04fad024db1dbe818623b739973b35565db09bf5aaa2a312775d57497e4fe1e5,DS-PROBE4,收敛区,0,0
48375c39ce6b79d4756af16030d7e242330726eefd78fb772cfec5d75761fa51,DS-PROBE4,收敛区,0,0
5d0aabfb15369d95acd25555bd1f4665173ac91a0e51dcbb8528dd616b0baa55,DS-PROBE4,收敛区,0,0
2ed4680a18983b19d61136f002f17ebf6105af545dc5c96c134a8bac158efb5a,DS-PROBE4,收敛区,0,0
832f124d39e7d7e43d3f12c27c9bb7b620a559577f1275813526624c958d1652,DS-PROBE5,收敛区,0,0
968ce8129b4539769733d87aa72f7c510d1d94a61369483a5b3d118c910664f0,DS-PROBE5,收敛区,0,0
d639eecfd786230f4d8797d638a4be3caf2b9970d876e61db4bba06f100525af,DS-PROBE5,收敛区,0,0
1570845c55f59f764485b6d5595c13393ed793f10b6fb84fb982f9deecd3b416,DS-PROBE5,收敛区,0,0
96b243d60b65b5c33679c1e02a8b4af63a736db863e62a52f047529c61d5a4d7,DS-PROBE5,收敛区,0,0
4b22fad25de5ad69200df6fbcf54312a1138f835fe1dcd5c9585cf158fe41a9f,DS-PROBE5,收敛区,0,0
1b76e7cb2735715d385416853774ac8ed9de168fb7a06e79691a4392c511e891,DS-PROBE5,收敛区,0,0
59f87deb232ff6d8e8d1dab68b08e4891d6ea71fb8ac1c1518aedb32a4cde598,DS-PROBE5,收敛区,0,0
97ed8966efeca0cd5b6728845393b08b82d007b0bead3db023a0568a19456e41,DS-PROBE5,收敛区,0,0
9949d46bdaedb3aa8c87941eff9c1678a59a0a02c7b61c5b98dd7a44c6b78933,DS-PROBE6,收敛区,0,1
b72455f5d94b83fb503ebf594d29f7e987b0d2a337dd913164d09c5b0e5ef258,DS-PROBE6,收敛区,0,1
08cc5d4aaae04ef10d633fdd33ee25beda93613784adadbb11d463ccb2721666,DS-PROBE6,收敛区,0,1
a96af63651e1d71f7368db1371da9912505fd8b863bae634423c2a2621ab57a1,DS-PROBE6,收敛区,0,1
e6b7364392c6018ec11e3dec416b433b8c6a7952206429a39f84268ae37b25f5,DS-PROBE6,收敛区,0,1
5c1ef5f8beaccc2a253d165c97537d1a4399cb73171dcc7b2e91742330bf3732,DS-PROBE6,收敛区,0,1
8b8cbed2d5d2d1143b4de7cee74c02ee1d0695d285622ce796a6d4184bf044ff,DS-PROBE6,收敛区,0,1
a331c1a1f89c024b12024fc186879f126c518aab46cf28ce8f6fb5cec06f9329,DS-PROBE6,收敛区,0,1
3029518cf0f09acb8a21c747b1d91d8eb329134e9b3e984e1d889199e654fd26,DS-PROBE6,收敛区,0,1
e8f9a19dc7f7620ebef80e2695212cf7ce1a1444bb35a21e130cb547f26f61f9,DS-PROBE6,收敛区,0,1
b1041a5a4cea3274984cc4a1d4ef2fd7e144a0238a506acf74321d1f0b605958,DS-PROBE6,收敛区,0,1
00a19e65ed9743fc505d97313dd13a84a8d7416341eb9ad9fae6f02f280a7aa6,DS-STAT-PROTO,收敛区,0,1
88b80c12ea937c216c91cea4fdc83d9f5a2d4977af095489f4d39cc3fc3a58cf,DS-STAT-PROTO,收敛区,0,1
3c9b7cad60770336568e398ec77030b6c2e703bf7b691f0b6a1931c15eb1b7bf,DS-STAT-PROTO,收敛区,0,1
2a27585b5fe133f63cea20a6e17ae0f99245da33e0a1fd9964892432f27591ba,DS-STAT-PROTO,收敛区,0,1
67b8af654a03ba0f39cf39fa9532e2f2b5d96d218952570f4ed0857c1a89ec69,DS-STAT-PROTO,收敛区,0,1
e51aacd708a69c2f983957ab54bc99195006a723a77061c16e94f5c1444713a2,DS-STAT-PROTO,收敛区,0,1
16b565a9a8c5d4a2a3fa505633add1167f4a769ba6de778e471c6ac7eaf776c4,DS-STAT-PROTO,收敛区,0,1
20a82b4d392908e1355c71532854c853fefe8da0877791009849fc98e83553c2,DS-STAT-PROTO,收敛区,0,1
58dadaf6e393abd8764cac15b431ce52d4d9709432d2689fdbb45719e798762d,DS-STAT-PROTO,收敛区,0,1
b1af79ac25310d9fa8372cc7e414aeadb4cb8d16d8698e4e7d33a8d6f79189a1,DS-STAT-PROTO,收敛区,0,1
1557ff838c1b12667a5756d5acc0e617579916d6925c87074216f5bd61805486,DS-STAT-PROTO,收敛区,0,1
a1c5f16b6f9255c3c1f24ab8ee66e7150d4a440ea6812369bec82d0bb5819e19,DS-STAT-PROTO,收敛区,0,1
f7391424791cabacd726b2f26c375c683b29b006166351d73ca4249d4e0c597f,DS-STAT-PROTO,收敛区,0,1
38a4cadba273f9f363e1e6ebafd34144ab470455c5b6ba454a044294de585e41,DS-STAT-PROTO,收敛区,0,1
7c3a4891c3d4fb3292b046c14b41344574a2fb89530b36e9d738d18a4fca888d,DS-STAT-PROTO,收敛区,0,1
a2821d5b58de88b38fc5a5c37bfa8dfa6e52e399052d0ecb38d31415cc60d227,DS-STAT-PROTO,收敛区,0,1
a250c79849f6fb8f1e9e0af300307eed698f164115464189feb244e1e8192ff5,DS-STAT-PROTO,收敛区,0,1
856dda8ff45323912f892a754d4e732c5752d9cefc206e447ac686a6eafe475f,DS-STAT-PROTO,收敛区,0,1
91e0e1835899dbb893fd80ea675ec7f4d96c4a69c486eb10eecb3d4bfb188a9e,DS-STAT-PROTO,收敛区,0,1
4ee44cab1e264516b09c007bcb3e6d98ba6d21e1c80cd5ee315e227de9e4e936,DS-STAT-PROTO,收敛区,0,1
09517f9f1365a5d047d5039ed0b5ee579f2f2316ecfc3f241533f1b51321f937,DS-STAT-PROTO,收敛区,0,1
c5338497c26f29a23ed9b63c38163a0bef0a2780c560b13d6e2c4e91d43630bd,DS-SYN-R1,收敛区,0,0
0524a3acb2df9acd01af03e6e84959060c73555fb779d1c8345590c1dbf4b668,DS-SYN-R1,收敛区,0,0
67cb82801f9ab789ea8ff0d439daecbffdb4fa27405d2b2680f089d73510e92a,DS-SYN-R1,收敛区,0,0
5f34491151454448e19efd50845d51f62f0cf17e96d1d8123448a75073cb2c53,DS-SYN-R1,收敛区,0,0
51de86a86394bdec3c80b5be4bbbc9b81ef379422c2d164679464a7a0f8ea843,DS-SYN-R1,收敛区,0,0
ab011744e1620b96410f61624ceafebe3ca5f9c6786ea13c2e692be266161b1c,DS-SYN-R1,收敛区,0,0
9b20263a225af2ab4f72941787ed550d1099d4094dc276f8255188ae6088a711,DS-SYN-R1,收敛区,0,0
23b4726f59513e093d809298318425d4e470d6d0c560cd0dbb5551be1b9d1513,DS-SYN-R1,收敛区,0,0
b1e042273c015b980c5ef39f487eb8b3e9f31d7ad8633026174d1f84dcc42a99,DS-SYN-R1,收敛区,0,0
ad4a9e711f5b0854e49e1008f1c46823b3c8f0d673733cda284195886d515f6c,DS-SYN-R1,收敛区,0,0
180ae3a134db5d962929855831f6d59be1439c34957ed93a176e32b0af3630ac,DS-SYN-R1,收敛区,0,0
a303fff0e3550763bfcd58a200888aa2abd853c6d563d8efa0b805bc6404d761,DS-SYN-R1,收敛区,0,0
3859aa25f96ec412b6389b95e99c9e79f95586f1b2f8134c2760824645032bee,DS-SYN-R1,收敛区,0,0
9d901a8c202559dc1ad978e31ad3825106dd9ad8c16c0dd307cf291d5824518a,DS-SYN-R1,收敛区,0,0
250d5be63a1b9a4c2a6cfa22e903364aefa8c9935edad8ab3f99aaf33fe650e5,DS-SYN-R1,收敛区,0,0
2a9b78eba38511ac64b5a37c440ea5bf9a26f225c207bad518681941bc7b50f9,DS-SYN-R1,收敛区,0,0
5fce0c6b3d9b83a67285ad58784016f32aa7ece3c187b45aba60341d87e7f00d,DS-SYN-R1,收敛区,0,0
976890f2f3bf074f6aa2c9669dad9e5636ec0d39ed9be9680d7a28be3ab5c3f9,DS-SYN-R1,收敛区,0,0
7e7892ee8b2d09a49b9e147cdfc6a968e47dca88c1a8914b7c78ab127c0c7f72,DS-SYN-R1,收敛区,0,0
248d8b7097dfc7e3ac3d075d9a5eb1037ed4505c209d7ec4ba62df32679f8da8,DS-SYN-R1,收敛区,0,0
b635bb63fa210de60caad972256c8a71f53d9eede16a2ecd2ca9525717f409c1,DS-SYN-R1,收敛区,0,0
88f6e33d5d4fc89e111ba95bac946499799197b698fe2bac925fea597f657b07,DS-SYN-R1,收敛区,0,0
fd1cc303784e5d3436f532af436cf7ba735e1a22fc3b8ddbbf25ef3d2b242689,DS-SYN-R1,收敛区,0,0
50b32b53134145ea5606447a1c154886a2b5a0e1af162b38e66ce3a7bd230d2d,DS-SYN-R1,收敛区,0,0
d5f46e62cc6e9266641894f1482c639e8a1b68400adb87624172feaf034094d1,DS-SYN-R1,收敛区,0,0
7a742f9d34994efdb8f916fc2358024f57f6aaf113cc082c4d410e3c504a4b30,DS-SYN-R1,收敛区,0,0
854967861c86f4f6ede75af58a61cbfe11682f98519b1a94702febf3b3bd1279,DS-SYN-R1,收敛区,0,0
46c55f69af698bc6d8fcf905b438062815b4dfb3723ebd325b44047cf07d9cf4,DS-SYN-R1,收敛区,0,0
58e93ccdcb191803707c8a6f2cb61a220ddc910d294ead354c11b35bea5f7f61,DS-SYN-R1,收敛区,0,0
671be17ac56590cc5774fda3a227b2517a3968ca1a0d352ad1e4b93938b8511a,DS-SYN-R1,收敛区,0,0
67b67b2bd50e52c523c31af690c422261fae824531558b2c937b8850357d4dec,DS-SYN-R1,收敛区,0,0
e308bd8a6114ce945f719f39607aa0dbe4296e142492504d2084a38461e1caa1,DS-SYN-R1,收敛区,0,0
fe03c450e63afab29b168439b35501c733e8646a2d66289ec66f053f126d5bdb,DS-SYN-R1,收敛区,0,0
684ba6db9b52d424de5e83493fb15b19a466ecbec2bcd25d78892641b20e8faf,DS-SYN-R1,收敛区,0,0
69ed9960c7bc22647467ad7221e21c6f96aef56a3952ca9462c7fcd45a0cbfce,DS-SYN-R1,收敛区,0,0
f26211bad820627c5e60ae50595b9101b6bbfb4f7d7a764bd9082edae7e5b95c,DS-ROADMAP,收敛区,0,0
e8d80f12f5394fed73c46b9155cf306bf6a2f3022c2adfa5c752e15681c63bae,DS-ROADMAP,收敛区,0,0
3fe58f5ae1b8cdccb1074ca588db0b8352a94bff992f11ef2a10c8e3c269e0d9,DS-ROADMAP,收敛区,0,0
28b76b07ea31d2c51cd12e9a857807b7e439c8f3c296e1b20ca0a1c3e3d0f747,DS-ROADMAP,收敛区,0,0
bdcae4bacbe4f392cd7e935704e9a0e9a17d8a5fa87233ac370c984cb98402fd,DS-ROADMAP,收敛区,0,0
4d6d02f717d7094e6f20e8bd2647e62460ded67f7a882940663f3be159043af7,DS-ROADMAP,收敛区,0,0
7b7b3766b3bd2e3f2413e882bbd0f39bf6d1e9f4dca3baddf707e94c33b61c2e,DS-ROADMAP,收敛区,0,0
946056215a1ab123a4ae1e7ff12ca0a0989291032eff9c83738047fad74a4f63,DS-ROADMAP,收敛区,0,0
f56da27a41cad7ea6733187dd01b100d1cacac8a4967feae267fa964d89a19d3,DS-ROADMAP,收敛区,0,0
a7a8a008bb737c21f0b1547966adeffad0a40357e711f16714d614ad5eb52b69,DS-ROADMAP,收敛区,0,0
b86074e42bdd6a658326c2d0efb280b0fa66752e1d5f2f9e1e0600458cd2b48c,DS-ROADMAP,收敛区,0,0
7c8c4fb423344eeb9b3727bb2d277c841891bb06e9ea68dc2c1a8153ea2d11c3,DS-ROADMAP,收敛区,0,0
5825f9e314840828081dd7026045ac3796678e5d232a976c714db3c700a2ee11,DS-ROADMAP,收敛区,0,0
15322d281e0054827cbbb14dd429544109ffa69c0a5ac92c577aa97d82961a41,DS-ROADMAP,开放前线,0,0
a5eafa82e2e9234e4fdf69ef1553ea7a7c6c508ee11c9a86c60f9ce6c0000f13,DS-ROADMAP,开放前线,0,0
38076168f5a1138bd394f40682b72cd6ae87b9a00460c90abdd6beda7711911a,DS-ROADMAP,开放前线,0,0
141ef0b953e928cbba3300bd5facc9ebd54454ec411d4546ce6f9fce7fb0496c,DS-ROADMAP,开放前线,0,0
646d04e128626dced81c73ff932614aab60652a65faf121e46d53c6058ad1056,DS-ROADMAP,开放前线,0,0
cecc1261d0b257c4a51b3a470fef8c33d848f0dde1b1bd5d1aa61621e67e45c3,DS-ROADMAP,开放前线,0,0
b7b5e27e0e40b76215a99fb83f27c0353ba874c7babf4b4640604fe681fa8e49,DS-ROADMAP,收敛区,0,0
18e0cc4fe9b1f769fef5aa2e723886dfd04b7e3c5acc18313e7ce4280e7518ba,DS-FINAL,收敛区,0,4
ff5cf05a2dccf02b9786b9c9f699cdeb519c31bf936f0c9b5db4b6e3059e2644,DS-FINAL,收敛区,0,4
5d551c78a6266b77c11a9fec793c84b608b1b7935169510dc0127174a70314d3,DS-FINAL,收敛区,0,4
1c1f8fb1c69c9bedbb29c4e95c89abe70a2fcc39d49d0400cf97976a2f6db85b,DS-FINAL,收敛区,0,4
a944d3063af05afe0b3c0d71327146957b9d520c53adde3d3132cdf47b378cd0,DS-FINAL,收敛区,0,4
620b5f069488193cf223a55438c9bfcf113e3a5a89b8d435e3fa3a218f5e6170,DS-FINAL,收敛区,0,4
30397406f57d5ee134d321b1838fdf6ec671fd7a078d1fc2b6ddd7a0578b6bd3,DS-FINAL,收敛区,0,4
f1581271526e26770b5b343de7a9a4e7f6560657d144abbadbcd2b3b3e27c36d,DS-FINAL,收敛区,0,4
411c51415aeb402becdde06d82c16bc6915d42994c108d5a835dc91640a9a396,DS-FINAL,收敛区,0,4
8ab570ee642430ecdbfa38a08559f96da3be81f489868ece0a10f7f7e62a83d5,DS-FINAL,收敛区,0,4
e38f93055aa42e3ccae227dcad94c7d00bd3b38edf49af1110c3f996fdd16662,DS-FINAL,收敛区,0,4
8561e0cdff357f0c1914b9e895444272cfb40cd4ccf9a57ef04de18534374e91,DS-FINAL,收敛区,0,4
cc83a1293f03965bf8dbe54212aa9cd3463536dbe45c78637dd454b7a5630958,DS-FINAL,收敛区,0,4
b5c953d2b8c1858a324653a15f2aeecbf7aeb5e150df85a0f8bd5cf9a48525c7,DS-FINAL,收敛区,0,4
8662b0267964116d784a708e8b6b10728151c71d65522a6b668f4ca6adaf3ba9,DS-FINAL,收敛区,0,4
40e4de92793bd19fef196c3c6cc89d54189c60ad95195af4d9659854e302ca98,DS-FINAL,收敛区,0,4
c603db21df5187817fe3770ff344c57f5e0d4a6360680366cd7e41cb99b8e968,DS-FINAL,收敛区,0,4
9620f3b83e944b6057217678690db227e19285f0480ac88897ac72d33f384b91,DS-FINAL,收敛区,0,4
0ff41080d093383c983da911830a299284698ffa80afe82fb84fc45c38008ca1,DS-FINAL,收敛区,0,4
a6ca1935a97e4efe497a6db4d90cbda02499c905981553e7d68d3e69b18491f0,DS-FINAL,收敛区,0,4
0bda6943e10297f33a9e2236fded2cc2e51e3e1b2ddb36217e6a069e02858f2e,DS-FINAL,收敛区,0,4
10ec4de0a22a42eba597d408fa7708e3bbff026e6b66a018d36a3b4bdbbcbdf9,DS-FINAL,收敛区,0,4
58f0e2b0059e6d3c791b84b5ccccbb60252b0b94a044380b200a0ad8d9a56d25,DS-SUM-V31,收敛区,0,1
9844b5f01eddbad04d91e02f545b860f571f08be89d6190815f00932dd79159c,DS-SUM-V31,收敛区,0,1
c874f46ea9807aa8bea19a459a6b7861f9eea9ae22ee369b5a2a1ca03df44ec8,DS-SUM-V31,收敛区,0,1
82ed4333287224bd01eba434c06c0b0dd00ec5e2d89458ab3602321c163f730c,DS-SUM-V31,收敛区,0,1
04e1b19216bf67862f668f0170fdc43c7a080a83df419447311f329235d37a89,DS-SUM-V31,收敛区,0,1
cac60796dfc45af53258e20f67f70b42eb6a2faf5c6a0c6be610208a450e59b3,DS-SUM-V31,收敛区,0,1
f7e86505b75a7a8b809796f08a716283c1f26ba488792de6dea1adba3b618f09,DS-SUM-V31,收敛区,0,1
9eaa2e75de7b0525e8afbb96898c10b217c98e558c7eb90fb6504a1587a5b478,DS-SUM-V31,收敛区,0,1
8c7d587c24e2d5ea0c746b433b4b85c83f4bc8da0616e414283ae29a58f7fde9,DS-SUM-V31,收敛区,0,1
994cb4bac767d42eebb61fefa3129a7695ad82884914168e45e3a3996273779b,DS-SUM-V31,收敛区,0,1
20a0f4466f1662330ccf4e115d034d829f261632041c7c7566d5a06df8b6e888,DS-SUM-V31,收敛区,0,1
d172046ad144f92e943ac542c8320989df7e981991fade027f7a2a86be5837df,DS-SUM-V31,收敛区,0,1
4718713488f0405f63283bbfd564d30782c075a48f5958fd3cbfb0a75d925648,DS-SUM-V31,收敛区,0,1
1430d77e5d5d78863d9d9fefb38947a10a668e9b0bca2aeeb3f8a82203d218e7,DS-SUM-V31,收敛区,0,1
34a9387d15ba12a591afc642a53fe5e048f2ba8ba46b8cb0c5e4954f2eaa325d,DS-SUM-V31,收敛区,0,1
e9d3b493168e7a53c92ad8375c4fd0bebb0e99b76055136799966d7c3c038d94,DS-SUM-V31,收敛区,0,1
cb5263ac455db48f94572fec348ad0f4e1e53808eb25c2901ad11df16a1ee07c,DS-SUM-V31,收敛区,0,1
b09c4ff8ee60b199a6e273427b5fbf6fed9a9735ca18241ab1bb026b6d356e12,DS-SUM-V31,收敛区,0,1
dbd816d6c117801b6684665bd1535243f2b9e25db1f955679f7dfb6e7698d723,DS-SUM-V31,收敛区,0,1
0ad1ebe057afedb91872ba12f519c2d3a18057f35c3e61dc1c27b5d4437b01c2,DS-SUM-V31,收敛区,0,1
fdda2d2df6e9c5a672c91efa5048353451497a2bf9e35d3073fff6dd0ab9ba7e,DS-SUM-V31,收敛区,0,1
d651b2843c744529a3a1f685a5e0bc92f94f348aeb165acba1663d36ef601a01,方法论-01,收敛区,0,0
5839549a4fa9223f7008e16bf1faa9c533184b44816e8711120a4535ed13ebe1,方法论-01,收敛区,0,0
5db9aa36ff2d0ea23c42cbc7b5c481ee0c09bab4447ae6cf180164fd5300b5c8,方法论-01,收敛区,0,0
ede53a4bcfc8e545291649590ac6304fd40132860117279473ca8e58ced8a95f,方法论-01,收敛区,0,0
4830f3462fd0be6e0de08da913ce7f9d2222744da1b1a9841cd80e568b57f19e,方法论-01,收敛区,0,0
91596d5fe6fa0c159b43db95c1d1cfda4ff976c4c959edce27c68399db4886a8,方法论-01,收敛区,0,0
539aba3aeea810b90d18cfdd85fcc54f9044e392ba0b130577a09c3f591f0d3d,方法论-01,收敛区,0,0
9ed528eb89955eedf8d4b1d48f8d790353321527490ce4750fa563d0c4b06ca8,方法论-01,收敛区,0,0
eb49c8e710e3a2b6d21bebbb456a1ff02751f41b8229565c7a1c2f711e67358e,方法论-01,收敛区,0,0
faed2c182a4c9d60c0956090edf674c5e907f529cd5077332d0e36a1993b0205,方法论-01,收敛区,0,0
e7c544143962799ca2805badabe2012deeb40f553bd932ee73a4c10b65172ea5,方法论-01,收敛区,0,0
d91890e55ed970beeb6328bd3762fe7be372e9cb72288b128adb465d5d6b1d9d,方法论-01,收敛区,0,0
4306adc41e2fe06e4f8af303cdc86c6ac08bce9d89b0d09748ae37f6b4926fa5,方法论-01,收敛区,0,0
33c2a9e0e5f8b7e9a89943d7ae475768fe13938fe3fbffb7349d005b057d1ee0,方法论-01,收敛区,0,0
